sample_id,user_id,label,created_at,json_path,image_path,video_path,num_points,num_strokes,bbox_width,bbox_height,bbox_area,bbox_aspect,centroid_x,centroid_y,std_x,std_y,start_x,start_y,end_x,end_y,delta_x,delta_y,path_length,straight_line_distance,straightness,stroke_transition_count,longest_stroke_ratio,single_point_strokes,dwell_step_ratio,step_mean,step_std,step_min,step_max,step_median,step_q25,step_q75,same_stroke_step_mean,same_stroke_step_std,same_stroke_step_min,same_stroke_step_max,same_stroke_step_median,same_stroke_step_q25,same_stroke_step_q75,acceleration_mean,acceleration_std,acceleration_min,acceleration_max,acceleration_median,acceleration_q25,acceleration_q75,curvature_mean,curvature_std,curvature_min,curvature_max,curvature_median,curvature_q25,curvature_q75,stroke_duration_points_mean,stroke_duration_points_std,stroke_duration_points_min,stroke_duration_points_max,stroke_duration_points_median,stroke_duration_points_q25,stroke_duration_points_q75,feature8d_delta_p_mean,feature8d_delta_p_std,feature8d_delta_p_min,feature8d_delta_p_max,feature8d_delta_p_median,feature8d_delta_p_q25,feature8d_delta_p_q75,feature8d_delta_q_mean,feature8d_delta_q_std,feature8d_delta_q_min,feature8d_delta_q_max,feature8d_delta_q_median,feature8d_delta_q_q25,feature8d_delta_q_q75,feature8d_sin_alpha_mean,feature8d_sin_alpha_std,feature8d_sin_alpha_min,feature8d_sin_alpha_max,feature8d_sin_alpha_median,feature8d_sin_alpha_q25,feature8d_sin_alpha_q75,feature8d_cos_alpha_mean,feature8d_cos_alpha_std,feature8d_cos_alpha_min,feature8d_cos_alpha_max,feature8d_cos_alpha_median,feature8d_cos_alpha_q25,feature8d_cos_alpha_q75,feature8d_sin_beta_mean,feature8d_sin_beta_std,feature8d_sin_beta_min,feature8d_sin_beta_max,feature8d_sin_beta_median,feature8d_sin_beta_q25,feature8d_sin_beta_q75,feature8d_cos_beta_mean,feature8d_cos_beta_std,feature8d_cos_beta_min,feature8d_cos_beta_max,feature8d_cos_beta_median,feature8d_cos_beta_q25,feature8d_cos_beta_q75,feature8d_same_stroke_mean,feature8d_same_stroke_std,feature8d_same_stroke_min,feature8d_same_stroke_max,feature8d_same_stroke_median,feature8d_same_stroke_q25,feature8d_same_stroke_q75,feature8d_diff_stroke_mean,feature8d_diff_stroke_std,feature8d_diff_stroke_min,feature8d_diff_stroke_max,feature8d_diff_stroke_median,feature8d_diff_stroke_q25,feature8d_diff_stroke_q75
20260703_231939_jmltkn,user1,অ,2026-07-03T17:19:39.900Z,output/user1/অ/অ_20260703_231939_jmltkn.json,output/user1/অ/অ_20260703_231939_jmltkn.png,output/user1/অ/অ_20260703_231939_jmltkn.mp4,102.0,1.0,0.386784,0.250768,0.096993,1.542398,0.585212,0.265221,0.106708,0.074421,0.568705,0.169839,0.610678,0.375986,0.041973,0.206147,1.569496,0.210377,0.134041,0.0,1.0,0.0,0.089109,0.01554,0.012173,0.000827,0.059481,0.01348,0.005843,0.023028,0.01554,0.012173,0.000827,0.059481,0.01348,0.005843,0.023028,0.00027,0.015661,-0.044454,0.056905,-0.001626,-0.009124,0.00735,0.677026,0.766681,0.007111,3.13959,0.309895,0.137429,1.053972,102.0,0.0,102.0,102.0,102.0,102.0,102.0,0.000411,0.014187,-0.040753,0.039564,3.4e-05,-0.00636,0.006403,0.002021,0.013428,-0.054227,0.032417,0.001609,-0.002459,0.007671,0.239232,0.689527,-0.999018,1.0,0.345715,-0.286303,0.929706,0.103543,0.675722,-0.997958,1.0,0.029107,-0.494453,0.847367,0.095874,0.515237,-0.999106,0.999874,0.038274,-0.165588,0.398349,0.655517,0.543723,-0.999998,1.0,0.955288,0.565918,0.991876,0.990196,0.098528,0.0,1.0,1.0,1.0,1.0,0.009804,0.098528,0.0,1.0,0.0,0.0,0.0
20260704_230134_0i7e7o,user1,অ,2026-07-04T17:01:34.908Z,output/user1/অ/অ_20260704_230134_0i7e7o.json,output/user1/অ/অ_20260704_230134_0i7e7o.png,output/user1/অ/অ_20260704_230134_0i7e7o.mp4,143.0,2.0,0.339613,0.263061,0.089339,1.291005,0.739525,0.392285,0.106639,0.088868,0.702568,0.465853,0.837925,0.335819,0.135357,-0.130034,1.717952,0.187698,0.109257,1.0,0.545455,0.0,0.120567,0.012098,0.023064,0.000253,0.263625,0.007568,0.003602,0.014942,0.010314,0.009158,0.000253,0.043394,0.007457,0.003584,0.014806,-9e-05,0.030548,-0.258,0.233053,-0.00043,-0.004503,0.002777,0.659632,0.798606,0.00235,3.101395,0.279517,0.11425,0.920797,71.5,6.5,65.0,78.0,71.5,68.25,74.75,0.000947,0.019362,-0.022119,0.218955,-0.000193,-0.003486,0.002802,-0.000909,0.017233,-0.042903,0.146822,-3.3e-05,-0.006356,0.003662,-0.033033,0.764941,-0.999997,0.999996,-0.069501,-0.895711,0.765907,0.060203,0.640429,-0.997582,1.0,-0.023999,-0.435756,0.669102,0.080956,0.481233,-0.999533,0.992058,0.082756,-0.153834,0.302908,0.661871,0.569022,-0.999191,1.0,0.961209,0.605438,0.993723,0.986014,0.117433,0.0,1.0,1.0,1.0,1.0,0.013986,0.117433,0.0,1.0,0.0,0.0,0.0
20260704_230207_s0bru0,user1,অ,2026-07-04T17:02:07.349Z,output/user1/অ/অ_20260704_230207_s0bru0.json,output/user1/অ/অ_20260704_230207_s0bru0.png,output/user1/অ/অ_20260704_230207_s0bru0.mp4,131.0,3.0,0.370459,0.231689,0.085831,1.598949,0.503702,0.285899,0.109828,0.072017,0.483981,0.302877,0.522524,0.392415,0.038543,0.089538,1.57984,0.097481,0.061703,2.0,0.80916,0.0,0.085938,0.012153,0.009441,0.000578,0.04005,0.009251,0.004937,0.016661,0.012173,0.009509,0.000578,0.04005,0.009251,0.004774,0.016957,-0.000152,0.010709,-0.032076,0.034717,-0.0003,-0.005098,0.003614,0.675339,0.824879,0.002119,3.140811,0.322435,0.120514,0.774692,43.666667,44.229201,8.0,106.0,17.0,12.5,61.5,0.000294,0.011399,-0.028266,0.036736,0.000744,-0.004913,0.004,0.000683,0.010223,-0.039949,0.033107,0.001267,-0.002184,0.006416,0.202644,0.679327,-0.997477,0.999987,0.314136,-0.325079,0.898311,0.114996,0.695863,-0.999994,1.0,0.165385,-0.546778,0.851735,0.043745,0.464001,-0.992024,0.996591,0.050008,-0.14382,0.320256,0.653409,0.596528,-1.0,1.0,0.951337,0.714729,0.99283,0.977099,0.149587,0.0,1.0,1.0,1.0,1.0,0.022901,0.149587,0.0,1.0,0.0,0.0,0.0
20260704_230243_20ggrl,user1,অ,2026-07-04T17:02:43.933Z,output/user1/অ/অ_20260704_230243_20ggrl.json,output/user1/অ/অ_20260704_230243_20ggrl.png,output/user1/অ/অ_20260704_230243_20ggrl.mp4,218.0,3.0,0.388034,0.276591,0.107327,1.402916,0.537466,0.289298,0.113206,0.084383,0.362295,0.319217,0.701429,0.21974,0.339134,-0.099477,2.29075,0.353423,0.154282,2.0,0.59633,0.0,0.139535,0.010556,0.013309,0.000285,0.12848,0.007412,0.003241,0.014802,0.009981,0.010659,0.000285,0.109187,0.007346,0.003201,0.014495,-5.9e-05,0.015561,-0.10708,0.093386,-0.000479,-0.004105,0.002894,0.701015,0.804054,0.001107,3.130686,0.332357,0.121192,1.027018,72.666667,50.559096,7.0,130.0,81.0,44.0,105.5,0.001556,0.011676,-0.040624,0.107787,0.000481,-0.002633,0.004781,-0.000456,0.012178,-0.037139,0.110381,2.9e-05,-0.004588,0.003501,0.020561,0.714845,-0.999984,0.999992,0.006131,-0.741572,0.700838,0.13489,0.685842,-0.999615,1.0,0.1134,-0.494575,0.863146,0.059201,0.50763,-0.999984,0.999577,0.073306,-0.19742,0.39807,0.628638,0.586191,-0.99994,1.0,0.945999,0.525446,0.993482,0.986239,0.116499,0.0,1.0,1.0,1.0,1.0,0.013761,0.116499,0.0,1.0,0.0,0.0,0.0
20260704_230314_biogka,user1,অ,2026-07-04T17:03:14.419Z,output/user1/অ/অ_20260704_230314_biogka.json,output/user1/অ/অ_20260704_230314_biogka.png,output/user1/অ/অ_20260704_230314_biogka.mp4,169.0,2.0,0.40148,0.491091,0.197163,0.817527,0.505315,0.340922,0.127923,0.113605,0.347672,0.694264,0.580488,0.256892,0.232816,-0.437372,2.478574,0.495477,0.199904,1.0,0.627219,0.0,0.143713,0.014753,0.04195,0.000366,0.451209,0.008501,0.003334,0.014332,0.01297,0.035155,0.000366,0.451209,0.00846,0.003328,0.014167,-0.002524,0.048709,-0.437189,0.30674,-0.000213,-0.004408,0.004027,0.652104,0.888928,0.00287,3.074925,0.262699,0.107485,0.694851,84.5,21.5,63.0,106.0,84.5,73.75,95.25,0.001378,0.025178,-0.025275,0.274822,-0.000347,-0.003921,0.002603,-0.002588,0.036376,-0.422679,0.148991,0.000181,-0.004893,0.006007,0.021239,0.801449,-0.999968,0.999995,0.056615,-0.877569,0.902511,-0.001632,0.597683,-0.998518,1.0,-0.078494,-0.394717,0.447843,0.05913,0.402577,-0.999977,0.999774,0.048519,-0.143069,0.307106,0.655224,0.636487,-0.997777,1.0,0.966197,0.77189,0.995165,0.988166,0.10814,0.0,1.0,1.0,1.0,1.0,0.011834,0.10814,0.0,1.0,0.0,0.0,0.0
20260704_230343_z76un4,user1,অ,2026-07-04T17:03:43.455Z,output/user1/অ/অ_20260704_230343_z76un4.json,output/user1/অ/অ_20260704_230343_z76un4.png,output/user1/অ/অ_20260704_230343_z76un4.mp4,219.0,2.0,0.453705,0.403296,0.182977,1.124993,0.550548,0.294775,0.141334,0.100474,0.571701,0.238704,0.390227,0.29434,-0.181474,0.055636,2.81699,0.189811,0.067381,1.0,0.534247,0.0,0.138249,0.012922,0.029199,0.000208,0.335433,0.007266,0.002952,0.015993,0.011789,0.024018,0.000208,0.335433,0.007247,0.002947,0.015866,-3e-05,0.030608,-0.252284,0.328119,-0.000185,-0.005042,0.004121,0.718929,0.832684,0.000999,3.137139,0.38982,0.117401,0.979348,109.5,7.5,102.0,117.0,109.5,105.75,113.25,-0.000829,0.015843,-0.029856,0.159046,-0.00083,-0.004778,0.00194,0.000254,0.027625,-0.2256,0.29533,0.000433,-0.00241,0.004244,0.088211,0.7327,-0.99916,0.999445,0.14737,-0.643818,0.847588,-0.093693,0.668274,-0.999993,1.0,-0.15151,-0.765053,0.489683,0.059233,0.494843,-0.99656,0.999377,0.06858,-0.217067,0.388385,0.623013,0.602889,-0.999989,1.0,0.928769,0.558926,0.993815,0.990868,0.095126,0.0,1.0,1.0,1.0,1.0,0.009132,0.095126,0.0,1.0,0.0,0.0,0.0
20260704_230438_1by20a,user1,অ,2026-07-04T17:04:38.004Z,output/user1/অ/অ_20260704_230438_1by20a.json,output/user1/অ/অ_20260704_230438_1by20a.png,output/user1/অ/অ_20260704_230438_1by20a.mp4,173.0,3.0,0.38943,0.38764,0.150959,1.004618,0.57797,0.298905,0.114236,0.108994,0.533423,0.566722,0.676664,0.24181,0.143241,-0.324912,2.602648,0.355086,0.136432,2.0,0.624277,0.0,0.088235,0.015132,0.035348,0.000306,0.339507,0.010379,0.004439,0.015648,0.013317,0.026735,0.000306,0.339507,0.009967,0.004419,0.015311,-0.001963,0.043322,-0.333896,0.302197,-0.000739,-0.006266,0.004681,0.695944,0.848764,2.4e-05,3.122301,0.310866,0.11751,0.95034,57.666667,41.651997,6.0,108.0,59.0,32.5,83.5,0.000828,0.022884,-0.019382,0.285108,-0.00024,-0.005054,0.002772,-0.001878,0.030692,-0.339458,0.144893,0.001366,-0.004395,0.006144,0.126678,0.776565,-0.999856,0.999954,0.315703,-0.757216,0.909388,-0.024613,0.61668,-0.999834,1.0,-0.06902,-0.52494,0.408264,0.035291,0.46742,-0.993525,0.999686,0.030872,-0.18436,0.302063,0.635259,0.613774,-0.999813,1.0,0.953288,0.605915,0.993816,0.982659,0.130539,0.0,1.0,1.0,1.0,1.0,0.017341,0.130539,0.0,1.0,0.0,0.0,0.0
20260704_230508_zz8agk,user1,অ,2026-07-04T17:05:08.436Z,output/user1/অ/অ_20260704_230508_zz8agk.json,output/user1/অ/অ_20260704_230508_zz8agk.png,output/user1/অ/অ_20260704_230508_zz8agk.mp4,206.0,5.0,0.519429,0.457348,0.23756,1.135741,0.517062,0.303534,0.152648,0.13889,0.509264,0.261346,0.247807,0.297872,-0.261457,0.036526,3.033987,0.263996,0.087013,4.0,0.441748,0.0,0.129353,0.0148,0.023144,0.000233,0.292215,0.010511,0.004245,0.018406,0.013169,0.012308,0.000233,0.075099,0.010247,0.003942,0.017499,0.00015,0.028888,-0.276834,0.245739,-0.000524,-0.005091,0.005001,0.743887,0.845551,0.000414,3.102552,0.400602,0.128611,1.037099,41.2,32.418513,8.0,91.0,22.0,17.0,68.0,-0.001269,0.01929,-0.056247,0.232573,-0.000222,-0.005201,0.0032,0.000177,0.019423,-0.074991,0.176916,0.000636,-0.00516,0.006196,0.06869,0.770766,-0.999985,1.0,0.198834,-0.826037,0.854041,0.002053,0.633401,-0.99998,1.0,-0.062012,-0.498177,0.565225,0.064954,0.500214,-0.999922,0.999995,0.099191,-0.215527,0.404419,0.606956,0.614142,-0.999238,1.0,0.924907,0.518607,0.992194,0.975728,0.153892,0.0,1.0,1.0,1.0,1.0,0.024272,0.153892,0.0,1.0,0.0,0.0,0.0
20260704_230530_8783vw,user1,অ,2026-07-04T17:05:30.652Z,output/user1/অ/অ_20260704_230530_8783vw.json,output/user1/অ/অ_20260704_230530_8783vw.png,output/user1/অ/অ_20260704_230530_8783vw.mp4,167.0,2.0,0.396899,0.312728,0.124121,1.269151,0.473319,0.330824,0.117726,0.097712,0.241241,0.333039,0.496327,0.3947,0.255086,0.061661,1.731901,0.262433,0.151529,1.0,0.682635,0.0,0.115152,0.010433,0.014567,0.000114,0.16834,0.008241,0.003963,0.012796,0.010137,0.014105,0.000114,0.16834,0.008167,0.00386,0.012783,0.000912,0.013376,-0.048655,0.137071,-7.8e-05,-0.00391,0.002545,0.616344,0.742786,0.000203,3.12287,0.332504,0.138322,0.669824,83.5,30.5,53.0,114.0,83.5,68.25,98.75,0.001527,0.008871,-0.081418,0.019576,0.001551,-0.000813,0.005099,0.000369,0.015426,-0.058955,0.147341,0.00129,-0.003124,0.005907,0.137543,0.749557,-0.999997,1.0,0.360681,-0.581646,0.853395,0.233469,0.603935,-0.997954,1.0,0.388548,-0.207914,0.766365,-0.019072,0.469655,-0.999116,0.99914,0.0,-0.31292,0.267389,0.696747,0.541852,-0.999824,1.0,0.946814,0.784001,0.990639,0.988024,0.108778,0.0,1.0,1.0,1.0,1.0,0.011976,0.108778,0.0,1.0,0.0,0.0,0.0
20260704_230601_9fuwl5,user1,অ,2026-07-04T17:06:01.169Z,output/user1/অ/অ_20260704_230601_9fuwl5.json,output/user1/অ/অ_20260704_230601_9fuwl5.png,output/user1/অ/অ_20260704_230601_9fuwl5.mp4,183.0,2.0,0.419809,0.364738,0.15312,1.150988,0.566722,0.323854,0.12371,0.11769,0.328987,0.24335,0.637304,0.247112,0.308317,0.003762,1.922287,0.30834,0.160403,1.0,0.584699,0.0,0.171271,0.010562,0.012154,8.1e-05,0.113801,0.007354,0.003459,0.013016,0.009992,0.009451,8.1e-05,0.049028,0.007334,0.003418,0.012974,0.000162,0.014347,-0.104347,0.085616,-0.00056,-0.004163,0.003495,0.673234,0.794171,0.001254,3.087562,0.340249,0.137047,0.920478,91.5,15.5,76.0,107.0,91.5,83.75,99.25,0.001685,0.007965,-0.023415,0.075818,0.000644,-0.001914,0.004144,2.1e-05,0.013841,-0.045122,0.084867,0.000641,-0.004625,0.005208,0.05163,0.791195,-0.999969,0.999963,0.231958,-0.865969,0.861031,0.169016,0.585472,-0.999204,1.0,0.218328,-0.197614,0.673485,-0.040739,0.484567,-0.997074,0.997002,-0.036792,-0.344151,0.192341,0.657335,0.575712,-0.99854,1.0,0.946555,0.628193,0.991089,0.989071,0.103969,0.0,1.0,1.0,1.0,1.0,0.010929,0.103969,0.0,1.0,0.0,0.0,0.0
20260704_230631_iep9zz,user1,অ,2026-07-04T17:06:31.754Z,output/user1/অ/অ_20260704_230631_iep9zz.json,output/user1/অ/অ_20260704_230631_iep9zz.png,output/user1/অ/অ_20260704_230631_iep9zz.mp4,186.0,1.0,0.424746,0.322832,0.137122,1.315687,0.581848,0.297617,0.113121,0.102299,0.552452,0.23594,0.513124,0.491535,-0.039328,0.255595,1.920895,0.258603,0.134626,0.0,1.0,0.0,0.07027,0.010383,0.010589,0.000513,0.123,0.008436,0.004881,0.013558,0.010383,0.010589,0.000513,0.123,0.008436,0.004881,0.013558,0.000645,0.009896,-0.022905,0.09352,-0.000575,-0.004468,0.003723,0.592864,0.700228,0.000346,3.132273,0.273891,0.092449,0.866118,186.0,0.0,186.0,186.0,186.0,186.0,186.0,-0.000211,0.011575,-0.115285,0.024415,0.000369,-0.004768,0.003798,0.001374,0.009101,-0.029549,0.042877,0.001819,-0.001791,0.005595,0.23913,0.667315,-0.997837,0.999982,0.308111,-0.269342,0.8994,0.043165,0.70402,-0.999874,1.0,0.089429,-0.575892,0.786621,0.034789,0.500453,-0.999855,1.0,0.018659,-0.221439,0.325415,0.710107,0.494047,-0.999956,1.0,0.963532,0.662599,0.996052,0.994624,0.073126,0.0,1.0,1.0,1.0,1.0,0.005376,0.073126,0.0,1.0,0.0,0.0,0.0
20260709_222041_giojuy,user1,অ,2026-07-09T16:20:41.439Z,output/user1/অ/অ_20260709_222041_giojuy.json,output/user1/অ/অ_20260709_222041_giojuy.png,output/user1/অ/অ_20260709_222041_giojuy.mp4,163.0,5.0,0.610534,0.520576,0.317829,1.172805,0.695558,0.420106,0.187711,0.175215,0.50735,0.334822,0.825046,0.322927,0.317696,-0.011895,4.506631,0.317919,0.070545,4.0,0.638037,0.0,0.075949,0.027819,0.053873,0.000595,0.529011,0.012854,0.005734,0.027048,0.022447,0.029514,0.000595,0.207102,0.012412,0.005476,0.026745,-0.000738,0.06322,-0.469845,0.413449,-0.000543,-0.006847,0.005989,0.694089,0.795632,0.003788,3.09306,0.374785,0.181004,0.830307,32.6,36.373617,6.0,104.0,22.0,8.0,23.0,0.001949,0.051303,-0.455436,0.204884,0.001806,-0.002124,0.010828,-7.3e-05,0.031903,-0.26913,0.116537,0.000738,-0.006386,0.009056,0.060362,0.732575,-0.999946,0.999176,0.140211,-0.683248,0.793975,0.272554,0.62081,-0.999536,1.0,0.380444,-0.208342,0.834379,0.038937,0.491347,-0.995585,0.999974,-0.027209,-0.270073,0.382684,0.651952,0.576211,-0.998822,1.0,0.933881,0.678736,0.986338,0.969325,0.172435,0.0,1.0,1.0,1.0,1.0,0.030675,0.172435,0.0,1.0,0.0,0.0,0.0
20260704_230720_4nlmlz,user1,আ,2026-07-04T17:07:20.785Z,output/user1/আ/আ_20260704_230720_4nlmlz.json,output/user1/আ/আ_20260704_230720_4nlmlz.png,output/user1/আ/আ_20260704_230720_4nlmlz.mp4,223.0,4.0,0.486529,0.420184,0.204432,1.157895,0.485507,0.325278,0.137287,0.119864,0.194129,0.24799,0.497802,0.548233,0.303673,0.300243,3.44505,0.42704,0.123958,3.0,0.439462,0.0,0.09589,0.015518,0.017701,0.000219,0.193607,0.011948,0.005151,0.020084,0.014552,0.013001,0.000219,0.109891,0.011734,0.005047,0.019812,0.000426,0.020519,-0.1574,0.149013,-0.000863,-0.007581,0.00572,0.602445,0.736346,0.001375,3.048378,0.268532,0.107813,0.785971,55.75,35.294298,7.0,98.0,59.0,31.0,83.75,0.001362,0.016728,-0.083637,0.157177,0.000531,-0.003031,0.004553,0.001346,0.016376,-0.07128,0.113044,0.000923,-0.005111,0.00869,0.107149,0.765457,-1.0,0.999991,0.232487,-0.756424,0.859989,0.063835,0.631284,-0.999517,1.0,0.082708,-0.411181,0.613948,0.028382,0.485599,-0.999738,0.999905,0.058981,-0.201518,0.279521,0.700993,0.521533,-0.995657,1.0,0.964349,0.708072,0.994471,0.982063,0.132723,0.0,1.0,1.0,1.0,1.0,0.017937,0.132723,0.0,1.0,0.0,0.0,0.0
20260704_230748_cofjqd,user1,আ,2026-07-04T17:07:48.960Z,output/user1/আ/আ_20260704_230748_cofjqd.json,output/user1/আ/আ_20260704_230748_cofjqd.png,output/user1/আ/আ_20260704_230748_cofjqd.mp4,197.0,2.0,0.445326,0.235282,0.104777,1.892733,0.651231,0.324229,0.122033,0.082755,0.534012,0.274545,0.850694,0.448151,0.316682,0.173606,2.092054,0.361146,0.172628,1.0,0.786802,0.0,0.112821,0.010674,0.017585,0.000423,0.236498,0.007926,0.003917,0.014366,0.009516,0.006925,0.000423,0.039919,0.007822,0.003917,0.014337,2e-06,0.023155,-0.225985,0.196579,-0.001211,-0.005526,0.003554,0.674593,0.816856,0.004811,2.986842,0.332777,0.115556,0.816088,98.5,56.5,42.0,155.0,98.5,70.25,126.75,0.001608,0.011791,-0.017289,0.132572,0.000507,-0.003464,0.00436,0.000881,0.016692,-0.195847,0.036625,0.000727,-0.002229,0.00584,0.163634,0.710713,-0.99956,0.999984,0.17853,-0.472235,0.905485,0.061152,0.681448,-0.999957,1.0,0.153425,-0.618757,0.655077,0.02438,0.469543,-0.999274,0.997625,0.041201,-0.181417,0.339108,0.651774,0.595084,-0.98805,1.0,0.945585,0.691627,0.993796,0.989848,0.100246,0.0,1.0,1.0,1.0,1.0,0.010152,0.100246,0.0,1.0,0.0,0.0,0.0
20260704_230823_p4djtm,user1,আ,2026-07-04T17:08:23.458Z,output/user1/আ/আ_20260704_230823_p4djtm.json,output/user1/আ/আ_20260704_230823_p4djtm.png,output/user1/আ/আ_20260704_230823_p4djtm.mp4,264.0,3.0,0.576355,0.379358,0.218645,1.51929,0.6443,0.323899,0.16812,0.121061,0.529142,0.264459,0.499347,0.564703,-0.029795,0.300244,3.20726,0.301719,0.094074,2.0,0.935606,0.0,0.114943,0.012195,0.013174,0.000211,0.165192,0.009475,0.004667,0.016698,0.012026,0.013082,0.000211,0.165192,0.009277,0.004605,0.016579,0.000593,0.013698,-0.033273,0.154076,-0.000129,-0.005092,0.003928,0.597055,0.746207,0.000882,3.053574,0.274462,0.136711,0.657534,88.0,112.519628,3.0,247.0,14.0,8.5,130.5,-0.000113,0.012009,-0.126909,0.04136,-0.000154,-0.004392,0.003543,0.001137,0.013249,-0.036302,0.105747,0.001494,-0.002439,0.007388,0.148191,0.746709,-0.999995,0.999825,0.303029,-0.64356,0.921434,-0.01448,0.648271,-0.999953,1.0,-0.02515,-0.598729,0.492036,0.036829,0.455334,-0.999991,0.999433,0.054222,-0.243019,0.310617,0.704307,0.543383,-0.996128,1.0,0.963103,0.792584,0.991085,0.988636,0.105993,0.0,1.0,1.0,1.0,1.0,0.011364,0.105993,0.0,1.0,0.0,0.0,0.0
20260704_230900_jm6b9y,user1,আ,2026-07-04T17:09:00.548Z,output/user1/আ/আ_20260704_230900_jm6b9y.json,output/user1/আ/আ_20260704_230900_jm6b9y.png,output/user1/আ/আ_20260704_230900_jm6b9y.mp4,299.0,2.0,0.676437,0.479855,0.324592,1.40967,0.574242,0.315455,0.177915,0.159277,0.389948,0.540431,0.786234,0.627953,0.396286,0.087522,4.160937,0.405836,0.097535,1.0,0.558528,0.0,0.107744,0.013963,0.02449,0.000106,0.305453,0.010481,0.005054,0.016843,0.014,0.024523,0.000106,0.305453,0.01057,0.005076,0.016852,-0.000212,0.031556,-0.286273,0.236658,-0.000787,-0.004961,0.004807,0.605998,0.803882,0.00066,3.115881,0.225904,0.105587,0.715996,149.5,17.5,132.0,167.0,149.5,140.75,158.25,0.001325,0.010295,-0.039677,0.10571,0.00032,-0.003307,0.00506,0.000293,0.026158,-0.286578,0.267259,0.000207,-0.004402,0.007509,0.059357,0.765825,-1.0,0.999981,0.07446,-0.82038,0.840909,0.095439,0.63315,-0.999363,1.0,0.081871,-0.420281,0.683118,0.018322,0.44393,-0.99504,0.998863,0.022034,-0.194256,0.215606,0.681762,0.581197,-0.999669,1.0,0.975781,0.757167,0.994617,0.993311,0.081512,0.0,1.0,1.0,1.0,1.0,0.006689,0.081512,0.0,1.0,0.0,0.0,0.0
20260704_230941_ogdcp4,user1,আ,2026-07-04T17:09:41.134Z,output/user1/আ/আ_20260704_230941_ogdcp4.json,output/user1/আ/আ_20260704_230941_ogdcp4.png,output/user1/আ/আ_20260704_230941_ogdcp4.mp4,277.0,3.0,0.787813,0.459442,0.361954,1.714717,0.577604,0.296369,0.175963,0.131966,0.45393,0.19243,0.559668,0.3621,0.105738,0.16967,4.42075,0.199921,0.045223,2.0,0.451264,0.0,0.153285,0.016017,0.02333,0.000195,0.243747,0.009565,0.003278,0.018941,0.01478,0.017674,0.000195,0.119047,0.009547,0.003248,0.018862,0.000169,0.027034,-0.223041,0.210697,-0.000669,-0.006451,0.004227,0.633095,0.791976,0.00303,3.117954,0.256743,0.08762,0.873381,92.333333,29.261275,54.0,125.0,98.0,76.0,111.5,0.000382,0.022414,-0.115677,0.187222,0.000448,-0.002247,0.005556,0.000613,0.017177,-0.106994,0.156079,0.001388,-0.003475,0.00616,0.195161,0.72755,-0.999737,0.999996,0.405838,-0.513593,0.879309,0.109269,0.64857,-0.999938,1.0,0.170091,-0.429288,0.725006,0.053597,0.486788,-0.999421,0.999982,0.037633,-0.122617,0.276223,0.665714,0.563018,-0.99972,1.0,0.969001,0.646245,0.996181,0.98917,0.103504,0.0,1.0,1.0,1.0,1.0,0.01083,0.103504,0.0,1.0,0.0,0.0,0.0
20260704_231010_4ha6y7,user1,আ,2026-07-04T17:10:10.093Z,output/user1/আ/আ_20260704_231010_4ha6y7.json,output/user1/আ/আ_20260704_231010_4ha6y7.png,output/user1/আ/আ_20260704_231010_4ha6y7.mp4,266.0,2.0,0.685205,0.42998,0.294624,1.593574,0.603122,0.305688,0.193601,0.11775,0.424149,0.60097,0.8872,0.531482,0.463051,-0.069488,3.440594,0.468236,0.136092,1.0,0.766917,0.0,0.132576,0.012983,0.030472,0.0001,0.412569,0.008148,0.003453,0.015674,0.012022,0.026216,0.0001,0.412569,0.008129,0.003443,0.015656,-0.001531,0.034159,-0.397499,0.260169,-0.000802,-0.004492,0.003086,0.65867,0.816333,0.001747,3.133122,0.28218,0.125416,0.792831,133.0,71.0,62.0,204.0,133.0,97.5,168.5,0.001741,0.01522,-0.034673,0.151706,0.000986,-0.002668,0.004452,-0.000261,0.029296,-0.394698,0.043702,0.000973,-0.002325,0.006924,0.204244,0.699271,-0.999405,0.999987,0.346769,-0.43648,0.903738,0.099652,0.677771,-0.999982,1.0,0.195619,-0.512061,0.715715,0.029804,0.463175,-0.999501,0.999991,0.045461,-0.211529,0.278812,0.659435,0.591376,-0.999963,1.0,0.961294,0.703901,0.992632,0.992481,0.086384,0.0,1.0,1.0,1.0,1.0,0.007519,0.086384,0.0,1.0,0.0,0.0,0.0
20260728_232136_0wkg0v,user1,আ,2026-07-28T17:21:36.892Z,output/user1/আ/আ_20260728_232136_0wkg0v.json,output/user1/আ/আ_20260728_232136_0wkg0v.png,output/user1/আ/আ_20260728_232136_0wkg0v.mp4,215.0,2.0,0.530184,0.378483,0.200666,1.400813,0.630154,0.361568,0.147755,0.121627,0.504159,0.264837,0.606699,0.593196,0.10254,0.328359,3.199674,0.343997,0.10751,1.0,0.646512,0.0,0.084507,0.014952,0.023847,0.000109,0.276192,0.010057,0.005953,0.018356,0.013725,0.015794,0.000109,0.195039,0.01003,0.005928,0.018351,0.000182,0.032579,-0.272714,0.258472,-0.000782,-0.006896,0.006119,0.499613,0.597491,0.00149,3.133737,0.281425,0.108293,0.594163,107.5,31.5,76.0,139.0,107.5,91.75,123.25,0.000477,0.020644,-0.190179,0.188229,4.8e-05,-0.003711,0.003073,0.001527,0.018969,-0.202118,0.047817,0.002007,-0.004707,0.008949,0.17168,0.77372,-0.999921,0.999995,0.300842,-0.689051,0.97201,0.043187,0.608291,-0.999981,1.0,0.018901,-0.39318,0.641528,0.042714,0.466609,-0.999579,0.999323,0.045777,-0.200454,0.320865,0.776344,0.421592,-0.999968,1.0,0.963822,0.830747,0.994653,0.990698,0.095999,0.0,1.0,1.0,1.0,1.0,0.009302,0.095999,0.0,1.0,0.0,0.0,0.0
20260728_232203_7c77zv,user1,আ,2026-07-28T17:22:03.534Z,output/user1/আ/আ_20260728_232203_7c77zv.json,output/user1/আ/আ_20260728_232203_7c77zv.png,output/user1/আ/আ_20260728_232203_7c77zv.mp4,236.0,3.0,0.618815,0.32818,0.203083,1.885596,0.686779,0.311248,0.117443,0.101576,0.273025,0.250566,0.777123,0.237495,0.504098,-0.013071,3.074425,0.504267,0.16402,2.0,0.550847,0.0,0.034335,0.013083,0.010532,0.000288,0.071225,0.009919,0.006107,0.017551,0.012959,0.01049,0.000288,0.071225,0.009886,0.006106,0.017248,-4.7e-05,0.013135,-0.05664,0.062796,-0.00022,-0.006597,0.005384,0.648985,0.678314,0.002616,3.126069,0.383369,0.1655,0.887116,78.666667,37.39281,42.0,130.0,64.0,53.0,97.0,0.002136,0.010016,-0.059138,0.056503,0.002105,-0.001845,0.006199,-5.5e-05,0.013266,-0.038813,0.047586,0.000254,-0.006651,0.006279,0.020008,0.7593,-0.999966,0.999919,0.081228,-0.816153,0.809667,0.209565,0.615747,-0.999984,1.0,0.283688,-0.192141,0.767447,0.053537,0.527728,-0.9993,0.999908,0.106417,-0.256963,0.403768,0.68619,0.497775,-0.999879,1.0,0.930277,0.643561,0.987435,0.987288,0.112028,0.0,1.0,1.0,1.0,1.0,0.012712,0.112028,0.0,1.0,0.0,0.0,0.0
20260728_232238_kgwkds,user1,আ,2026-07-28T17:22:38.909Z,output/user1/আ/আ_20260728_232238_kgwkds.json,output/user1/আ/আ_20260728_232238_kgwkds.png,output/user1/আ/আ_20260728_232238_kgwkds.mp4,334.0,5.0,0.609111,0.460931,0.280758,1.32148,0.443669,0.305982,0.172498,0.1295,0.267555,0.259552,0.535227,0.479949,0.267672,0.220397,4.674779,0.346732,0.074171,4.0,0.341317,0.0,0.155015,0.014038,0.023311,0.000245,0.335553,0.008687,0.003326,0.016568,0.012496,0.013931,0.000245,0.137054,0.008539,0.003273,0.015749,-7.5e-05,0.031704,-0.329693,0.325988,-0.000411,-0.007548,0.005862,0.853505,0.934424,0.000422,3.133952,0.392507,0.121285,1.392568,66.8,39.60505,7.0,114.0,72.0,39.0,102.0,0.000801,0.011612,-0.073395,0.110169,-0.000376,-0.003417,0.003161,0.00066,0.024543,-0.101367,0.316952,-0.000497,-0.004716,0.003239,-0.022502,0.756867,-0.999999,0.999986,-0.088785,-0.802005,0.870704,0.022739,0.652785,-0.999969,1.0,-0.086695,-0.47155,0.669876,0.035219,0.516042,-0.998725,0.999985,0.021884,-0.268612,0.362814,0.513871,0.684394,-0.99997,1.0,0.925126,0.191191,0.992896,0.98503,0.121433,0.0,1.0,1.0,1.0,1.0,0.01497,0.121433,0.0,1.0,0.0,0.0,0.0
20260728_232316_s2ep8l,user1,আ,2026-07-28T17:23:16.011Z,output/user1/আ/আ_20260728_232316_s2ep8l.json,output/user1/আ/আ_20260728_232316_s2ep8l.png,output/user1/আ/আ_20260728_232316_s2ep8l.mp4,281.0,2.0,0.470243,0.432034,0.203161,1.08844,0.596557,0.352599,0.138521,0.128286,0.467622,0.211636,0.609006,0.595336,0.141384,0.3837,4.392225,0.408919,0.093101,1.0,0.708185,0.0,0.086022,0.015687,0.024633,0.000339,0.29794,0.009528,0.004438,0.017413,0.014675,0.017955,0.000339,0.137803,0.009468,0.004434,0.017318,7e-06,0.029846,-0.294233,0.295074,-0.000506,-0.005821,0.004851,0.70171,0.89534,0.000926,3.124876,0.257582,0.109167,0.848558,140.5,58.5,82.0,199.0,140.5,111.25,169.75,0.000503,0.013459,-0.090163,0.054121,0.000342,-0.001862,0.003148,0.001365,0.025818,-0.292983,0.096124,0.002331,-0.002658,0.00948,0.262246,0.77299,-0.999682,0.999999,0.630656,-0.561483,0.972309,0.070517,0.573359,-0.99974,1.0,0.039124,-0.346749,0.513796,-0.012912,0.446166,-0.999996,0.999106,0.0,-0.21754,0.228774,0.622495,0.64286,-0.99986,1.0,0.968588,0.66642,0.994175,0.992883,0.084064,0.0,1.0,1.0,1.0,1.0,0.007117,0.084064,0.0,1.0,0.0,0.0,0.0
20260705_210750_hp0ub6,user1,ই,2026-07-05T15:07:50.100Z,output/user1/ই/ই_20260705_210750_hp0ub6.json,output/user1/ই/ই_20260705_210750_hp0ub6.png,output/user1/ই/ই_20260705_210750_hp0ub6.mp4,189.0,3.0,0.571801,0.678908,0.3882,0.842236,0.449319,0.240921,0.156047,0.148157,0.45136,0.182953,0.29969,0.678908,-0.15167,0.495955,3.809899,0.518628,0.136126,2.0,0.513228,0.0,0.086022,0.020265,0.051735,0.000541,0.59002,0.010525,0.005741,0.021251,0.016879,0.03048,0.000541,0.387574,0.010435,0.005685,0.021081,0.001849,0.067669,-0.566617,0.577846,-0.000765,-0.007505,0.007163,0.772468,0.882292,0.003368,3.133051,0.358928,0.157357,1.084974,63.0,41.880783,4.0,97.0,88.0,46.0,92.5,-0.000802,0.037043,-0.455285,0.059412,0.000524,-0.004943,0.010314,0.002624,0.041123,-0.375286,0.382993,0.00091,-0.0023,0.006859,0.133016,0.616364,-0.999228,1.0,0.169929,-0.304181,0.712958,0.077977,0.772218,-1.0,1.0,0.153292,-0.745068,0.89008,0.004002,0.48775,-0.999931,0.994225,0.025949,-0.311973,0.300987,0.57656,0.655486,-0.999962,1.0,0.936482,0.470245,0.990977,0.984127,0.124984,0.0,1.0,1.0,1.0,1.0,0.015873,0.124984,0.0,1.0,0.0,0.0,0.0
20260705_210817_cpe63z,user1,ই,2026-07-05T15:08:17.145Z,output/user1/ই/ই_20260705_210817_cpe63z.json,output/user1/ই/ই_20260705_210817_cpe63z.png,output/user1/ই/ই_20260705_210817_cpe63z.mp4,245.0,4.0,0.416899,0.469968,0.195929,0.88708,0.357156,0.392361,0.121078,0.124515,0.334684,0.388253,0.522822,0.409223,0.188138,0.02097,3.18658,0.189303,0.059406,3.0,0.428571,0.0,0.112033,0.01306,0.02886,0.000165,0.429261,0.008772,0.004634,0.014964,0.01277,0.028656,0.000165,0.429261,0.008651,0.004558,0.01496,0.000131,0.037177,-0.33294,0.425877,9.6e-05,-0.00615,0.005391,0.894207,0.863757,0.002781,3.136486,0.522157,0.245858,1.390466,61.25,37.070035,3.0,105.0,68.5,47.25,82.5,0.000768,0.015005,-0.154147,0.08216,0.000392,-0.003693,0.005934,8.6e-05,0.027814,-0.400629,0.095914,0.00042,-0.003195,0.004804,0.067359,0.683929,-0.999998,0.999913,0.05544,-0.543361,0.733718,0.083754,0.721587,-0.999999,1.0,0.089181,-0.632487,0.852155,0.052012,0.56301,-0.999883,0.999943,0.020229,-0.356324,0.510505,0.512091,0.646589,-0.999986,1.0,0.875934,0.195028,0.971253,0.983673,0.126728,0.0,1.0,1.0,1.0,1.0,0.016327,0.126728,0.0,1.0,0.0,0.0,0.0
20260705_210847_8d63gb,user1,ই,2026-07-05T15:08:47.954Z,output/user1/ই/ই_20260705_210847_8d63gb.json,output/user1/ই/ই_20260705_210847_8d63gb.png,output/user1/ই/ই_20260705_210847_8d63gb.mp4,230.0,4.0,0.511888,0.527078,0.269805,0.971181,0.399067,0.332566,0.131742,0.169273,0.39045,0.338096,0.500375,0.303101,0.109925,-0.034995,2.652684,0.115361,0.043488,3.0,0.547826,0.0,0.088496,0.011584,0.028326,0.000275,0.387062,0.007034,0.003008,0.013808,0.009181,0.007642,0.000275,0.047731,0.006863,0.002965,0.013658,-0.000117,0.040226,-0.383465,0.376359,-4.1e-05,-0.004295,0.003393,0.732224,0.818863,0.000848,3.125014,0.385518,0.149636,0.937585,57.5,44.466279,4.0,126.0,50.0,30.25,77.25,0.000478,0.018274,-0.173285,0.169902,0.000828,-0.002278,0.003827,-0.000152,0.02446,-0.346106,0.058492,0.000883,-0.001579,0.003725,0.137058,0.663122,-0.999952,0.999511,0.198671,-0.359389,0.764862,0.101437,0.728831,-0.999965,1.0,0.175708,-0.637732,0.900332,0.049565,0.502627,-0.999919,0.999661,0.054491,-0.265406,0.380547,0.612917,0.607652,-0.999862,1.0,0.930997,0.61515,0.98981,0.982609,0.130724,0.0,1.0,1.0,1.0,1.0,0.017391,0.130724,0.0,1.0,0.0,0.0,0.0
20260705_210914_6z0wyv,user1,ই,2026-07-05T15:09:14.890Z,output/user1/ই/ই_20260705_210914_6z0wyv.json,output/user1/ই/ই_20260705_210914_6z0wyv.png,output/user1/ই/ই_20260705_210914_6z0wyv.mp4,171.0,2.0,0.43368,0.553823,0.240182,0.783066,0.476467,0.37125,0.112842,0.149093,0.27109,0.167993,0.609109,0.339522,0.338019,0.171529,2.219049,0.37905,0.170816,1.0,0.701754,0.0,0.106509,0.013053,0.035339,0.000208,0.462577,0.008757,0.00528,0.014021,0.010393,0.007312,0.000208,0.04643,0.00868,0.005268,0.014013,-1.6e-05,0.048639,-0.416147,0.457366,-0.000636,-0.006866,0.006328,0.597374,0.720958,0.003848,3.059078,0.311735,0.136934,0.711004,85.5,34.5,51.0,120.0,85.5,68.25,102.75,0.001977,0.026887,-0.329094,0.032479,0.003333,-0.001223,0.009737,0.001003,0.026137,-0.325076,0.027377,0.002057,-0.000617,0.006531,0.195109,0.588242,-0.999727,0.999741,0.282136,-0.180498,0.678593,0.321016,0.716137,-0.998885,1.0,0.683567,-0.352529,0.950458,0.038526,0.468489,-0.990967,0.999154,0.025041,-0.216231,0.321812,0.713302,0.51984,-0.996596,1.0,0.955378,0.761297,0.990958,0.988304,0.107513,0.0,1.0,1.0,1.0,1.0,0.011696,0.107513,0.0,1.0,0.0,0.0,0.0
20260705_211104_cee4mp,user1,ই,2026-07-05T15:11:04.637Z,output/user1/ই/ই_20260705_211104_cee4mp.json,output/user1/ই/ই_20260705_211104_cee4mp.png,output/user1/ই/ই_20260705_211104_cee4mp.mp4,222.0,4.0,0.363844,0.543858,0.197879,0.669006,0.349309,0.374736,0.095868,0.183041,0.182856,0.298057,0.357525,0.656093,0.174669,0.358036,2.489064,0.39837,0.160048,3.0,0.684685,0.0,0.077982,0.011263,0.008057,0.000268,0.049218,0.009532,0.00565,0.015499,0.011035,0.007654,0.000268,0.049218,0.00945,0.005609,0.015434,0.000201,0.009762,-0.033044,0.032075,0.000163,-0.006074,0.00578,0.730456,0.817155,0.00198,3.08672,0.362186,0.13926,1.0619,55.5,59.621724,6.0,152.0,32.0,6.0,81.5,0.000787,0.010609,-0.02388,0.041013,0.000563,-0.005588,0.006033,0.001613,0.008668,-0.028164,0.047525,0.001122,-0.002926,0.005453,0.088069,0.652968,-0.999724,0.999998,0.176631,-0.407296,0.655453,0.029651,0.751663,-0.999998,1.0,0.132621,-0.759285,0.835788,0.051374,0.508965,-0.999584,0.999923,0.064501,-0.258667,0.375516,0.609074,0.606089,-0.998494,1.0,0.935472,0.494964,0.990451,0.981982,0.133016,0.0,1.0,1.0,1.0,1.0,0.018018,0.133016,0.0,1.0,0.0,0.0,0.0
20260705_211129_q9xd7j,user1,ই,2026-07-05T15:11:29.635Z,output/user1/ই/ই_20260705_211129_q9xd7j.json,output/user1/ই/ই_20260705_211129_q9xd7j.png,output/user1/ই/ই_20260705_211129_q9xd7j.mp4,158.0,3.0,0.435707,0.520354,0.226722,0.837328,0.344682,0.314899,0.123492,0.158937,0.508779,0.559284,0.273508,0.300743,-0.235271,-0.258541,1.64822,0.349565,0.212086,2.0,0.924051,0.0,0.103226,0.010498,0.010889,0.000554,0.092925,0.00779,0.005134,0.013096,0.009971,0.008717,0.000554,0.072947,0.007694,0.005096,0.012937,0.000375,0.012279,-0.084262,0.063959,-6.4e-05,-0.004259,0.00446,0.615478,0.729313,0.010586,3.013761,0.330055,0.133304,0.68974,52.666667,66.001683,5.0,146.0,7.0,6.0,76.5,-0.001489,0.009999,-0.064924,0.030468,-0.001161,-0.005596,0.003739,-0.001636,0.011066,-0.066483,0.06628,-0.00179,-0.005718,0.00173,-0.214435,0.673277,-0.999996,0.999693,-0.42327,-0.773151,0.325993,-0.139792,0.693667,-0.999922,1.0,-0.297875,-0.798659,0.598425,-0.042681,0.472048,-0.997467,0.999882,-0.068394,-0.364204,0.224888,0.701431,0.5323,-0.991841,1.0,0.948437,0.77511,0.991928,0.981013,0.13648,0.0,1.0,1.0,1.0,1.0,0.018987,0.13648,0.0,1.0,0.0,0.0,0.0
20260705_211202_fwdefr,user1,ই,2026-07-05T15:12:02.571Z,output/user1/ই/ই_20260705_211202_fwdefr.json,output/user1/ই/ই_20260705_211202_fwdefr.png,output/user1/ই/ই_20260705_211202_fwdefr.mp4,238.0,1.0,0.502905,0.564916,0.284099,0.89023,0.425492,0.362061,0.133821,0.172318,0.495257,0.624843,0.556342,0.239151,0.061085,-0.385692,2.414483,0.390499,0.161732,0.0,1.0,0.0,0.109705,0.010188,0.009013,0.000319,0.09066,0.007668,0.004755,0.013851,0.010188,0.009013,0.000319,0.09066,0.007668,0.004755,0.013851,-5.7e-05,0.011763,-0.089704,0.054015,-0.000369,-0.005849,0.005216,0.649668,0.783315,0.008059,3.128342,0.347405,0.129464,0.761147,238.0,0.0,238.0,238.0,238.0,238.0,238.0,0.000257,0.011,-0.084269,0.036078,-0.000128,-0.004671,0.004918,-0.001621,0.007781,-0.033435,0.025766,-0.001283,-0.00582,0.001999,-0.136902,0.661213,-0.999729,0.999978,-0.246426,-0.748309,0.404289,0.014438,0.737459,-0.999927,1.0,-0.00981,-0.773404,0.774065,-0.007917,0.477364,-0.999998,0.99973,-0.022141,-0.288169,0.266798,0.67718,0.5599,-0.999909,1.0,0.942968,0.725917,0.992489,0.995798,0.064684,0.0,1.0,1.0,1.0,1.0,0.004202,0.064684,0.0,1.0,0.0,0.0,0.0
20260705_211229_nco6f5,user1,ই,2026-07-05T15:12:29.901Z,output/user1/ই/ই_20260705_211229_nco6f5.json,output/user1/ই/ই_20260705_211229_nco6f5.png,output/user1/ই/ই_20260705_211229_nco6f5.mp4,192.0,3.0,0.467582,0.583867,0.273006,0.800836,0.454532,0.447175,0.111655,0.153956,0.280615,0.289118,0.679025,0.744226,0.39841,0.455108,2.486719,0.604859,0.243236,2.0,0.817708,0.0,0.084656,0.013019,0.010807,0.000221,0.085586,0.010619,0.005908,0.018041,0.012814,0.010675,0.000221,0.085586,0.010444,0.005792,0.017762,-1.7e-05,0.014863,-0.059328,0.083453,-0.000103,-0.007798,0.007309,0.623167,0.788469,0.000602,3.104579,0.323662,0.117612,0.646947,64.0,66.427906,6.0,157.0,29.0,17.5,93.0,0.002075,0.012887,-0.035086,0.0676,0.001426,-0.00466,0.009422,0.00237,0.010431,-0.065927,0.05249,0.001641,-0.001581,0.006928,0.167926,0.603243,-0.999551,0.999898,0.213023,-0.309081,0.707027,0.134909,0.767918,-0.999996,1.0,0.372598,-0.743279,0.908425,0.073509,0.438231,-0.999709,0.99949,0.057172,-0.173957,0.34917,0.68716,0.574771,-0.999315,1.0,0.949116,0.799167,0.993304,0.984375,0.12402,0.0,1.0,1.0,1.0,1.0,0.015625,0.12402,0.0,1.0,0.0,0.0,0.0
20260705_211257_5zxk15,user1,ই,2026-07-05T15:12:57.301Z,output/user1/ই/ই_20260705_211257_5zxk15.json,output/user1/ই/ই_20260705_211257_5zxk15.png,output/user1/ই/ই_20260705_211257_5zxk15.mp4,193.0,3.0,0.439204,0.469475,0.206195,0.935522,0.427505,0.417206,0.128598,0.147433,0.235439,0.274102,0.607777,0.37175,0.372338,0.097648,2.251364,0.384929,0.170976,2.0,0.73057,0.0,0.142105,0.011726,0.032404,0.000117,0.447853,0.008497,0.003661,0.012143,0.009463,0.007394,0.000117,0.050355,0.008497,0.003645,0.012106,2.8e-05,0.046461,-0.444448,0.444116,-0.000509,-0.00555,0.004383,0.797584,0.829638,0.004534,3.115323,0.456755,0.172673,1.303285,64.333333,57.37208,3.0,141.0,49.0,26.0,95.0,0.001929,0.026412,-0.343499,0.027797,0.002077,-0.001196,0.008561,0.000506,0.021904,-0.287369,0.026248,0.000989,-0.001131,0.004338,0.160495,0.612844,-0.997605,1.0,0.269255,-0.268885,0.690385,0.28652,0.718728,-0.9996,1.0,0.609832,-0.440586,0.945066,0.050913,0.545225,-0.999747,0.999953,0.106143,-0.26054,0.404262,0.570177,0.6124,-0.999654,1.0,0.906869,0.272436,0.985371,0.984456,0.123703,0.0,1.0,1.0,1.0,1.0,0.015544,0.123703,0.0,1.0,0.0,0.0,0.0
20260705_211324_69n6hy,user1,ই,2026-07-05T15:13:24.464Z,output/user1/ই/ই_20260705_211324_69n6hy.json,output/user1/ই/ই_20260705_211324_69n6hy.png,output/user1/ই/ই_20260705_211324_69n6hy.mp4,240.0,5.0,0.528075,0.554679,0.292912,0.952037,0.450017,0.41823,0.130824,0.166237,0.441454,0.347257,0.645656,0.36183,0.204202,0.014573,2.812324,0.204721,0.072794,4.0,0.695833,0.0,0.097872,0.011767,0.009849,0.000586,0.063993,0.009917,0.004873,0.015713,0.011506,0.009515,0.000586,0.063993,0.009725,0.00482,0.01561,0.000142,0.012374,-0.039506,0.054,7.1e-05,-0.006401,0.005853,0.712871,0.815146,0.002892,3.137346,0.331972,0.133835,1.046757,48.0,62.619486,4.0,167.0,7.0,6.0,56.0,0.000851,0.01254,-0.038802,0.055605,0.000683,-0.004916,0.006426,6.1e-05,0.008746,-0.024817,0.036964,-6.4e-05,-0.004436,0.005059,-0.012198,0.671201,-0.999245,0.999931,-0.004178,-0.696812,0.611374,0.021292,0.740869,-0.999961,1.0,0.089633,-0.741675,0.784941,0.036151,0.501527,-0.999501,0.996803,0.047833,-0.275845,0.347735,0.627751,0.594215,-0.999991,1.0,0.946987,0.520478,0.991576,0.979167,0.142826,0.0,1.0,1.0,1.0,1.0,0.020833,0.142826,0.0,1.0,0.0,0.0,0.0
20260705_213721_6edrqn,user1,ঈ,2026-07-05T15:37:21.634Z,output/user1/ঈ/ঈ_20260705_213721_6edrqn.json,output/user1/ঈ/ঈ_20260705_213721_6edrqn.png,output/user1/ঈ/ঈ_20260705_213721_6edrqn.mp4,224.0,3.0,0.542404,0.499013,0.270667,1.086954,0.536222,0.337321,0.147974,0.143325,0.477846,0.286466,0.653156,0.246113,0.17531,-0.040353,3.128272,0.179894,0.057506,2.0,0.59375,0.0,0.085973,0.014028,0.027889,0.000226,0.405166,0.010519,0.005331,0.015759,0.012002,0.0086,0.000226,0.037308,0.0105,0.005283,0.015186,0.000123,0.039541,-0.388733,0.404149,-0.000108,-0.006832,0.005556,0.632436,0.737168,0.000704,3.111569,0.328041,0.14801,0.809386,74.666667,41.249916,45.0,133.0,46.0,45.5,89.5,0.000783,0.018052,-0.219171,0.034247,0.00015,-0.002278,0.007009,-0.00018,0.025371,-0.340769,0.070675,0.00058,-0.004771,0.006753,0.067053,0.741829,-0.999973,0.999986,0.135622,-0.712355,0.875559,0.115803,0.657102,-0.99957,1.0,0.059127,-0.417626,0.761228,-0.019368,0.490809,-0.999972,0.999703,-0.020893,-0.302156,0.270358,0.690727,0.530685,-0.999548,1.0,0.948488,0.692609,0.989232,0.986607,0.11495,0.0,1.0,1.0,1.0,1.0,0.013393,0.11495,0.0,1.0,0.0,0.0,0.0
20260705_213804_scynf9,user1,ঈ,2026-07-05T15:38:04.513Z,output/user1/ঈ/ঈ_20260705_213804_scynf9.json,output/user1/ঈ/ঈ_20260705_213804_scynf9.png,output/user1/ঈ/ঈ_20260705_213804_scynf9.mp4,215.0,2.0,0.450497,0.475943,0.214411,0.946536,0.493125,0.338082,0.109074,0.138919,0.361884,0.3665,0.312999,0.264533,-0.048885,-0.101967,2.475951,0.11308,0.045671,1.0,0.748837,0.0,0.070423,0.01157,0.020471,0.000251,0.181146,0.007411,0.004688,0.012951,0.010774,0.016893,0.000251,0.168336,0.00736,0.004667,0.012809,-0.000276,0.021762,-0.165851,0.166893,0.000333,-0.00464,0.004264,0.596326,0.663694,0.000889,3.101143,0.349793,0.143507,0.803738,107.5,53.5,54.0,161.0,107.5,80.75,134.25,-0.000227,0.013017,-0.12359,0.069408,0.000892,-0.004226,0.005209,-0.000474,0.019509,-0.176948,0.092303,0.001083,-0.003303,0.005614,0.109427,0.67129,-0.999999,0.999993,0.292249,-0.530123,0.72877,0.097346,0.72658,-0.999238,1.0,0.242078,-0.669326,0.84725,0.023908,0.511357,-0.999992,0.999344,0.0,-0.280251,0.364009,0.71914,0.469871,-0.999181,1.0,0.947849,0.695861,0.990098,0.990698,0.095999,0.0,1.0,1.0,1.0,1.0,0.009302,0.095999,0.0,1.0,0.0,0.0,0.0
20260705_213852_tuebtl,user1,ঈ,2026-07-05T15:38:52.607Z,output/user1/ঈ/ঈ_20260705_213852_tuebtl.json,output/user1/ঈ/ঈ_20260705_213852_tuebtl.png,output/user1/ঈ/ঈ_20260705_213852_tuebtl.mp4,289.0,2.0,0.48472,0.600942,0.291289,0.8066,0.568133,0.400854,0.137078,0.182143,0.482077,0.293012,0.314608,0.243017,-0.167469,-0.049995,3.643702,0.174772,0.047966,1.0,0.66782,0.0,0.15331,0.012652,0.028354,0.000204,0.457972,0.007739,0.003217,0.0151,0.0111,0.010647,0.000204,0.061465,0.007728,0.003205,0.014914,0.000164,0.037112,-0.407594,0.427556,-0.000368,-0.006531,0.005053,0.709623,0.811854,0.000211,3.134704,0.323881,0.144268,0.985799,144.5,48.5,96.0,193.0,144.5,120.25,168.75,-0.000579,0.020222,-0.274211,0.043694,0.000396,-0.003745,0.005288,-0.000173,0.023481,-0.366806,0.055372,0.000808,-0.002308,0.004784,0.142155,0.655795,-0.999997,0.9999,0.212518,-0.407755,0.799161,0.075305,0.7376,-0.999997,1.0,0.221002,-0.710851,0.788326,-0.002541,0.510496,-0.999964,0.999447,-0.001932,-0.27443,0.274588,0.627576,0.587822,-0.999975,1.0,0.949868,0.556558,0.990145,0.99308,0.082901,0.0,1.0,1.0,1.0,1.0,0.00692,0.082901,0.0,1.0,0.0,0.0,0.0
20260705_213943_7qqvt7,user1,ঈ,2026-07-05T15:39:43.527Z,output/user1/ঈ/ঈ_20260705_213943_7qqvt7.json,output/user1/ঈ/ঈ_20260705_213943_7qqvt7.png,output/user1/ঈ/ঈ_20260705_213943_7qqvt7.mp4,200.0,1.0,0.401345,0.519361,0.208443,0.772767,0.445686,0.412349,0.100618,0.145913,0.407424,0.334716,0.623613,0.627496,0.216189,0.29278,2.021506,0.363948,0.180038,0.0,1.0,0.0,0.140704,0.010158,0.008575,0.000405,0.047092,0.007809,0.003189,0.015031,0.010158,0.008575,0.000405,0.047092,0.007809,0.003189,0.015031,-4e-06,0.011483,-0.034499,0.045491,-0.000774,-0.006311,0.004227,0.701885,0.868879,0.003493,3.128302,0.313263,0.120071,1.011897,200.0,0.0,200.0,200.0,200.0,200.0,200.0,0.001081,0.007959,-0.026026,0.025731,0.000347,-0.002322,0.004277,0.001464,0.010449,-0.044119,0.043534,0.000461,-0.003725,0.006782,0.044105,0.758596,-0.999792,0.999995,0.109506,-0.774008,0.770882,0.072954,0.64596,-0.998158,1.0,0.109445,-0.52056,0.683215,0.011156,0.466811,-0.999695,0.99995,-0.007622,-0.251835,0.237794,0.626204,0.624364,-0.999911,1.0,0.954723,0.559262,0.992852,0.995,0.070534,0.0,1.0,1.0,1.0,1.0,0.005,0.070534,0.0,1.0,0.0,0.0,0.0
20260705_214029_z7ddbl,user1,ঈ,2026-07-05T15:40:29.331Z,output/user1/ঈ/ঈ_20260705_214029_z7ddbl.json,output/user1/ঈ/ঈ_20260705_214029_z7ddbl.png,output/user1/ঈ/ঈ_20260705_214029_z7ddbl.mp4,344.0,1.0,0.411996,0.504899,0.208016,0.815997,0.556692,0.388027,0.102258,0.138647,0.657443,0.644317,0.672225,0.433142,0.014782,-0.211175,2.931313,0.211692,0.072217,0.0,1.0,0.0,0.116618,0.008546,0.00644,0.000409,0.035657,0.007023,0.003289,0.011907,0.008546,0.00644,0.000409,0.035657,0.007023,0.003289,0.011907,6.1e-05,0.008255,-0.022563,0.032943,0.000273,-0.00507,0.004347,0.659836,0.738772,0.000582,3.128446,0.371836,0.160426,0.807452,344.0,0.0,344.0,344.0,344.0,344.0,344.0,4.3e-05,0.008652,-0.033043,0.030578,-0.00055,-0.005199,0.003562,-0.000614,0.006241,-0.026031,0.020153,-0.000688,-0.003707,0.002696,-0.069472,0.655385,-0.999482,0.99995,-0.166363,-0.633019,0.533568,-0.077513,0.748087,-0.999798,1.0,-0.234476,-0.849626,0.718017,0.026015,0.504612,-0.998905,0.999713,0.003629,-0.33117,0.374828,0.669096,0.544976,-0.999913,1.0,0.933376,0.691946,0.987646,0.997093,0.053838,0.0,1.0,1.0,1.0,1.0,0.002907,0.053838,0.0,1.0,0.0,0.0,0.0
20260705_214107_b894ld,user1,ঈ,2026-07-05T15:41:07.880Z,output/user1/ঈ/ঈ_20260705_214107_b894ld.json,output/user1/ঈ/ঈ_20260705_214107_b894ld.png,output/user1/ঈ/ঈ_20260705_214107_b894ld.mp4,238.0,3.0,0.452977,0.607122,0.275012,0.746105,0.502584,0.457914,0.122747,0.13981,0.305791,0.270829,0.647516,0.390342,0.341725,0.119513,3.021738,0.362021,0.119806,2.0,0.735294,0.0,0.102128,0.01275,0.027227,0.000294,0.328739,0.008326,0.004902,0.014854,0.011734,0.022564,0.000294,0.328739,0.008261,0.004862,0.014537,-1e-05,0.025575,-0.242728,0.257952,-0.000501,-0.006099,0.005167,0.703306,0.863351,0.002785,3.13602,0.334187,0.134172,0.833677,79.333333,70.096759,9.0,175.0,54.0,31.5,114.5,0.001436,0.020315,-0.279634,0.031195,0.001953,-0.002743,0.007973,0.000502,0.022023,-0.246434,0.069373,0.000568,-0.002108,0.005019,0.145628,0.655087,-0.999998,0.99997,0.139724,-0.453802,0.808528,0.244231,0.700003,-0.999849,1.0,0.490335,-0.4222,0.933048,0.044701,0.45431,-0.996447,0.998829,0.056806,-0.247443,0.314192,0.631375,0.626872,-0.999984,1.0,0.94497,0.675945,0.991661,0.987395,0.111562,0.0,1.0,1.0,1.0,1.0,0.012605,0.111562,0.0,1.0,0.0,0.0,0.0
20260705_215457_yruoxw,user1,ঈ,2026-07-05T15:54:57.909Z,output/user1/ঈ/ঈ_20260705_215457_yruoxw.json,output/user1/ঈ/ঈ_20260705_215457_yruoxw.png,output/user1/ঈ/ঈ_20260705_215457_yruoxw.mp4,246.0,3.0,0.523521,0.591909,0.309877,0.884462,0.432669,0.409378,0.14106,0.17756,0.335033,0.349042,0.186175,0.216024,-0.148858,-0.133018,3.45171,0.199631,0.057835,2.0,0.715447,0.0,0.115226,0.014089,0.029509,0.000146,0.448371,0.009795,0.004615,0.01797,0.014105,0.029626,0.000146,0.448371,0.009795,0.0046,0.018184,3.5e-05,0.042145,-0.442559,0.445584,-0.000826,-0.006863,0.006016,0.757773,0.862096,0.003431,3.105007,0.349501,0.141534,1.212835,82.0,68.444625,15.0,176.0,55.0,35.0,115.5,-0.000605,0.01649,-0.166706,0.059937,-0.000206,-0.006397,0.004895,-0.000541,0.028149,-0.416228,0.037419,0.00065,-0.004033,0.005605,0.110317,0.688356,-0.99997,0.999982,0.146913,-0.558905,0.829762,-0.041603,0.715727,-0.99999,1.0,-0.039249,-0.765368,0.593367,0.011702,0.508133,-0.999437,0.9994,0.008061,-0.297302,0.30741,0.589278,0.628024,-0.999328,1.0,0.940468,0.362939,0.990202,0.987805,0.109756,0.0,1.0,1.0,1.0,1.0,0.012195,0.109756,0.0,1.0,0.0,0.0,0.0
20260705_215539_dr61qv,user1,ঈ,2026-07-05T15:55:39.424Z,output/user1/ঈ/ঈ_20260705_215539_dr61qv.json,output/user1/ঈ/ঈ_20260705_215539_dr61qv.png,output/user1/ঈ/ঈ_20260705_215539_dr61qv.mp4,236.0,3.0,0.474965,0.609404,0.289446,0.779393,0.448705,0.373559,0.122035,0.175705,0.395405,0.382332,0.29265,0.181504,-0.102755,-0.200828,3.427538,0.225589,0.065817,2.0,0.538136,0.0,0.090129,0.014585,0.033729,0.000237,0.512681,0.01047,0.006158,0.017873,0.012442,0.008832,0.000237,0.040223,0.010337,0.005998,0.017837,9.9e-05,0.048479,-0.504295,0.508942,-0.000308,-0.008438,0.008318,0.609108,0.743555,0.001703,3.123242,0.297162,0.138805,0.691514,78.666667,52.308911,6.0,127.0,103.0,54.5,115.0,-0.000435,0.026626,-0.362441,0.039457,0.000641,-0.005364,0.007996,-0.000851,0.025195,-0.362599,0.026903,0.000156,-0.003414,0.005542,0.066689,0.66489,-0.996634,0.9997,0.02761,-0.519865,0.775579,0.075388,0.740129,-0.999999,1.0,0.153157,-0.645988,0.855366,0.00554,0.463871,-0.999854,0.999392,0.018989,-0.259981,0.290473,0.702737,0.5394,-0.999831,1.0,0.956645,0.774833,0.990657,0.987288,0.112028,0.0,1.0,1.0,1.0,1.0,0.012712,0.112028,0.0,1.0,0.0,0.0,0.0
20260705_215654_07cd7w,user1,ঈ,2026-07-05T15:56:54.824Z,output/user1/ঈ/ঈ_20260705_215654_07cd7w.json,output/user1/ঈ/ঈ_20260705_215654_07cd7w.png,output/user1/ঈ/ঈ_20260705_215654_07cd7w.mp4,249.0,4.0,0.421475,0.580668,0.244737,0.725845,0.568409,0.443622,0.103513,0.159521,0.392666,0.263852,0.713929,0.340082,0.321263,0.07623,3.056131,0.330183,0.10804,3.0,0.353414,0.0,0.130612,0.012323,0.019803,0.000406,0.270444,0.008201,0.004044,0.015865,0.01222,0.019902,0.000406,0.270444,0.008098,0.003957,0.015732,-0.000128,0.024328,-0.250373,0.194611,-0.000151,-0.007753,0.005146,0.791978,0.869082,0.000449,3.122227,0.415375,0.150226,1.119905,62.25,14.939461,52.0,88.0,54.5,52.75,64.0,0.00129,0.017684,-0.214263,0.094706,0.000817,-0.002894,0.006266,0.000306,0.015078,-0.165019,0.042296,0.000322,-0.003149,0.00612,0.014615,0.700171,-0.999941,0.999983,0.070887,-0.694902,0.718905,0.183333,0.689881,-0.99645,1.0,0.318909,-0.451388,0.890102,0.025624,0.514658,-0.998414,0.999869,0.04238,-0.314744,0.332832,0.572478,0.63776,-0.999811,1.0,0.915286,0.449235,0.989288,0.983936,0.125723,0.0,1.0,1.0,1.0,1.0,0.016064,0.125723,0.0,1.0,0.0,0.0,0.0
20260705_215745_i5n9h7,user1,ঈ,2026-07-05T15:57:45.837Z,output/user1/ঈ/ঈ_20260705_215745_i5n9h7.json,output/user1/ঈ/ঈ_20260705_215745_i5n9h7.png,output/user1/ঈ/ঈ_20260705_215745_i5n9h7.mp4,322.0,3.0,0.493217,0.554714,0.273594,0.889137,0.567585,0.414832,0.121481,0.152911,0.484513,0.370839,0.730764,0.338215,0.246251,-0.032624,3.005603,0.248403,0.082647,2.0,0.645963,0.0,0.134796,0.009363,0.024786,5.9e-05,0.411366,0.006299,0.003249,0.010503,0.007625,0.005984,5.9e-05,0.038718,0.006246,0.003249,0.010374,4.2e-05,0.034925,-0.406953,0.409554,-0.000238,-0.004578,0.004152,0.805359,0.831659,0.009105,3.127201,0.464542,0.197803,1.158072,107.333333,72.094074,43.0,208.0,71.0,57.0,139.5,0.000765,0.014135,-0.200152,0.070417,0.000517,-0.001991,0.004984,-0.000101,0.022348,-0.35939,0.145597,0.000216,-0.002362,0.003038,0.092227,0.665511,-0.999992,1.0,0.039621,-0.457758,0.770984,0.104008,0.733329,-1.0,1.0,0.206258,-0.636006,0.873702,0.018085,0.543384,-0.999988,0.99968,0.021709,-0.373115,0.373312,0.571988,0.614194,-0.999896,1.0,0.897857,0.404651,0.981221,0.990683,0.096073,0.0,1.0,1.0,1.0,1.0,0.009317,0.096073,0.0,1.0,0.0,0.0,0.0
20260704_232121_lcxi4y,user2,অ,2026-07-04T17:21:21.362Z,output/user2/অ/অ_20260704_232121_lcxi4y.json,output/user2/অ/অ_20260704_232121_lcxi4y.png,output/user2/অ/অ_20260704_232121_lcxi4y.mp4,1033.0,2.0,0.427397,0.353933,0.15127,1.207565,0.697517,0.270273,0.1131,0.107017,0.710826,0.26725,0.439374,0.197629,-0.271452,-0.069621,2.804455,0.280238,0.099926,1.0,0.501452,0.0,0.763337,0.002717,0.010354,2e-06,0.279561,0.00052,0.000172,0.001855,0.00272,0.010359,2e-06,0.279561,0.00052,0.000172,0.00186,-3e-06,0.014769,-0.279128,0.277062,-0.000107,-0.001142,0.000169,1.807973,0.964468,0.000631,3.14053,1.986111,0.964443,2.684794,516.5,1.5,515.0,518.0,516.5,515.75,517.25,-0.000263,0.008116,-0.034288,0.236304,-7e-06,-0.000254,0.000208,-6.7e-05,0.006967,-0.035744,0.149382,0.0,-0.00039,0.000297,-0.026533,0.748848,-1.0,0.999998,0.0,-0.833311,0.744043,-0.004515,0.662188,-0.999996,1.0,-0.025017,-0.602593,0.62052,-0.019844,0.650345,-0.999983,0.999949,-0.024951,-0.602155,0.559871,-0.182648,0.737074,-0.999999,1.0,-0.402329,-0.897341,0.58703,0.998064,0.043959,0.0,1.0,1.0,1.0,1.0,0.001936,0.043959,0.0,1.0,0.0,0.0,0.0
20260704_232412_nr23lb,user2,অ,2026-07-04T17:24:12.923Z,output/user2/অ/অ_20260704_232412_nr23lb.json,,output/user2/অ/অ_20260704_232412_nr23lb.mp4,245.0,2.0,0.536732,0.207564,0.111406,2.585863,0.558825,0.457886,0.15989,0.074734,0.256848,0.445089,0.684088,0.379923,0.42724,-0.065166,2.758637,0.432181,0.156665,1.0,0.612245,0.0,0.230453,0.011306,0.023509,3e-05,0.332995,0.005559,0.002069,0.014226,0.009982,0.011284,3e-05,0.077702,0.005497,0.002061,0.01399,-8.7e-05,0.033632,-0.331238,0.330467,-0.001333,-0.006327,0.00385,1.232413,1.015045,0.003887,3.141392,1.005665,0.287731,2.180113,122.5,27.5,95.0,150.0,122.5,108.75,136.25,0.001744,0.023997,-0.042729,0.315067,5.8e-05,-0.00456,0.002893,-0.000266,0.009936,-0.039275,0.107789,-0.000181,-0.002171,0.001272,-0.081328,0.612885,-0.999358,0.999865,-0.052298,-0.667536,0.319949,0.050943,0.784322,-0.999999,1.0,0.137525,-0.770372,0.904621,0.030855,0.601969,-0.99998,0.999998,0.056911,-0.451077,0.471278,0.243995,0.759701,-0.999999,1.0,0.539851,-0.556673,0.960045,0.991837,0.089981,0.0,1.0,1.0,1.0,1.0,0.008163,0.089981,0.0,1.0,0.0,0.0,0.0
20260705_165947_rrdvxz,user2,অ,2026-07-05T10:59:47.885Z,output/user2/অ/অ_20260705_165947_rrdvxz.json,,output/user2/অ/অ_20260705_165947_rrdvxz.mp4,57.0,1.0,0.641188,0.357132,0.228989,1.795381,0.544088,0.220651,0.210762,0.108785,0.563158,0.162811,0.897301,0.063412,0.334143,-0.099399,2.473804,0.348614,0.140922,0.0,1.0,0.0,0.0,0.044175,0.019329,0.011041,0.078989,0.045709,0.026129,0.060418,0.044175,0.019329,0.011041,0.078989,0.045709,0.026129,0.060418,0.000866,0.017862,-0.036675,0.047417,-0.000234,-0.008842,0.00779,0.505171,0.487534,0.003497,2.241302,0.373994,0.113789,0.787942,57.0,0.0,57.0,57.0,57.0,57.0,57.0,0.005862,0.036777,-0.070214,0.071548,0.004063,-0.017669,0.036496,-0.001744,0.029904,-0.070946,0.042779,0.009315,-0.016499,0.020164,0.068927,0.69725,-0.991881,0.999695,0.171841,-0.68328,0.782145,0.165641,0.694013,-0.995702,1.0,0.198497,-0.423413,0.928178,0.139261,0.488816,-0.907248,0.980402,0.132661,-0.066948,0.491892,0.799677,0.31966,-0.621382,1.0,0.942381,0.744693,0.995613,0.982456,0.131286,0.0,1.0,1.0,1.0,1.0,0.017544,0.131286,0.0,1.0,0.0,0.0,0.0
20260705_170029_180ejw,user2,অ,2026-07-05T11:00:29.756Z,output/user2/অ/অ_20260705_170029_180ejw.json,,output/user2/অ/অ_20260705_170029_180ejw.mp4,72.0,1.0,0.741502,0.321071,0.238075,2.309464,0.517253,0.268088,0.208666,0.102042,0.504679,0.246476,0.553831,0.443042,0.049152,0.196566,2.80665,0.202618,0.072192,0.0,1.0,0.0,0.028169,0.03953,0.02415,0.001023,0.110121,0.038097,0.020385,0.052518,0.03953,0.02415,0.001023,0.110121,0.038097,0.020385,0.052518,-9.6e-05,0.020064,-0.054718,0.059582,-0.000398,-0.006402,0.008179,0.65994,0.819467,0.003661,3.070672,0.335242,0.086281,0.809488,72.0,0.0,72.0,72.0,72.0,72.0,72.0,0.000683,0.041004,-0.076215,0.109887,-0.001863,-0.021127,0.018967,0.00273,0.02066,-0.036522,0.049435,3.6e-05,-0.007923,0.014144,0.080431,0.614757,-0.999998,0.999998,0.002668,-0.250202,0.751756,-0.099909,0.778218,-0.999986,1.0,-0.22773,-0.909228,0.676181,0.090193,0.457121,-0.994657,0.999925,0.055954,-0.113339,0.387554,0.670476,0.57738,-0.997486,1.0,0.950137,0.718306,0.996557,0.986111,0.11703,0.0,1.0,1.0,1.0,1.0,0.013889,0.11703,0.0,1.0,0.0,0.0,0.0
20260705_170128_b1n6nu,user2,অ,2026-07-05T11:01:28.223Z,output/user2/অ/অ_20260705_170128_b1n6nu.json,,output/user2/অ/অ_20260705_170128_b1n6nu.mp4,68.0,3.0,0.938401,0.512535,0.480963,1.830901,0.637176,0.306459,0.269839,0.130736,0.495811,0.263971,0.851587,0.168335,0.355776,-0.095636,4.469914,0.368406,0.082419,2.0,0.455882,0.0,0.0,0.066715,0.081432,0.00273,0.51423,0.04233,0.029495,0.06826,0.057012,0.056067,0.00273,0.365926,0.041325,0.029285,0.066705,0.001561,0.096381,-0.456742,0.503296,-0.004889,-0.0146,0.011797,0.748304,0.736756,0.027979,2.91603,0.473798,0.216991,0.908254,22.666667,7.930252,12.0,31.0,25.0,18.5,28.0,0.005232,0.074147,-0.194335,0.41143,0.00613,-0.025306,0.026235,-0.001406,0.07343,-0.249802,0.327198,-0.002236,-0.028858,0.017917,-0.07799,0.642011,-0.999524,0.96759,-0.084041,-0.712916,0.556178,0.139888,0.749781,-0.99976,1.0,0.348678,-0.683942,0.841479,0.07554,0.546217,-0.993019,0.998347,0.088046,-0.291774,0.454164,0.634854,0.541203,-0.974668,1.0,0.892958,0.622645,0.978819,0.955882,0.205356,0.0,1.0,1.0,1.0,1.0,0.044118,0.205356,0.0,1.0,0.0,0.0,0.0
20260705_170207_eb9cjm,user2,অ,2026-07-05T11:02:07.114Z,output/user2/অ/অ_20260705_170207_eb9cjm.json,,output/user2/অ/অ_20260705_170207_eb9cjm.mp4,73.0,1.0,0.735543,0.356906,0.26252,2.060887,0.475606,0.263199,0.233634,0.105764,0.444603,0.206964,0.08885,0.137978,-0.355753,-0.068986,3.28368,0.36238,0.110358,0.0,1.0,0.0,0.0,0.045607,0.030004,0.004281,0.150853,0.041805,0.023792,0.062765,0.045607,0.030004,0.004281,0.150853,0.041805,0.023792,0.062765,0.000897,0.02382,-0.055126,0.067272,0.000318,-0.016114,0.013751,0.46895,0.601636,0.001843,2.932348,0.224603,0.111357,0.573843,73.0,0.0,73.0,73.0,73.0,73.0,73.0,-0.004873,0.046782,-0.150778,0.076515,-0.001148,-0.027076,0.030573,-0.000945,0.026948,-0.099402,0.051234,0.004113,-0.010252,0.017505,0.009807,0.651843,-0.999864,0.999995,0.073166,-0.621991,0.540124,-0.014107,0.758159,-0.999578,1.0,-0.067514,-0.789311,0.872713,0.107569,0.38745,-0.908401,0.99074,0.108242,-0.104539,0.447569,0.810792,0.425355,-0.978188,1.0,0.975231,0.843673,0.9942,0.986301,0.116237,0.0,1.0,1.0,1.0,1.0,0.013699,0.116237,0.0,1.0,0.0,0.0,0.0
20260705_170248_sf7fcw,user2,অ,2026-07-05T11:02:48.473Z,output/user2/অ/অ_20260705_170248_sf7fcw.json,,output/user2/অ/অ_20260705_170248_sf7fcw.mp4,64.0,1.0,0.819123,0.324168,0.265533,2.526847,0.522296,0.275154,0.237963,0.095753,0.234775,0.202751,0.290841,0.301758,0.056066,0.099007,2.862028,0.11378,0.039755,0.0,1.0,0.0,0.0,0.045429,0.027457,0.003227,0.181244,0.043668,0.029434,0.060138,0.045429,0.027457,0.003227,0.181244,0.043668,0.029434,0.060138,0.00231,0.02428,-0.043283,0.116731,0.001128,-0.013313,0.013691,0.446963,0.596145,0.006025,2.410679,0.18919,0.080509,0.484015,64.0,0.0,64.0,64.0,64.0,64.0,64.0,0.000876,0.04482,-0.101711,0.168749,0.00312,-0.025308,0.026457,0.001547,0.027598,-0.072266,0.06613,0.007562,-0.007692,0.020106,0.121224,0.612992,-0.999961,0.99988,0.275536,-0.260767,0.592338,0.07614,0.777013,-0.999696,1.0,0.402769,-0.824799,0.840841,-0.022222,0.422208,-0.948388,0.996886,-0.0534,-0.258275,0.080422,0.800058,0.425621,-0.744565,1.0,0.98419,0.89344,0.996865,0.984375,0.12402,0.0,1.0,1.0,1.0,1.0,0.015625,0.12402,0.0,1.0,0.0,0.0,0.0
20260728_232630_znnts0,user2,অ,2026-07-28T17:26:30.994Z,output/user2/অ/অ_20260728_232630_znnts0.json,output/user2/অ/অ_20260728_232630_znnts0.png,output/user2/অ/অ_20260728_232630_znnts0.mp4,187.0,2.0,0.48192,0.307194,0.148043,1.568781,0.380848,0.351345,0.141877,0.095994,0.387889,0.298287,0.200126,0.358648,-0.187763,0.060361,2.333091,0.197227,0.084535,1.0,0.502674,0.0,0.113514,0.012543,0.017219,0.000174,0.202607,0.008884,0.003943,0.015481,0.011516,0.010088,0.000174,0.05095,0.008849,0.003934,0.015443,-7.8e-05,0.023387,-0.192316,0.200187,-0.000523,-0.005848,0.005479,0.546889,0.737679,0.002631,3.111329,0.21383,0.077907,0.662885,93.5,0.5,93.0,94.0,93.5,93.25,93.75,-0.001004,0.017578,-0.04188,0.200027,-0.000458,-0.005029,0.002305,0.000323,0.011887,-0.041924,0.048163,0.00052,-0.003149,0.004934,0.093089,0.749293,-0.999889,0.999995,0.071799,-0.753897,0.863606,-0.055849,0.65328,-0.999998,1.0,-0.078103,-0.625957,0.506913,0.008419,0.443773,-0.999563,0.999661,0.04379,-0.156699,0.214363,0.722194,0.530499,-0.999541,1.0,0.977443,0.793417,0.997103,0.989305,0.102863,0.0,1.0,1.0,1.0,1.0,0.010695,0.102863,0.0,1.0,0.0,0.0,0.0
20260728_232652_hdsmyh,user2,অ,2026-07-28T17:26:52.983Z,output/user2/অ/অ_20260728_232652_hdsmyh.json,output/user2/অ/অ_20260728_232652_hdsmyh.png,output/user2/অ/অ_20260728_232652_hdsmyh.mp4,180.0,1.0,0.386843,0.340777,0.131827,1.135179,0.385993,0.409994,0.112931,0.109088,0.233281,0.355863,0.254539,0.371269,0.021258,0.015406,2.164236,0.026254,0.012131,0.0,1.0,0.0,0.111732,0.012091,0.009924,0.000465,0.057133,0.009577,0.004015,0.016024,0.012091,0.009924,0.000465,0.057133,0.009577,0.004015,0.016024,-0.000114,0.013972,-0.039774,0.05419,-0.001467,-0.008252,0.005765,0.791345,0.957333,0.002808,3.137225,0.303538,0.09454,1.23038,180.0,0.0,180.0,180.0,180.0,180.0,180.0,0.000118,0.009232,-0.03458,0.034408,0.0001,-0.003507,0.002401,8.6e-05,0.012573,-0.032348,0.056195,-0.000573,-0.006231,0.005811,-0.022489,0.789658,-1.0,0.999901,-0.115583,-0.886822,0.88444,0.024797,0.612633,-0.999609,1.0,0.015721,-0.469592,0.439174,-0.005549,0.467165,-0.999671,0.99991,0.003982,-0.230043,0.249613,0.559626,0.684503,-0.99999,1.0,0.956023,0.377873,0.995716,0.994444,0.074328,0.0,1.0,1.0,1.0,1.0,0.005556,0.074328,0.0,1.0,0.0,0.0,0.0
20260728_232714_hincfq,user2,অ,2026-07-28T17:27:14.986Z,output/user2/অ/অ_20260728_232714_hincfq.json,output/user2/অ/অ_20260728_232714_hincfq.png,output/user2/অ/অ_20260728_232714_hincfq.mp4,141.0,2.0,0.406396,0.461107,0.187392,0.881349,0.362955,0.376969,0.116927,0.107799,0.339932,0.325198,0.340577,0.693805,0.000645,0.368607,1.877592,0.368608,0.196319,1.0,0.93617,0.0,0.071942,0.013411,0.012478,0.000178,0.071526,0.009585,0.004942,0.01819,0.013428,0.012521,0.000178,0.071526,0.009523,0.004894,0.018308,0.000148,0.0153,-0.038194,0.064562,-0.000286,-0.008099,0.005153,0.708418,0.843395,3.3e-05,3.114529,0.314701,0.110959,0.864358,70.5,61.5,9.0,132.0,70.5,39.75,101.25,5e-06,0.011848,-0.023007,0.065465,-0.000814,-0.006198,0.003456,0.002614,0.013637,-0.024454,0.067928,0.000165,-0.003659,0.006296,0.091501,0.731094,-0.99997,0.99999,0.047383,-0.658652,0.935509,-0.125404,0.664381,-0.999985,1.0,-0.194366,-0.771068,0.316943,0.05832,0.481402,-0.999537,0.999009,0.052546,-0.180352,0.336242,0.624316,0.612437,-0.999632,1.0,0.952131,0.679727,0.994637,0.985816,0.118251,0.0,1.0,1.0,1.0,1.0,0.014184,0.118251,0.0,1.0,0.0,0.0,0.0
20260728_232741_j1gvgu,user2,অ,2026-07-28T17:27:41.808Z,output/user2/অ/অ_20260728_232741_j1gvgu.json,output/user2/অ/অ_20260728_232741_j1gvgu.png,output/user2/অ/অ_20260728_232741_j1gvgu.mp4,207.0,2.0,0.266003,0.30065,0.079974,0.88476,0.62926,0.392607,0.070514,0.107303,0.617988,0.362577,0.536846,0.530013,-0.081142,0.167436,1.620085,0.186061,0.114847,1.0,0.980676,0.0,0.146341,0.007864,0.00739,0.00024,0.051975,0.005697,0.002837,0.009939,0.007649,0.006733,0.00024,0.048008,0.005666,0.002828,0.00988,-0.000127,0.009457,-0.047701,0.045493,-0.000371,-0.004555,0.003715,0.740453,0.819928,0.004626,3.076012,0.402997,0.153067,1.120528,103.5,99.5,4.0,203.0,103.5,53.75,153.25,-0.000392,0.006197,-0.05122,0.018536,0.000188,-0.002652,0.002413,0.000809,0.008757,-0.044285,0.02757,0.001021,-0.002718,0.004668,0.174803,0.764002,-0.999982,1.0,0.417395,-0.623638,0.929995,-0.012283,0.620961,-0.99999,1.0,0.047362,-0.515588,0.444897,0.024164,0.51913,-0.999926,0.998673,0.058321,-0.309095,0.361517,0.607349,0.600872,-0.99785,1.0,0.920366,0.480332,0.989697,0.990338,0.097819,0.0,1.0,1.0,1.0,1.0,0.009662,0.097819,0.0,1.0,0.0,0.0,0.0
20260704_232148_mqf5ea,user2,আ,2026-07-04T17:21:48.080Z,output/user2/আ/আ_20260704_232148_mqf5ea.json,output/user2/আ/আ_20260704_232148_mqf5ea.png,output/user2/আ/আ_20260704_232148_mqf5ea.mp4,1137.0,4.0,0.554982,0.416947,0.231398,1.331061,0.505316,0.273561,0.146154,0.111761,0.432211,0.285641,0.741786,0.523312,0.309575,0.237671,4.3321,0.390287,0.090092,3.0,0.334213,0.0,0.773169,0.003813,0.017212,1e-05,0.361738,0.000454,0.000148,0.001733,0.003023,0.00649,1e-05,0.044517,0.000452,0.000148,0.001721,-2e-06,0.02468,-0.360217,0.361111,-0.000126,-0.001315,0.000118,1.728014,0.953314,0.001229,3.134077,1.810349,0.885369,2.613135,284.25,59.449033,218.0,380.0,269.5,250.25,303.5,0.000272,0.014734,-0.360501,0.24896,6e-06,-0.00018,0.00022,0.000209,0.009659,-0.042887,0.262437,4e-06,-0.000256,0.000301,0.001755,0.750456,-1.0,0.999997,0.029399,-0.812517,0.796968,0.039884,0.659705,-0.999962,1.0,0.038432,-0.522145,0.658123,0.022859,0.669661,-0.99999,0.99999,0.029009,-0.58738,0.682476,-0.115601,0.733242,-0.999967,1.0,-0.225389,-0.863419,0.634463,0.996482,0.059209,0.0,1.0,1.0,1.0,1.0,0.003518,0.059209,0.0,1.0,0.0,0.0,0.0
20260705_170410_psx32h,user2,আ,2026-07-05T11:04:10.098Z,output/user2/আ/আ_20260705_170410_psx32h.json,,output/user2/আ/আ_20260705_170410_psx32h.mp4,90.0,2.0,0.647848,0.313618,0.203177,2.065723,0.573501,0.243858,0.183868,0.097709,0.378206,0.216205,0.810806,0.431411,0.4326,0.215206,3.16305,0.483173,0.152756,1.0,0.766667,0.0,0.011364,0.03554,0.046616,0.001501,0.424989,0.029109,0.015576,0.039125,0.031114,0.021322,0.001501,0.132114,0.028138,0.015525,0.038589,8.6e-05,0.062517,-0.377997,0.406051,-0.002232,-0.00708,0.009417,0.71772,0.827915,0.011094,3.131634,0.369405,0.192374,0.753651,45.0,24.0,21.0,69.0,45.0,33.0,57.0,0.004807,0.049679,-0.064032,0.366195,-0.002247,-0.014568,0.011928,0.002391,0.030019,-0.215678,0.046324,0.003851,-0.006557,0.017297,0.24937,0.613747,-0.997438,0.999909,0.226692,-0.181627,0.920881,-0.018339,0.748861,-0.999997,1.0,-0.075538,-0.85734,0.774458,0.06115,0.469705,-0.999089,0.996747,0.108741,-0.227734,0.33985,0.652489,0.59152,-0.99995,1.0,0.934976,0.739366,0.984621,0.977778,0.147406,0.0,1.0,1.0,1.0,1.0,0.022222,0.147406,0.0,1.0,0.0,0.0,0.0
20260705_170459_x9acwr,user2,আ,2026-07-05T11:04:59.461Z,output/user2/আ/আ_20260705_170459_x9acwr.json,,output/user2/আ/আ_20260705_170459_x9acwr.mp4,96.0,1.0,0.625721,0.193213,0.120897,3.238504,0.63825,0.332562,0.174437,0.061059,0.544407,0.279599,0.519312,0.410078,-0.025095,0.130479,2.461956,0.13287,0.053969,0.0,1.0,0.0,0.0,0.025915,0.01912,0.002507,0.144693,0.022451,0.014846,0.033472,0.025915,0.01912,0.002507,0.144693,0.022451,0.014846,0.033472,5e-06,0.017142,-0.055674,0.102134,-0.000138,-0.006658,0.006232,0.660518,0.746336,0.006034,3.081133,0.409032,0.171598,0.775921,96.0,0.0,96.0,96.0,96.0,96.0,96.0,-0.000261,0.02866,-0.063513,0.144196,-0.003357,-0.016726,0.012167,0.001359,0.014249,-0.03591,0.024873,0.002795,-0.004,0.012524,0.165723,0.628987,-0.999998,0.999882,0.127332,-0.172435,0.766377,-0.113665,0.750993,-0.999937,1.0,-0.265088,-0.854858,0.797667,0.03569,0.489499,-0.999899,0.979739,0.024945,-0.289972,0.366563,0.688846,0.533487,-0.998173,1.0,0.922038,0.722747,0.986711,0.989583,0.101529,0.0,1.0,1.0,1.0,1.0,0.010417,0.101529,0.0,1.0,0.0,0.0,0.0
20260705_170542_0shybi,user2,আ,2026-07-05T11:05:42.117Z,output/user2/আ/আ_20260705_170542_0shybi.json,,output/user2/আ/আ_20260705_170542_0shybi.mp4,83.0,1.0,0.71658,0.335698,0.240554,2.134597,0.574445,0.351869,0.183827,0.088315,0.50074,0.325194,0.77687,0.219554,0.27613,-0.10564,2.890972,0.295648,0.102266,0.0,1.0,0.0,0.012195,0.035256,0.021989,0.001998,0.099956,0.030308,0.02042,0.044255,0.035256,0.021989,0.001998,0.099956,0.030308,0.02042,0.044255,0.000271,0.020722,-0.057128,0.063798,0.00103,-0.011325,0.013383,0.554648,0.673938,0.003572,2.963529,0.263413,0.117146,0.728899,83.0,0.0,83.0,83.0,83.0,83.0,83.0,0.003327,0.035407,-0.099597,0.094477,-0.003799,-0.01832,0.020944,-0.001273,0.02096,-0.071963,0.035875,0.001681,-0.010924,0.014065,0.063956,0.634945,-0.990832,0.999062,0.057348,-0.521747,0.616731,-0.006751,0.769876,-0.999954,1.0,-0.197695,-0.78714,0.858156,0.098748,0.464305,-0.995272,0.999907,0.02703,-0.14912,0.394092,0.741087,0.474826,-0.984188,1.0,0.965555,0.748514,0.995169,0.987952,0.109101,0.0,1.0,1.0,1.0,1.0,0.012048,0.109101,0.0,1.0,0.0,0.0,0.0
20260705_170622_0o9xio,user2,আ,2026-07-05T11:06:22.858Z,output/user2/আ/আ_20260705_170622_0o9xio.json,,output/user2/আ/আ_20260705_170622_0o9xio.mp4,95.0,1.0,0.821742,0.319825,0.262814,2.569349,0.560445,0.356533,0.236246,0.093189,0.181578,0.33062,0.059034,0.316342,-0.122544,-0.014278,3.097977,0.123373,0.039824,0.0,1.0,0.0,0.0,0.032957,0.016204,0.00212,0.077061,0.03131,0.021434,0.043469,0.032957,0.016204,0.00212,0.077061,0.03131,0.021434,0.043469,0.000109,0.015547,-0.046684,0.051262,-0.001452,-0.009085,0.011115,0.487474,0.617094,0.005053,3.057639,0.259661,0.130501,0.535763,95.0,0.0,95.0,95.0,95.0,95.0,95.0,-0.00129,0.027661,-0.070223,0.063277,0.0,-0.017173,0.019636,-0.00015,0.023826,-0.075469,0.041095,0.003076,-0.009253,0.015584,0.080096,0.673469,-0.999868,0.995721,0.113423,-0.382385,0.641412,-0.007108,0.734829,-0.99998,1.0,0.016241,-0.830901,0.767146,-0.029182,0.429876,-0.961378,0.987833,-0.010619,-0.29078,0.201495,0.793439,0.429895,-0.996478,1.0,0.970386,0.873376,0.992328,0.989474,0.102056,0.0,1.0,1.0,1.0,1.0,0.010526,0.102056,0.0,1.0,0.0,0.0,0.0
20260705_170735_cbvyrc,user2,আ,2026-07-05T11:07:35.746Z,output/user2/আ/আ_20260705_170735_cbvyrc.json,,output/user2/আ/আ_20260705_170735_cbvyrc.mp4,126.0,4.0,0.809716,0.36041,0.29183,2.246652,0.555276,0.384644,0.202875,0.108394,0.182783,0.261956,0.747739,0.551276,0.564956,0.28932,5.469668,0.634729,0.116045,3.0,0.650794,0.0,0.0,0.043757,0.042494,0.005234,0.239483,0.029954,0.017305,0.055844,0.039306,0.031936,0.005234,0.165776,0.02884,0.017054,0.053253,-0.000129,0.046156,-0.216248,0.216696,-0.001719,-0.010713,0.009709,0.711899,0.791451,0.000719,3.138114,0.385461,0.162363,0.913892,31.5,30.103986,5.0,82.0,19.5,11.0,40.0,0.004484,0.05047,-0.140869,0.211606,0.001762,-0.014541,0.017688,0.002296,0.03344,-0.221071,0.10313,0.00457,-0.007207,0.015526,0.158575,0.63185,-0.997994,0.998759,0.223971,-0.263732,0.789339,0.012712,0.758589,-0.999844,1.0,0.076716,-0.8194,0.765339,-0.078481,0.503421,-0.999791,0.995339,-0.051237,-0.427352,0.197797,0.638699,0.576604,-0.999994,1.0,0.933687,0.613923,0.987691,0.968254,0.175323,0.0,1.0,1.0,1.0,1.0,0.031746,0.175323,0.0,1.0,0.0,0.0,0.0
20260728_232436_9i4gi8,user2,আ,2026-07-28T17:24:36.846Z,output/user2/আ/আ_20260728_232436_9i4gi8.json,output/user2/আ/আ_20260728_232436_9i4gi8.png,output/user2/আ/আ_20260728_232436_9i4gi8.mp4,256.0,3.0,0.546262,0.28878,0.15775,1.89162,0.483273,0.315849,0.142598,0.082236,0.43602,0.254975,0.600686,0.374373,0.164666,0.119398,2.579663,0.203398,0.078847,2.0,0.535156,0.0,0.189723,0.010116,0.015655,0.000232,0.203205,0.006989,0.002663,0.011848,0.009314,0.00993,0.000232,0.076409,0.006973,0.002658,0.011801,-3e-05,0.017849,-0.126795,0.177086,-9e-05,-0.004578,0.00453,0.710172,0.762201,0.003217,3.056928,0.38283,0.143058,0.996324,85.333333,38.938698,43.0,137.0,76.0,59.5,106.5,0.000643,0.01519,-0.033852,0.196274,-0.000576,-0.003224,0.002685,0.000466,0.010709,-0.073717,0.051339,0.000335,-0.002808,0.004224,0.073326,0.710282,-0.998428,0.999987,0.06254,-0.616396,0.82486,-0.072647,0.696308,-0.999897,1.0,-0.17015,-0.735676,0.555442,0.051491,0.532474,-0.99999,0.999866,0.080295,-0.254213,0.420873,0.63544,0.556808,-0.996416,1.0,0.929064,0.554665,0.99043,0.988281,0.107617,0.0,1.0,1.0,1.0,1.0,0.011719,0.107617,0.0,1.0,0.0,0.0,0.0
20260728_232459_m6l3cf,user2,আ,2026-07-28T17:24:59.419Z,output/user2/আ/আ_20260728_232459_m6l3cf.json,output/user2/আ/আ_20260728_232459_m6l3cf.png,output/user2/আ/আ_20260728_232459_m6l3cf.mp4,161.0,2.0,0.465688,0.337044,0.156957,1.381683,0.633552,0.441179,0.143609,0.115062,0.541092,0.384382,0.804899,0.622635,0.263807,0.238253,2.151454,0.35547,0.165223,1.0,0.602484,0.0,0.119497,0.013447,0.024223,0.000367,0.284561,0.008818,0.003239,0.01558,0.013486,0.024294,0.000367,0.284561,0.008821,0.003179,0.015588,5.4e-05,0.034372,-0.277363,0.278977,-4.6e-05,-0.005043,0.00538,0.618072,0.74765,0.000942,2.97977,0.306564,0.11451,0.773232,80.5,16.5,64.0,97.0,80.5,72.25,88.75,0.001639,0.021583,-0.025401,0.262601,0.000544,-0.002095,0.003234,0.00148,0.017091,-0.052818,0.109617,0.00068,-0.004574,0.008005,0.088476,0.808078,-1.0,0.999993,0.256503,-0.834967,0.934486,0.063331,0.578939,-0.999307,1.0,0.083343,-0.310846,0.459177,-6.6e-05,0.47113,-0.999748,0.990808,0.046363,-0.254701,0.301784,0.691416,0.547704,-0.986935,1.0,0.958369,0.719399,0.994204,0.987578,0.110761,0.0,1.0,1.0,1.0,1.0,0.012422,0.110761,0.0,1.0,0.0,0.0,0.0
20260728_232520_l4uaan,user2,আ,2026-07-28T17:25:20.068Z,output/user2/আ/আ_20260728_232520_l4uaan.json,output/user2/আ/আ_20260728_232520_l4uaan.png,output/user2/আ/আ_20260728_232520_l4uaan.mp4,169.0,2.0,0.391887,0.243594,0.095461,1.608771,0.350929,0.361944,0.111546,0.080105,0.31762,0.377078,0.494685,0.492948,0.177065,0.11587,2.207932,0.211608,0.09584,1.0,0.508876,0.0,0.143713,0.013142,0.014002,0.000295,0.09541,0.009528,0.003986,0.018982,0.012676,0.012676,0.000295,0.09541,0.009469,0.003968,0.018858,-0.000268,0.015428,-0.070895,0.092309,-0.000484,-0.006494,0.006705,0.695083,0.759183,0.001283,2.870592,0.297252,0.161435,1.005151,84.5,1.5,83.0,86.0,84.5,83.75,85.25,0.001048,0.01182,-0.04518,0.064208,0.000421,-0.002141,0.003798,0.000686,0.015011,-0.06125,0.091443,0.000935,-0.003034,0.006017,0.117291,0.716758,-0.999937,0.999994,0.139142,-0.531473,0.828316,0.113284,0.677987,-0.999883,1.0,0.086873,-0.449043,0.865419,0.023722,0.525696,-0.999999,0.994783,0.097468,-0.250442,0.313365,0.637076,0.563218,-0.963503,1.0,0.956558,0.540973,0.988854,0.988166,0.10814,0.0,1.0,1.0,1.0,1.0,0.011834,0.10814,0.0,1.0,0.0,0.0,0.0
20260728_232556_dwfz7c,user2,আ,2026-07-28T17:25:56.282Z,output/user2/আ/আ_20260728_232556_dwfz7c.json,output/user2/আ/আ_20260728_232556_dwfz7c.png,output/user2/আ/আ_20260728_232556_dwfz7c.mp4,168.0,2.0,0.623294,0.676305,0.421537,0.921617,0.547278,0.371698,0.172042,0.126231,0.358721,0.274683,0.475679,0.864394,0.116958,0.589711,3.465957,0.601197,0.173458,1.0,0.595238,0.0,0.108434,0.020754,0.03934,0.000299,0.387442,0.014514,0.006863,0.025279,0.018888,0.031226,0.000299,0.387442,0.014497,0.00679,0.025201,0.002204,0.048378,-0.32533,0.359787,-0.001233,-0.012395,0.010772,0.743052,0.951863,0.002498,3.118922,0.258167,0.09358,0.979863,84.0,16.0,68.0,100.0,84.0,76.0,92.0,0.000696,0.034837,-0.296643,0.313286,7.5e-05,-0.00406,0.006065,0.00351,0.027207,-0.045813,0.249227,0.00128,-0.009343,0.012413,0.092899,0.812597,-0.999909,0.999967,0.454342,-0.899655,0.889155,0.046932,0.573457,-0.999941,1.0,0.041307,-0.399961,0.503077,0.036909,0.43221,-0.998656,0.973744,0.033188,-0.14642,0.259332,0.584485,0.685718,-0.999742,1.0,0.967041,0.572633,0.996013,0.988095,0.108458,0.0,1.0,1.0,1.0,1.0,0.011905,0.108458,0.0,1.0,0.0,0.0,0.0
20260704_232218_jf6rio,user2,ই,2026-07-04T17:22:18.145Z,output/user2/ই/ই_20260704_232218_jf6rio.json,output/user2/ই/ই_20260704_232218_jf6rio.png,output/user2/ই/ই_20260704_232218_jf6rio.mp4,575.0,4.0,0.333646,0.476162,0.15887,0.700699,0.48618,0.257967,0.085594,0.100297,0.419223,0.270748,0.34094,0.065086,-0.078283,-0.205662,2.209364,0.220057,0.099602,3.0,0.48,0.0,0.723292,0.003849,0.012253,1.4e-05,0.223348,0.000601,0.000181,0.002275,0.003648,0.011419,1.4e-05,0.223348,0.000597,0.000181,0.002261,-2e-06,0.017732,-0.223181,0.223313,-0.000165,-0.001504,0.000239,1.793819,0.904894,0.0,3.141593,1.87899,1.079812,2.600976,143.75,94.821872,8.0,276.0,145.5,107.75,181.5,-0.000136,0.007149,-0.110118,0.040536,-7e-06,-0.000349,0.000262,-0.000358,0.010649,-0.220905,0.049062,-1e-05,-0.000555,0.000217,-0.07099,0.717693,-0.999961,0.999848,-0.105922,-0.819659,0.634877,-0.008149,0.692677,-1.0,1.0,-0.030128,-0.676511,0.689763,-0.01411,0.694117,-0.999966,0.99996,-0.008611,-0.688017,0.690053,-0.165564,0.700409,-0.999997,1.0,-0.299316,-0.855326,0.472727,0.993043,0.083115,0.0,1.0,1.0,1.0,1.0,0.006957,0.083115,0.0,1.0,0.0,0.0,0.0
20260705_170839_hkwvju,user2,ই,2026-07-05T11:08:39.636Z,output/user2/ই/ই_20260705_170839_hkwvju.json,,output/user2/ই/ই_20260705_170839_hkwvju.mp4,56.0,2.0,0.567799,0.623241,0.353876,0.911042,0.520842,0.350777,0.143882,0.16151,0.208286,0.295602,0.257831,0.117695,0.049545,-0.177907,3.405644,0.184677,0.054227,1.0,0.732143,0.0,0.0,0.061921,0.050665,0.004971,0.373133,0.050913,0.039048,0.076798,0.056158,0.028065,0.004971,0.12408,0.050326,0.039006,0.075839,3.2e-05,0.068996,-0.354305,0.280027,0.001637,-0.019156,0.026446,0.764118,0.929911,0.009595,3.137551,0.370425,0.143175,0.96471,28.0,13.0,15.0,41.0,28.0,21.5,34.5,0.000885,0.057836,-0.130978,0.11249,0.01627,-0.04275,0.040647,-0.003177,0.054138,-0.34939,0.057019,0.001847,-0.019364,0.020951,0.06121,0.523602,-0.999874,0.94758,0.034805,-0.371838,0.475228,0.103962,0.843378,-0.999926,1.0,0.535985,-0.897851,0.907004,0.100758,0.457404,-0.999367,0.999613,0.083206,-0.065374,0.384487,0.607749,0.641303,-0.999992,1.0,0.945259,0.662024,0.991022,0.964286,0.185577,0.0,1.0,1.0,1.0,1.0,0.035714,0.185577,0.0,1.0,0.0,0.0,0.0
20260705_170951_aziiah,user2,ই,2026-07-05T11:09:51.265Z,output/user2/ই/ই_20260705_170951_aziiah.json,,output/user2/ই/ই_20260705_170951_aziiah.mp4,62.0,3.0,0.716339,0.437332,0.313278,1.637975,0.429363,0.192414,0.157278,0.124733,0.388022,0.186249,0.289451,0.180679,-0.098571,-0.00557,3.547183,0.098728,0.027833,2.0,0.564516,0.0,0.0,0.058151,0.095279,0.006294,0.756009,0.04185,0.021415,0.065856,0.04612,0.031373,0.006294,0.127287,0.041708,0.021314,0.064335,0.001734,0.136818,-0.708563,0.74829,-0.005361,-0.019748,0.014321,0.598404,0.729046,0.013058,3.106576,0.287856,0.110919,0.761018,20.666667,13.274872,3.0,35.0,24.0,13.5,29.5,-0.00159,0.098446,-0.665485,0.114166,0.007999,-0.01751,0.04992,-9e-05,0.05064,-0.358718,0.126161,0.004757,-0.004904,0.014368,0.13812,0.487826,-0.970238,0.996227,0.108645,-0.13885,0.482754,0.128775,0.852271,-0.999733,1.0,0.597847,-0.857711,0.973814,0.16605,0.443682,-0.993618,0.96759,0.116184,-0.06731,0.418138,0.709016,0.522369,-0.999387,1.0,0.965028,0.726597,0.99626,0.951613,0.214583,0.0,1.0,1.0,1.0,1.0,0.048387,0.214583,0.0,1.0,0.0,0.0,0.0
20260705_171029_5ftejq,user2,ই,2026-07-05T11:10:29.557Z,output/user2/ই/ই_20260705_171029_5ftejq.json,,output/user2/ই/ই_20260705_171029_5ftejq.mp4,68.0,2.0,0.528055,0.444017,0.234465,1.189268,0.450831,0.242991,0.147995,0.137723,0.399636,0.244022,0.210952,0.097277,-0.188684,-0.146745,2.993415,0.239031,0.079852,1.0,0.529412,0.0,0.0,0.044678,0.069468,0.003379,0.576478,0.031479,0.020521,0.05046,0.03662,0.023431,0.003379,0.103473,0.03117,0.019858,0.049854,-0.000112,0.099217,-0.550654,0.558588,-0.001017,-0.015976,0.012308,0.608893,0.686472,0.010785,2.954402,0.283953,0.126005,0.849961,34.0,2.0,32.0,36.0,34.0,33.0,35.0,-0.002775,0.071828,-0.490003,0.087077,0.001228,-0.022626,0.032493,-0.002158,0.039371,-0.303684,0.030765,0.002901,-0.0046,0.010564,0.118958,0.489944,-0.953453,0.996898,0.100578,-0.140287,0.474044,0.082917,0.85961,-0.999992,1.0,0.43848,-0.866549,0.971586,-0.020133,0.517409,-0.999491,0.987108,-0.014863,-0.257916,0.239003,0.704289,0.485654,-0.982531,1.0,0.965023,0.720782,0.992918,0.970588,0.168958,0.0,1.0,1.0,1.0,1.0,0.029412,0.168958,0.0,1.0,0.0,0.0,0.0
20260705_171118_evwpn3,user2,ই,2026-07-05T11:11:18.861Z,output/user2/ই/ই_20260705_171118_evwpn3.json,,output/user2/ই/ই_20260705_171118_evwpn3.mp4,82.0,3.0,0.622045,0.405622,0.252315,1.533558,0.488776,0.332668,0.150242,0.101876,0.497659,0.364853,0.810683,0.330237,0.313024,-0.034616,3.095566,0.314932,0.101737,2.0,0.390244,0.0,0.0,0.038217,0.045918,0.003116,0.338582,0.029387,0.015568,0.046679,0.031802,0.020961,0.003116,0.089256,0.029167,0.015476,0.043589,0.000899,0.060339,-0.279974,0.322796,-0.00164,-0.011263,0.012082,0.669936,0.776739,0.016288,3.034815,0.302011,0.138389,1.028076,27.333333,5.906682,19.0,32.0,31.0,25.0,31.5,0.003817,0.040179,-0.201738,0.088036,0.002791,-0.017172,0.027261,-0.000422,0.043547,-0.271918,0.236451,0.002374,-0.010202,0.010219,0.042978,0.605792,-0.999786,0.999993,0.146258,-0.441605,0.400309,0.147075,0.780729,-0.994907,1.0,0.239009,-0.678194,0.940959,0.133478,0.481657,-0.916515,0.999964,0.1095,-0.135673,0.427083,0.668702,0.550479,-0.994304,1.0,0.958764,0.544987,0.991391,0.963415,0.187742,0.0,1.0,1.0,1.0,1.0,0.036585,0.187742,0.0,1.0,0.0,0.0,0.0
20260705_171155_wvydfy,user2,ই,2026-07-05T11:11:55.722Z,output/user2/ই/ই_20260705_171155_wvydfy.json,,output/user2/ই/ই_20260705_171155_wvydfy.mp4,58.0,1.0,0.560762,0.520626,0.291947,1.077092,0.42736,0.304634,0.170202,0.177365,0.696647,0.591003,0.368519,0.154784,-0.328128,-0.436219,1.850012,0.545853,0.295054,0.0,1.0,0.0,0.0,0.032456,0.021917,0.005436,0.102555,0.025712,0.015998,0.040945,0.032456,0.021917,0.005436,0.102555,0.025712,0.015998,0.040945,0.000202,0.02182,-0.059746,0.073544,-0.000715,-0.010098,0.010081,0.522992,0.574666,0.012536,2.990283,0.400888,0.144774,0.662374,58.0,0.0,58.0,58.0,58.0,58.0,58.0,-0.005657,0.03527,-0.082407,0.098049,-0.00421,-0.033791,0.017096,-0.007521,0.01322,-0.037728,0.013508,-0.008347,-0.014762,0.002547,-0.166333,0.541744,-0.997845,0.957067,-0.193713,-0.546504,0.166851,-0.07668,0.820345,-1.0,1.0,-0.219685,-0.907415,0.886062,-0.180393,0.436507,-0.998192,0.911886,-0.15312,-0.47005,0.009402,0.789456,0.39202,-0.988574,1.0,0.927139,0.80751,0.99428,0.982759,0.13017,0.0,1.0,1.0,1.0,1.0,0.017241,0.13017,0.0,1.0,0.0,0.0,0.0
20260728_232810_781yo6,user2,ই,2026-07-28T17:28:10.461Z,output/user2/ই/ই_20260728_232810_781yo6.json,output/user2/ই/ই_20260728_232810_781yo6.png,output/user2/ই/ই_20260728_232810_781yo6.mp4,137.0,2.0,0.455804,0.647083,0.294943,0.704398,0.416941,0.382421,0.133668,0.212821,0.231483,0.345158,0.337037,0.623039,0.105554,0.277881,2.80764,0.297253,0.105873,1.0,0.722628,0.0,0.118519,0.020644,0.05646,0.000258,0.557018,0.011111,0.004824,0.019582,0.016671,0.032625,0.000258,0.368949,0.011048,0.004823,0.019376,0.002423,0.073975,-0.544758,0.555692,-0.000309,-0.008447,0.006754,0.633784,0.740957,0.00124,3.068878,0.302325,0.142575,0.795034,68.5,30.5,38.0,99.0,68.5,53.25,83.75,0.00077,0.024638,-0.214561,0.109419,0.000494,-0.003679,0.008804,0.002028,0.05455,-0.514036,0.35235,0.001538,-0.00335,0.009151,0.211982,0.654689,-0.999395,0.999914,0.374312,-0.317691,0.867674,0.107117,0.717615,-0.999633,1.0,0.225148,-0.687333,0.849491,0.040587,0.495017,-0.998907,0.997829,0.050012,-0.222769,0.30865,0.679156,0.540423,-0.997357,1.0,0.958367,0.72143,0.990816,0.985401,0.119939,0.0,1.0,1.0,1.0,1.0,0.014599,0.119939,0.0,1.0,0.0,0.0,0.0
20260728_232836_pvgrxn,user2,ই,2026-07-28T17:28:36.067Z,output/user2/ই/ই_20260728_232836_pvgrxn.json,output/user2/ই/ই_20260728_232836_pvgrxn.png,output/user2/ই/ই_20260728_232836_pvgrxn.mp4,156.0,3.0,0.428705,0.530594,0.227468,0.807972,0.453096,0.363919,0.106045,0.126688,0.253661,0.243827,0.577622,0.338194,0.323961,0.094367,2.284304,0.337425,0.147715,2.0,0.737179,0.0,0.111111,0.014737,0.040492,0.000296,0.507954,0.009913,0.006263,0.016697,0.011502,0.007786,0.000296,0.03608,0.009893,0.006249,0.016188,-3.3e-05,0.056351,-0.503322,0.471874,-0.000615,-0.006784,0.006921,0.67053,0.830987,0.004638,3.131579,0.285316,0.135656,0.847129,52.0,46.783188,3.0,115.0,38.0,20.5,76.5,0.002077,0.031553,-0.3684,0.028999,0.003224,-0.001366,0.011193,0.000605,0.029062,-0.349712,0.024766,0.001779,-0.001711,0.007249,0.169738,0.625017,-0.999995,1.0,0.275361,-0.234879,0.719966,0.299561,0.700575,-0.999349,1.0,0.62398,-0.300848,0.928131,0.030389,0.462789,-0.998088,0.999399,0.05001,-0.232838,0.303768,0.662494,0.588221,-0.999946,1.0,0.962019,0.66535,0.991194,0.980769,0.137335,0.0,1.0,1.0,1.0,1.0,0.019231,0.137335,0.0,1.0,0.0,0.0,0.0
20260728_233118_pcjncu,user2,ই,2026-07-28T17:31:18.504Z,output/user2/ই/ই_20260728_233118_pcjncu.json,output/user2/ই/ই_20260728_233118_pcjncu.png,output/user2/ই/ই_20260728_233118_pcjncu.mp4,221.0,2.0,0.419316,0.557438,0.233743,0.75222,0.484532,0.347455,0.098663,0.159015,0.445229,0.297735,0.450827,0.341088,0.005598,0.043353,2.786264,0.043713,0.015689,1.0,0.597285,0.0,0.150685,0.012665,0.035387,9.8e-05,0.507778,0.007117,0.003543,0.013135,0.010404,0.011555,9.8e-05,0.085231,0.007032,0.003541,0.013066,3.3e-05,0.049948,-0.502419,0.507452,-0.000761,-0.0056,0.004199,0.826993,0.90532,0.000517,3.130758,0.394516,0.134544,1.315346,110.5,21.5,89.0,132.0,110.5,99.75,121.25,2.5e-05,0.02521,-0.329705,0.060249,0.000481,-0.003178,0.006317,0.000196,0.027761,-0.386177,0.069115,0.000581,-0.001528,0.004314,0.118912,0.593475,-0.999786,0.999999,0.140851,-0.331901,0.598231,0.04857,0.794536,-0.999016,1.0,0.242143,-0.898739,0.84121,0.042474,0.523156,-0.999627,0.99903,0.038991,-0.267433,0.403401,0.535353,0.661739,-0.999941,1.0,0.926178,0.286911,0.991369,0.99095,0.094699,0.0,1.0,1.0,1.0,1.0,0.00905,0.094699,0.0,1.0,0.0,0.0,0.0
20260728_233205_n417cm,user2,ই,2026-07-28T17:32:05.957Z,output/user2/ই/ই_20260728_233205_n417cm.json,output/user2/ই/ই_20260728_233205_n417cm.png,output/user2/ই/ই_20260728_233205_n417cm.mp4,176.0,2.0,0.442832,0.575458,0.254831,0.76953,0.521085,0.312447,0.119953,0.157239,0.294871,0.309457,0.323804,0.32716,0.028933,0.017703,2.299665,0.033919,0.01475,1.0,0.698864,0.0,0.155172,0.013141,0.03592,0.000251,0.460935,0.007773,0.003481,0.014567,0.010567,0.011775,0.000251,0.113225,0.00777,0.003474,0.014482,0.000521,0.04977,-0.455285,0.450892,-5.9e-05,-0.005209,0.004338,0.559839,0.703667,0.004372,3.105267,0.3024,0.099728,0.656744,88.0,35.0,53.0,123.0,88.0,70.5,105.5,0.000164,0.014995,-0.151145,0.042443,0.000431,-0.003058,0.004378,0.000101,0.035068,-0.435449,0.11291,0.001002,-0.001479,0.005002,0.163626,0.656558,-0.999506,0.999999,0.182532,-0.321141,0.777042,0.096497,0.729963,-0.999167,1.0,0.096748,-0.63026,0.871855,0.060504,0.447572,-0.999562,0.998456,0.047403,-0.199937,0.363401,0.735191,0.505482,-0.999339,1.0,0.957222,0.798543,0.99517,0.988636,0.105993,0.0,1.0,1.0,1.0,1.0,0.011364,0.105993,0.0,1.0,0.0,0.0,0.0
20260704_232243_1fsapx,user2,ঈ,2026-07-04T17:22:43.813Z,output/user2/ঈ/ঈ_20260704_232243_1fsapx.json,output/user2/ঈ/ঈ_20260704_232243_1fsapx.png,output/user2/ঈ/ঈ_20260704_232243_1fsapx.mp4,1051.0,19.0,0.404355,0.470253,0.190149,0.859867,0.479622,0.465288,0.094997,0.096684,0.313592,0.407956,0.265118,0.206463,-0.048474,-0.201493,3.421529,0.207242,0.06057,18.0,0.288297,0.0,0.744186,0.003259,0.013176,2e-06,0.310751,0.00075,0.000277,0.002226,0.002825,0.008772,2e-06,0.214709,0.000724,0.000272,0.002113,-1e-06,0.01875,-0.309836,0.310718,-0.000167,-0.001433,0.000296,1.740784,0.937867,0.003345,3.141045,1.840188,0.968299,2.567268,55.315789,82.709417,3.0,303.0,7.0,5.0,77.0,-4.6e-05,0.010324,-0.212699,0.090795,2e-05,-0.000358,0.000532,-0.000192,0.008799,-0.25783,0.070744,-2.8e-05,-0.000442,0.000348,-0.057695,0.672347,-1.0,1.0,-0.088449,-0.695882,0.562038,0.058744,0.735637,-0.999989,1.0,0.098851,-0.711611,0.824422,-0.015207,0.6828,-0.999988,0.999983,0.003345,-0.67886,0.629757,-0.126386,0.719419,-0.999996,1.0,-0.264024,-0.83876,0.575763,0.981922,0.133234,0.0,1.0,1.0,1.0,1.0,0.018078,0.133234,0.0,1.0,0.0,0.0,0.0
20260705_171259_dluym7,user2,ঈ,2026-07-05T11:12:59.415Z,output/user2/ঈ/ঈ_20260705_171259_dluym7.json,,output/user2/ঈ/ঈ_20260705_171259_dluym7.mp4,82.0,2.0,0.598374,0.438871,0.262609,1.363439,0.534222,0.30869,0.127269,0.120967,0.501726,0.328151,0.262988,0.114535,-0.238738,-0.213616,2.927414,0.320355,0.109433,1.0,0.573171,0.0,0.0125,0.036141,0.048912,0.001485,0.438177,0.028675,0.015958,0.048486,0.031115,0.019407,0.001485,0.078384,0.028495,0.015571,0.046378,0.000305,0.068623,-0.411675,0.435435,-0.002055,-0.010089,0.009385,0.552077,0.708018,0.006814,3.012284,0.320436,0.126012,0.56852,41.0,6.0,35.0,47.0,41.0,38.0,44.0,-0.002911,0.05109,-0.351773,0.063394,0.000411,-0.01564,0.025756,-0.002605,0.032063,-0.261256,0.031426,0.000559,-0.006945,0.012463,0.071185,0.579415,-0.991724,0.99963,0.028648,-0.27978,0.651844,0.032867,0.811252,-0.999919,1.0,0.154761,-0.793301,0.946295,0.020503,0.425957,-0.981725,0.997061,0.02984,-0.28967,0.295678,0.745434,0.512317,-0.99165,1.0,0.952934,0.850783,0.995039,0.97561,0.154257,0.0,1.0,1.0,1.0,1.0,0.02439,0.154257,0.0,1.0,0.0,0.0,0.0
20260705_171351_vkunfn,user2,ঈ,2026-07-05T11:13:51.872Z,output/user2/ঈ/ঈ_20260705_171351_vkunfn.json,,output/user2/ঈ/ঈ_20260705_171351_vkunfn.mp4,79.0,3.0,0.477715,0.301154,0.143866,1.586281,0.596783,0.349409,0.131537,0.0876,0.517595,0.335321,0.358486,0.237765,-0.159109,-0.097556,1.911398,0.186636,0.097643,2.0,0.708861,0.0,0.039474,0.024505,0.03255,0.000972,0.276827,0.018236,0.011755,0.029205,0.020406,0.013664,0.000972,0.076897,0.01786,0.011317,0.026029,-3.8e-05,0.040401,-0.246802,0.230537,-0.000324,-0.006374,0.004757,0.691747,0.707746,0.01582,2.832841,0.39461,0.180573,0.940362,26.333333,21.853045,4.0,56.0,19.0,11.5,37.5,-0.002014,0.029098,-0.175414,0.075907,0.000807,-0.014649,0.012736,-0.001235,0.028048,-0.214157,0.038746,0.001488,-0.00476,0.008983,0.122434,0.605499,-0.999842,0.99883,0.19818,-0.358687,0.608387,0.050029,0.784779,-0.999977,1.0,0.105099,-0.77917,0.915594,0.056444,0.537758,-0.945179,0.99908,-0.079191,-0.281276,0.434141,0.667573,0.511836,-0.952713,1.0,0.928177,0.589518,0.986668,0.962025,0.191135,0.0,1.0,1.0,1.0,1.0,0.037975,0.191135,0.0,1.0,0.0,0.0,0.0
20260705_171438_jgev7f,user2,ঈ,2026-07-05T11:14:38.670Z,output/user2/ঈ/ঈ_20260705_171438_jgev7f.json,,output/user2/ঈ/ঈ_20260705_171438_jgev7f.mp4,99.0,2.0,0.501598,0.423189,0.212271,1.185281,0.564028,0.32925,0.120982,0.11172,0.331121,0.31737,0.681858,0.49125,0.350737,0.17388,2.949288,0.391472,0.132735,1.0,0.707071,0.0,0.020619,0.030095,0.035788,0.001748,0.343062,0.022216,0.015203,0.034747,0.026868,0.016547,0.001748,0.079415,0.022181,0.015145,0.033568,0.000258,0.049864,-0.322455,0.334276,-0.00056,-0.008147,0.006636,0.636555,0.847564,0.001688,3.041473,0.276646,0.084602,0.744789,49.5,20.5,29.0,70.0,49.5,39.25,59.75,0.003543,0.041312,-0.296106,0.075753,0.006988,-0.011871,0.023304,0.001756,0.021026,-0.173242,0.024538,0.002234,-0.002698,0.012981,0.199267,0.507138,-0.99537,0.999211,0.124827,-0.145191,0.687993,0.181693,0.818591,-0.999526,1.0,0.480457,-0.813341,0.977213,0.091311,0.405216,-0.945474,0.954324,0.040977,-0.103067,0.368858,0.679773,0.604459,-0.994992,1.0,0.968604,0.73551,0.996879,0.979798,0.140691,0.0,1.0,1.0,1.0,1.0,0.020202,0.140691,0.0,1.0,0.0,0.0,0.0
20260705_171525_i5t1b0,user2,ঈ,2026-07-05T11:15:25.978Z,output/user2/ঈ/ঈ_20260705_171525_i5t1b0.json,,output/user2/ঈ/ঈ_20260705_171525_i5t1b0.mp4,85.0,3.0,0.614643,0.537922,0.33063,1.142625,0.515225,0.359512,0.167506,0.140235,0.592903,0.665489,0.72332,0.401431,0.130417,-0.264058,3.561228,0.294508,0.082699,2.0,0.517647,0.0,0.0,0.042396,0.054468,0.002977,0.475085,0.034855,0.023466,0.050206,0.035018,0.018423,0.002977,0.081594,0.033744,0.023376,0.050026,8e-05,0.073375,-0.447033,0.393491,-0.000981,-0.010774,0.011354,0.684755,0.883918,0.000409,3.071509,0.276458,0.124066,0.726371,28.333333,11.085526,20.0,44.0,21.0,20.5,32.5,0.001534,0.055474,-0.404432,0.073958,0.010914,-0.023799,0.032589,-0.003107,0.040233,-0.057574,0.24928,-0.008879,-0.019167,-0.000171,-0.21925,0.48678,-0.999811,0.996818,-0.231701,-0.598832,-0.011141,0.181835,0.825779,-0.999938,1.0,0.754662,-0.753082,0.947215,-0.051518,0.424955,-0.998305,0.999778,-0.054463,-0.27553,0.143594,0.640877,0.637209,-0.997545,1.0,0.964453,0.75913,0.994549,0.964706,0.184522,0.0,1.0,1.0,1.0,1.0,0.035294,0.184522,0.0,1.0,0.0,0.0,0.0
20260705_171647_x9r778,user2,ঈ,2026-07-05T11:16:47.666Z,output/user2/ঈ/ঈ_20260705_171647_x9r778.json,,output/user2/ঈ/ঈ_20260705_171647_x9r778.mp4,73.0,2.0,0.737469,0.454902,0.335476,1.62116,0.529435,0.39133,0.179518,0.133652,0.595759,0.607519,0.748466,0.376497,0.152707,-0.231022,2.549842,0.276931,0.108607,1.0,0.630137,0.0,0.0,0.035414,0.040976,0.00358,0.334571,0.028031,0.0191,0.037374,0.031201,0.020602,0.00358,0.101023,0.027891,0.018727,0.03587,0.000521,0.050858,-0.31659,0.233548,0.000608,-0.006115,0.011268,0.496292,0.602999,0.001037,2.39363,0.214558,0.106461,0.616515,36.5,9.5,27.0,46.0,36.5,31.75,41.25,0.002092,0.033246,-0.096336,0.094883,0.005976,-0.017929,0.023989,-0.003165,0.042112,-0.04119,0.333533,-0.009648,-0.017445,0.000496,-0.26769,0.468062,-0.999253,0.996898,-0.396912,-0.581023,0.052417,0.168231,0.825202,-0.999976,1.0,0.750202,-0.855163,0.895295,-0.039694,0.454903,-0.939796,0.998021,-0.071911,-0.26127,0.1683,0.776526,0.434161,-0.733076,1.0,0.977264,0.831866,0.995238,0.972603,0.163238,0.0,1.0,1.0,1.0,1.0,0.027397,0.163238,0.0,1.0,0.0,0.0,0.0
20260725_213216_j99456,user2,ঈ,2026-07-25T15:32:16.273Z,output/user2/ঈ/ঈ_20260725_213216_j99456.json,,output/user2/ঈ/ঈ_20260725_213216_j99456.mp4,80.0,2.0,0.429409,0.144534,0.062064,2.97099,0.696966,0.315075,0.122093,0.041331,0.612594,0.303714,0.786787,0.367725,0.174193,0.064011,1.576594,0.185582,0.117711,1.0,0.75,0.0,0.012821,0.019957,0.018277,0.001448,0.122295,0.015723,0.008531,0.02338,0.018645,0.014225,0.001448,0.067682,0.015643,0.008383,0.022898,0.000541,0.017786,-0.079401,0.085311,0.00035,-0.004796,0.004456,0.762185,0.733093,0.008968,3.030885,0.49891,0.244162,0.84169,40.0,20.0,20.0,60.0,40.0,30.0,50.0,0.002177,0.023724,-0.060133,0.112197,-0.001533,-0.007989,0.007947,0.0008,0.012449,-0.048661,0.025939,0.001488,-0.004986,0.009797,0.132233,0.63636,-0.989011,0.999984,0.109198,-0.33686,0.835478,-0.076694,0.756094,-0.999974,1.0,-0.201555,-0.836738,0.784663,0.089649,0.553625,-0.969341,0.999354,0.091191,-0.351464,0.488299,0.627121,0.540538,-0.993877,1.0,0.878909,0.668037,0.976161,0.975,0.156125,0.0,1.0,1.0,1.0,1.0,0.025,0.156125,0.0,1.0,0.0,0.0,0.0
20260728_233238_q39ioy,user2,ঈ,2026-07-28T17:32:38.672Z,output/user2/ঈ/ঈ_20260728_233238_q39ioy.json,output/user2/ঈ/ঈ_20260728_233238_q39ioy.png,output/user2/ঈ/ঈ_20260728_233238_q39ioy.mp4,144.0,2.0,0.471308,0.502526,0.236845,0.937878,0.401069,0.365085,0.131415,0.151362,0.195161,0.355837,0.22928,0.218456,0.034119,-0.137381,2.63324,0.141554,0.053757,1.0,0.770833,0.0,0.077465,0.018414,0.029012,0.000487,0.336543,0.013543,0.007541,0.02443,0.016174,0.011398,0.000487,0.047571,0.013316,0.007363,0.024246,0.0001,0.041774,-0.33417,0.326739,-0.000651,-0.009542,0.009226,0.633126,0.752659,0.000535,3.100727,0.273117,0.125022,0.810066,72.0,39.0,33.0,111.0,72.0,52.5,91.5,0.000237,0.018945,-0.161991,0.046597,0.000556,-0.005829,0.009005,-0.000954,0.028509,-0.294992,0.042132,0.000813,-0.005677,0.008168,0.122526,0.708941,-0.998532,0.999677,0.172984,-0.519241,0.859576,0.063186,0.691663,-0.999915,1.0,0.121612,-0.548713,0.826559,0.042438,0.488284,-0.996463,0.994612,0.019794,-0.239447,0.30242,0.682011,0.542805,-0.999165,1.0,0.965394,0.697733,0.992312,0.986111,0.11703,0.0,1.0,1.0,1.0,1.0,0.013889,0.11703,0.0,1.0,0.0,0.0,0.0
20260728_233302_e8k0ge,user2,ঈ,2026-07-28T17:33:02.980Z,output/user2/ঈ/ঈ_20260728_233302_e8k0ge.json,output/user2/ঈ/ঈ_20260728_233302_e8k0ge.png,output/user2/ঈ/ঈ_20260728_233302_e8k0ge.mp4,186.0,4.0,0.429374,0.433671,0.186207,0.990092,0.439712,0.364251,0.118383,0.117748,0.247144,0.191636,0.63386,0.265061,0.386716,0.073425,2.706708,0.393625,0.145426,3.0,0.752688,0.0,0.06044,0.014631,0.030473,0.000142,0.412254,0.011165,0.005827,0.017424,0.012375,0.008345,0.000142,0.035419,0.010924,0.005791,0.016873,-0.00011,0.044012,-0.406728,0.408718,-0.001144,-0.007319,0.007389,0.723402,0.857942,0.000913,3.11457,0.362594,0.13125,0.839637,46.5,54.956801,5.0,140.0,20.5,8.0,59.0,0.002079,0.028341,-0.355838,0.034052,0.002576,-0.002922,0.010954,0.000395,0.018134,-0.208166,0.029842,0.000633,-0.003618,0.006984,0.106293,0.670422,-0.999988,0.999854,0.108801,-0.447884,0.725267,0.198919,0.706871,-0.999984,1.0,0.4226,-0.428147,0.906598,0.032451,0.478797,-0.99997,0.999884,-0.000456,-0.257417,0.322235,0.624474,0.616224,-0.999634,1.0,0.937896,0.674436,0.992745,0.978495,0.145062,0.0,1.0,1.0,1.0,1.0,0.021505,0.145062,0.0,1.0,0.0,0.0,0.0
20260728_233333_nvf18a,user2,ঈ,2026-07-28T17:33:33.051Z,output/user2/ঈ/ঈ_20260728_233333_nvf18a.json,output/user2/ঈ/ঈ_20260728_233333_nvf18a.png,output/user2/ঈ/ঈ_20260728_233333_nvf18a.mp4,258.0,2.0,0.535307,0.533285,0.285471,1.003792,0.447354,0.38524,0.122331,0.135888,0.404811,0.368717,0.163747,0.162669,-0.241064,-0.206048,3.25973,0.317124,0.097285,1.0,0.705426,0.0,0.199219,0.012684,0.034102,0.000247,0.526905,0.007052,0.002973,0.014078,0.010675,0.011425,0.000247,0.078911,0.007001,0.002968,0.013918,0.000291,0.047623,-0.516616,0.516997,-0.000418,-0.005758,0.005217,0.830844,0.844351,0.000244,3.140229,0.496476,0.208087,1.234689,129.0,53.0,76.0,182.0,129.0,102.5,155.5,-0.000934,0.030096,-0.442818,0.052225,0.000403,-0.001495,0.005005,-0.000799,0.020283,-0.285554,0.077528,0.000412,-0.002406,0.004653,0.095044,0.712531,-0.999978,0.999986,0.124886,-0.584735,0.808098,0.114506,0.685677,-0.999997,1.0,0.181761,-0.517899,0.762217,0.014827,0.55049,-0.997124,0.999995,-0.024375,-0.392217,0.435234,0.552773,0.625444,-0.999996,1.0,0.882147,0.349214,0.979307,0.992248,0.087703,0.0,1.0,1.0,1.0,1.0,0.007752,0.087703,0.0,1.0,0.0,0.0,0.0
20260728_233359_9wg8n4,user2,ঈ,2026-07-28T17:33:59.720Z,output/user2/ঈ/ঈ_20260728_233359_9wg8n4.json,output/user2/ঈ/ঈ_20260728_233359_9wg8n4.png,output/user2/ঈ/ঈ_20260728_233359_9wg8n4.mp4,218.0,3.0,0.494122,0.469639,0.232059,1.052132,0.485211,0.334352,0.13429,0.133426,0.264114,0.319197,0.29982,0.331941,0.035706,0.012744,2.977516,0.037912,0.012733,2.0,0.821101,0.0,0.130233,0.013721,0.028695,0.000165,0.395098,0.008128,0.004,0.016763,0.011627,0.011319,0.000165,0.083134,0.007975,0.003985,0.016445,0.000189,0.038794,-0.375593,0.37474,-0.000478,-0.00677,0.005721,0.75769,0.83647,0.001144,3.12869,0.396301,0.12899,1.120775,72.666667,76.386444,3.0,179.0,36.0,19.5,107.5,0.000164,0.018771,-0.215542,0.05747,0.000182,-0.003324,0.005021,5.8e-05,0.025586,-0.331126,0.083061,0.000452,-0.003516,0.005401,0.112069,0.706494,-0.999812,0.999955,0.141307,-0.493879,0.830982,0.02435,0.698365,-0.99981,1.0,0.0371,-0.627774,0.702198,0.013512,0.526969,-0.998379,0.999997,-0.006647,-0.304739,0.380272,0.588068,0.61343,-0.999916,1.0,0.924513,0.44564,0.992232,0.986239,0.116499,0.0,1.0,1.0,1.0,1.0,0.013761,0.116499,0.0,1.0,0.0,0.0,0.0
20260711_200812_18txgi,user3,অ,2026-07-11T14:08:12.108Z,output/user3/অ/অ_20260711_200812_18txgi.json,output/user3/অ/অ_20260711_200812_18txgi.png,output/user3/অ/অ_20260711_200812_18txgi.mp4,187.0,7.0,0.233153,0.324545,0.075669,0.7184,0.451881,0.439189,0.06263,0.073095,0.419733,0.42618,0.321644,0.360103,-0.098089,-0.066077,1.861653,0.118269,0.063529,6.0,0.31016,0.0,0.15,0.010009,0.010879,0.000187,0.118237,0.008061,0.003881,0.01343,0.009215,0.007099,0.000187,0.043047,0.007926,0.003776,0.013259,-0.000192,0.014769,-0.101789,0.109007,-0.000432,-0.003963,0.004873,0.898592,0.798093,0.008469,3.105229,0.632727,0.29318,1.255711,26.714286,18.774712,6.0,58.0,22.0,9.5,41.0,-0.000525,0.010221,-0.106372,0.034562,0.000525,-0.003094,0.00286,-0.000353,0.010606,-0.051624,0.036138,0.00068,-0.003952,0.005331,0.116127,0.772321,-0.999992,0.999998,0.307351,-0.711233,0.887306,0.098574,0.616699,-0.996286,1.0,0.125306,-0.413317,0.623592,-0.024238,0.604368,-0.999979,0.999992,-0.068269,-0.536071,0.485186,0.525857,0.598018,-0.999339,1.0,0.806742,0.311237,0.960545,0.962567,0.189821,0.0,1.0,1.0,1.0,1.0,0.037433,0.189821,0.0,1.0,0.0,0.0,0.0
20260711_200917_z1na4w,user3,অ,2026-07-11T14:09:17.809Z,output/user3/অ/অ_20260711_200917_z1na4w.json,output/user3/অ/অ_20260711_200917_z1na4w.png,output/user3/অ/অ_20260711_200917_z1na4w.mp4,240.0,12.0,0.402366,0.45482,0.183004,0.884671,0.447392,0.534671,0.094505,0.141649,0.392078,0.439337,0.534555,0.409442,0.142477,-0.029895,2.657432,0.14558,0.054782,11.0,0.454167,0.0,0.171053,0.011119,0.017098,0.000178,0.207646,0.008892,0.003551,0.013082,0.009997,0.01075,0.000178,0.079177,0.008671,0.00328,0.013064,-4.5e-05,0.021146,-0.183169,0.193932,0.000116,-0.004223,0.003796,1.040033,1.039107,0.003223,3.12896,0.513844,0.186088,1.778617,20.0,30.022214,3.0,109.0,6.5,4.0,15.0,0.000594,0.00854,-0.067197,0.032523,0.000357,-0.00143,0.00371,-0.000125,0.018464,-0.198562,0.071271,0.000326,-0.003696,0.007361,0.057835,0.81177,-0.999997,0.999981,0.192837,-0.923487,0.893906,0.099628,0.572502,-0.99972,1.0,0.086844,-0.281573,0.537685,-0.020264,0.527537,-0.999823,0.999996,-0.020858,-0.329273,0.276316,0.391173,0.753841,-0.99992,1.0,0.872367,-0.202999,0.98301,0.95,0.217945,0.0,1.0,1.0,1.0,1.0,0.05,0.217945,0.0,1.0,0.0,0.0,0.0
20260711_200954_0muns4,user3,অ,2026-07-11T14:09:54.248Z,output/user3/অ/অ_20260711_200954_0muns4.json,output/user3/অ/অ_20260711_200954_0muns4.png,output/user3/অ/অ_20260711_200954_0muns4.mp4,229.0,4.0,0.351293,0.298357,0.104811,1.177425,0.503885,0.484737,0.102949,0.084278,0.418583,0.642979,0.466335,0.441557,0.047752,-0.201422,2.132541,0.207005,0.09707,3.0,0.694323,0.0,0.177778,0.009353,0.011635,0.000117,0.14605,0.007942,0.003947,0.011346,0.008992,0.010757,0.000117,0.14605,0.007941,0.003652,0.011277,-0.000114,0.014764,-0.126802,0.118841,-0.000522,-0.004702,0.004766,0.907776,0.905348,0.002832,3.133026,0.560718,0.188271,1.495426,57.25,61.263264,4.0,159.0,33.0,12.25,78.0,0.000209,0.007424,-0.054549,0.022691,0.000152,-0.002147,0.004717,-0.00088,0.012882,-0.145614,0.022098,-0.000334,-0.004668,0.003736,-0.023989,0.736793,-0.999982,0.999999,-0.144992,-0.775521,0.796961,0.104048,0.667633,-1.0,1.0,0.06561,-0.428929,0.777078,-0.040018,0.562257,-0.999763,0.999998,-0.032652,-0.427561,0.333971,0.490967,0.664241,-0.999963,1.0,0.85159,0.09989,0.983457,0.982533,0.131004,0.0,1.0,1.0,1.0,1.0,0.017467,0.131004,0.0,1.0,0.0,0.0,0.0
20260711_201110_jw6cqh,user3,অ,2026-07-11T14:11:10.932Z,output/user3/অ/অ_20260711_201110_jw6cqh.json,output/user3/অ/অ_20260711_201110_jw6cqh.png,output/user3/অ/অ_20260711_201110_jw6cqh.mp4,181.0,7.0,0.385039,0.420218,0.1618,0.916284,0.485819,0.373931,0.100708,0.118393,0.378845,0.320507,0.566758,0.199169,0.187913,-0.121338,2.25662,0.223683,0.099123,6.0,0.381215,0.0,0.172414,0.012537,0.017729,0.000256,0.166291,0.00901,0.003644,0.014289,0.01203,0.017741,0.000256,0.166291,0.00894,0.003394,0.013692,1.6e-05,0.020668,-0.101321,0.151216,0.000349,-0.005177,0.00525,1.002168,0.910395,5.5e-05,3.098394,0.633165,0.233834,1.635868,25.857143,24.215866,3.0,69.0,20.0,5.5,39.0,0.001038,0.012116,-0.100752,0.02611,0.001333,-0.001277,0.007297,-0.00067,0.017904,-0.052645,0.132294,-0.000213,-0.007251,0.002948,-0.091562,0.747106,-0.999957,0.999914,-0.178407,-0.877425,0.692046,0.243086,0.611847,-0.999956,1.0,0.300639,-0.241855,0.850689,0.044548,0.594539,-0.989851,0.999993,0.031671,-0.340863,0.522989,0.430734,0.6775,-0.999067,1.0,0.807966,-0.046167,0.975467,0.961326,0.192817,0.0,1.0,1.0,1.0,1.0,0.038674,0.192817,0.0,1.0,0.0,0.0,0.0
20260711_201208_6ylgz1,user3,অ,2026-07-11T14:12:08.535Z,output/user3/অ/অ_20260711_201208_6ylgz1.json,output/user3/অ/অ_20260711_201208_6ylgz1.png,output/user3/অ/অ_20260711_201208_6ylgz1.mp4,226.0,6.0,0.474576,0.483045,0.229242,0.982467,0.43098,0.427355,0.132922,0.142796,0.48137,0.405731,0.628917,0.180074,0.147547,-0.225657,2.707919,0.269613,0.099565,5.0,0.579646,0.0,0.204545,0.012035,0.017203,0.000149,0.190017,0.00945,0.002548,0.015642,0.010288,0.009074,0.000149,0.065583,0.009226,0.002533,0.01502,-0.000138,0.023348,-0.187625,0.175,0.000503,-0.005295,0.003885,0.755492,0.780126,0.002557,3.132311,0.453157,0.175933,1.082114,37.666667,43.869757,4.0,131.0,23.0,6.75,38.5,0.000653,0.009362,-0.087311,0.026669,0.00078,-0.000999,0.004919,-0.000998,0.018702,-0.16877,0.092116,0.000235,-0.004624,0.005282,0.032992,0.787643,-0.999948,0.999945,0.066284,-0.847617,0.832212,0.227199,0.571761,-0.997425,1.0,0.283169,-0.159727,0.759869,0.04991,0.552574,-0.999963,0.99974,0.056454,-0.336174,0.404753,0.603159,0.573034,-0.999956,1.0,0.901738,0.475506,0.985779,0.973451,0.16076,0.0,1.0,1.0,1.0,1.0,0.026549,0.16076,0.0,1.0,0.0,0.0,0.0
20260711_201526_9elfv0,user3,অ,2026-07-11T14:15:26.348Z,output/user3/অ/অ_20260711_201526_9elfv0.json,output/user3/অ/অ_20260711_201526_9elfv0.png,output/user3/অ/অ_20260711_201526_9elfv0.mp4,218.0,8.0,0.455978,0.381815,0.174099,1.194238,0.431292,0.385986,0.118378,0.113479,0.372014,0.33387,0.274175,0.242275,-0.097839,-0.091595,2.884894,0.134023,0.046457,7.0,0.518349,0.0,0.142857,0.013294,0.012759,8.1e-05,0.090494,0.011861,0.004215,0.017689,0.012604,0.01124,8.1e-05,0.073667,0.010901,0.004059,0.017531,0.000312,0.014842,-0.080983,0.073904,0.000463,-0.004484,0.005865,0.904686,0.936486,0.002619,3.06682,0.478127,0.146086,1.587444,27.25,37.599036,4.0,113.0,6.0,4.75,28.0,-0.000449,0.011581,-0.089855,0.070628,0.000322,-0.002569,0.004016,-0.00042,0.014265,-0.061964,0.062008,-0.000421,-0.006144,0.006867,-0.060767,0.780605,-0.999985,0.999948,-0.099581,-0.91925,0.764663,0.070385,0.618068,-0.995854,1.0,0.072626,-0.339915,0.621229,0.028673,0.546112,-0.999877,0.99991,0.031683,-0.295764,0.343475,0.481256,0.685078,-0.997205,1.0,0.893838,-0.008385,0.989667,0.963303,0.188017,0.0,1.0,1.0,1.0,1.0,0.036697,0.188017,0.0,1.0,0.0,0.0,0.0
20260711_201609_iv7642,user3,অ,2026-07-11T14:16:09.284Z,output/user3/অ/অ_20260711_201609_iv7642.json,output/user3/অ/অ_20260711_201609_iv7642.png,output/user3/অ/অ_20260711_201609_iv7642.mp4,201.0,6.0,0.309347,0.363402,0.112417,0.851253,0.448616,0.325175,0.084786,0.098001,0.435366,0.319531,0.399786,0.186862,-0.03558,-0.132669,2.006736,0.137357,0.068448,5.0,0.303483,0.0,0.138462,0.010034,0.007971,0.000193,0.073336,0.008998,0.003954,0.014232,0.009607,0.006563,0.000193,0.026986,0.008633,0.003878,0.014153,5.2e-05,0.01007,-0.07194,0.055197,-0.00036,-0.003774,0.004033,0.947118,0.97107,0.006799,3.136128,0.420212,0.170432,1.761789,33.5,18.759442,3.0,61.0,38.0,22.0,42.75,-0.000177,0.007183,-0.055093,0.012541,0.000248,-0.002938,0.003969,-0.00066,0.010551,-0.048404,0.021859,0.000258,-0.005534,0.006164,-0.015708,0.798102,-0.999971,0.999998,0.098558,-0.917736,0.813621,0.084612,0.596344,-0.999829,1.0,0.047266,-0.327003,0.587033,0.015914,0.530566,-0.999693,0.999988,0.047554,-0.27932,0.357371,0.445848,0.720739,-0.999985,1.0,0.914245,-0.173007,0.985564,0.970149,0.170175,0.0,1.0,1.0,1.0,1.0,0.029851,0.170175,0.0,1.0,0.0,0.0,0.0
20260711_201811_0znu6g,user3,অ,2026-07-11T14:18:11.166Z,output/user3/অ/অ_20260711_201811_0znu6g.json,output/user3/অ/অ_20260711_201811_0znu6g.png,output/user3/অ/অ_20260711_201811_0znu6g.mp4,199.0,15.0,0.294926,0.234212,0.069075,1.259227,0.509119,0.320655,0.084278,0.059319,0.444385,0.303395,0.515339,0.480192,0.070954,0.176797,1.668301,0.190504,0.11419,14.0,0.211055,0.0,0.25,0.008426,0.012639,0.000138,0.127213,0.006252,0.002041,0.009589,0.007627,0.012159,0.000138,0.127213,0.005888,0.00195,0.008835,0.000515,0.015278,-0.083321,0.125723,-7e-05,-0.003703,0.003065,1.168515,1.007488,0.005867,3.131534,0.771002,0.245752,2.111357,13.266667,10.847222,3.0,42.0,10.0,5.0,16.5,0.000357,0.00926,-0.028743,0.087907,-0.000306,-0.002936,0.002697,0.000888,0.011955,-0.024713,0.126985,-0.000255,-0.002556,0.001672,-0.021904,0.693405,-0.999328,0.999998,-0.081428,-0.715311,0.705326,-0.062078,0.717534,-0.999991,1.0,-0.109436,-0.75832,0.638541,-0.048464,0.577408,-0.999504,0.998975,-0.031838,-0.558787,0.354295,0.293026,0.760517,-0.999948,1.0,0.731468,-0.507803,0.972404,0.924623,0.263999,0.0,1.0,1.0,1.0,1.0,0.075377,0.263999,0.0,1.0,0.0,0.0,0.0
20260711_201916_nc9ara,user3,অ,2026-07-11T14:19:16.889Z,output/user3/অ/অ_20260711_201916_nc9ara.json,output/user3/অ/অ_20260711_201916_nc9ara.png,output/user3/অ/অ_20260711_201916_nc9ara.mp4,126.0,7.0,0.235738,0.230824,0.054414,1.021289,0.540678,0.35871,0.054038,0.069838,0.469598,0.348393,0.609918,0.2591,0.14032,-0.089293,0.96572,0.166322,0.172226,6.0,0.373016,0.0,0.235294,0.007726,0.013415,0.000237,0.146159,0.005712,0.002255,0.009661,0.006478,0.00478,0.000237,0.02089,0.005712,0.002216,0.009231,0.000121,0.018405,-0.143904,0.130237,0.000678,-0.003493,0.003174,1.060617,0.947692,0.002781,3.128464,0.662262,0.232606,1.836,18.0,14.142136,3.0,47.0,12.0,8.0,24.0,0.001114,0.013794,-0.017901,0.144822,0.000107,-0.001623,0.002246,-0.000709,0.006762,-0.025656,0.019724,0.000144,-0.005078,0.002988,-0.02902,0.774055,-0.999892,0.999985,0.104616,-0.92028,0.743192,0.067016,0.628892,-0.99929,1.0,0.037978,-0.42796,0.648232,0.02965,0.591585,-0.994666,0.999825,0.0,-0.367614,0.530714,0.385725,0.707363,-0.999913,1.0,0.793305,-0.260618,0.974532,0.944444,0.229061,0.0,1.0,1.0,1.0,1.0,0.055556,0.229061,0.0,1.0,0.0,0.0,0.0
20260711_201953_sai9ew,user3,অ,2026-07-11T14:19:53.452Z,output/user3/অ/অ_20260711_201953_sai9ew.json,output/user3/অ/অ_20260711_201953_sai9ew.png,output/user3/অ/অ_20260711_201953_sai9ew.mp4,244.0,12.0,0.37635,0.314384,0.118318,1.197103,0.55316,0.433464,0.087606,0.080443,0.465617,0.361186,0.503546,0.502419,0.037929,0.141233,2.437356,0.146237,0.059998,11.0,0.180328,0.0,0.202586,0.01003,0.019489,5.2e-05,0.206572,0.006988,0.00294,0.011578,0.007843,0.006237,5.2e-05,0.035722,0.006729,0.002732,0.011269,1.2e-05,0.025933,-0.193914,0.188598,-0.0001,-0.003323,0.003834,0.925235,0.933711,0.000489,3.091168,0.506576,0.195338,1.5029,20.333333,14.284802,3.0,44.0,16.5,7.0,33.25,0.000155,0.009205,-0.093963,0.045976,0.000574,-0.00239,0.00424,0.000579,0.019834,-0.183965,0.192862,-1.2e-05,-0.003202,0.004254,0.012559,0.737962,-0.999957,0.999998,-0.021655,-0.747559,0.799202,0.126442,0.662771,-0.999061,1.0,0.241496,-0.50928,0.750039,0.036366,0.540102,-0.99938,0.999203,0.036745,-0.291276,0.428982,0.477206,0.692272,-0.998728,1.0,0.876456,0.078723,0.982149,0.95082,0.216244,0.0,1.0,1.0,1.0,1.0,0.04918,0.216244,0.0,1.0,0.0,0.0,0.0
20260711_202025_bntr0i,user3,অ,2026-07-11T14:20:25.830Z,output/user3/অ/অ_20260711_202025_bntr0i.json,output/user3/অ/অ_20260711_202025_bntr0i.png,output/user3/অ/অ_20260711_202025_bntr0i.mp4,199.0,7.0,0.405736,0.337373,0.136884,1.202633,0.536549,0.393191,0.104108,0.08661,0.483329,0.364514,0.675516,0.323197,0.192187,-0.041317,1.86143,0.196578,0.105606,6.0,0.542714,0.0,0.1875,0.009401,0.008651,0.000261,0.060151,0.007206,0.002922,0.013155,0.008741,0.007518,0.000261,0.055912,0.007006,0.002765,0.012886,0.000159,0.010249,-0.046264,0.053576,0.00025,-0.003647,0.003827,0.971919,0.940896,0.004664,2.988097,0.510264,0.226129,1.807942,28.428571,35.2941,3.0,108.0,10.0,5.0,34.0,0.000966,0.006953,-0.025622,0.027287,0.000752,-0.001368,0.004869,-0.000208,0.010634,-0.029129,0.05953,5e-06,-0.005378,0.003847,-0.036995,0.763463,-0.999999,0.999999,0.004682,-0.842009,0.784639,0.140591,0.629277,-0.999988,1.0,0.206193,-0.385296,0.715636,-0.006916,0.546296,-0.996765,0.99627,0.006214,-0.420866,0.370895,0.433606,0.716587,-0.988242,1.0,0.873826,-0.231876,0.975472,0.964824,0.184224,0.0,1.0,1.0,1.0,1.0,0.035176,0.184224,0.0,1.0,0.0,0.0,0.0
20260711_202714_mwa7m1,user3,অ,2026-07-11T14:27:14.175Z,output/user3/অ/অ_20260711_202714_mwa7m1.json,output/user3/অ/অ_20260711_202714_mwa7m1.png,output/user3/অ/অ_20260711_202714_mwa7m1.mp4,172.0,11.0,0.316761,0.25191,0.079795,1.257437,0.571237,0.379399,0.085732,0.074731,0.496287,0.347881,0.592647,0.3326,0.09636,-0.015281,1.926195,0.097564,0.050651,10.0,0.313953,0.0,0.173913,0.011264,0.017723,0.000138,0.150747,0.006369,0.002861,0.011088,0.010772,0.017902,0.000138,0.150747,0.006054,0.002653,0.010826,0.000533,0.021048,-0.104567,0.146945,0.000489,-0.004476,0.00384,1.04731,0.96083,0.009518,3.130705,0.622755,0.245355,1.693827,15.636364,14.156738,4.0,54.0,9.0,6.5,18.5,0.00056,0.011637,-0.08805,0.054822,0.000339,-0.00145,0.002595,-8.9e-05,0.017398,-0.134939,0.094465,-0.000557,-0.003654,0.00375,-0.067689,0.804704,-0.999711,0.999556,-0.168598,-0.896994,0.887255,0.072362,0.585348,-0.999664,1.0,0.074189,-0.350078,0.536579,0.000593,0.56883,-0.999968,0.999468,0.038096,-0.462754,0.427426,0.394911,0.72144,-0.99994,1.0,0.815534,-0.118526,0.971306,0.936047,0.24467,0.0,1.0,1.0,1.0,1.0,0.063953,0.24467,0.0,1.0,0.0,0.0,0.0
20260711_202846_kmy51g,user3,অ,2026-07-11T14:28:46.080Z,output/user3/অ/অ_20260711_202846_kmy51g.json,output/user3/অ/অ_20260711_202846_kmy51g.png,output/user3/অ/অ_20260711_202846_kmy51g.mp4,124.0,11.0,0.402193,0.261227,0.105064,1.53963,0.499834,0.431783,0.103362,0.082076,0.464719,0.381689,0.683717,0.289848,0.218998,-0.091841,1.98667,0.237476,0.119535,10.0,0.217742,0.0,0.20354,0.016152,0.026546,0.000101,0.211424,0.007042,0.003379,0.020344,0.012944,0.017751,0.000101,0.105868,0.006597,0.003156,0.016641,0.000137,0.034503,-0.201591,0.178925,0.000903,-0.005082,0.005655,1.193997,1.007325,0.008469,3.136416,0.940003,0.287146,2.087011,11.272727,7.59295,3.0,27.0,9.0,5.0,15.5,0.001766,0.022408,-0.139821,0.110452,0.001387,-0.001048,0.005746,-0.000741,0.021261,-0.158588,0.064955,0.000367,-0.003047,0.003581,0.038886,0.709423,-0.999885,0.999243,0.173423,-0.720827,0.752471,0.225971,0.66644,-0.999792,1.0,0.357928,-0.230804,0.844294,-0.063568,0.590364,-0.998625,0.984087,-0.054897,-0.522192,0.361698,0.296662,0.747944,-0.999986,1.0,0.590786,-0.492752,0.963491,0.91129,0.284324,0.0,1.0,1.0,1.0,1.0,0.08871,0.284324,0.0,1.0,0.0,0.0,0.0
20260711_203013_i4o0om,user3,অ,2026-07-11T14:30:13.619Z,output/user3/অ/অ_20260711_203013_i4o0om.json,output/user3/অ/অ_20260711_203013_i4o0om.png,output/user3/অ/অ_20260711_203013_i4o0om.mp4,179.0,11.0,0.304172,0.303032,0.092174,1.003762,0.497768,0.467329,0.080352,0.082926,0.456861,0.406109,0.61476,0.303893,0.157899,-0.102216,1.484198,0.188096,0.126733,10.0,0.268156,0.0,0.172619,0.008338,0.011565,0.000143,0.116506,0.005621,0.002966,0.010149,0.007426,0.008027,0.000143,0.059854,0.005493,0.002855,0.009965,0.000117,0.014798,-0.110162,0.08243,-7.2e-05,-0.003597,0.004399,1.09133,0.9834,0.004882,3.104,0.752482,0.236464,1.843419,16.272727,12.563229,3.0,48.0,13.0,6.5,22.0,0.000882,0.008371,-0.059834,0.050142,0.000265,-0.002027,0.003673,-0.000571,0.011444,-0.099968,0.036799,-0.0001,-0.003615,0.002746,-0.057546,0.726748,-0.999567,0.999993,-0.086214,-0.837722,0.697836,0.120884,0.67373,-1.0,1.0,0.154885,-0.483115,0.743078,0.043466,0.575332,-0.996784,0.999999,0.051729,-0.369767,0.415504,0.358105,0.734073,-0.999292,1.0,0.77053,-0.268215,0.973674,0.938547,0.240158,0.0,1.0,1.0,1.0,1.0,0.061453,0.240158,0.0,1.0,0.0,0.0,0.0
20260711_203112_15gnzj,user3,অ,2026-07-11T14:31:12.769Z,output/user3/অ/অ_20260711_203112_15gnzj.json,output/user3/অ/অ_20260711_203112_15gnzj.png,output/user3/অ/অ_20260711_203112_15gnzj.mp4,157.0,11.0,0.343951,0.220981,0.076007,1.556473,0.494759,0.396425,0.091934,0.064308,0.42228,0.371658,0.628866,0.294311,0.206586,-0.077347,1.159798,0.220591,0.190198,10.0,0.152866,0.0,0.239726,0.007435,0.010235,0.000126,0.10311,0.005207,0.002345,0.009154,0.006183,0.005128,0.000126,0.033059,0.004993,0.00227,0.008884,-3.7e-05,0.012859,-0.091995,0.07923,2e-05,-0.003194,0.002742,1.115063,0.943034,0.004337,3.114878,0.828063,0.308961,1.850644,14.272727,7.386608,3.0,24.0,14.0,8.0,21.5,0.001316,0.009572,-0.092094,0.032553,0.001018,-0.000715,0.004275,-0.000493,0.008087,-0.051289,0.012459,0.0,-0.002573,0.003683,-0.028238,0.728797,-0.998832,0.998775,0.0,-0.818276,0.738034,0.166652,0.663539,-0.99946,1.0,0.259559,-0.398319,0.749582,0.123938,0.592925,-0.99836,0.99997,0.190818,-0.389926,0.630919,0.349654,0.714717,-0.999643,1.0,0.694298,-0.261785,0.961789,0.929936,0.255254,0.0,1.0,1.0,1.0,1.0,0.070064,0.255254,0.0,1.0,0.0,0.0,0.0
20260711_205524_jbk5pv,user3,আ,2026-07-11T14:55:24.081Z,output/user3/আ/আ_20260711_205524_jbk5pv.json,output/user3/আ/আ_20260711_205524_jbk5pv.png,output/user3/আ/আ_20260711_205524_jbk5pv.mp4,197.0,4.0,0.379589,0.230239,0.087396,1.648674,0.539573,0.441012,0.116717,0.067783,0.44909,0.366754,0.702379,0.526581,0.253289,0.159827,1.650101,0.2995,0.181504,3.0,0.583756,0.0,0.233161,0.008419,0.006703,0.000477,0.046196,0.007966,0.002123,0.012047,0.008133,0.006091,0.000477,0.030721,0.007777,0.002098,0.011925,-5.1e-05,0.008549,-0.03323,0.02408,0.000248,-0.004974,0.00504,0.897157,0.886592,0.002295,3.135092,0.553702,0.173492,1.275138,49.25,45.751366,5.0,115.0,38.5,7.25,80.5,0.001286,0.006087,-0.016676,0.045749,0.000689,-0.000776,0.004452,0.000811,0.008709,-0.029611,0.027537,0.000458,-0.004392,0.005893,0.056727,0.794569,-0.999987,0.999998,0.188578,-0.833425,0.87585,0.188232,0.574464,-0.999216,1.0,0.21134,-0.255728,0.689995,0.051777,0.569285,-0.999951,0.999392,0.063522,-0.295308,0.449096,0.510657,0.642232,-0.999978,1.0,0.856261,0.294207,0.985178,0.979695,0.14104,0.0,1.0,1.0,1.0,1.0,0.020305,0.14104,0.0,1.0,0.0,0.0,0.0
20260711_205559_azslan,user3,আ,2026-07-11T14:55:59.310Z,output/user3/আ/আ_20260711_205559_azslan.json,output/user3/আ/আ_20260711_205559_azslan.png,output/user3/আ/আ_20260711_205559_azslan.mp4,252.0,13.0,0.37887,0.315553,0.119554,1.200654,0.574733,0.379193,0.098846,0.083357,0.475325,0.328627,0.724966,0.546025,0.249641,0.217398,2.334453,0.331033,0.141803,12.0,0.25,0.0,0.259414,0.009301,0.010093,0.000193,0.089469,0.007584,0.002066,0.013378,0.008481,0.008471,0.000193,0.065976,0.007391,0.001799,0.012685,0.000106,0.011279,-0.06361,0.06272,-9.1e-05,-0.004383,0.004392,0.972901,0.899491,0.002127,3.125261,0.616471,0.223463,1.588919,19.384615,21.073273,3.0,63.0,7.0,4.0,40.0,0.000991,0.005341,-0.018082,0.019398,0.000416,-0.000829,0.002605,0.000863,0.012545,-0.089404,0.048903,0.000131,-0.004058,0.007123,0.047507,0.790764,-0.999999,0.999999,0.170716,-0.821224,0.887696,0.13836,0.594383,-0.9987,1.0,0.148899,-0.228259,0.665141,-0.03678,0.595923,-0.999958,0.999912,-0.014914,-0.503409,0.367995,0.439155,0.671315,-0.999864,1.0,0.822353,-9.1e-05,0.980946,0.948413,0.221192,0.0,1.0,1.0,1.0,1.0,0.051587,0.221192,0.0,1.0,0.0,0.0,0.0
20260711_205630_gydvnp,user3,আ,2026-07-11T14:56:30.248Z,output/user3/আ/আ_20260711_205630_gydvnp.json,output/user3/আ/আ_20260711_205630_gydvnp.png,output/user3/আ/আ_20260711_205630_gydvnp.mp4,198.0,10.0,0.480937,0.333981,0.160624,1.440013,0.550557,0.379598,0.132308,0.103653,0.43339,0.288397,0.730937,0.501209,0.297547,0.212812,1.971725,0.365818,0.185532,9.0,0.222222,0.0,0.212766,0.010009,0.007994,0.000254,0.047772,0.010107,0.002413,0.014854,0.009407,0.007113,0.000254,0.029616,0.009507,0.002377,0.014411,7.4e-05,0.009715,-0.033678,0.027139,0.000417,-0.004389,0.005173,0.898267,0.894377,0.00058,3.130101,0.446931,0.176261,1.60961,19.8,13.883804,4.0,44.0,17.0,7.5,32.25,0.001503,0.007552,-0.034323,0.018678,0.000819,-0.001224,0.00673,0.001075,0.010139,-0.024442,0.04664,0.000165,-0.003181,0.006681,0.020272,0.738613,-0.999979,0.999973,0.056912,-0.720402,0.794577,0.188854,0.646818,-0.999999,1.0,0.242237,-0.292274,0.796107,0.021364,0.56737,-0.999795,0.999695,0.033065,-0.335598,0.393981,0.482275,0.667117,-0.999933,1.0,0.904348,-0.035837,0.985237,0.949495,0.218985,0.0,1.0,1.0,1.0,1.0,0.050505,0.218985,0.0,1.0,0.0,0.0,0.0
20260711_205707_n57400,user3,আ,2026-07-11T14:57:07.290Z,output/user3/আ/আ_20260711_205707_n57400.json,output/user3/আ/আ_20260711_205707_n57400.png,output/user3/আ/আ_20260711_205707_n57400.mp4,157.0,5.0,0.343288,0.203963,0.070018,1.68309,0.57059,0.371416,0.089168,0.064253,0.482204,0.33803,0.683138,0.368014,0.200934,0.029984,1.398337,0.203159,0.145286,4.0,0.312102,0.0,0.164474,0.008964,0.008443,0.000315,0.065446,0.007743,0.003129,0.012282,0.008593,0.007208,0.000315,0.064284,0.007713,0.003089,0.012282,-3.6e-05,0.01052,-0.050122,0.048112,6e-05,-0.004555,0.004286,1.207481,1.031927,0.019948,3.130518,0.830745,0.262239,2.233765,31.4,17.281204,9.0,49.0,41.0,12.0,46.0,0.00128,0.00786,-0.062265,0.021315,0.000827,-0.001377,0.00568,0.000191,0.009339,-0.021042,0.064141,-0.0004,-0.003777,0.003699,-0.04946,0.71709,-0.999861,0.999815,-0.186405,-0.720077,0.67304,0.199648,0.66594,-0.997199,1.0,0.280548,-0.227316,0.828095,-0.001955,0.566954,-0.992487,0.999831,-0.011074,-0.496579,0.45758,0.275463,0.776323,-0.999936,1.0,0.71438,-0.606964,0.967736,0.968153,0.175593,0.0,1.0,1.0,1.0,1.0,0.031847,0.175593,0.0,1.0,0.0,0.0,0.0
20260711_205748_usnulf,user3,আ,2026-07-11T14:57:48.897Z,output/user3/আ/আ_20260711_205748_usnulf.json,output/user3/আ/আ_20260711_205748_usnulf.png,output/user3/আ/আ_20260711_205748_usnulf.mp4,235.0,16.0,0.404714,0.248356,0.100513,1.629572,0.61711,0.401254,0.116184,0.06859,0.496474,0.375628,0.752097,0.432753,0.255623,0.057125,2.359738,0.261928,0.110999,15.0,0.212766,0.0,0.237443,0.010084,0.014453,6.4e-05,0.114732,0.006386,0.002264,0.011806,0.008556,0.011909,6.4e-05,0.114732,0.00569,0.002064,0.010264,8e-06,0.019021,-0.107508,0.094026,-7.5e-05,-0.004392,0.003759,1.092762,0.948276,0.000722,3.131527,0.705896,0.236164,1.892211,14.6875,13.581784,3.0,50.0,8.5,5.0,18.75,0.001088,0.011422,-0.075987,0.099642,0.000387,-0.001561,0.003219,0.000243,0.013325,-0.069289,0.076444,-8.5e-05,-0.003893,0.003168,-0.022199,0.757882,-0.999999,0.999996,-0.08279,-0.802474,0.802223,0.082302,0.646798,-0.999843,1.0,0.089586,-0.392206,0.64479,0.042947,0.604125,-0.999806,0.999973,0.078193,-0.432171,0.496818,0.349555,0.714841,-0.999946,1.0,0.763743,-0.30315,0.972862,0.931915,0.251892,0.0,1.0,1.0,1.0,1.0,0.068085,0.251892,0.0,1.0,0.0,0.0,0.0
20260711_211455_ab7vb3,user4,অ,2026-07-11T15:14:55.509Z,output/user4/অ/অ_20260711_211455_ab7vb3.json,output/user4/অ/অ_20260711_211455_ab7vb3.png,output/user4/অ/অ_20260711_211455_ab7vb3.mp4,535.0,3.0,0.372879,0.261383,0.097464,1.426562,0.574355,0.379929,0.091749,0.082056,0.537399,0.36676,0.742807,0.31287,0.205408,-0.05389,2.189176,0.21236,0.097004,2.0,0.383178,0.0,0.665414,0.0041,0.014065,1.1e-05,0.246017,0.001086,0.000317,0.004697,0.003304,0.005096,1.1e-05,0.041014,0.001082,0.000315,0.004584,2e-06,0.0202,-0.236478,0.245732,-0.000265,-0.003646,0.003752,1.682889,0.932444,0.000705,3.140768,1.737608,0.89974,2.539932,178.333333,34.237731,130.0,205.0,200.0,165.0,202.5,0.000384,0.013131,-0.245036,0.158033,5.6e-05,-0.000289,0.000592,-0.000101,0.006453,-0.030722,0.097416,1.7e-05,-0.000398,0.000843,0.018559,0.741682,-0.999996,0.999951,0.06379,-0.831695,0.776188,0.111905,0.661085,-0.999993,1.0,0.128983,-0.439712,0.744983,0.047878,0.687059,-0.999926,0.999651,0.078358,-0.604538,0.705047,-0.079894,0.720597,-0.999995,1.0,-0.165333,-0.824255,0.637509,0.994393,0.074673,0.0,1.0,1.0,1.0,1.0,0.005607,0.074673,0.0,1.0,0.0,0.0,0.0
20260711_214733_y28o8p,user4,অ,2026-07-11T15:47:33.695Z,output/user4/অ/অ_20260711_214733_y28o8p.json,output/user4/অ/অ_20260711_214733_y28o8p.png,output/user4/অ/অ_20260711_214733_y28o8p.mp4,651.0,4.0,0.382461,0.318547,0.121832,1.200642,0.575401,0.267929,0.112945,0.093096,0.545422,0.256856,0.664814,0.191448,0.119392,-0.065408,2.195791,0.136135,0.061998,3.0,0.669739,0.0,0.746522,0.003378,0.010505,6e-06,0.22268,0.000475,0.00015,0.002179,0.003024,0.006028,6e-06,0.049513,0.000471,0.000149,0.002074,-2e-06,0.015224,-0.221645,0.22115,-0.000135,-0.001337,0.000134,1.694914,0.953875,0.01116,3.139818,1.736761,0.865433,2.55149,162.75,163.771754,7.0,436.0,104.0,59.5,207.25,0.000183,0.00703,-0.142099,0.030647,1.6e-05,-0.0002,0.000269,-0.0001,0.008492,-0.034075,0.171448,-1.4e-05,-0.00029,0.000241,-0.011334,0.745558,-0.999981,0.999992,-0.055317,-0.790703,0.761168,0.063844,0.663269,-0.999887,1.0,0.086629,-0.549574,0.686586,-0.036443,0.671324,-0.999972,0.999842,-0.022034,-0.70631,0.569634,-0.094057,0.734251,-0.999997,1.0,-0.16497,-0.830585,0.658998,0.993856,0.078145,0.0,1.0,1.0,1.0,1.0,0.006144,0.078145,0.0,1.0,0.0,0.0,0.0
20260711_214747_h8ad4n,user4,অ,2026-07-11T15:47:47.213Z,output/user4/অ/অ_20260711_214747_h8ad4n.json,output/user4/অ/অ_20260711_214747_h8ad4n.png,output/user4/অ/অ_20260711_214747_h8ad4n.mp4,556.0,1.0,0.381882,0.307718,0.117512,1.241013,0.511383,0.322425,0.127638,0.098912,0.459212,0.316025,0.487958,0.325604,0.028746,0.009579,1.778017,0.0303,0.017041,0.0,1.0,0.0,0.794595,0.003204,0.006777,4e-06,0.043341,0.000451,0.000153,0.001579,0.003204,0.006777,4e-06,0.043341,0.000451,0.000153,0.001579,-2e-06,0.010077,-0.040637,0.04324,-0.000124,-0.001065,9e-05,1.760283,0.942236,0.02032,3.135774,1.82874,0.915131,2.643935,556.0,0.0,556.0,556.0,556.0,556.0,556.0,5.2e-05,0.004957,-0.025064,0.036026,3e-06,-0.000191,0.000224,1.7e-05,0.005614,-0.039434,0.035735,-6e-06,-0.000275,0.000209,-0.021346,0.731634,-0.999994,0.999999,-0.058215,-0.767869,0.750887,0.003523,0.681345,-0.999969,1.0,0.012049,-0.624698,0.659599,0.023962,0.671591,-0.999986,0.999962,0.042436,-0.598006,0.638902,-0.132863,0.728502,-0.999983,1.0,-0.247949,-0.876958,0.612872,0.998201,0.042371,0.0,1.0,1.0,1.0,1.0,0.001799,0.042371,0.0,1.0,0.0,0.0,0.0
20260711_214802_iotb3d,user4,অ,2026-07-11T15:48:02.538Z,output/user4/অ/অ_20260711_214802_iotb3d.json,output/user4/অ/অ_20260711_214802_iotb3d.png,output/user4/অ/অ_20260711_214802_iotb3d.mp4,459.0,3.0,0.419677,0.185147,0.077702,2.266723,0.487914,0.296108,0.117574,0.05387,0.442881,0.272405,0.613919,0.279803,0.171038,0.007398,1.631226,0.171198,0.10495,2.0,0.522876,0.0,0.745614,0.003562,0.011309,6e-06,0.189197,0.000482,0.000131,0.002155,0.003132,0.007244,6e-06,0.080624,0.000474,0.00013,0.002065,-4e-06,0.016323,-0.188533,0.187911,-0.000151,-0.001483,0.000129,1.780898,0.922627,0.002213,3.141034,1.839627,1.060504,2.633584,153.0,62.498,96.0,240.0,123.0,109.5,181.5,0.000373,0.009346,-0.027452,0.17634,5e-06,-0.000181,0.000222,1.6e-05,0.007266,-0.038555,0.074985,-1.3e-05,-0.000431,0.000223,-0.056487,0.749195,-0.999996,0.999954,-0.116046,-0.84662,0.737471,0.000298,0.659925,-0.999999,1.0,0.031343,-0.619733,0.608375,0.094271,0.675503,-0.999931,0.999942,0.164097,-0.533972,0.741934,-0.151168,0.715491,-0.999996,1.0,-0.262784,-0.871026,0.512796,0.993464,0.080581,0.0,1.0,1.0,1.0,1.0,0.006536,0.080581,0.0,1.0,0.0,0.0,0.0
20260711_214818_1kqyjw,user4,অ,2026-07-11T15:48:18.989Z,output/user4/অ/অ_20260711_214818_1kqyjw.json,output/user4/অ/অ_20260711_214818_1kqyjw.png,output/user4/অ/অ_20260711_214818_1kqyjw.mp4,540.0,1.0,0.30651,0.219535,0.06729,1.396178,0.474008,0.271424,0.097286,0.072716,0.415604,0.281301,0.44196,0.303545,0.026356,0.022244,1.544061,0.034488,0.022336,0.0,1.0,0.0,0.753247,0.002865,0.005759,1e-05,0.038571,0.000347,0.000119,0.001934,0.002865,0.005759,1e-05,0.038571,0.000347,0.000119,0.001934,-2e-06,0.008604,-0.037991,0.03854,-0.000124,-0.001475,6.1e-05,1.75944,0.9193,0.011831,3.137303,1.89373,0.988632,2.566785,540.0,0.0,540.0,540.0,540.0,540.0,540.0,4.9e-05,0.004165,-0.023113,0.026613,-1.6e-05,-0.000236,0.000128,4.1e-05,0.004893,-0.036598,0.031711,-2.2e-05,-0.000391,0.000148,-0.060582,0.735294,-0.999752,0.999997,-0.134747,-0.80142,0.738121,-0.036881,0.674018,-0.999988,1.0,-0.086445,-0.640439,0.584579,0.072583,0.683408,-0.999825,0.999996,0.104141,-0.567536,0.73354,-0.139983,0.712786,-0.99998,1.0,-0.314945,-0.837348,0.560615,0.998148,0.042993,0.0,1.0,1.0,1.0,1.0,0.001852,0.042993,0.0,1.0,0.0,0.0,0.0
20260711_214838_nmfk2j,user4,অ,2026-07-11T15:48:38.039Z,output/user4/অ/অ_20260711_214838_nmfk2j.json,output/user4/অ/অ_20260711_214838_nmfk2j.png,output/user4/অ/অ_20260711_214838_nmfk2j.mp4,760.0,3.0,0.30333,0.190952,0.057921,1.588514,0.357929,0.304452,0.092807,0.063644,0.327982,0.337127,0.515287,0.255626,0.187305,-0.081501,1.986875,0.204268,0.102809,2.0,0.385526,0.0,0.809775,0.002618,0.01134,7e-06,0.231121,0.000362,0.000124,0.001243,0.002092,0.00468,7e-06,0.043104,0.00036,0.000123,0.001241,-1e-06,0.016263,-0.23049,0.231033,-8e-05,-0.000761,8.3e-05,1.766743,0.961789,0.00129,3.140705,1.881827,0.898582,2.670954,253.333333,30.136725,220.0,293.0,247.0,233.5,270.0,0.000246,0.009963,-0.229467,0.127805,2.1e-05,-0.000135,0.000218,-0.000107,0.005995,-0.035142,0.114723,-1.5e-05,-0.000307,0.000143,-0.092972,0.711685,-0.999988,0.999952,-0.123513,-0.829565,0.579105,0.069182,0.692865,-0.999997,1.0,0.111659,-0.557547,0.761066,-0.01477,0.656443,-0.999998,0.999997,-0.003921,-0.627405,0.586513,-0.138096,0.741463,-0.999993,1.0,-0.302592,-0.891266,0.623593,0.996053,0.062704,0.0,1.0,1.0,1.0,1.0,0.003947,0.062704,0.0,1.0,0.0,0.0,0.0
20260711_214856_wh1jdl,user4,অ,2026-07-11T15:48:56.618Z,output/user4/অ/অ_20260711_214856_wh1jdl.json,output/user4/অ/অ_20260711_214856_wh1jdl.png,output/user4/অ/অ_20260711_214856_wh1jdl.mp4,641.0,5.0,0.614726,0.39665,0.243831,1.549795,0.44137,0.243785,0.172851,0.133919,0.419036,0.244257,0.734826,0.105953,0.31579,-0.138304,3.362065,0.344748,0.102541,4.0,0.324493,0.0,0.745283,0.005253,0.024219,2e-06,0.481181,0.000544,0.000148,0.002132,0.004492,0.015271,2e-06,0.330055,0.00054,0.000145,0.002102,-5e-06,0.034755,-0.479735,0.481136,-0.000132,-0.001506,0.000163,1.626681,0.931107,0.0,3.134608,1.723593,0.793283,2.44614,128.2,68.671391,9.0,208.0,133.0,111.0,180.0,0.000493,0.022594,-0.48079,0.271167,1.2e-05,-0.000197,0.000337,-0.000216,0.01012,-0.047092,0.188161,0.0,-0.000336,0.000276,0.000633,0.726086,-0.999995,0.999967,0.0,-0.741863,0.74448,0.094496,0.681069,-0.999998,1.0,0.101503,-0.501873,0.770005,0.001303,0.687526,-0.999952,0.999994,0.006984,-0.685903,0.665334,-0.04091,0.724985,-0.999957,1.0,-0.150266,-0.767694,0.702475,0.9922,0.087974,0.0,1.0,1.0,1.0,1.0,0.0078,0.087974,0.0,1.0,0.0,0.0,0.0
20260711_214912_5jyzoq,user4,অ,2026-07-11T15:49:12.892Z,output/user4/অ/অ_20260711_214912_5jyzoq.json,output/user4/অ/অ_20260711_214912_5jyzoq.png,output/user4/অ/অ_20260711_214912_5jyzoq.mp4,688.0,3.0,0.496224,0.300708,0.149219,1.650186,0.421746,0.250024,0.13974,0.096449,0.365231,0.274541,0.633956,0.194994,0.268725,-0.079547,2.797127,0.280251,0.100193,2.0,0.406977,0.0,0.785401,0.004072,0.016789,9e-06,0.297528,0.000359,0.000118,0.001517,0.00326,0.007482,9e-06,0.066345,0.000351,0.000118,0.001473,0.0,0.024166,-0.295294,0.297106,-0.000102,-0.001044,0.000106,1.746201,0.941635,0.012048,3.130622,1.813835,0.912909,2.613158,229.333333,60.692302,144.0,280.0,264.0,204.0,272.0,0.000391,0.014525,-0.265117,0.233652,2e-06,-0.000146,0.000193,-0.000116,0.009321,-0.037351,0.1842,-7e-06,-0.000278,0.000165,-0.060972,0.73464,-0.999995,0.999992,-0.042283,-0.841555,0.681121,0.030514,0.675012,-0.999963,1.0,0.010259,-0.614862,0.675729,0.057218,0.67441,-0.999997,0.999986,0.068644,-0.570435,0.736771,-0.133695,0.723876,-0.999939,1.0,-0.238633,-0.861267,0.61272,0.99564,0.06589,0.0,1.0,1.0,1.0,1.0,0.00436,0.06589,0.0,1.0,0.0,0.0,0.0
20260711_215025_9ahjj1,user4,অ,2026-07-11T15:50:25.341Z,output/user4/অ/অ_20260711_215025_9ahjj1.json,output/user4/অ/অ_20260711_215025_9ahjj1.png,output/user4/অ/অ_20260711_215025_9ahjj1.mp4,782.0,5.0,0.444573,0.362673,0.161235,1.225823,0.540458,0.243515,0.112001,0.094489,0.555172,0.501156,0.724162,0.159055,0.16899,-0.342101,2.676491,0.381564,0.142561,4.0,0.563939,0.0,0.772201,0.003427,0.014257,4e-06,0.287655,0.000419,0.000102,0.001773,0.003342,0.014193,4e-06,0.287655,0.000419,0.000101,0.001741,-0.000303,0.018707,-0.287476,0.287592,-0.000136,-0.001277,6.3e-05,1.728529,0.922042,0.00369,3.139646,1.808391,0.971475,2.539901,156.4,180.930484,5.0,441.0,29.0,6.0,301.0,0.000216,0.009664,-0.061636,0.235137,-1e-05,-0.000179,0.000249,-0.000437,0.011004,-0.227816,0.165698,-1.8e-05,-0.000316,0.000136,-0.076845,0.701854,-0.999998,0.999319,-0.10345,-0.802114,0.585332,0.008547,0.7081,-0.999992,1.0,-0.071271,-0.672712,0.745286,0.001692,0.691994,-0.999983,0.999973,0.006098,-0.667732,0.693244,-0.117194,0.712302,-0.999994,1.0,-0.23053,-0.824242,0.569591,0.993606,0.079706,0.0,1.0,1.0,1.0,1.0,0.006394,0.079706,0.0,1.0,0.0,0.0,0.0
20260711_215040_totmvz,user4,অ,2026-07-11T15:50:40.861Z,output/user4/অ/অ_20260711_215040_totmvz.json,output/user4/অ/অ_20260711_215040_totmvz.png,output/user4/অ/অ_20260711_215040_totmvz.mp4,516.0,6.0,0.410585,0.317338,0.130294,1.293841,0.482282,0.32729,0.110676,0.098185,0.41056,0.325855,0.661766,0.215669,0.251206,-0.110186,2.298742,0.274309,0.11933,5.0,0.333333,0.0,0.737255,0.004464,0.01464,1e-05,0.239706,0.000555,0.000195,0.002289,0.004077,0.012695,1e-05,0.239706,0.000547,0.000195,0.002261,-2e-06,0.021152,-0.23557,0.239541,-0.000188,-0.001698,0.000208,1.723755,0.96374,0.00497,3.138367,1.805395,0.836922,2.628102,86.0,54.203321,9.0,172.0,92.0,45.0,114.25,0.000487,0.012364,-0.170176,0.198421,1e-05,-0.000288,0.000328,-0.000214,0.008981,-0.039617,0.134492,-2.9e-05,-0.000484,0.00019,-0.091546,0.730799,-0.999986,0.999947,-0.11049,-0.863063,0.672168,0.025254,0.675946,-0.999967,1.0,0.051471,-0.591542,0.658334,-0.000791,0.659885,-0.999998,0.999994,-0.01085,-0.581027,0.605626,-0.107401,0.743637,-0.999991,1.0,-0.229542,-0.870596,0.674174,0.988372,0.107204,0.0,1.0,1.0,1.0,1.0,0.011628,0.107204,0.0,1.0,0.0,0.0,0.0
20260711_215057_m3q3bw,user4,অ,2026-07-11T15:50:57.781Z,output/user4/অ/অ_20260711_215057_m3q3bw.json,output/user4/অ/অ_20260711_215057_m3q3bw.png,output/user4/অ/অ_20260711_215057_m3q3bw.mp4,942.0,3.0,0.364902,0.23018,0.083993,1.58529,0.417155,0.315729,0.107938,0.079528,0.425124,0.308113,0.210419,0.253361,-0.214705,-0.054752,2.178688,0.221576,0.101702,2.0,0.875796,0.0,0.764643,0.002315,0.00551,4e-06,0.109781,0.000447,0.000145,0.001786,0.002183,0.004221,4e-06,0.03208,0.000444,0.000145,0.001757,-5e-06,0.007912,-0.106099,0.10827,-0.000111,-0.001191,0.000113,1.762429,0.94552,0.006661,3.133384,1.883382,0.953491,2.607037,314.0,361.930933,33.0,825.0,84.0,58.5,454.5,-0.000228,0.004456,-0.107122,0.019086,-2e-06,-0.000223,0.000203,-5.8e-05,0.003971,-0.029277,0.029226,3e-06,-0.000256,0.000255,0.023843,0.723483,-0.999999,0.999998,0.014305,-0.723344,0.770382,-0.036381,0.688961,-0.999991,1.0,-0.01262,-0.726522,0.615601,-0.025928,0.670935,-0.999983,0.999988,-0.021435,-0.68089,0.590459,-0.142676,0.72718,-0.999948,1.0,-0.305362,-0.860152,0.587495,0.996815,0.056343,0.0,1.0,1.0,1.0,1.0,0.003185,0.056343,0.0,1.0,0.0,0.0,0.0
20260711_215120_wa3iw4,user4,অ,2026-07-11T15:51:20.891Z,output/user4/অ/অ_20260711_215120_wa3iw4.json,output/user4/অ/অ_20260711_215120_wa3iw4.png,output/user4/অ/অ_20260711_215120_wa3iw4.mp4,801.0,5.0,0.51491,0.322679,0.166151,1.595734,0.403985,0.392897,0.123667,0.097799,0.38395,0.371368,0.640239,0.271196,0.256289,-0.100172,2.609228,0.27517,0.10546,4.0,0.474407,0.0,0.773869,0.003262,0.017456,1e-05,0.407451,0.00051,0.000174,0.001713,0.002435,0.005041,1e-05,0.045027,0.000506,0.000173,0.001641,0.0,0.024928,-0.406706,0.407306,-0.000104,-0.00107,0.000147,1.814376,0.939293,0.003197,3.139789,1.969572,0.935951,2.675954,160.2,117.661209,50.0,380.0,144.0,68.0,159.0,0.00032,0.016469,-0.403836,0.198894,1e-05,-0.000187,0.000267,-0.000125,0.006603,-0.054159,0.147048,-2.9e-05,-0.000419,0.000247,-0.087085,0.747552,-0.99999,0.999998,-0.180921,-0.860635,0.703269,0.046296,0.656833,-0.999998,1.0,0.03175,-0.535049,0.676568,0.037156,0.66411,-0.999989,0.999997,0.053295,-0.605579,0.681777,-0.179709,0.724749,-0.999989,1.0,-0.385991,-0.893215,0.598018,0.993758,0.078761,0.0,1.0,1.0,1.0,1.0,0.006242,0.078761,0.0,1.0,0.0,0.0,0.0
20260711_215140_jzmdn9,user4,অ,2026-07-11T15:51:40.201Z,output/user4/অ/অ_20260711_215140_jzmdn9.json,output/user4/অ/অ_20260711_215140_jzmdn9.png,output/user4/অ/অ_20260711_215140_jzmdn9.mp4,960.0,2.0,0.379049,0.290825,0.110237,1.303358,0.454641,0.473165,0.096716,0.088708,0.408077,0.465603,0.628603,0.414923,0.220526,-0.05068,2.803647,0.226275,0.080707,1.0,0.6125,0.0,0.700418,0.002924,0.008376,1.1e-05,0.22339,0.000864,0.000326,0.002806,0.002693,0.004408,1.1e-05,0.029312,0.000863,0.000325,0.002785,-0.0,0.011936,-0.221965,0.222962,-0.00018,-0.001631,0.000246,1.844905,0.956451,0.001805,3.141152,1.98244,1.014335,2.727897,480.0,108.0,372.0,588.0,480.0,426.0,534.0,0.00023,0.006988,-0.020373,0.19191,-9e-06,-0.000434,0.000403,-5.3e-05,0.005452,-0.026817,0.114341,-3.4e-05,-0.000652,0.000442,-0.045797,0.745253,-0.999997,0.999995,-0.113507,-0.816277,0.732669,0.008179,0.665152,-0.999958,1.0,-0.020341,-0.585762,0.662567,-0.076263,0.647304,-0.999994,0.999987,-0.103656,-0.675722,0.463991,-0.199928,0.731572,-0.999999,1.0,-0.398555,-0.914736,0.534317,0.997917,0.045596,0.0,1.0,1.0,1.0,1.0,0.002083,0.045596,0.0,1.0,0.0,0.0,0.0
20260711_215153_8dj6mi,user4,অ,2026-07-11T15:51:53.722Z,output/user4/অ/অ_20260711_215153_8dj6mi.json,output/user4/অ/অ_20260711_215153_8dj6mi.png,output/user4/অ/অ_20260711_215153_8dj6mi.mp4,570.0,3.0,0.381963,0.200602,0.076623,1.904084,0.404423,0.337541,0.116026,0.067966,0.398485,0.327655,0.360267,0.306101,-0.038218,-0.021554,2.114093,0.043877,0.020755,2.0,0.880702,0.0,0.733686,0.003715,0.009551,8e-06,0.152024,0.000598,0.000179,0.002139,0.003399,0.007137,8e-06,0.056783,0.000588,0.000179,0.002129,-0.0,0.013949,-0.146841,0.151779,-0.000192,-0.00142,6.2e-05,1.832144,0.942317,0.003239,3.136363,2.009122,1.045428,2.655949,190.0,220.913256,20.0,502.0,48.0,34.0,275.0,-6.7e-05,0.007842,-0.143209,0.023105,1.1e-05,-0.000216,0.000424,-3.8e-05,0.006584,-0.033482,0.056262,-1.5e-05,-0.000476,0.000278,-0.043978,0.718023,-0.999829,0.999993,-0.092323,-0.793783,0.710186,0.01337,0.694492,-0.999971,1.0,0.054966,-0.622599,0.698922,0.049768,0.658223,-0.999964,0.999963,0.045832,-0.517303,0.673213,-0.195313,0.725324,-0.999984,1.0,-0.415134,-0.884004,0.52561,0.994737,0.072356,0.0,1.0,1.0,1.0,1.0,0.005263,0.072356,0.0,1.0,0.0,0.0,0.0
20260711_215210_14cuph,user4,অ,2026-07-11T15:52:10.848Z,output/user4/অ/অ_20260711_215210_14cuph.json,output/user4/অ/অ_20260711_215210_14cuph.png,output/user4/অ/অ_20260711_215210_14cuph.mp4,840.0,1.0,0.385914,0.33191,0.128089,1.162707,0.366432,0.284944,0.1067,0.109055,0.339498,0.274957,0.557571,0.214558,0.218073,-0.060399,2.965586,0.226283,0.076303,0.0,1.0,0.0,0.725864,0.003535,0.007115,2e-06,0.055335,0.000546,0.000174,0.002336,0.003535,0.007115,2e-06,0.055335,0.000546,0.000174,0.002336,0.0,0.010606,-0.052101,0.055269,-0.000197,-0.001753,8.6e-05,1.82652,0.956288,0.002009,3.138703,1.960618,1.030367,2.711581,840.0,0.0,840.0,840.0,840.0,840.0,840.0,0.00026,0.004519,-0.029395,0.031429,1e-06,-0.000245,0.00025,-7.2e-05,0.006523,-0.040273,0.055,-0.0,-0.000324,0.000371,-0.027658,0.749013,-0.999986,0.999997,-0.005121,-0.84388,0.756025,0.001097,0.661967,-0.999992,1.0,0.006631,-0.582927,0.581928,-0.02134,0.655579,-0.999995,0.999985,-0.041151,-0.62641,0.558553,-0.190551,0.73036,-0.999986,1.0,-0.378036,-0.90795,0.517475,0.99881,0.034483,0.0,1.0,1.0,1.0,1.0,0.00119,0.034483,0.0,1.0,0.0,0.0,0.0
20260711_215224_s1nefb,user4,অ,2026-07-11T15:52:24.742Z,output/user4/অ/অ_20260711_215224_s1nefb.json,output/user4/অ/অ_20260711_215224_s1nefb.png,output/user4/অ/অ_20260711_215224_s1nefb.mp4,576.0,2.0,0.27337,0.200362,0.054773,1.36438,0.377413,0.377788,0.078272,0.057282,0.375673,0.348669,0.353723,0.330267,-0.02195,-0.018402,1.595901,0.028643,0.017948,1.0,0.763889,0.0,0.770035,0.002775,0.006245,4e-06,0.077401,0.00043,0.00014,0.001711,0.002645,0.005418,4e-06,0.039248,0.000428,0.00014,0.001698,0.0,0.009245,-0.074315,0.0772,-0.000144,-0.001098,7.5e-05,1.760469,0.941878,0.002876,3.1412,1.862659,0.958838,2.641145,288.0,152.0,136.0,440.0,288.0,212.0,364.0,-3.8e-05,0.004447,-0.073142,0.017995,-2e-06,-0.000171,0.000242,-3.2e-05,0.005181,-0.033366,0.039247,-8e-06,-0.00027,0.000249,-0.037013,0.738439,-0.999992,0.999972,-0.077985,-0.807311,0.731909,-0.038902,0.672169,-0.999999,1.0,-0.012538,-0.681997,0.577006,0.00442,0.673541,-0.999962,0.999991,0.004589,-0.623763,0.648268,-0.132606,0.727125,-0.999999,1.0,-0.281535,-0.875751,0.577709,0.996528,0.058823,0.0,1.0,1.0,1.0,1.0,0.003472,0.058823,0.0,1.0,0.0,0.0,0.0
20260711_211553_8q738s,user4,আ,2026-07-11T15:15:53.117Z,output/user4/আ/আ_20260711_211553_8q738s.json,output/user4/আ/আ_20260711_211553_8q738s.png,output/user4/আ/আ_20260711_211553_8q738s.mp4,655.0,4.0,0.411682,0.303766,0.125055,1.35526,0.493532,0.417222,0.127891,0.084981,0.392582,0.451393,0.645987,0.443525,0.253405,-0.007868,3.028982,0.253527,0.0837,3.0,0.381679,0.0,0.660522,0.004631,0.018158,1e-05,0.294046,0.00101,0.00028,0.004707,0.003462,0.00541,1e-05,0.033235,0.001003,0.00028,0.004593,-4e-06,0.026143,-0.292869,0.292057,-0.000286,-0.003835,0.004098,1.696289,0.917875,0.000602,3.137846,1.758483,0.886255,2.527695,163.75,59.617007,83.0,250.0,161.0,133.25,191.5,0.000387,0.014153,-0.292483,0.171144,2.7e-05,-0.000276,0.000753,-1.2e-05,0.012254,-0.244386,0.14408,1.4e-05,-0.000459,0.000694,0.048373,0.756381,-0.999999,0.999999,0.070567,-0.76005,0.840884,0.069261,0.648647,-0.999658,1.0,0.088577,-0.481125,0.687717,0.006724,0.695289,-0.999991,0.999772,0.04466,-0.705063,0.670247,-0.092908,0.712657,-0.999985,1.0,-0.182136,-0.81479,0.636249,0.993893,0.077907,0.0,1.0,1.0,1.0,1.0,0.006107,0.077907,0.0,1.0,0.0,0.0,0.0
20260711_215326_rdw0i7,user4,আ,2026-07-11T15:53:26.454Z,output/user4/আ/আ_20260711_215326_rdw0i7.json,output/user4/আ/আ_20260711_215326_rdw0i7.png,output/user4/আ/আ_20260711_215326_rdw0i7.mp4,875.0,5.0,0.412166,0.301643,0.124327,1.366403,0.564243,0.297388,0.122911,0.088579,0.499298,0.327766,0.664226,0.293406,0.164928,-0.03436,2.914061,0.168469,0.057813,4.0,0.350857,0.0,0.781609,0.003334,0.016394,1e-06,0.271798,0.000413,0.000116,0.001652,0.002706,0.010198,1e-06,0.269489,0.00041,0.000116,0.001589,-1e-06,0.023348,-0.270633,0.271642,-0.000107,-0.001103,8.1e-05,1.657976,0.960146,0.003977,3.139298,1.682374,0.784163,2.540642,175.0,104.207485,19.0,307.0,165.0,115.0,269.0,0.000188,0.012341,-0.269464,0.20206,8e-06,-0.000162,0.000251,-3.9e-05,0.011279,-0.252135,0.181386,-8e-06,-0.000291,0.000228,-0.047323,0.742947,-0.999997,0.999996,-0.091916,-0.818478,0.744937,0.037401,0.666613,-0.999956,1.0,0.040591,-0.580911,0.663535,-0.00333,0.663428,-0.999632,0.999967,0.0,-0.639949,0.620792,-0.059593,0.745833,-0.999996,1.0,-0.111342,-0.822514,0.714769,0.994286,0.075377,0.0,1.0,1.0,1.0,1.0,0.005714,0.075377,0.0,1.0,0.0,0.0,0.0
20260711_215355_gtir0d,user4,আ,2026-07-11T15:53:55.047Z,output/user4/আ/আ_20260711_215355_gtir0d.json,output/user4/আ/আ_20260711_215355_gtir0d.png,output/user4/আ/আ_20260711_215355_gtir0d.mp4,760.0,5.0,0.387593,0.80489,0.31197,0.481548,0.44812,0.30345,0.106498,0.107498,0.394739,0.286986,0.374914,0.975274,-0.019825,0.688288,2.906533,0.688573,0.236905,4.0,0.451316,0.0,0.793377,0.003829,0.02281,4e-06,0.562529,0.000407,0.000124,0.001448,0.003034,0.010297,4e-06,0.220775,0.000399,0.000124,0.001423,-0.0,0.032514,-0.560097,0.561434,-8.5e-05,-0.000998,0.000143,1.787441,0.972652,0.002174,3.137693,1.886755,0.878909,2.698712,152.0,108.627805,7.0,343.0,141.0,115.0,154.0,-2.6e-05,0.009772,-0.187421,0.172699,-1e-05,-0.000219,0.000182,0.000906,0.020927,-0.050869,0.530389,-1.6e-05,-0.000349,0.000136,-0.064064,0.742699,-0.99999,0.99997,-0.104654,-0.824341,0.717682,-0.027463,0.665976,-0.999983,1.0,-0.057195,-0.652958,0.595178,-0.000146,0.648925,-0.999968,0.999976,0.024575,-0.596626,0.586186,-0.155592,0.744753,-0.999979,1.0,-0.304579,-0.903005,0.646048,0.993421,0.080843,0.0,1.0,1.0,1.0,1.0,0.006579,0.080843,0.0,1.0,0.0,0.0,0.0
20260711_215413_4z3pac,user4,আ,2026-07-11T15:54:13.989Z,output/user4/আ/আ_20260711_215413_4z3pac.json,output/user4/আ/আ_20260711_215413_4z3pac.png,output/user4/আ/আ_20260711_215413_4z3pac.mp4,732.0,3.0,0.409787,0.301886,0.123709,1.357423,0.381401,0.311514,0.123216,0.096918,0.363275,0.500115,0.546701,0.457612,0.183426,-0.042503,3.062814,0.188286,0.061475,2.0,0.416667,0.0,0.766804,0.00419,0.017596,9e-06,0.283077,0.000392,0.000142,0.001698,0.003457,0.01067,9e-06,0.228733,0.000392,0.000141,0.00166,-0.000312,0.023836,-0.279974,0.283014,-0.000119,-0.001276,0.000102,1.743949,0.958177,0.000881,3.137095,1.885549,0.897164,2.638925,244.0,49.806291,183.0,305.0,244.0,213.5,274.5,0.000251,0.013987,-0.282931,0.225598,4e-06,-0.000213,0.000211,-5.8e-05,0.011446,-0.22683,0.128164,5e-06,-0.00022,0.000228,0.020853,0.736419,-0.999987,0.999992,0.026625,-0.749296,0.806932,0.032618,0.675407,-0.999974,1.0,0.027986,-0.579388,0.658392,-8.6e-05,0.660428,-0.999854,0.99994,-0.036126,-0.597433,0.599876,-0.129714,0.739583,-0.999986,1.0,-0.304895,-0.876085,0.630661,0.995902,0.063887,0.0,1.0,1.0,1.0,1.0,0.004098,0.063887,0.0,1.0,0.0,0.0,0.0
20260711_215505_noe4fp,user4,আ,2026-07-11T15:55:05.229Z,output/user4/আ/আ_20260711_215505_noe4fp.json,output/user4/আ/আ_20260711_215505_noe4fp.png,output/user4/আ/আ_20260711_215505_noe4fp.mp4,840.0,3.0,0.529754,0.331105,0.175404,1.599958,0.499714,0.342488,0.156944,0.110156,0.414476,0.298288,0.66006,0.518021,0.245584,0.219733,3.495656,0.329536,0.09427,2.0,0.404762,0.0,0.759857,0.004166,0.01736,6e-06,0.345154,0.000429,0.000151,0.001875,0.00339,0.006962,6e-06,0.043417,0.000427,0.000151,0.001838,-5e-06,0.024931,-0.340374,0.345124,-0.000135,-0.001291,0.000119,1.780655,0.961023,0.001675,3.14106,1.970032,0.943251,2.669468,280.0,48.989795,220.0,340.0,280.0,250.0,310.0,0.000292,0.014233,-0.313196,0.231308,1.2e-05,-0.000153,0.000234,0.000262,0.010752,-0.040581,0.256179,-4e-06,-0.000268,0.000285,-0.032335,0.761702,-0.999995,1.0,-0.044843,-0.840709,0.782342,0.030948,0.64637,-0.99999,1.0,0.047012,-0.539628,0.61206,0.028184,0.655871,-0.999983,0.999992,-0.010063,-0.549116,0.648459,-0.158867,0.737412,-0.999999,1.0,-0.38704,-0.890453,0.593228,0.996429,0.059655,0.0,1.0,1.0,1.0,1.0,0.003571,0.059655,0.0,1.0,0.0,0.0,0.0
20260711_215527_oaoi6c,user4,আ,2026-07-11T15:55:27.756Z,output/user4/আ/আ_20260711_215527_oaoi6c.json,output/user4/আ/আ_20260711_215527_oaoi6c.png,output/user4/আ/আ_20260711_215527_oaoi6c.mp4,1234.0,5.0,0.480242,0.378338,0.181694,1.269346,0.494064,0.376972,0.146591,0.124717,0.336054,0.347428,0.660789,0.378747,0.324735,0.031319,4.455684,0.326242,0.073219,4.0,0.388979,0.0,0.770545,0.003614,0.015274,1e-06,0.339056,0.000515,0.000176,0.001711,0.003378,0.013648,1e-06,0.339056,0.000511,0.000176,0.001687,-0.0,0.021872,-0.338064,0.338373,-0.00012,-0.001245,0.000114,1.874154,0.911907,0.0,3.140297,2.076117,1.122795,2.677865,246.8,169.590566,5.0,480.0,295.0,109.0,345.0,0.000263,0.010723,-0.237396,0.225497,1.2e-05,-0.00022,0.000332,2.5e-05,0.011451,-0.314088,0.152781,-5e-06,-0.000311,0.000257,-0.003314,0.72895,-0.999988,0.999994,-0.020275,-0.752946,0.740929,0.040993,0.683321,-0.999977,1.0,0.051548,-0.593639,0.701877,0.016013,0.671559,-0.999978,0.999998,0.031204,-0.635106,0.675517,-0.231483,0.703665,-0.999997,1.0,-0.483232,-0.894328,0.437261,0.995948,0.063525,0.0,1.0,1.0,1.0,1.0,0.004052,0.063525,0.0,1.0,0.0,0.0,0.0
20260711_215554_41w3p4,user4,আ,2026-07-11T15:55:54.029Z,output/user4/আ/আ_20260711_215554_41w3p4.json,output/user4/আ/আ_20260711_215554_41w3p4.png,output/user4/আ/আ_20260711_215554_41w3p4.mp4,1344.0,3.0,0.526678,0.41795,0.220125,1.260146,0.470413,0.387607,0.155444,0.137739,0.323906,0.376101,0.680318,0.631761,0.356412,0.25566,3.987308,0.438625,0.110005,2.0,0.640625,0.0,0.793438,0.002969,0.010776,8e-06,0.331619,0.000455,0.000138,0.001626,0.00272,0.005972,8e-06,0.049124,0.00045,0.000138,0.001623,-1e-06,0.015461,-0.329176,0.331016,-0.000113,-0.000998,0.000128,1.80254,0.94385,0.00347,3.14144,1.919754,0.991024,2.666354,448.0,351.007122,3.0,861.0,480.0,241.5,670.5,0.000265,0.008122,-0.032503,0.262725,-2e-06,-0.000242,0.000162,0.00019,0.007666,-0.041762,0.202353,8e-06,-0.000256,0.000296,0.028759,0.735704,-0.999999,0.999982,0.047974,-0.744598,0.790795,0.008221,0.676633,-0.999991,1.0,-0.008156,-0.616507,0.665576,0.022739,0.667276,-0.999955,0.999996,0.007014,-0.583863,0.662838,-0.171108,0.724516,-0.999995,1.0,-0.33613,-0.888749,0.551744,0.997768,0.047193,0.0,1.0,1.0,1.0,1.0,0.002232,0.047193,0.0,1.0,0.0,0.0,0.0
20260711_215623_q6sua3,user4,আ,2026-07-11T15:56:23.203Z,output/user4/আ/আ_20260711_215623_q6sua3.json,output/user4/আ/আ_20260711_215623_q6sua3.png,output/user4/আ/আ_20260711_215623_q6sua3.mp4,828.0,4.0,0.530437,0.304324,0.161425,1.743001,0.467108,0.395046,0.158892,0.08547,0.279595,0.348826,0.696268,0.59221,0.416673,0.243384,3.150758,0.482548,0.153153,3.0,0.31401,0.0,0.748786,0.00381,0.015228,4e-06,0.34934,0.000526,0.000194,0.002144,0.003139,0.006643,4e-06,0.052164,0.000525,0.000192,0.00204,1.3e-05,0.02177,-0.348589,0.349263,-0.000127,-0.001332,0.000216,1.746563,0.934106,0.002653,3.138409,1.87573,0.952145,2.587818,207.0,48.774994,128.0,260.0,220.0,191.0,236.0,0.000503,0.012779,-0.190965,0.286428,7e-06,-0.000262,0.000299,0.000294,0.009081,-0.042354,0.199994,-7e-06,-0.000385,0.000295,-0.03654,0.729705,-0.999997,0.999999,-0.036664,-0.80278,0.701254,0.024689,0.682332,-0.999986,1.0,0.042762,-0.605717,0.694847,-0.04115,0.674834,-0.999995,0.999995,-0.063795,-0.680987,0.580965,-0.135305,0.724278,-0.999987,1.0,-0.298076,-0.849154,0.588873,0.995169,0.069337,0.0,1.0,1.0,1.0,1.0,0.004831,0.069337,0.0,1.0,0.0,0.0,0.0
20260711_215646_y25z4x,user4,আ,2026-07-11T15:56:46.439Z,output/user4/আ/আ_20260711_215646_y25z4x.json,output/user4/আ/আ_20260711_215646_y25z4x.png,output/user4/আ/আ_20260711_215646_y25z4x.mp4,818.0,5.0,0.468841,0.365285,0.171261,1.283494,0.563209,0.402118,0.131632,0.087651,0.286875,0.341819,0.733592,0.468581,0.446717,0.126762,3.944701,0.464354,0.117716,4.0,0.314181,0.0,0.719557,0.004828,0.018085,7e-06,0.339514,0.000758,0.000225,0.002334,0.004094,0.01181,7e-06,0.270112,0.000742,0.000225,0.002319,-1e-06,0.025826,-0.337034,0.339131,-0.000178,-0.001584,0.000232,1.832676,0.944961,0.014873,3.136838,2.013201,1.037508,2.698539,163.6,58.650149,101.0,257.0,167.0,102.0,191.0,0.000546,0.012154,-0.187763,0.205439,1.3e-05,-0.000253,0.000405,0.000155,0.014209,-0.236389,0.270305,2e-05,-0.000392,0.000516,0.031068,0.756202,-0.999999,0.999996,0.087128,-0.767654,0.810551,0.026483,0.653057,-0.999958,1.0,0.060801,-0.599268,0.618664,-0.012893,0.659264,-0.999988,0.999986,-0.009569,-0.658125,0.588703,-0.19229,0.726782,-0.999976,1.0,-0.423733,-0.903112,0.511439,0.993888,0.077943,0.0,1.0,1.0,1.0,1.0,0.006112,0.077943,0.0,1.0,0.0,0.0,0.0
20260711_215701_i0we24,user4,আ,2026-07-11T15:57:01.697Z,output/user4/আ/আ_20260711_215701_i0we24.json,output/user4/আ/আ_20260711_215701_i0we24.png,output/user4/আ/আ_20260711_215701_i0we24.mp4,682.0,8.0,0.471564,0.295859,0.139516,1.593881,0.533564,0.418413,0.132853,0.095336,0.261334,0.344468,0.701772,0.559771,0.440438,0.215303,3.225101,0.490246,0.152009,7.0,0.382698,0.0,0.704748,0.004736,0.010374,1e-05,0.128183,0.000737,0.000223,0.002846,0.004397,0.009016,1e-05,0.071614,0.000716,0.000218,0.002764,-1e-06,0.015264,-0.121875,0.128084,-0.000177,-0.001961,0.000177,1.752822,0.967635,0.001744,3.141165,1.901077,0.871699,2.643239,85.25,88.165682,3.0,261.0,64.0,8.5,131.0,0.000646,0.008543,-0.127304,0.064088,9e-06,-0.000311,0.000432,0.000316,0.007508,-0.049136,0.0685,1e-06,-0.000426,0.000409,-0.000779,0.732825,-0.999839,0.999995,0.008747,-0.766141,0.75489,0.019698,0.680125,-0.999953,1.0,0.041744,-0.630521,0.682967,-0.064619,0.65581,-0.999996,0.999996,-0.097801,-0.691831,0.525277,-0.133169,0.740261,-0.999998,1.0,-0.320075,-0.876689,0.64967,0.98827,0.107669,0.0,1.0,1.0,1.0,1.0,0.01173,0.107669,0.0,1.0,0.0,0.0,0.0
20260711_215719_fym8k2,user4,আ,2026-07-11T15:57:19.563Z,output/user4/আ/আ_20260711_215719_fym8k2.json,output/user4/আ/আ_20260711_215719_fym8k2.png,output/user4/আ/আ_20260711_215719_fym8k2.mp4,928.0,3.0,0.534549,0.340282,0.181897,1.5709,0.49548,0.378988,0.14266,0.099112,0.340632,0.368549,0.663943,0.317691,0.323311,-0.050858,4.159476,0.327287,0.078685,2.0,0.357759,0.0,0.762162,0.004487,0.021615,5e-06,0.546758,0.000458,0.000138,0.001773,0.003577,0.00723,5e-06,0.052607,0.000457,0.000138,0.001744,-3e-06,0.031036,-0.546384,0.546726,-0.000142,-0.001264,7.9e-05,1.761295,0.961642,1.6e-05,3.14054,1.884452,0.917197,2.646458,309.333333,29.272665,268.0,332.0,328.0,298.0,330.0,0.000348,0.017407,-0.442171,0.23106,1e-06,-0.000202,0.000225,-5.5e-05,0.013553,-0.321604,0.198111,1e-05,-0.000324,0.000291,0.012538,0.734565,-0.999998,1.0,0.031875,-0.718141,0.795208,0.020089,0.678116,-0.999977,1.0,0.002045,-0.617326,0.699256,0.009441,0.658743,-0.999981,0.999996,0.003589,-0.612446,0.623746,-0.137612,0.739599,-0.999987,1.0,-0.301899,-0.879864,0.610518,0.996767,0.056765,0.0,1.0,1.0,1.0,1.0,0.003233,0.056765,0.0,1.0,0.0,0.0,0.0
20260711_215732_e3wli4,user4,আ,2026-07-11T15:57:32.879Z,output/user4/আ/আ_20260711_215732_e3wli4.json,output/user4/আ/আ_20260711_215732_e3wli4.png,output/user4/আ/আ_20260711_215732_e3wli4.mp4,585.0,6.0,0.583719,0.330354,0.192834,1.76695,0.440986,0.349032,0.18075,0.09254,0.356808,0.319059,0.733374,0.472819,0.376566,0.15376,2.736484,0.406748,0.148639,5.0,0.437607,0.0,0.727116,0.004686,0.012702,8e-06,0.229871,0.000619,0.000181,0.00231,0.004033,0.00791,8e-06,0.058876,0.000608,0.00018,0.00226,-2e-06,0.018688,-0.228581,0.22954,-0.000216,-0.001856,0.000114,1.743839,0.985453,0.000191,3.140961,1.947951,0.859473,2.638723,97.5,93.5,3.0,256.0,70.0,15.25,159.25,0.000644,0.010869,-0.229825,0.05929,2.1e-05,-0.000163,0.000366,0.000263,0.008024,-0.041467,0.058555,2e-06,-0.000442,0.000388,0.009881,0.776526,-0.999916,0.999998,0.02349,-0.858677,0.818241,0.053413,0.627732,-0.999892,1.0,0.085907,-0.484326,0.60066,0.022527,0.639225,-0.999958,0.999769,0.013184,-0.549322,0.613375,-0.130756,0.757474,-0.999998,1.0,-0.362906,-0.87573,0.657388,0.989744,0.100753,0.0,1.0,1.0,1.0,1.0,0.010256,0.100753,0.0,1.0,0.0,0.0,0.0
20260711_215746_pw5glc,user4,আ,2026-07-11T15:57:46.710Z,output/user4/আ/আ_20260711_215746_pw5glc.json,output/user4/আ/আ_20260711_215746_pw5glc.png,output/user4/আ/আ_20260711_215746_pw5glc.mp4,827.0,1.0,0.495686,0.271203,0.134432,1.827731,0.447648,0.338601,0.151851,0.082712,0.353961,0.320387,0.669971,0.456737,0.31601,0.13635,2.535838,0.344171,0.135723,0.0,1.0,0.0,0.74092,0.00307,0.005945,9e-06,0.041865,0.000492,0.000163,0.002133,0.00307,0.005945,9e-06,0.041865,0.000492,0.000163,0.002133,-1e-06,0.008857,-0.041039,0.041496,-0.000149,-0.001489,9.6e-05,1.790042,0.944876,0.010326,3.141541,1.903708,0.999091,2.655637,827.0,0.0,827.0,827.0,827.0,827.0,827.0,0.000382,0.003611,-0.030285,0.022424,2e-05,-0.00022,0.000354,0.000165,0.005612,-0.036335,0.039126,-1.7e-05,-0.000345,0.0002,-0.058521,0.72808,-0.999967,1.0,-0.103811,-0.819811,0.678536,0.066042,0.679781,-0.999983,1.0,0.117669,-0.550061,0.721986,0.022876,0.665093,-0.999964,0.999967,0.046196,-0.570416,0.666186,-0.164899,0.727952,-0.999999,1.0,-0.325312,-0.884162,0.544045,0.998791,0.034752,0.0,1.0,1.0,1.0,1.0,0.001209,0.034752,0.0,1.0,0.0,0.0,0.0
20260711_215803_gtb1nz,user4,আ,2026-07-11T15:58:03.072Z,output/user4/আ/আ_20260711_215803_gtb1nz.json,output/user4/আ/আ_20260711_215803_gtb1nz.png,output/user4/আ/আ_20260711_215803_gtb1nz.mp4,964.0,2.0,0.443383,0.264187,0.117136,1.678292,0.464193,0.296881,0.13497,0.082508,0.603044,0.261153,0.623916,0.460831,0.020872,0.199678,2.545007,0.200766,0.078886,1.0,0.987552,0.0,0.77027,0.002643,0.005431,3e-06,0.042878,0.000566,0.000195,0.00175,0.002627,0.005411,3e-06,0.042878,0.000566,0.000195,0.001748,-1e-06,0.007925,-0.039516,0.042869,-0.00013,-0.000988,0.000172,1.807144,0.966502,7.6e-05,3.141511,1.899216,0.975994,2.711683,482.0,470.0,12.0,952.0,482.0,247.0,717.0,2.2e-05,0.003891,-0.042695,0.018243,2.2e-05,-0.000196,0.000338,0.000207,0.004611,-0.031681,0.039607,1.1e-05,-0.000302,0.000421,0.027168,0.754648,-1.0,0.999996,0.080679,-0.781869,0.809995,0.052764,0.653432,-1.0,1.0,0.089586,-0.516786,0.66034,0.000975,0.652753,-0.999981,0.999994,0.00833,-0.576367,0.603068,-0.167653,0.738771,-0.999998,1.0,-0.318276,-0.908956,0.567342,0.997925,0.045501,0.0,1.0,1.0,1.0,1.0,0.002075,0.045501,0.0,1.0,0.0,0.0,0.0
20260711_215826_09me7o,user4,আ,2026-07-11T15:58:26.604Z,output/user4/আ/আ_20260711_215826_09me7o.json,output/user4/আ/আ_20260711_215826_09me7o.png,output/user4/আ/আ_20260711_215826_09me7o.mp4,1680.0,2.0,0.528551,0.320234,0.16926,1.650515,0.524439,0.336619,0.136577,0.079561,0.65171,0.267737,0.576892,0.282406,-0.074818,0.014669,3.71385,0.076242,0.020529,1.0,0.809524,0.0,0.774732,0.002212,0.004445,6e-06,0.039619,0.000521,0.000172,0.001663,0.002208,0.004443,6e-06,0.039619,0.00052,0.000172,0.00166,-2e-06,0.006453,-0.038301,0.039554,-0.000128,-0.001065,0.000141,1.807325,0.94681,0.002166,3.141056,1.950346,0.982153,2.661534,840.0,520.0,320.0,1360.0,840.0,580.0,1100.0,-4.5e-05,0.003306,-0.039158,0.024855,1e-06,-0.000226,0.000222,9e-06,0.003702,-0.026585,0.028399,-1.3e-05,-0.000363,0.000322,-0.02693,0.780788,-0.999997,0.999995,-0.072474,-0.866152,0.808431,-0.003752,0.624196,-0.999992,1.0,0.013386,-0.557742,0.53463,0.029614,0.664717,-0.999979,0.999972,0.047411,-0.592668,0.653523,-0.175394,0.725597,-0.999999,1.0,-0.368154,-0.886585,0.557385,0.99881,0.034483,0.0,1.0,1.0,1.0,1.0,0.00119,0.034483,0.0,1.0,0.0,0.0,0.0
20260711_215850_2a6qfe,user4,আ,2026-07-11T15:58:50.585Z,output/user4/আ/আ_20260711_215850_2a6qfe.json,output/user4/আ/আ_20260711_215850_2a6qfe.png,output/user4/আ/আ_20260711_215850_2a6qfe.mp4,1385.0,7.0,0.594049,0.376013,0.22337,1.579863,0.615941,0.361262,0.169074,0.112223,0.434844,0.344063,0.708417,0.466145,0.273573,0.122082,5.01737,0.299577,0.059708,6.0,0.364621,0.0,0.751814,0.003625,0.010012,3e-06,0.206093,0.000477,0.000155,0.002009,0.003349,0.007991,3e-06,0.14992,0.000475,0.000154,0.001976,-1e-06,0.014503,-0.204958,0.205784,-0.000157,-0.0014,0.00011,1.808652,0.938255,0.003272,3.140819,1.973975,0.988965,2.671936,197.857143,202.46582,3.0,505.0,80.0,29.5,369.0,0.000198,0.007482,-0.035979,0.18726,-1.3e-05,-0.000253,0.000186,8.8e-05,0.007568,-0.049448,0.096785,-7e-06,-0.000372,0.000257,-0.035782,0.76201,-0.999999,0.999993,-0.038433,-0.836281,0.781066,-0.031636,0.645793,-0.999999,1.0,-0.050419,-0.602958,0.541241,0.011199,0.66798,-0.999994,0.999992,-0.014284,-0.618632,0.647462,-0.177637,0.722564,-0.999997,1.0,-0.391094,-0.890576,0.555274,0.994946,0.070913,0.0,1.0,1.0,1.0,1.0,0.005054,0.070913,0.0,1.0,0.0,0.0,0.0
20260711_211613_pni7yl,user4,ই,2026-07-11T15:16:13.617Z,output/user4/ই/ই_20260711_211613_pni7yl.json,output/user4/ই/ই_20260711_211613_pni7yl.png,output/user4/ই/ই_20260711_211613_pni7yl.mp4,428.0,3.0,0.34662,0.480217,0.166453,0.721799,0.470893,0.404514,0.081814,0.104711,0.375876,0.400576,0.33751,0.226254,-0.038366,-0.174322,1.918541,0.178494,0.093036,2.0,0.507009,0.0,0.684706,0.004493,0.016542,1e-05,0.275648,0.000809,0.000306,0.004865,0.003456,0.005759,1e-05,0.057369,0.000808,0.000305,0.004779,-5e-06,0.023911,-0.274539,0.273237,-0.00019,-0.004077,0.004319,1.647404,0.92344,0.002417,3.135071,1.700974,0.779964,2.474615,142.666667,52.563189,105.0,217.0,106.0,105.5,161.5,-9e-05,0.009797,-0.173276,0.027392,1.3e-05,-0.00042,0.00052,-0.000407,0.014035,-0.27283,0.057288,0.0,-0.00048,0.000587,-0.040867,0.708798,-0.999902,0.999961,0.000803,-0.77052,0.643306,0.028311,0.703652,-0.999997,1.0,0.05536,-0.686432,0.726104,0.00637,0.685369,-0.999678,0.999995,0.0,-0.649758,0.656456,-0.053859,0.726163,-0.999976,1.0,-0.125505,-0.784296,0.715579,0.992991,0.083428,0.0,1.0,1.0,1.0,1.0,0.007009,0.083428,0.0,1.0,0.0,0.0,0.0
20260711_211631_omhqof,user4,ই,2026-07-11T15:16:31.202Z,output/user4/ই/ই_20260711_211631_omhqof.json,output/user4/ই/ই_20260711_211631_omhqof.png,output/user4/ই/ই_20260711_211631_omhqof.mp4,474.0,3.0,0.473601,0.484861,0.229631,0.976777,0.469836,0.443771,0.110659,0.104476,0.328983,0.465086,0.240718,0.187032,-0.088265,-0.278054,2.682426,0.291727,0.108755,2.0,0.622363,0.0,0.649682,0.005671,0.019396,2e-06,0.303531,0.000953,0.000365,0.006666,0.004498,0.007098,2e-06,0.044306,0.000949,0.000365,0.006386,-2.2e-05,0.028256,-0.300862,0.302833,-0.000274,-0.005177,0.005595,1.606869,0.900697,0.001189,3.135254,1.581054,0.845541,2.433581,158.0,96.915771,86.0,295.0,93.0,89.5,194.0,-0.000186,0.016055,-0.260043,0.035854,5.2e-05,-0.000284,0.000785,-0.000587,0.012223,-0.244711,0.023321,-2e-06,-0.000579,0.000557,-0.035341,0.699034,-0.999878,0.999899,-0.009944,-0.750455,0.660997,0.082449,0.709433,-0.999999,1.0,0.139126,-0.607576,0.760529,0.048524,0.705534,-0.999999,0.999969,0.124637,-0.647653,0.748289,-0.024268,0.706583,-0.999975,1.0,-0.008339,-0.758127,0.664884,0.993671,0.079304,0.0,1.0,1.0,1.0,1.0,0.006329,0.079304,0.0,1.0,0.0,0.0,0.0
20260711_215916_5xq3ym,user4,ই,2026-07-11T15:59:16.067Z,output/user4/ই/ই_20260711_215916_5xq3ym.json,output/user4/ই/ই_20260711_215916_5xq3ym.png,output/user4/ই/ই_20260711_215916_5xq3ym.mp4,802.0,9.0,0.485349,0.574492,0.278829,0.844832,0.445115,0.355316,0.125673,0.134218,0.239066,0.336697,0.22866,0.155154,-0.010406,-0.181543,3.210417,0.181841,0.056641,8.0,0.372818,0.0,0.755359,0.004008,0.013239,2e-06,0.314939,0.000548,0.000148,0.001964,0.003634,0.007411,2e-06,0.049029,0.000545,0.000144,0.001944,-0.0,0.019204,-0.314458,0.314849,-0.000163,-0.001353,0.000121,1.799796,0.940965,0.001943,3.141129,1.964931,0.98802,2.65451,89.111111,112.95077,4.0,299.0,17.0,6.0,159.0,-1.3e-05,0.006383,-0.056428,0.047836,-1.4e-05,-0.000299,0.000203,-0.000226,0.01226,-0.309843,0.046167,-1.7e-05,-0.000372,0.000261,-0.054458,0.716734,-0.999998,0.99997,-0.077621,-0.795833,0.682519,-0.043668,0.693834,-0.999996,1.0,-0.098935,-0.715923,0.630776,0.030135,0.664831,-0.99998,0.999983,0.056613,-0.600399,0.64054,-0.175506,0.725439,-0.999999,1.0,-0.375204,-0.882947,0.557555,0.988778,0.105338,0.0,1.0,1.0,1.0,1.0,0.011222,0.105338,0.0,1.0,0.0,0.0,0.0
20260711_215928_ckxbi5,user4,ই,2026-07-11T15:59:28.475Z,output/user4/ই/ই_20260711_215928_ckxbi5.json,output/user4/ই/ই_20260711_215928_ckxbi5.png,output/user4/ই/ই_20260711_215928_ckxbi5.mp4,519.0,2.0,0.42658,0.576531,0.245937,0.739908,0.432704,0.330024,0.106938,0.130795,0.247979,0.329828,0.252325,0.097379,0.004346,-0.232449,2.580751,0.23249,0.090086,1.0,0.768786,0.0,0.729207,0.004982,0.018323,9e-06,0.370523,0.000617,0.000192,0.00244,0.004275,0.008799,9e-06,0.063596,0.000614,0.000192,0.002403,-2e-06,0.026556,-0.370277,0.370319,-0.000129,-0.001593,0.000139,1.765714,0.944571,0.018099,3.1387,1.804076,0.972494,2.625301,259.5,139.5,120.0,399.0,259.5,189.75,329.25,8e-06,0.008363,-0.089527,0.049816,0.0,-0.000348,0.000298,-0.000448,0.017021,-0.359544,0.045318,-1.8e-05,-0.000414,0.000321,-0.03274,0.73033,-0.999991,0.999997,-0.053322,-0.785579,0.756856,0.009607,0.682235,-0.999948,1.0,0.002538,-0.600741,0.663328,0.021171,0.672921,-0.999952,0.999986,0.035481,-0.611593,0.628014,-0.140645,0.725899,-0.999995,1.0,-0.228905,-0.869475,0.574891,0.996146,0.061957,0.0,1.0,1.0,1.0,1.0,0.003854,0.061957,0.0,1.0,0.0,0.0,0.0
20260711_215945_ovgs11,user4,ই,2026-07-11T15:59:45.425Z,output/user4/ই/ই_20260711_215945_ovgs11.json,output/user4/ই/ই_20260711_215945_ovgs11.png,output/user4/ই/ই_20260711_215945_ovgs11.mp4,767.0,3.0,0.402264,0.488956,0.196689,0.8227,0.420463,0.315294,0.092692,0.12077,0.269691,0.314967,0.409991,0.261498,0.1403,-0.053469,2.824034,0.150143,0.053166,2.0,0.404172,0.0,0.759162,0.003687,0.013006,2e-06,0.276809,0.000555,0.000179,0.001909,0.003115,0.006038,2e-06,0.045213,0.000552,0.000178,0.001902,3e-06,0.018837,-0.276134,0.276588,-0.000199,-0.001277,0.000144,1.733974,0.937022,0.004374,3.138136,1.852108,0.874647,2.606155,255.666667,76.132925,148.0,310.0,309.0,228.5,309.5,0.000183,0.008329,-0.166675,0.044968,-2e-06,-0.00022,0.000299,-7e-05,0.010635,-0.267483,0.034267,2.1e-05,-0.000267,0.000465,0.045587,0.736203,-0.999998,0.999962,0.093324,-0.706861,0.780015,-0.007875,0.67517,-0.999318,1.0,-0.006211,-0.670678,0.628734,0.015073,0.673479,-0.999991,0.999998,0.051834,-0.639864,0.668713,-0.120142,0.729207,-0.999993,1.0,-0.274556,-0.85856,0.647688,0.996089,0.062418,0.0,1.0,1.0,1.0,1.0,0.003911,0.062418,0.0,1.0,0.0,0.0,0.0
20260711_215959_axw0jl,user4,ই,2026-07-11T15:59:59.543Z,output/user4/ই/ই_20260711_215959_axw0jl.json,output/user4/ই/ই_20260711_215959_axw0jl.png,output/user4/ই/ই_20260711_215959_axw0jl.mp4,604.0,5.0,0.482832,0.59653,0.288024,0.809401,0.431661,0.364368,0.117756,0.15398,0.299218,0.361644,0.316131,0.188799,0.016913,-0.172845,2.876198,0.173671,0.060382,4.0,0.410596,0.0,0.739566,0.00477,0.017271,9e-06,0.347555,0.00062,0.000171,0.002218,0.003906,0.008174,9e-06,0.058819,0.000613,0.000171,0.002191,-2e-06,0.025018,-0.346464,0.347447,-0.000143,-0.001619,0.000127,1.780941,0.953178,0.008937,3.138772,1.8752,0.96169,2.675313,120.8,82.683493,11.0,248.0,124.0,57.0,164.0,2.8e-05,0.010697,-0.148353,0.044118,1e-06,-0.000233,0.000423,-0.000286,0.014353,-0.320639,0.052323,7e-06,-0.000302,0.000335,-0.008707,0.716227,-0.999909,0.999984,0.013527,-0.760677,0.692651,0.020032,0.697519,-0.999984,1.0,0.012136,-0.638841,0.713068,-0.015617,0.666567,-0.999772,0.999893,-0.047246,-0.611596,0.621735,-0.145826,0.730862,-0.999995,1.0,-0.293426,-0.891432,0.575334,0.991722,0.090607,0.0,1.0,1.0,1.0,1.0,0.008278,0.090607,0.0,1.0,0.0,0.0,0.0
20260711_220013_x16qxh,user4,ই,2026-07-11T16:00:13.923Z,output/user4/ই/ই_20260711_220013_x16qxh.json,output/user4/ই/ই_20260711_220013_x16qxh.png,output/user4/ই/ই_20260711_220013_x16qxh.mp4,504.0,6.0,0.469429,0.445942,0.209338,1.052668,0.45108,0.392979,0.107268,0.105788,0.303777,0.363448,0.233963,0.270847,-0.069814,-0.092601,2.610601,0.11597,0.044423,5.0,0.412698,0.0,0.738956,0.00519,0.017604,1.2e-05,0.311012,0.000675,0.000181,0.002263,0.00441,0.010969,1.2e-05,0.161163,0.000651,0.000178,0.002168,7e-06,0.025479,-0.310438,0.310385,-0.000227,-0.001343,0.000138,1.749966,0.925107,0.001917,3.133206,1.829601,0.979781,2.573231,84.0,73.9076,3.0,208.0,75.0,17.25,127.5,-0.000139,0.010579,-0.160035,0.043578,3e-06,-0.000298,0.000338,-0.000184,0.014973,-0.303151,0.059133,-1.7e-05,-0.000573,0.000308,-0.028096,0.751011,-0.999974,0.999985,-0.052425,-0.824431,0.769229,0.023497,0.659266,-0.999983,1.0,0.036765,-0.573591,0.641415,-0.019564,0.683178,-0.999835,0.999985,-0.033954,-0.69816,0.667925,-0.134762,0.71743,-0.999954,1.0,-0.254533,-0.834744,0.567047,0.988095,0.108458,0.0,1.0,1.0,1.0,1.0,0.011905,0.108458,0.0,1.0,0.0,0.0,0.0
20260711_220027_1j40u6,user4,ই,2026-07-11T16:00:27.650Z,output/user4/ই/ই_20260711_220027_1j40u6.json,output/user4/ই/ই_20260711_220027_1j40u6.png,output/user4/ই/ই_20260711_220027_1j40u6.mp4,617.0,3.0,0.418101,0.479262,0.20038,0.872385,0.414653,0.378701,0.106541,0.106786,0.344316,0.426414,0.198018,0.201928,-0.146298,-0.224486,2.820838,0.26795,0.094989,2.0,0.811994,0.0,0.680782,0.004579,0.017371,1.7e-05,0.388621,0.000769,0.000284,0.00303,0.003888,0.00771,1.7e-05,0.0535,0.000764,0.000283,0.00302,-3e-06,0.024994,-0.387729,0.387764,-0.000219,-0.002259,0.000299,1.822811,0.973754,0.009521,3.139939,2.004836,0.95076,2.724638,205.666667,208.838587,56.0,501.0,60.0,58.0,280.5,-0.000237,0.007625,-0.077512,0.052704,-2.4e-05,-0.000582,0.000306,-0.000364,0.016245,-0.380813,0.038179,-3.2e-05,-0.000467,0.000385,-0.045766,0.717582,-0.999935,0.999977,-0.070217,-0.772079,0.713267,-0.055983,0.692705,-0.999991,1.0,-0.087969,-0.757909,0.603806,0.022237,0.6471,-0.999988,0.999854,0.013105,-0.532291,0.618562,-0.181974,0.740026,-0.999997,1.0,-0.417775,-0.914065,0.587609,0.995138,0.06956,0.0,1.0,1.0,1.0,1.0,0.004862,0.06956,0.0,1.0,0.0,0.0,0.0
20260711_220043_yyhe4o,user4,ই,2026-07-11T16:00:43.271Z,output/user4/ই/ই_20260711_220043_yyhe4o.json,output/user4/ই/ই_20260711_220043_yyhe4o.png,output/user4/ই/ই_20260711_220043_yyhe4o.mp4,685.0,4.0,0.383759,0.539926,0.207201,0.710762,0.465787,0.385756,0.094056,0.130844,0.31878,0.339382,0.489926,0.452211,0.171146,0.112829,3.019578,0.204991,0.067887,3.0,0.70365,0.0,0.707783,0.004415,0.017081,5e-06,0.321973,0.000752,0.000223,0.002775,0.003996,0.014013,5e-06,0.321973,0.00074,0.00022,0.002635,0.00047,0.020875,-0.256361,0.321756,-0.000155,-0.001857,0.00021,1.762848,0.980734,0.001801,3.141337,1.865224,0.895368,2.674031,171.25,185.818964,4.0,482.0,99.5,45.25,225.5,0.00025,0.009642,-0.049473,0.183105,3e-06,-0.000322,0.000337,0.000165,0.014756,-0.247827,0.264838,-7e-06,-0.000477,0.000454,0.010842,0.751337,-0.99996,0.999992,-0.020651,-0.76042,0.813327,-0.002782,0.659817,-0.999994,1.0,0.016127,-0.629581,0.603338,0.0112,0.652239,-0.999982,0.999855,0.000529,-0.563523,0.580892,-0.134154,0.745951,-0.999999,1.0,-0.280359,-0.892032,0.634228,0.994161,0.076193,0.0,1.0,1.0,1.0,1.0,0.005839,0.076193,0.0,1.0,0.0,0.0,0.0
20260711_220058_6cy90j,user4,ই,2026-07-11T16:00:58.080Z,output/user4/ই/ই_20260711_220058_6cy90j.json,output/user4/ই/ই_20260711_220058_6cy90j.png,output/user4/ই/ই_20260711_220058_6cy90j.mp4,694.0,4.0,0.447535,0.537678,0.24063,0.832348,0.394989,0.343476,0.119832,0.112613,0.27597,0.374722,0.353338,0.329734,0.077368,-0.044988,3.038271,0.089497,0.029457,3.0,0.62536,0.0,0.702899,0.004384,0.015457,6e-06,0.350498,0.000775,0.000254,0.002605,0.004244,0.015288,6e-06,0.350498,0.000772,0.000254,0.002585,-3e-06,0.02073,-0.330417,0.304565,-0.000159,-0.001647,0.000297,1.855458,0.950011,0.000753,3.141201,2.034635,1.053569,2.723185,173.5,169.837422,6.0,434.0,127.0,31.5,269.0,0.000111,0.008217,-0.121367,0.043635,-1.3e-05,-0.000311,0.000303,-6.5e-05,0.013792,-0.328814,0.054056,1.7e-05,-0.000416,0.000569,0.026348,0.74804,-0.999992,0.999997,0.054028,-0.76351,0.789428,-0.012073,0.663015,-0.999999,1.0,-0.059627,-0.621613,0.636936,0.031848,0.655947,-0.999965,0.999994,0.003866,-0.564532,0.65313,-0.209175,0.724534,-0.999993,1.0,-0.442355,-0.912161,0.497899,0.994236,0.0757,0.0,1.0,1.0,1.0,1.0,0.005764,0.0757,0.0,1.0,0.0,0.0,0.0
20260711_220112_94lc88,user4,ই,2026-07-11T16:01:12.998Z,output/user4/ই/ই_20260711_220112_94lc88.json,output/user4/ই/ই_20260711_220112_94lc88.png,output/user4/ই/ই_20260711_220112_94lc88.mp4,712.0,7.0,0.43236,0.521909,0.225653,0.82842,0.464711,0.422842,0.11013,0.136073,0.316815,0.387759,0.218154,0.231048,-0.098661,-0.156711,2.523497,0.185182,0.073383,6.0,0.685393,0.0,0.746099,0.003549,0.012296,1.6e-05,0.268228,0.000571,0.000197,0.002163,0.00307,0.007082,1.6e-05,0.070985,0.000564,0.000195,0.002094,-3e-06,0.017727,-0.266048,0.2675,-0.000123,-0.001419,0.00029,1.786692,0.959421,0.004219,3.135473,1.937883,0.91526,2.681934,101.714286,164.972478,3.0,488.0,7.0,3.5,103.5,-0.000139,0.00619,-0.060703,0.051837,1e-06,-0.000265,0.000246,-0.00022,0.011188,-0.266411,0.041122,-3e-06,-0.000353,0.000429,0.013858,0.741026,-0.99999,0.999987,-0.017395,-0.754235,0.797465,-0.010669,0.671242,-0.999974,1.0,0.00905,-0.648888,0.622217,-0.034042,0.659226,-0.999996,0.999965,-0.053752,-0.646401,0.58195,-0.155086,0.734978,-0.999978,1.0,-0.347605,-0.894709,0.616069,0.990169,0.098665,0.0,1.0,1.0,1.0,1.0,0.009831,0.098665,0.0,1.0,0.0,0.0,0.0
20260711_220132_3b6d70,user4,ই,2026-07-11T16:01:32.328Z,output/user4/ই/ই_20260711_220132_3b6d70.json,output/user4/ই/ই_20260711_220132_3b6d70.png,output/user4/ই/ই_20260711_220132_3b6d70.mp4,886.0,10.0,0.411879,0.602841,0.248298,0.68323,0.478032,0.414444,0.092111,0.129059,0.386396,0.363739,0.245468,0.147933,-0.140928,-0.215806,3.305358,0.257746,0.077978,9.0,0.275395,0.0,0.687215,0.003735,0.014353,2e-06,0.371139,0.000755,0.000216,0.00293,0.003209,0.007134,2e-06,0.082628,0.000739,0.000213,0.002786,-1.5e-05,0.019825,-0.369616,0.346964,-0.000156,-0.001665,0.000323,1.78072,0.97995,0.007092,3.137479,1.961181,0.893956,2.666747,88.6,102.519462,3.0,244.0,12.5,7.5,194.0,-0.000159,0.006783,-0.078747,0.034008,1.9e-05,-0.000249,0.000439,-0.000244,0.013177,-0.368822,0.041302,-4e-06,-0.00047,0.000556,-0.011389,0.753891,-0.999987,1.0,-0.025473,-0.794766,0.782019,0.038696,0.655753,-0.999941,1.0,0.075676,-0.571292,0.651967,0.046804,0.642124,-0.999975,0.999809,0.072899,-0.515033,0.627747,-0.158944,0.748469,-0.999991,1.0,-0.379101,-0.888984,0.628886,0.988713,0.105638,0.0,1.0,1.0,1.0,1.0,0.011287,0.105638,0.0,1.0,0.0,0.0,0.0
20260711_220151_kjuuzh,user4,ই,2026-07-11T16:01:51.689Z,output/user4/ই/ই_20260711_220151_kjuuzh.json,output/user4/ই/ই_20260711_220151_kjuuzh.png,output/user4/ই/ই_20260711_220151_kjuuzh.mp4,568.0,4.0,0.437888,0.569774,0.249497,0.768529,0.336397,0.263982,0.090617,0.128277,0.324835,0.264212,0.417825,0.202667,0.09299,-0.061545,2.677122,0.111512,0.041654,3.0,0.545775,0.0,0.746454,0.004722,0.021859,6e-06,0.428756,0.000569,0.000183,0.002065,0.003971,0.012688,6e-06,0.242856,0.000556,0.000183,0.00204,-3e-06,0.031334,-0.428462,0.427962,-0.000129,-0.001482,0.000143,1.875101,0.979462,0.003904,3.139684,2.1059,0.983754,2.744129,142.0,108.120303,8.0,310.0,125.0,95.0,172.0,0.000164,0.012461,-0.182594,0.183194,-5e-06,-0.000256,0.000213,-0.000108,0.018546,-0.387932,0.159434,-2.5e-05,-0.000358,0.000317,-0.04944,0.733618,-0.999957,0.999998,-0.131706,-0.835798,0.694321,-0.022708,0.677373,-0.999997,1.0,-0.01874,-0.678007,0.614277,0.026927,0.623982,-0.999989,0.999844,0.018022,-0.463822,0.576595,-0.227224,0.747175,-0.999997,1.0,-0.506895,-0.921958,0.55693,0.992958,0.083622,0.0,1.0,1.0,1.0,1.0,0.007042,0.083622,0.0,1.0,0.0,0.0,0.0
20260711_220205_cr3boy,user4,ই,2026-07-11T16:02:05.156Z,output/user4/ই/ই_20260711_220205_cr3boy.json,output/user4/ই/ই_20260711_220205_cr3boy.png,output/user4/ই/ই_20260711_220205_cr3boy.mp4,649.0,2.0,0.329358,0.457367,0.150637,0.720118,0.338108,0.28136,0.076583,0.100584,0.318628,0.288719,0.17158,0.07823,-0.147048,-0.210489,2.405311,0.256766,0.10675,1.0,0.53621,0.0,0.729521,0.003712,0.013633,1.8e-05,0.310479,0.000688,0.000194,0.002386,0.003238,0.006363,1.8e-05,0.047575,0.000688,0.000194,0.002337,-7e-06,0.019661,-0.309573,0.310224,-0.000169,-0.001551,0.000139,1.858951,0.927732,0.001811,3.139307,2.021341,1.114959,2.686379,324.5,23.5,301.0,348.0,324.5,312.75,336.25,-0.000227,0.00692,-0.102528,0.038301,-2.2e-05,-0.000339,0.000256,-0.000324,0.0123,-0.293062,0.038615,-1.6e-05,-0.000484,0.000307,-0.043699,0.718497,-0.999952,1.0,-0.077777,-0.761925,0.669473,-0.018234,0.693911,-0.999994,1.0,-0.080545,-0.692258,0.688053,-0.012632,0.668307,-0.999843,0.999849,-0.036577,-0.655528,0.618568,-0.216878,0.711444,-0.999996,1.0,-0.428421,-0.897316,0.451418,0.996918,0.055427,0.0,1.0,1.0,1.0,1.0,0.003082,0.055427,0.0,1.0,0.0,0.0,0.0
20260711_220217_85rgxu,user4,ই,2026-07-11T16:02:17.888Z,output/user4/ই/ই_20260711_220217_85rgxu.json,output/user4/ই/ই_20260711_220217_85rgxu.png,output/user4/ই/ই_20260711_220217_85rgxu.mp4,412.0,12.0,0.400923,0.450802,0.180737,0.889355,0.424046,0.351365,0.100107,0.112564,0.343935,0.353799,0.244263,0.182489,-0.099672,-0.17131,2.06954,0.198196,0.095768,11.0,0.432039,0.0,0.735,0.005035,0.018324,1.1e-05,0.333922,0.000563,0.00019,0.002471,0.003934,0.008135,1.1e-05,0.046954,0.000526,0.000187,0.002287,-5e-06,0.026267,-0.331088,0.331126,-0.000166,-0.001722,0.000135,1.741143,0.96707,0.008688,3.125626,1.880963,0.844837,2.66947,34.333333,51.737049,3.0,178.0,6.5,3.0,40.75,-0.000242,0.008133,-0.07327,0.039054,-1e-06,-0.000269,0.000281,-0.000416,0.017142,-0.325784,0.044219,-7e-06,-0.000347,0.000311,-0.043487,0.717956,-0.999993,0.999708,-0.028377,-0.779743,0.682088,0.018463,0.694475,-0.999967,1.0,-0.004751,-0.671088,0.70223,-0.02248,0.657243,-0.999428,0.999957,-0.071263,-0.609607,0.572677,-0.122765,0.743258,-0.999867,1.0,-0.294599,-0.889195,0.670419,0.970874,0.16816,0.0,1.0,1.0,1.0,1.0,0.029126,0.16816,0.0,1.0,0.0,0.0,0.0
20260711_220235_4uai7u,user4,ই,2026-07-11T16:02:35.471Z,output/user4/ই/ই_20260711_220235_4uai7u.json,output/user4/ই/ই_20260711_220235_4uai7u.png,output/user4/ই/ই_20260711_220235_4uai7u.mp4,578.0,5.0,0.476467,0.583674,0.278101,0.816324,0.388147,0.405681,0.108554,0.15516,0.343792,0.341897,0.085088,0.174679,-0.258704,-0.167218,2.564234,0.308042,0.12013,4.0,0.363322,0.0,0.726003,0.004444,0.016468,8e-06,0.3402,0.000677,0.000202,0.002292,0.003664,0.007593,8e-06,0.058426,0.000664,0.000202,0.002243,-6e-06,0.023735,-0.339523,0.338755,-0.000153,-0.001475,0.000173,1.743641,0.964748,0.002701,3.140208,1.87656,0.898485,2.641077,115.6,72.621209,5.0,210.0,116.0,73.0,174.0,-0.000448,0.007167,-0.056955,0.060393,8e-06,-0.000297,0.000315,-0.000289,0.015453,-0.339618,0.086348,-3e-06,-0.000455,0.00038,-0.012497,0.728575,-0.999996,0.999993,-0.012821,-0.779324,0.739863,0.014525,0.68469,-0.999999,1.0,0.056825,-0.6624,0.624133,0.011376,0.660837,-0.999957,0.999977,0.014045,-0.586036,0.626955,-0.126188,0.739743,-0.999986,1.0,-0.296237,-0.876848,0.630333,0.991349,0.092605,0.0,1.0,1.0,1.0,1.0,0.008651,0.092605,0.0,1.0,0.0,0.0,0.0
20260711_220308_e7l7wm,user4,ই,2026-07-11T16:03:08.513Z,output/user4/ই/ই_20260711_220308_e7l7wm.json,output/user4/ই/ই_20260711_220308_e7l7wm.png,output/user4/ই/ই_20260711_220308_e7l7wm.mp4,860.0,8.0,0.521936,0.74849,0.390664,0.697319,0.364315,0.388215,0.113626,0.171629,0.259976,0.310374,0.13101,0.134307,-0.128966,-0.176067,3.985755,0.218247,0.054757,7.0,0.305814,0.0,0.751174,0.00464,0.020503,4e-06,0.537225,0.00049,0.000149,0.002105,0.003707,0.00802,4e-06,0.062741,0.000484,0.000148,0.001979,-0.0,0.029347,-0.536526,0.530396,-0.00016,-0.001371,8.4e-05,1.720437,0.949598,0.002983,3.140858,1.772276,0.909847,2.611175,107.5,85.347818,4.0,263.0,126.5,16.25,154.25,-0.00015,0.00827,-0.107625,0.062702,7e-06,-0.000204,0.000237,-0.000205,0.019312,-0.526334,0.09732,1e-05,-0.00021,0.000382,0.02213,0.716363,-0.999979,0.9999,0.047982,-0.738962,0.738169,0.013388,0.69724,-0.999983,1.0,0.033442,-0.658472,0.694244,0.016908,0.676646,-0.999958,0.999958,0.023705,-0.630192,0.668653,-0.106222,0.728394,-0.999999,1.0,-0.198281,-0.858664,0.619846,0.990698,0.095999,0.0,1.0,1.0,1.0,1.0,0.009302,0.095999,0.0,1.0,0.0,0.0,0.0
20260711_220404_itceug,user4,ঈ,2026-07-11T16:04:04.111Z,output/user4/ঈ/ঈ_20260711_220404_itceug.json,output/user4/ঈ/ঈ_20260711_220404_itceug.png,output/user4/ঈ/ঈ_20260711_220404_itceug.mp4,939.0,4.0,0.497797,0.646728,0.321939,0.769716,0.440614,0.481425,0.098676,0.161445,0.287651,0.365644,0.226481,0.174949,-0.06117,-0.190695,3.836265,0.200266,0.052203,3.0,0.355698,0.0,0.73262,0.00409,0.015805,6e-06,0.409335,0.000602,0.000192,0.002181,0.0035,0.007736,6e-06,0.087773,0.00059,0.000192,0.002159,-2.7e-05,0.022671,-0.408067,0.409274,-0.000159,-0.001403,0.000103,1.774912,0.956176,0.003203,3.141182,1.929823,0.91022,2.624348,234.75,85.59023,104.0,334.0,250.5,191.0,294.25,-6.5e-05,0.008127,-0.07952,0.106498,1e-06,-0.000286,0.00028,-0.000203,0.014147,-0.401537,0.086486,-7e-06,-0.000369,0.000388,-0.006376,0.718629,-0.999993,0.999999,-0.024992,-0.734683,0.756423,0.008954,0.695299,-0.999974,1.0,0.004266,-0.662142,0.68252,0.012704,0.662033,-0.999957,0.999894,-0.006015,-0.588255,0.630253,-0.14905,0.734379,-0.999998,1.0,-0.345585,-0.868669,0.616518,0.99574,0.065128,0.0,1.0,1.0,1.0,1.0,0.00426,0.065128,0.0,1.0,0.0,0.0,0.0
20260711_220444_r35mfs,user4,ঈ,2026-07-11T16:04:44.146Z,output/user4/ঈ/ঈ_20260711_220444_r35mfs.json,output/user4/ঈ/ঈ_20260711_220444_r35mfs.png,output/user4/ঈ/ঈ_20260711_220444_r35mfs.mp4,782.0,4.0,0.500203,0.628221,0.314238,0.796221,0.470482,0.398052,0.110296,0.156543,0.288005,0.31943,0.215902,0.123605,-0.072103,-0.195825,3.850821,0.208677,0.05419,3.0,0.409207,0.0,0.727506,0.004931,0.018808,4e-06,0.450864,0.000616,0.000186,0.002369,0.004143,0.008613,4e-06,0.05878,0.000614,0.000186,0.002316,-5e-06,0.027097,-0.44736,0.450564,-0.00016,-0.001543,0.000148,1.711659,0.953243,0.0,3.140292,1.806333,0.832281,2.575816,195.5,80.624128,96.0,320.0,183.0,152.25,226.25,-9.2e-05,0.008865,-0.083013,0.074482,-1e-06,-0.000272,0.000337,-0.00025,0.017288,-0.443156,0.118294,1.2e-05,-0.000277,0.000401,0.024087,0.695701,-0.999997,0.999996,0.052799,-0.676447,0.718629,0.008077,0.717875,-0.99997,1.0,-0.002989,-0.685959,0.737222,-0.046168,0.66266,-0.999996,0.99998,-0.046378,-0.676214,0.552402,-0.1056,0.739984,-0.999996,1.0,-0.231604,-0.843808,0.675404,0.994885,0.071337,0.0,1.0,1.0,1.0,1.0,0.005115,0.071337,0.0,1.0,0.0,0.0,0.0
20260711_220519_ila5ji,user4,ঈ,2026-07-11T16:05:19.321Z,output/user4/ঈ/ঈ_20260711_220519_ila5ji.json,output/user4/ঈ/ঈ_20260711_220519_ila5ji.png,output/user4/ঈ/ঈ_20260711_220519_ila5ji.mp4,973.0,5.0,0.326864,0.412111,0.134704,0.793146,0.585543,0.659588,0.077834,0.099395,0.511381,0.622831,0.460717,0.726651,-0.050664,0.10382,2.476446,0.115522,0.046648,4.0,0.554985,0.0,0.795455,0.002548,0.013621,0.0,0.35838,0.0003,8.6e-05,0.001152,0.002119,0.007327,0.0,0.193907,0.000297,8.6e-05,0.001136,0.000199,0.018208,-0.357929,0.347518,-6.9e-05,-0.000714,0.000102,1.711698,0.969896,0.0,3.140207,1.867787,0.808814,2.580024,194.6,183.985434,7.0,540.0,149.0,82.0,195.0,-5.2e-05,0.003895,-0.035568,0.035219,7e-06,-0.000126,0.000124,0.000107,0.013291,-0.356611,0.190682,-6e-06,-0.000214,0.000194,-0.031296,0.735499,-0.999999,0.999989,-0.079356,-0.811169,0.747402,0.040036,0.674075,-1.0,1.0,0.07896,-0.605064,0.662679,0.016119,0.657051,-0.999982,0.999995,0.0,-0.569925,0.633797,-0.113125,0.743029,-0.999996,1.0,-0.289714,-0.845694,0.68812,0.994861,0.071501,0.0,1.0,1.0,1.0,1.0,0.005139,0.071501,0.0,1.0,0.0,0.0,0.0
20260711_220543_7o5bd0,user4,ঈ,2026-07-11T16:05:43.470Z,output/user4/ঈ/ঈ_20260711_220543_7o5bd0.json,output/user4/ঈ/ঈ_20260711_220543_7o5bd0.png,output/user4/ঈ/ঈ_20260711_220543_7o5bd0.mp4,1129.0,9.0,0.544303,0.722028,0.393002,0.753853,0.504572,0.453293,0.118962,0.176027,0.335104,0.396566,0.372007,0.222592,0.036903,-0.173974,4.309366,0.177845,0.041269,8.0,0.609389,0.0,0.753571,0.00382,0.012963,0.0,0.358641,0.000508,0.000159,0.002021,0.003371,0.007047,0.0,0.056999,0.0005,0.000159,0.00194,-2e-06,0.018717,-0.356436,0.357607,-0.000141,-0.001305,0.00014,1.703163,0.928815,0.000138,3.136086,1.773033,0.870613,2.5228,125.444444,214.659478,3.0,688.0,9.0,4.0,118.0,3.3e-05,0.007909,-0.135341,0.058966,1.4e-05,-0.000152,0.000307,-0.000154,0.01095,-0.332124,0.063799,-1.3e-05,-0.000333,0.000284,-0.042708,0.732995,-0.999995,0.999997,-0.083039,-0.802743,0.743552,0.039771,0.677063,-0.999999,1.0,0.087166,-0.595512,0.663364,0.022208,0.683181,-0.999999,0.999911,0.025774,-0.624095,0.688839,-0.098899,0.721938,-0.999978,1.0,-0.200636,-0.814481,0.643851,0.992028,0.088928,0.0,1.0,1.0,1.0,1.0,0.007972,0.088928,0.0,1.0,0.0,0.0,0.0
20260711_220606_essesa,user4,ঈ,2026-07-11T16:06:06.936Z,output/user4/ঈ/ঈ_20260711_220606_essesa.json,output/user4/ঈ/ঈ_20260711_220606_essesa.png,output/user4/ঈ/ঈ_20260711_220606_essesa.mp4,782.0,5.0,0.615879,0.655763,0.403871,0.939179,0.450126,0.347652,0.159422,0.160457,0.277982,0.324657,0.473519,0.285318,0.195537,-0.039339,4.968075,0.199455,0.040147,4.0,0.387468,0.0,0.655084,0.006361,0.026687,4e-06,0.577116,0.001021,0.00029,0.00318,0.005095,0.010781,4e-06,0.120565,0.001013,0.000288,0.003155,-1e-06,0.037964,-0.57536,0.567345,-0.000237,-0.001762,0.000336,1.84319,0.963269,0.002137,3.140243,2.011406,1.004072,2.75598,156.4,81.703366,79.0,303.0,156.0,80.0,164.0,0.00025,0.016433,-0.094187,0.368723,-2.7e-05,-0.000544,0.000463,-5e-05,0.021945,-0.569378,0.089649,-1e-06,-0.000625,0.000507,0.003208,0.713237,-0.999999,0.999924,-0.006097,-0.729,0.731156,-0.028034,0.700349,-0.999998,1.0,-0.076787,-0.69234,0.650679,0.013757,0.64897,-0.999983,0.999991,0.017836,-0.570363,0.577294,-0.197749,0.734526,-0.999998,1.0,-0.425464,-0.926102,0.54162,0.993606,0.079706,0.0,1.0,1.0,1.0,1.0,0.006394,0.079706,0.0,1.0,0.0,0.0,0.0
20260711_220641_ufswp1,user4,ঈ,2026-07-11T16:06:41.236Z,output/user4/ঈ/ঈ_20260711_220641_ufswp1.json,output/user4/ঈ/ঈ_20260711_220641_ufswp1.png,output/user4/ঈ/ঈ_20260711_220641_ufswp1.mp4,940.0,6.0,0.450285,0.794172,0.357604,0.566987,0.535751,0.404436,0.112302,0.149004,0.329849,0.316919,0.588938,0.904494,0.259089,0.587575,4.786631,0.642162,0.134157,5.0,0.728723,0.0,0.690578,0.005098,0.032006,1.2e-05,0.816927,0.000788,0.000235,0.00294,0.004497,0.027416,1.2e-05,0.816927,0.000771,0.000233,0.002907,0.000864,0.037035,-0.512012,0.816696,-0.000187,-0.001971,0.000189,1.873059,0.95513,0.000193,3.139855,2.054378,1.025351,2.753738,156.666667,240.747909,5.0,685.0,59.0,11.75,116.75,0.000276,0.013116,-0.170556,0.310096,1.9e-05,-0.000376,0.000454,0.000625,0.02961,-0.483791,0.755785,-1e-05,-0.000423,0.000454,-0.027885,0.695556,-0.99989,0.99999,-0.057631,-0.706319,0.656649,0.023432,0.717542,-1.0,1.0,0.077634,-0.720862,0.7492,-0.002693,0.643808,-0.99998,0.999998,-0.013903,-0.553288,0.565485,-0.224172,0.731597,-0.999997,1.0,-0.462857,-0.925652,0.525368,0.993617,0.079638,0.0,1.0,1.0,1.0,1.0,0.006383,0.079638,0.0,1.0,0.0,0.0,0.0
20260711_220701_y1rftt,user4,ঈ,2026-07-11T16:07:01.071Z,output/user4/ঈ/ঈ_20260711_220701_y1rftt.json,output/user4/ঈ/ঈ_20260711_220701_y1rftt.png,output/user4/ঈ/ঈ_20260711_220701_y1rftt.mp4,881.0,7.0,0.435532,0.616203,0.268376,0.7068,0.502116,0.421102,0.104953,0.147498,0.38386,0.353101,0.252853,0.140283,-0.131007,-0.212818,3.223878,0.249909,0.077518,6.0,0.441544,0.0,0.735698,0.003663,0.016797,1e-06,0.432659,0.000642,0.000212,0.002209,0.002893,0.005497,1e-06,0.044863,0.000632,0.00021,0.002181,-5e-06,0.023724,-0.431138,0.417776,-0.000147,-0.001523,0.000144,1.74151,0.97659,0.003813,3.139716,1.838359,0.835489,2.653344,125.857143,126.274563,3.0,389.0,82.0,28.0,175.5,-0.000149,0.008638,-0.191146,0.029985,1.7e-05,-0.000267,0.000365,-0.000242,0.01485,-0.419613,0.037527,0.0,-0.000398,0.000374,-0.036315,0.724813,-0.999969,0.999993,0.0,-0.813791,0.678827,0.044602,0.686533,-0.999982,1.0,0.107364,-0.617177,0.698525,-0.019724,0.649681,-0.999986,0.999988,-0.047693,-0.582905,0.563642,-0.120977,0.750245,-0.999995,1.0,-0.263567,-0.881469,0.67506,0.992054,0.088783,0.0,1.0,1.0,1.0,1.0,0.007946,0.088783,0.0,1.0,0.0,0.0,0.0
20260711_220721_h9k2mi,user4,ঈ,2026-07-11T16:07:21.353Z,output/user4/ঈ/ঈ_20260711_220721_h9k2mi.json,output/user4/ঈ/ঈ_20260711_220721_h9k2mi.png,output/user4/ঈ/ঈ_20260711_220721_h9k2mi.mp4,1044.0,8.0,0.44443,0.60937,0.270822,0.729327,0.550932,0.511105,0.086672,0.150178,0.381224,0.381791,0.253124,0.287899,-0.1281,-0.093892,3.466705,0.158825,0.045814,7.0,0.448276,0.0,0.744208,0.003324,0.014515,9e-06,0.434058,0.000778,0.000295,0.002114,0.002837,0.00555,9e-06,0.064453,0.00077,0.000287,0.002087,-1e-06,0.020738,-0.432918,0.43296,-0.000134,-0.001376,0.000404,1.827856,0.948007,0.0051,3.137425,1.992341,1.027754,2.686756,130.5,156.737041,4.0,468.0,65.5,5.5,185.25,-0.000123,0.004959,-0.040606,0.031187,-2.2e-05,-0.00043,0.000355,-9e-05,0.014033,-0.432154,0.055767,0.0,-0.000444,0.000477,-0.004197,0.726162,-0.999991,0.999992,0.0,-0.758964,0.735024,-0.015038,0.687341,-0.999998,1.0,-0.059987,-0.655995,0.662695,0.000657,0.65841,-0.999996,0.999993,-0.021134,-0.586935,0.606649,-0.194561,0.727068,-0.999989,1.0,-0.407705,-0.898026,0.521227,0.992337,0.087202,0.0,1.0,1.0,1.0,1.0,0.007663,0.087202,0.0,1.0,0.0,0.0,0.0
20260711_220738_j2qzn6,user4,ঈ,2026-07-11T16:07:38.461Z,output/user4/ঈ/ঈ_20260711_220738_j2qzn6.json,output/user4/ঈ/ঈ_20260711_220738_j2qzn6.png,output/user4/ঈ/ঈ_20260711_220738_j2qzn6.mp4,1040.0,2.0,0.48789,0.58388,0.284869,0.8356,0.536419,0.258125,0.113323,0.133382,0.385126,0.212805,0.224408,0.093137,-0.160718,-0.119668,3.426651,0.200376,0.058476,1.0,0.860577,0.0,0.756262,0.003298,0.013852,3e-06,0.406646,0.000458,0.000127,0.001922,0.002909,0.005932,3e-06,0.050158,0.000458,0.000127,0.001917,-3e-06,0.01987,-0.404728,0.40654,-0.000144,-0.001348,0.000117,1.804618,0.936762,0.0,3.141593,1.993949,1.044704,2.631666,520.0,375.0,145.0,895.0,520.0,332.5,707.5,-0.000155,0.007677,-0.192538,0.031129,-1.7e-05,-0.000291,0.000161,-0.000115,0.011983,-0.358176,0.049179,-8e-06,-0.000314,0.00021,-0.035761,0.710181,-0.999994,1.0,-0.042071,-0.762498,0.690205,-0.028068,0.70254,-1.0,1.0,-0.064767,-0.71275,0.671473,0.025994,0.668172,-0.999978,0.999987,0.0,-0.586011,0.680499,-0.180005,0.721417,-0.999999,1.0,-0.407984,-0.872057,0.507831,0.998077,0.043811,0.0,1.0,1.0,1.0,1.0,0.001923,0.043811,0.0,1.0,0.0,0.0,0.0
20260711_220751_axw80l,user4,ঈ,2026-07-11T16:07:51.851Z,output/user4/ঈ/ঈ_20260711_220751_axw80l.json,output/user4/ঈ/ঈ_20260711_220751_axw80l.png,output/user4/ঈ/ঈ_20260711_220751_axw80l.mp4,659.0,3.0,0.507386,0.528618,0.268213,0.959835,0.487048,0.403566,0.118433,0.126228,0.415272,0.329342,0.183919,0.193721,-0.231353,-0.135621,2.61369,0.268174,0.102604,2.0,0.789074,0.0,0.739329,0.003972,0.017351,1e-06,0.414278,0.000613,0.000221,0.002169,0.003311,0.00664,1e-06,0.05867,0.000607,0.00022,0.002154,-1e-06,0.024849,-0.411817,0.413277,-0.000178,-0.001477,0.000119,1.808528,0.913965,0.004673,3.136525,1.899448,1.036227,2.639296,219.666667,217.673047,11.0,520.0,128.0,69.5,324.0,-0.000351,0.007776,-0.145359,0.032,2e-06,-0.00033,0.000281,-0.000206,0.015992,-0.387939,0.035617,4e-06,-0.000349,0.000378,0.00621,0.712223,-0.999998,0.999982,0.011363,-0.714889,0.706514,0.011284,0.701825,-0.999992,1.0,0.021424,-0.708558,0.687783,-0.00424,0.682726,-0.999997,0.999939,0.009315,-0.674961,0.647086,-0.175231,0.70932,-0.999977,1.0,-0.3226,-0.87617,0.525836,0.995448,0.067317,0.0,1.0,1.0,1.0,1.0,0.004552,0.067317,0.0,1.0,0.0,0.0,0.0
20260711_220807_mldxj2,user4,ঈ,2026-07-11T16:08:07.321Z,output/user4/ঈ/ঈ_20260711_220807_mldxj2.json,output/user4/ঈ/ঈ_20260711_220807_mldxj2.png,output/user4/ঈ/ঈ_20260711_220807_mldxj2.mp4,776.0,8.0,0.466083,0.549706,0.256209,0.847877,0.548847,0.384435,0.101004,0.133051,0.392322,0.322389,0.255214,0.121842,-0.137108,-0.200547,3.321034,0.242936,0.073151,7.0,0.591495,0.0,0.678385,0.004285,0.014715,1.1e-05,0.359901,0.000869,0.000269,0.003073,0.004158,0.014645,1.1e-05,0.359901,0.000856,0.000263,0.003029,-0.0,0.020558,-0.3572,0.332481,-0.000208,-0.001877,0.00043,1.798619,0.949754,0.001181,3.141454,1.8713,1.013323,2.673301,97.0,141.68892,8.0,459.0,42.0,10.0,102.25,-0.000177,0.006726,-0.045074,0.050174,-2e-06,-0.000438,0.000426,-0.000258,0.013757,-0.358913,0.031048,1.8e-05,-0.000517,0.000579,0.010782,0.730233,-0.999988,0.999998,0.075508,-0.779079,0.76524,-0.011824,0.683005,-0.999993,1.0,-0.005029,-0.678522,0.607322,0.038741,0.667232,-0.999958,0.999995,0.039243,-0.560232,0.656569,-0.168322,0.724537,-0.999999,1.0,-0.293894,-0.891393,0.536528,0.989691,0.10101,0.0,1.0,1.0,1.0,1.0,0.010309,0.10101,0.0,1.0,0.0,0.0,0.0
20260711_220822_wgaxvc,user4,ঈ,2026-07-11T16:08:22.237Z,output/user4/ঈ/ঈ_20260711_220822_wgaxvc.json,output/user4/ঈ/ঈ_20260711_220822_wgaxvc.png,output/user4/ঈ/ঈ_20260711_220822_wgaxvc.mp4,802.0,3.0,0.469599,0.61431,0.288479,0.764433,0.564807,0.413691,0.1004,0.162132,0.408696,0.319,0.23627,0.123911,-0.172426,-0.195089,3.261993,0.260366,0.079818,2.0,0.705736,0.0,0.734668,0.004072,0.018057,2e-06,0.477515,0.000733,0.000247,0.002236,0.003433,0.006646,2e-06,0.046347,0.00073,0.000245,0.002193,-1e-06,0.025816,-0.474135,0.477034,-0.000207,-0.00137,0.000233,1.790508,0.926038,0.003412,3.13753,1.958926,0.97695,2.585148,267.333333,211.951776,96.0,566.0,140.0,118.0,353.0,-0.000215,0.007608,-0.138751,0.041055,-8e-06,-0.000395,0.000357,-0.000243,0.016859,-0.456912,0.029448,0.0,-0.000467,0.000413,-0.006504,0.726895,-0.999952,0.999998,0.0,-0.774817,0.741299,-0.008708,0.686654,-0.999997,1.0,-0.026161,-0.671252,0.6319,-0.015032,0.677736,-0.999958,0.999998,-0.03212,-0.659101,0.639991,-0.170805,0.715018,-0.999991,1.0,-0.377074,-0.848808,0.564326,0.996259,0.061046,0.0,1.0,1.0,1.0,1.0,0.003741,0.061046,0.0,1.0,0.0,0.0,0.0
20260711_220837_dby4gx,user4,ঈ,2026-07-11T16:08:37.425Z,output/user4/ঈ/ঈ_20260711_220837_dby4gx.json,output/user4/ঈ/ঈ_20260711_220837_dby4gx.png,output/user4/ঈ/ঈ_20260711_220837_dby4gx.mp4,757.0,10.0,0.422699,0.572425,0.241963,0.738436,0.552858,0.400883,0.118284,0.151514,0.408759,0.329171,0.358578,0.253733,-0.050181,-0.075438,3.535193,0.090604,0.025629,9.0,0.26288,0.0,0.697456,0.004676,0.020231,1.2e-05,0.507677,0.000651,0.000203,0.002878,0.003883,0.008236,1.2e-05,0.092643,0.000621,0.000198,0.00278,-0.0,0.02904,-0.50714,0.507507,-0.000191,-0.001712,0.000221,1.885061,0.933961,0.004032,3.139534,2.055799,1.142949,2.730171,75.7,65.953089,4.0,199.0,65.0,15.0,127.25,-6.6e-05,0.008636,-0.143048,0.052765,6e-06,-0.000228,0.000351,-0.0001,0.018868,-0.487107,0.070579,-1.7e-05,-0.000484,0.000366,-0.043676,0.741222,-0.999999,0.999977,-0.090813,-0.814111,0.739168,0.011948,0.669724,-0.999913,1.0,0.032977,-0.60673,0.625799,0.026086,0.658485,-0.999999,0.999982,0.056698,-0.567116,0.618297,-0.234788,0.714543,-0.999998,1.0,-0.459327,-0.916419,0.41902,0.98679,0.114173,0.0,1.0,1.0,1.0,1.0,0.01321,0.114173,0.0,1.0,0.0,0.0,0.0
20260711_220850_xo5kch,user4,ঈ,2026-07-11T16:08:50.437Z,output/user4/ঈ/ঈ_20260711_220850_xo5kch.json,output/user4/ঈ/ঈ_20260711_220850_xo5kch.png,output/user4/ঈ/ঈ_20260711_220850_xo5kch.mp4,660.0,3.0,0.49628,0.539707,0.267846,0.919536,0.514677,0.294439,0.115292,0.119653,0.34317,0.26333,0.210692,0.144554,-0.132478,-0.118776,3.133349,0.177927,0.056785,2.0,0.845455,0.0,0.745814,0.004755,0.019666,2e-06,0.462076,0.000554,0.000177,0.002155,0.004061,0.008313,2e-06,0.055691,0.000553,0.000176,0.002088,-4e-06,0.027823,-0.460914,0.440741,-0.000163,-0.00138,0.000148,1.701423,0.923055,0.011979,3.141044,1.770069,0.915544,2.503929,220.0,241.567106,8.0,558.0,94.0,51.0,326.0,-0.000201,0.00812,-0.086644,0.055598,-2e-06,-0.000315,0.000269,-0.00018,0.018513,-0.45388,0.045076,6e-06,-0.000319,0.000361,0.012386,0.703162,-0.999962,0.999988,0.046682,-0.720218,0.685298,-0.016912,0.710712,-0.999999,1.0,-0.018138,-0.742538,0.675101,-0.027339,0.692072,-0.999994,0.999994,-0.049762,-0.697948,0.644033,-0.096107,0.714863,-0.999997,1.0,-0.195118,-0.801826,0.613779,0.995455,0.067267,0.0,1.0,1.0,1.0,1.0,0.004545,0.067267,0.0,1.0,0.0,0.0,0.0
20260711_220906_ehc737,user4,ঈ,2026-07-11T16:09:06.720Z,output/user4/ঈ/ঈ_20260711_220906_ehc737.json,output/user4/ঈ/ঈ_20260711_220906_ehc737.png,output/user4/ঈ/ঈ_20260711_220906_ehc737.mp4,811.0,2.0,0.481815,0.57448,0.276793,0.838698,0.584511,0.319103,0.112386,0.132105,0.36807,0.244277,0.289826,0.116794,-0.078244,-0.127483,2.924522,0.14958,0.051147,1.0,0.839704,0.0,0.778739,0.003611,0.015163,4e-06,0.385726,0.000454,0.000154,0.001702,0.003138,0.007035,4e-06,0.058303,0.000453,0.000154,0.001694,-2e-06,0.02139,-0.381425,0.37132,-0.000116,-0.001116,0.000128,1.778184,0.92688,0.013153,3.1409,1.917129,1.003576,2.58621,405.5,275.5,130.0,681.0,405.5,267.75,543.25,-9.6e-05,0.006675,-0.090559,0.048307,-3e-06,-0.00017,0.000277,-0.000157,0.014073,-0.374945,0.058008,3e-06,-0.000249,0.000262,-0.003847,0.720372,-0.999989,0.999997,0.029973,-0.752992,0.717244,0.02314,0.693183,-0.999932,1.0,-0.021138,-0.626003,0.696139,0.016015,0.678273,-0.999991,0.99997,0.0,-0.633893,0.678232,-0.159271,0.717145,-0.999998,1.0,-0.327249,-0.849466,0.541559,0.997534,0.049598,0.0,1.0,1.0,1.0,1.0,0.002466,0.049598,0.0,1.0,0.0,0.0,0.0
20260711_212007_ir5oy0,user5,অ,2026-07-11T15:20:07.536Z,output/user5/অ/অ_20260711_212007_ir5oy0.json,,output/user5/অ/অ_20260711_212007_ir5oy0.mp4,218.0,3.0,0.605261,0.190202,0.115122,3.182201,0.557545,0.393754,0.167182,0.063599,0.535623,0.375789,0.861654,0.329916,0.326031,-0.045873,2.745991,0.329242,0.119899,2.0,0.389908,0.0,0.24186,0.012654,0.036691,6.3e-05,0.446752,0.00646,0.002097,0.014706,0.009294,0.009169,6.3e-05,0.041221,0.006307,0.002055,0.014523,-6.4e-05,0.051535,-0.443646,0.410415,-0.000648,-0.0072,0.003228,1.077413,0.992716,0.001163,3.130664,0.773768,0.240781,1.918824,72.666667,9.809293,61.0,85.0,72.0,66.5,78.5,0.001496,0.03604,-0.444968,0.242217,0.000413,-0.002398,0.005218,-0.00021,0.014083,-0.026468,0.178828,-0.000675,-0.0036,0.001351,-0.157841,0.636842,-0.99986,0.999962,-0.129669,-0.783891,0.337469,0.126912,0.743916,-0.999979,1.0,0.201222,-0.621798,0.924466,0.041673,0.566643,-0.999991,0.999551,0.042389,-0.362368,0.480586,0.372946,0.733545,-0.999939,1.0,0.728076,-0.336334,0.973743,0.986239,0.116499,0.0,1.0,1.0,1.0,1.0,0.013761,0.116499,0.0,1.0,0.0,0.0,0.0
20260711_212041_5epna1,user5,আ,2026-07-11T15:20:41.282Z,output/user5/আ/আ_20260711_212041_5epna1.json,,output/user5/আ/আ_20260711_212041_5epna1.mp4,430.0,5.0,0.714356,0.302167,0.215855,2.36411,0.503636,0.305702,0.179037,0.090211,0.406169,0.343729,0.759555,0.268596,0.353386,-0.075133,4.089372,0.361285,0.088347,4.0,0.411628,0.0,0.350588,0.009532,0.032463,1.3e-05,0.457456,0.003754,0.001261,0.010434,0.008492,0.024298,1.3e-05,0.402715,0.003635,0.001254,0.010395,2e-06,0.045792,-0.441976,0.442228,-0.000711,-0.005922,0.004781,1.366951,1.022995,0.001791,3.133075,1.143805,0.391941,2.306804,86.0,55.738676,5.0,177.0,90.0,62.0,96.0,0.000822,0.02949,-0.456311,0.224093,0.000465,-0.000997,0.00436,-0.000175,0.016483,-0.27739,0.148384,-4.6e-05,-0.001563,0.001621,-0.048148,0.628985,-0.999998,0.999999,-0.024765,-0.656477,0.436662,0.165918,0.757977,-0.999996,1.0,0.340322,-0.615876,0.941943,-0.050024,0.613609,-0.999823,0.999962,-0.075578,-0.567566,0.45196,0.157688,0.772083,-0.99996,1.0,0.42793,-0.669059,0.926456,0.988372,0.107204,0.0,1.0,1.0,1.0,1.0,0.011628,0.107204,0.0,1.0,0.0,0.0,0.0
20260711_212113_u1rqpt,user5,ই,2026-07-11T15:21:13.672Z,output/user5/ই/ই_20260711_212113_u1rqpt.json,,output/user5/ই/ই_20260711_212113_u1rqpt.mp4,192.0,3.0,0.587655,0.444147,0.261005,1.323109,0.447271,0.337805,0.138367,0.097387,0.270617,0.337009,0.222948,0.144573,-0.047669,-0.192436,2.751698,0.198252,0.072047,2.0,0.578125,0.0,0.253968,0.014407,0.03393,9.8e-05,0.329983,0.007569,0.002056,0.017833,0.011127,0.01164,9.8e-05,0.058123,0.007378,0.001998,0.016367,-2.6e-05,0.048423,-0.312396,0.328551,-0.000894,-0.0076,0.00424,1.087674,0.976668,0.001461,3.128942,0.756141,0.220983,1.907532,64.0,33.655114,34.0,111.0,47.0,40.5,79.0,-0.000248,0.029995,-0.316739,0.058121,0.000728,-0.002185,0.008108,-0.001002,0.021235,-0.273947,0.036245,-0.000258,-0.002466,0.002208,-0.055537,0.590282,-0.999998,0.999917,-0.07527,-0.528428,0.447757,0.165137,0.78817,-0.999999,1.0,0.499023,-0.740165,0.931684,0.045393,0.580456,-0.996882,0.99983,0.054114,-0.351335,0.484673,0.359961,0.728997,-0.999919,1.0,0.740017,-0.328174,0.977039,0.984375,0.12402,0.0,1.0,1.0,1.0,1.0,0.015625,0.12402,0.0,1.0,0.0,0.0,0.0
20260711_212139_uwdx5l,user5,ঈ,2026-07-11T15:21:39.223Z,output/user5/ঈ/ঈ_20260711_212139_uwdx5l.json,,output/user5/ঈ/ঈ_20260711_212139_uwdx5l.mp4,256.0,3.0,0.590769,0.402073,0.237532,1.469308,0.469199,0.416242,0.132541,0.081696,0.231572,0.405188,0.319704,0.216444,0.088132,-0.188744,3.132508,0.208306,0.066498,2.0,0.574219,0.0,0.256917,0.012284,0.028178,0.000243,0.355117,0.006464,0.001886,0.015111,0.01138,0.024117,0.000243,0.355117,0.00646,0.001814,0.015088,6.9e-05,0.0403,-0.348647,0.353458,-0.001144,-0.006635,0.005062,1.064059,0.978785,2e-06,3.128764,0.713784,0.218959,1.857338,85.333333,44.153772,46.0,147.0,63.0,54.5,105.0,0.000344,0.028134,-0.352047,0.055028,0.000239,-0.002671,0.006297,-0.000737,0.012208,-0.164614,0.046591,-0.00022,-0.002559,0.001394,-0.097815,0.582271,-0.99989,0.999993,-0.058678,-0.638531,0.314935,0.054674,0.805235,-0.999993,1.0,0.164722,-0.807851,0.952434,0.017103,0.576492,-0.999138,0.999987,1e-06,-0.406335,0.463551,0.373834,0.726368,-0.999917,1.0,0.761067,-0.269755,0.978677,0.988281,0.107617,0.0,1.0,1.0,1.0,1.0,0.011719,0.107617,0.0,1.0,0.0,0.0,0.0
