sample_id,source_sample_id,user_id,label,role,outer_fold_id,inner_fold_id
20260703_231939_jmltkn__outer00__inner00__aug01,20260703_231939_jmltkn,user1,অ,train,0,0
20260703_231939_jmltkn__outer00__inner00__aug02,20260703_231939_jmltkn,user1,অ,train,0,0
20260703_231939_jmltkn__outer00__inner00__aug03,20260703_231939_jmltkn,user1,অ,train,0,0
20260704_230134_0i7e7o__outer00__inner00__aug01,20260704_230134_0i7e7o,user1,অ,train,0,0
20260704_230134_0i7e7o__outer00__inner00__aug02,20260704_230134_0i7e7o,user1,অ,train,0,0
20260704_230134_0i7e7o__outer00__inner00__aug03,20260704_230134_0i7e7o,user1,অ,train,0,0
20260704_230207_s0bru0__outer00__inner00__aug01,20260704_230207_s0bru0,user1,অ,train,0,0
20260704_230207_s0bru0__outer00__inner00__aug02,20260704_230207_s0bru0,user1,অ,train,0,0
20260704_230207_s0bru0__outer00__inner00__aug03,20260704_230207_s0bru0,user1,অ,train,0,0
20260704_230243_20ggrl__outer00__inner00__aug01,20260704_230243_20ggrl,user1,অ,train,0,0
20260704_230243_20ggrl__outer00__inner00__aug02,20260704_230243_20ggrl,user1,অ,train,0,0
20260704_230243_20ggrl__outer00__inner00__aug03,20260704_230243_20ggrl,user1,অ,train,0,0
20260704_230314_biogka__outer00__inner00__aug01,20260704_230314_biogka,user1,অ,train,0,0
20260704_230314_biogka__outer00__inner00__aug02,20260704_230314_biogka,user1,অ,train,0,0
20260704_230314_biogka__outer00__inner00__aug03,20260704_230314_biogka,user1,অ,train,0,0
20260704_230343_z76un4__outer00__inner00__aug01,20260704_230343_z76un4,user1,অ,train,0,0
20260704_230343_z76un4__outer00__inner00__aug02,20260704_230343_z76un4,user1,অ,train,0,0
20260704_230343_z76un4__outer00__inner00__aug03,20260704_230343_z76un4,user1,অ,train,0,0
20260704_230438_1by20a__outer00__inner00__aug01,20260704_230438_1by20a,user1,অ,train,0,0
20260704_230438_1by20a__outer00__inner00__aug02,20260704_230438_1by20a,user1,অ,train,0,0
20260704_230438_1by20a__outer00__inner00__aug03,20260704_230438_1by20a,user1,অ,train,0,0
20260704_230508_zz8agk__outer00__inner00__aug01,20260704_230508_zz8agk,user1,অ,train,0,0
20260704_230508_zz8agk__outer00__inner00__aug02,20260704_230508_zz8agk,user1,অ,train,0,0
20260704_230508_zz8agk__outer00__inner00__aug03,20260704_230508_zz8agk,user1,অ,train,0,0
20260704_230530_8783vw__outer00__inner00__aug01,20260704_230530_8783vw,user1,অ,train,0,0
20260704_230530_8783vw__outer00__inner00__aug02,20260704_230530_8783vw,user1,অ,train,0,0
20260704_230530_8783vw__outer00__inner00__aug03,20260704_230530_8783vw,user1,অ,train,0,0
20260704_230601_9fuwl5__outer00__inner00__aug01,20260704_230601_9fuwl5,user1,অ,train,0,0
20260704_230601_9fuwl5__outer00__inner00__aug02,20260704_230601_9fuwl5,user1,অ,train,0,0
20260704_230601_9fuwl5__outer00__inner00__aug03,20260704_230601_9fuwl5,user1,অ,train,0,0
20260704_230631_iep9zz__outer00__inner00__aug01,20260704_230631_iep9zz,user1,অ,train,0,0
20260704_230631_iep9zz__outer00__inner00__aug02,20260704_230631_iep9zz,user1,অ,train,0,0
20260704_230631_iep9zz__outer00__inner00__aug03,20260704_230631_iep9zz,user1,অ,train,0,0
20260709_222041_giojuy__outer00__inner00__aug01,20260709_222041_giojuy,user1,অ,train,0,0
20260709_222041_giojuy__outer00__inner00__aug02,20260709_222041_giojuy,user1,অ,train,0,0
20260709_222041_giojuy__outer00__inner00__aug03,20260709_222041_giojuy,user1,অ,train,0,0
20260704_230720_4nlmlz__outer00__inner00__aug01,20260704_230720_4nlmlz,user1,আ,train,0,0
20260704_230720_4nlmlz__outer00__inner00__aug02,20260704_230720_4nlmlz,user1,আ,train,0,0
20260704_230720_4nlmlz__outer00__inner00__aug03,20260704_230720_4nlmlz,user1,আ,train,0,0
20260704_230748_cofjqd__outer00__inner00__aug01,20260704_230748_cofjqd,user1,আ,train,0,0
20260704_230748_cofjqd__outer00__inner00__aug02,20260704_230748_cofjqd,user1,আ,train,0,0
20260704_230748_cofjqd__outer00__inner00__aug03,20260704_230748_cofjqd,user1,আ,train,0,0
20260704_230823_p4djtm__outer00__inner00__aug01,20260704_230823_p4djtm,user1,আ,train,0,0
20260704_230823_p4djtm__outer00__inner00__aug02,20260704_230823_p4djtm,user1,আ,train,0,0
20260704_230823_p4djtm__outer00__inner00__aug03,20260704_230823_p4djtm,user1,আ,train,0,0
20260704_230900_jm6b9y__outer00__inner00__aug01,20260704_230900_jm6b9y,user1,আ,train,0,0
20260704_230900_jm6b9y__outer00__inner00__aug02,20260704_230900_jm6b9y,user1,আ,train,0,0
20260704_230900_jm6b9y__outer00__inner00__aug03,20260704_230900_jm6b9y,user1,আ,train,0,0
20260704_230941_ogdcp4__outer00__inner00__aug01,20260704_230941_ogdcp4,user1,আ,train,0,0
20260704_230941_ogdcp4__outer00__inner00__aug02,20260704_230941_ogdcp4,user1,আ,train,0,0
20260704_230941_ogdcp4__outer00__inner00__aug03,20260704_230941_ogdcp4,user1,আ,train,0,0
20260704_231010_4ha6y7__outer00__inner00__aug01,20260704_231010_4ha6y7,user1,আ,train,0,0
20260704_231010_4ha6y7__outer00__inner00__aug02,20260704_231010_4ha6y7,user1,আ,train,0,0
20260704_231010_4ha6y7__outer00__inner00__aug03,20260704_231010_4ha6y7,user1,আ,train,0,0
20260728_232136_0wkg0v__outer00__inner00__aug01,20260728_232136_0wkg0v,user1,আ,train,0,0
20260728_232136_0wkg0v__outer00__inner00__aug02,20260728_232136_0wkg0v,user1,আ,train,0,0
20260728_232136_0wkg0v__outer00__inner00__aug03,20260728_232136_0wkg0v,user1,আ,train,0,0
20260728_232203_7c77zv__outer00__inner00__aug01,20260728_232203_7c77zv,user1,আ,train,0,0
20260728_232203_7c77zv__outer00__inner00__aug02,20260728_232203_7c77zv,user1,আ,train,0,0
20260728_232203_7c77zv__outer00__inner00__aug03,20260728_232203_7c77zv,user1,আ,train,0,0
20260728_232238_kgwkds__outer00__inner00__aug01,20260728_232238_kgwkds,user1,আ,train,0,0
20260728_232238_kgwkds__outer00__inner00__aug02,20260728_232238_kgwkds,user1,আ,train,0,0
20260728_232238_kgwkds__outer00__inner00__aug03,20260728_232238_kgwkds,user1,আ,train,0,0
20260728_232316_s2ep8l__outer00__inner00__aug01,20260728_232316_s2ep8l,user1,আ,train,0,0
20260728_232316_s2ep8l__outer00__inner00__aug02,20260728_232316_s2ep8l,user1,আ,train,0,0
20260728_232316_s2ep8l__outer00__inner00__aug03,20260728_232316_s2ep8l,user1,আ,train,0,0
20260705_210750_hp0ub6__outer00__inner00__aug01,20260705_210750_hp0ub6,user1,ই,train,0,0
20260705_210750_hp0ub6__outer00__inner00__aug02,20260705_210750_hp0ub6,user1,ই,train,0,0
20260705_210750_hp0ub6__outer00__inner00__aug03,20260705_210750_hp0ub6,user1,ই,train,0,0
20260705_210817_cpe63z__outer00__inner00__aug01,20260705_210817_cpe63z,user1,ই,train,0,0
20260705_210817_cpe63z__outer00__inner00__aug02,20260705_210817_cpe63z,user1,ই,train,0,0
20260705_210817_cpe63z__outer00__inner00__aug03,20260705_210817_cpe63z,user1,ই,train,0,0
20260705_210847_8d63gb__outer00__inner00__aug01,20260705_210847_8d63gb,user1,ই,train,0,0
20260705_210847_8d63gb__outer00__inner00__aug02,20260705_210847_8d63gb,user1,ই,train,0,0
20260705_210847_8d63gb__outer00__inner00__aug03,20260705_210847_8d63gb,user1,ই,train,0,0
20260705_210914_6z0wyv__outer00__inner00__aug01,20260705_210914_6z0wyv,user1,ই,train,0,0
20260705_210914_6z0wyv__outer00__inner00__aug02,20260705_210914_6z0wyv,user1,ই,train,0,0
20260705_210914_6z0wyv__outer00__inner00__aug03,20260705_210914_6z0wyv,user1,ই,train,0,0
20260705_211104_cee4mp__outer00__inner00__aug01,20260705_211104_cee4mp,user1,ই,train,0,0
20260705_211104_cee4mp__outer00__inner00__aug02,20260705_211104_cee4mp,user1,ই,train,0,0
20260705_211104_cee4mp__outer00__inner00__aug03,20260705_211104_cee4mp,user1,ই,train,0,0
20260705_211129_q9xd7j__outer00__inner00__aug01,20260705_211129_q9xd7j,user1,ই,train,0,0
20260705_211129_q9xd7j__outer00__inner00__aug02,20260705_211129_q9xd7j,user1,ই,train,0,0
20260705_211129_q9xd7j__outer00__inner00__aug03,20260705_211129_q9xd7j,user1,ই,train,0,0
20260705_211202_fwdefr__outer00__inner00__aug01,20260705_211202_fwdefr,user1,ই,train,0,0
20260705_211202_fwdefr__outer00__inner00__aug02,20260705_211202_fwdefr,user1,ই,train,0,0
20260705_211202_fwdefr__outer00__inner00__aug03,20260705_211202_fwdefr,user1,ই,train,0,0
20260705_211229_nco6f5__outer00__inner00__aug01,20260705_211229_nco6f5,user1,ই,train,0,0
20260705_211229_nco6f5__outer00__inner00__aug02,20260705_211229_nco6f5,user1,ই,train,0,0
20260705_211229_nco6f5__outer00__inner00__aug03,20260705_211229_nco6f5,user1,ই,train,0,0
20260705_211257_5zxk15__outer00__inner00__aug01,20260705_211257_5zxk15,user1,ই,train,0,0
20260705_211257_5zxk15__outer00__inner00__aug02,20260705_211257_5zxk15,user1,ই,train,0,0
20260705_211257_5zxk15__outer00__inner00__aug03,20260705_211257_5zxk15,user1,ই,train,0,0
20260705_211324_69n6hy__outer00__inner00__aug01,20260705_211324_69n6hy,user1,ই,train,0,0
20260705_211324_69n6hy__outer00__inner00__aug02,20260705_211324_69n6hy,user1,ই,train,0,0
20260705_211324_69n6hy__outer00__inner00__aug03,20260705_211324_69n6hy,user1,ই,train,0,0
20260705_213721_6edrqn__outer00__inner00__aug01,20260705_213721_6edrqn,user1,ঈ,train,0,0
20260705_213721_6edrqn__outer00__inner00__aug02,20260705_213721_6edrqn,user1,ঈ,train,0,0
20260705_213721_6edrqn__outer00__inner00__aug03,20260705_213721_6edrqn,user1,ঈ,train,0,0
20260705_213804_scynf9__outer00__inner00__aug01,20260705_213804_scynf9,user1,ঈ,train,0,0
20260705_213804_scynf9__outer00__inner00__aug02,20260705_213804_scynf9,user1,ঈ,train,0,0
20260705_213804_scynf9__outer00__inner00__aug03,20260705_213804_scynf9,user1,ঈ,train,0,0
20260705_213852_tuebtl__outer00__inner00__aug01,20260705_213852_tuebtl,user1,ঈ,train,0,0
20260705_213852_tuebtl__outer00__inner00__aug02,20260705_213852_tuebtl,user1,ঈ,train,0,0
20260705_213852_tuebtl__outer00__inner00__aug03,20260705_213852_tuebtl,user1,ঈ,train,0,0
20260705_213943_7qqvt7__outer00__inner00__aug01,20260705_213943_7qqvt7,user1,ঈ,train,0,0
20260705_213943_7qqvt7__outer00__inner00__aug02,20260705_213943_7qqvt7,user1,ঈ,train,0,0
20260705_213943_7qqvt7__outer00__inner00__aug03,20260705_213943_7qqvt7,user1,ঈ,train,0,0
20260705_214029_z7ddbl__outer00__inner00__aug01,20260705_214029_z7ddbl,user1,ঈ,train,0,0
20260705_214029_z7ddbl__outer00__inner00__aug02,20260705_214029_z7ddbl,user1,ঈ,train,0,0
20260705_214029_z7ddbl__outer00__inner00__aug03,20260705_214029_z7ddbl,user1,ঈ,train,0,0
20260705_214107_b894ld__outer00__inner00__aug01,20260705_214107_b894ld,user1,ঈ,train,0,0
20260705_214107_b894ld__outer00__inner00__aug02,20260705_214107_b894ld,user1,ঈ,train,0,0
20260705_214107_b894ld__outer00__inner00__aug03,20260705_214107_b894ld,user1,ঈ,train,0,0
20260705_215457_yruoxw__outer00__inner00__aug01,20260705_215457_yruoxw,user1,ঈ,train,0,0
20260705_215457_yruoxw__outer00__inner00__aug02,20260705_215457_yruoxw,user1,ঈ,train,0,0
20260705_215457_yruoxw__outer00__inner00__aug03,20260705_215457_yruoxw,user1,ঈ,train,0,0
20260705_215539_dr61qv__outer00__inner00__aug01,20260705_215539_dr61qv,user1,ঈ,train,0,0
20260705_215539_dr61qv__outer00__inner00__aug02,20260705_215539_dr61qv,user1,ঈ,train,0,0
20260705_215539_dr61qv__outer00__inner00__aug03,20260705_215539_dr61qv,user1,ঈ,train,0,0
20260705_215654_07cd7w__outer00__inner00__aug01,20260705_215654_07cd7w,user1,ঈ,train,0,0
20260705_215654_07cd7w__outer00__inner00__aug02,20260705_215654_07cd7w,user1,ঈ,train,0,0
20260705_215654_07cd7w__outer00__inner00__aug03,20260705_215654_07cd7w,user1,ঈ,train,0,0
20260705_215745_i5n9h7__outer00__inner00__aug01,20260705_215745_i5n9h7,user1,ঈ,train,0,0
20260705_215745_i5n9h7__outer00__inner00__aug02,20260705_215745_i5n9h7,user1,ঈ,train,0,0
20260705_215745_i5n9h7__outer00__inner00__aug03,20260705_215745_i5n9h7,user1,ঈ,train,0,0
20260704_232121_lcxi4y__outer00__inner00__aug01,20260704_232121_lcxi4y,user2,অ,train,0,0
20260704_232121_lcxi4y__outer00__inner00__aug02,20260704_232121_lcxi4y,user2,অ,train,0,0
20260704_232121_lcxi4y__outer00__inner00__aug03,20260704_232121_lcxi4y,user2,অ,train,0,0
20260728_232630_znnts0__outer00__inner00__aug01,20260728_232630_znnts0,user2,অ,train,0,0
20260728_232630_znnts0__outer00__inner00__aug02,20260728_232630_znnts0,user2,অ,train,0,0
20260728_232630_znnts0__outer00__inner00__aug03,20260728_232630_znnts0,user2,অ,train,0,0
20260728_232652_hdsmyh__outer00__inner00__aug01,20260728_232652_hdsmyh,user2,অ,train,0,0
20260728_232652_hdsmyh__outer00__inner00__aug02,20260728_232652_hdsmyh,user2,অ,train,0,0
20260728_232652_hdsmyh__outer00__inner00__aug03,20260728_232652_hdsmyh,user2,অ,train,0,0
20260728_232714_hincfq__outer00__inner00__aug01,20260728_232714_hincfq,user2,অ,train,0,0
20260728_232714_hincfq__outer00__inner00__aug02,20260728_232714_hincfq,user2,অ,train,0,0
20260728_232714_hincfq__outer00__inner00__aug03,20260728_232714_hincfq,user2,অ,train,0,0
20260728_232741_j1gvgu__outer00__inner00__aug01,20260728_232741_j1gvgu,user2,অ,train,0,0
20260728_232741_j1gvgu__outer00__inner00__aug02,20260728_232741_j1gvgu,user2,অ,train,0,0
20260728_232741_j1gvgu__outer00__inner00__aug03,20260728_232741_j1gvgu,user2,অ,train,0,0
20260704_232148_mqf5ea__outer00__inner00__aug01,20260704_232148_mqf5ea,user2,আ,train,0,0
20260704_232148_mqf5ea__outer00__inner00__aug02,20260704_232148_mqf5ea,user2,আ,train,0,0
20260704_232148_mqf5ea__outer00__inner00__aug03,20260704_232148_mqf5ea,user2,আ,train,0,0
20260728_232436_9i4gi8__outer00__inner00__aug01,20260728_232436_9i4gi8,user2,আ,train,0,0
20260728_232436_9i4gi8__outer00__inner00__aug02,20260728_232436_9i4gi8,user2,আ,train,0,0
20260728_232436_9i4gi8__outer00__inner00__aug03,20260728_232436_9i4gi8,user2,আ,train,0,0
20260728_232459_m6l3cf__outer00__inner00__aug01,20260728_232459_m6l3cf,user2,আ,train,0,0
20260728_232459_m6l3cf__outer00__inner00__aug02,20260728_232459_m6l3cf,user2,আ,train,0,0
20260728_232459_m6l3cf__outer00__inner00__aug03,20260728_232459_m6l3cf,user2,আ,train,0,0
20260728_232520_l4uaan__outer00__inner00__aug01,20260728_232520_l4uaan,user2,আ,train,0,0
20260728_232520_l4uaan__outer00__inner00__aug02,20260728_232520_l4uaan,user2,আ,train,0,0
20260728_232520_l4uaan__outer00__inner00__aug03,20260728_232520_l4uaan,user2,আ,train,0,0
20260728_232556_dwfz7c__outer00__inner00__aug01,20260728_232556_dwfz7c,user2,আ,train,0,0
20260728_232556_dwfz7c__outer00__inner00__aug02,20260728_232556_dwfz7c,user2,আ,train,0,0
20260728_232556_dwfz7c__outer00__inner00__aug03,20260728_232556_dwfz7c,user2,আ,train,0,0
20260704_232218_jf6rio__outer00__inner00__aug01,20260704_232218_jf6rio,user2,ই,train,0,0
20260704_232218_jf6rio__outer00__inner00__aug02,20260704_232218_jf6rio,user2,ই,train,0,0
20260704_232218_jf6rio__outer00__inner00__aug03,20260704_232218_jf6rio,user2,ই,train,0,0
20260728_232810_781yo6__outer00__inner00__aug01,20260728_232810_781yo6,user2,ই,train,0,0
20260728_232810_781yo6__outer00__inner00__aug02,20260728_232810_781yo6,user2,ই,train,0,0
20260728_232810_781yo6__outer00__inner00__aug03,20260728_232810_781yo6,user2,ই,train,0,0
20260728_232836_pvgrxn__outer00__inner00__aug01,20260728_232836_pvgrxn,user2,ই,train,0,0
20260728_232836_pvgrxn__outer00__inner00__aug02,20260728_232836_pvgrxn,user2,ই,train,0,0
20260728_232836_pvgrxn__outer00__inner00__aug03,20260728_232836_pvgrxn,user2,ই,train,0,0
20260728_233118_pcjncu__outer00__inner00__aug01,20260728_233118_pcjncu,user2,ই,train,0,0
20260728_233118_pcjncu__outer00__inner00__aug02,20260728_233118_pcjncu,user2,ই,train,0,0
20260728_233118_pcjncu__outer00__inner00__aug03,20260728_233118_pcjncu,user2,ই,train,0,0
20260728_233205_n417cm__outer00__inner00__aug01,20260728_233205_n417cm,user2,ই,train,0,0
20260728_233205_n417cm__outer00__inner00__aug02,20260728_233205_n417cm,user2,ই,train,0,0
20260728_233205_n417cm__outer00__inner00__aug03,20260728_233205_n417cm,user2,ই,train,0,0
20260704_232243_1fsapx__outer00__inner00__aug01,20260704_232243_1fsapx,user2,ঈ,train,0,0
20260704_232243_1fsapx__outer00__inner00__aug02,20260704_232243_1fsapx,user2,ঈ,train,0,0
20260704_232243_1fsapx__outer00__inner00__aug03,20260704_232243_1fsapx,user2,ঈ,train,0,0
20260728_233238_q39ioy__outer00__inner00__aug01,20260728_233238_q39ioy,user2,ঈ,train,0,0
20260728_233238_q39ioy__outer00__inner00__aug02,20260728_233238_q39ioy,user2,ঈ,train,0,0
20260728_233238_q39ioy__outer00__inner00__aug03,20260728_233238_q39ioy,user2,ঈ,train,0,0
20260728_233302_e8k0ge__outer00__inner00__aug01,20260728_233302_e8k0ge,user2,ঈ,train,0,0
20260728_233302_e8k0ge__outer00__inner00__aug02,20260728_233302_e8k0ge,user2,ঈ,train,0,0
20260728_233302_e8k0ge__outer00__inner00__aug03,20260728_233302_e8k0ge,user2,ঈ,train,0,0
20260728_233333_nvf18a__outer00__inner00__aug01,20260728_233333_nvf18a,user2,ঈ,train,0,0
20260728_233333_nvf18a__outer00__inner00__aug02,20260728_233333_nvf18a,user2,ঈ,train,0,0
20260728_233333_nvf18a__outer00__inner00__aug03,20260728_233333_nvf18a,user2,ঈ,train,0,0
20260728_233359_9wg8n4__outer00__inner00__aug01,20260728_233359_9wg8n4,user2,ঈ,train,0,0
20260728_233359_9wg8n4__outer00__inner00__aug02,20260728_233359_9wg8n4,user2,ঈ,train,0,0
20260728_233359_9wg8n4__outer00__inner00__aug03,20260728_233359_9wg8n4,user2,ঈ,train,0,0
20260711_200812_18txgi__outer00__inner00__aug01,20260711_200812_18txgi,user3,অ,train,0,0
20260711_200812_18txgi__outer00__inner00__aug02,20260711_200812_18txgi,user3,অ,train,0,0
20260711_200812_18txgi__outer00__inner00__aug03,20260711_200812_18txgi,user3,অ,train,0,0
20260711_200917_z1na4w__outer00__inner00__aug01,20260711_200917_z1na4w,user3,অ,train,0,0
20260711_200917_z1na4w__outer00__inner00__aug02,20260711_200917_z1na4w,user3,অ,train,0,0
20260711_200917_z1na4w__outer00__inner00__aug03,20260711_200917_z1na4w,user3,অ,train,0,0
20260711_200954_0muns4__outer00__inner00__aug01,20260711_200954_0muns4,user3,অ,train,0,0
20260711_200954_0muns4__outer00__inner00__aug02,20260711_200954_0muns4,user3,অ,train,0,0
20260711_200954_0muns4__outer00__inner00__aug03,20260711_200954_0muns4,user3,অ,train,0,0
20260711_201110_jw6cqh__outer00__inner00__aug01,20260711_201110_jw6cqh,user3,অ,train,0,0
20260711_201110_jw6cqh__outer00__inner00__aug02,20260711_201110_jw6cqh,user3,অ,train,0,0
20260711_201110_jw6cqh__outer00__inner00__aug03,20260711_201110_jw6cqh,user3,অ,train,0,0
20260711_201208_6ylgz1__outer00__inner00__aug01,20260711_201208_6ylgz1,user3,অ,train,0,0
20260711_201208_6ylgz1__outer00__inner00__aug02,20260711_201208_6ylgz1,user3,অ,train,0,0
20260711_201208_6ylgz1__outer00__inner00__aug03,20260711_201208_6ylgz1,user3,অ,train,0,0
20260711_201526_9elfv0__outer00__inner00__aug01,20260711_201526_9elfv0,user3,অ,train,0,0
20260711_201526_9elfv0__outer00__inner00__aug02,20260711_201526_9elfv0,user3,অ,train,0,0
20260711_201526_9elfv0__outer00__inner00__aug03,20260711_201526_9elfv0,user3,অ,train,0,0
20260711_201609_iv7642__outer00__inner00__aug01,20260711_201609_iv7642,user3,অ,train,0,0
20260711_201609_iv7642__outer00__inner00__aug02,20260711_201609_iv7642,user3,অ,train,0,0
20260711_201609_iv7642__outer00__inner00__aug03,20260711_201609_iv7642,user3,অ,train,0,0
20260711_201811_0znu6g__outer00__inner00__aug01,20260711_201811_0znu6g,user3,অ,train,0,0
20260711_201811_0znu6g__outer00__inner00__aug02,20260711_201811_0znu6g,user3,অ,train,0,0
20260711_201811_0znu6g__outer00__inner00__aug03,20260711_201811_0znu6g,user3,অ,train,0,0
20260711_201916_nc9ara__outer00__inner00__aug01,20260711_201916_nc9ara,user3,অ,train,0,0
20260711_201916_nc9ara__outer00__inner00__aug02,20260711_201916_nc9ara,user3,অ,train,0,0
20260711_201916_nc9ara__outer00__inner00__aug03,20260711_201916_nc9ara,user3,অ,train,0,0
20260711_201953_sai9ew__outer00__inner00__aug01,20260711_201953_sai9ew,user3,অ,train,0,0
20260711_201953_sai9ew__outer00__inner00__aug02,20260711_201953_sai9ew,user3,অ,train,0,0
20260711_201953_sai9ew__outer00__inner00__aug03,20260711_201953_sai9ew,user3,অ,train,0,0
20260711_202025_bntr0i__outer00__inner00__aug01,20260711_202025_bntr0i,user3,অ,train,0,0
20260711_202025_bntr0i__outer00__inner00__aug02,20260711_202025_bntr0i,user3,অ,train,0,0
20260711_202025_bntr0i__outer00__inner00__aug03,20260711_202025_bntr0i,user3,অ,train,0,0
20260711_202714_mwa7m1__outer00__inner00__aug01,20260711_202714_mwa7m1,user3,অ,train,0,0
20260711_202714_mwa7m1__outer00__inner00__aug02,20260711_202714_mwa7m1,user3,অ,train,0,0
20260711_202714_mwa7m1__outer00__inner00__aug03,20260711_202714_mwa7m1,user3,অ,train,0,0
20260711_202846_kmy51g__outer00__inner00__aug01,20260711_202846_kmy51g,user3,অ,train,0,0
20260711_202846_kmy51g__outer00__inner00__aug02,20260711_202846_kmy51g,user3,অ,train,0,0
20260711_202846_kmy51g__outer00__inner00__aug03,20260711_202846_kmy51g,user3,অ,train,0,0
20260711_203013_i4o0om__outer00__inner00__aug01,20260711_203013_i4o0om,user3,অ,train,0,0
20260711_203013_i4o0om__outer00__inner00__aug02,20260711_203013_i4o0om,user3,অ,train,0,0
20260711_203013_i4o0om__outer00__inner00__aug03,20260711_203013_i4o0om,user3,অ,train,0,0
20260711_203112_15gnzj__outer00__inner00__aug01,20260711_203112_15gnzj,user3,অ,train,0,0
20260711_203112_15gnzj__outer00__inner00__aug02,20260711_203112_15gnzj,user3,অ,train,0,0
20260711_203112_15gnzj__outer00__inner00__aug03,20260711_203112_15gnzj,user3,অ,train,0,0
20260711_205524_jbk5pv__outer00__inner00__aug01,20260711_205524_jbk5pv,user3,আ,train,0,0
20260711_205524_jbk5pv__outer00__inner00__aug02,20260711_205524_jbk5pv,user3,আ,train,0,0
20260711_205524_jbk5pv__outer00__inner00__aug03,20260711_205524_jbk5pv,user3,আ,train,0,0
20260711_205559_azslan__outer00__inner00__aug01,20260711_205559_azslan,user3,আ,train,0,0
20260711_205559_azslan__outer00__inner00__aug02,20260711_205559_azslan,user3,আ,train,0,0
20260711_205559_azslan__outer00__inner00__aug03,20260711_205559_azslan,user3,আ,train,0,0
20260711_205630_gydvnp__outer00__inner00__aug01,20260711_205630_gydvnp,user3,আ,train,0,0
20260711_205630_gydvnp__outer00__inner00__aug02,20260711_205630_gydvnp,user3,আ,train,0,0
20260711_205630_gydvnp__outer00__inner00__aug03,20260711_205630_gydvnp,user3,আ,train,0,0
20260711_205707_n57400__outer00__inner00__aug01,20260711_205707_n57400,user3,আ,train,0,0
20260711_205707_n57400__outer00__inner00__aug02,20260711_205707_n57400,user3,আ,train,0,0
20260711_205707_n57400__outer00__inner00__aug03,20260711_205707_n57400,user3,আ,train,0,0
20260711_205748_usnulf__outer00__inner00__aug01,20260711_205748_usnulf,user3,আ,train,0,0
20260711_205748_usnulf__outer00__inner00__aug02,20260711_205748_usnulf,user3,আ,train,0,0
20260711_205748_usnulf__outer00__inner00__aug03,20260711_205748_usnulf,user3,আ,train,0,0
20260704_232121_lcxi4y__outer00__inner01__aug01,20260704_232121_lcxi4y,user2,অ,train,0,1
20260704_232121_lcxi4y__outer00__inner01__aug02,20260704_232121_lcxi4y,user2,অ,train,0,1
20260704_232121_lcxi4y__outer00__inner01__aug03,20260704_232121_lcxi4y,user2,অ,train,0,1
20260728_232630_znnts0__outer00__inner01__aug01,20260728_232630_znnts0,user2,অ,train,0,1
20260728_232630_znnts0__outer00__inner01__aug02,20260728_232630_znnts0,user2,অ,train,0,1
20260728_232630_znnts0__outer00__inner01__aug03,20260728_232630_znnts0,user2,অ,train,0,1
20260728_232652_hdsmyh__outer00__inner01__aug01,20260728_232652_hdsmyh,user2,অ,train,0,1
20260728_232652_hdsmyh__outer00__inner01__aug02,20260728_232652_hdsmyh,user2,অ,train,0,1
20260728_232652_hdsmyh__outer00__inner01__aug03,20260728_232652_hdsmyh,user2,অ,train,0,1
20260728_232714_hincfq__outer00__inner01__aug01,20260728_232714_hincfq,user2,অ,train,0,1
20260728_232714_hincfq__outer00__inner01__aug02,20260728_232714_hincfq,user2,অ,train,0,1
20260728_232714_hincfq__outer00__inner01__aug03,20260728_232714_hincfq,user2,অ,train,0,1
20260728_232741_j1gvgu__outer00__inner01__aug01,20260728_232741_j1gvgu,user2,অ,train,0,1
20260728_232741_j1gvgu__outer00__inner01__aug02,20260728_232741_j1gvgu,user2,অ,train,0,1
20260728_232741_j1gvgu__outer00__inner01__aug03,20260728_232741_j1gvgu,user2,অ,train,0,1
20260704_232148_mqf5ea__outer00__inner01__aug01,20260704_232148_mqf5ea,user2,আ,train,0,1
20260704_232148_mqf5ea__outer00__inner01__aug02,20260704_232148_mqf5ea,user2,আ,train,0,1
20260704_232148_mqf5ea__outer00__inner01__aug03,20260704_232148_mqf5ea,user2,আ,train,0,1
20260728_232436_9i4gi8__outer00__inner01__aug01,20260728_232436_9i4gi8,user2,আ,train,0,1
20260728_232436_9i4gi8__outer00__inner01__aug02,20260728_232436_9i4gi8,user2,আ,train,0,1
20260728_232436_9i4gi8__outer00__inner01__aug03,20260728_232436_9i4gi8,user2,আ,train,0,1
20260728_232459_m6l3cf__outer00__inner01__aug01,20260728_232459_m6l3cf,user2,আ,train,0,1
20260728_232459_m6l3cf__outer00__inner01__aug02,20260728_232459_m6l3cf,user2,আ,train,0,1
20260728_232459_m6l3cf__outer00__inner01__aug03,20260728_232459_m6l3cf,user2,আ,train,0,1
20260728_232520_l4uaan__outer00__inner01__aug01,20260728_232520_l4uaan,user2,আ,train,0,1
20260728_232520_l4uaan__outer00__inner01__aug02,20260728_232520_l4uaan,user2,আ,train,0,1
20260728_232520_l4uaan__outer00__inner01__aug03,20260728_232520_l4uaan,user2,আ,train,0,1
20260728_232556_dwfz7c__outer00__inner01__aug01,20260728_232556_dwfz7c,user2,আ,train,0,1
20260728_232556_dwfz7c__outer00__inner01__aug02,20260728_232556_dwfz7c,user2,আ,train,0,1
20260728_232556_dwfz7c__outer00__inner01__aug03,20260728_232556_dwfz7c,user2,আ,train,0,1
20260704_232218_jf6rio__outer00__inner01__aug01,20260704_232218_jf6rio,user2,ই,train,0,1
20260704_232218_jf6rio__outer00__inner01__aug02,20260704_232218_jf6rio,user2,ই,train,0,1
20260704_232218_jf6rio__outer00__inner01__aug03,20260704_232218_jf6rio,user2,ই,train,0,1
20260728_232810_781yo6__outer00__inner01__aug01,20260728_232810_781yo6,user2,ই,train,0,1
20260728_232810_781yo6__outer00__inner01__aug02,20260728_232810_781yo6,user2,ই,train,0,1
20260728_232810_781yo6__outer00__inner01__aug03,20260728_232810_781yo6,user2,ই,train,0,1
20260728_232836_pvgrxn__outer00__inner01__aug01,20260728_232836_pvgrxn,user2,ই,train,0,1
20260728_232836_pvgrxn__outer00__inner01__aug02,20260728_232836_pvgrxn,user2,ই,train,0,1
20260728_232836_pvgrxn__outer00__inner01__aug03,20260728_232836_pvgrxn,user2,ই,train,0,1
20260728_233118_pcjncu__outer00__inner01__aug01,20260728_233118_pcjncu,user2,ই,train,0,1
20260728_233118_pcjncu__outer00__inner01__aug02,20260728_233118_pcjncu,user2,ই,train,0,1
20260728_233118_pcjncu__outer00__inner01__aug03,20260728_233118_pcjncu,user2,ই,train,0,1
20260728_233205_n417cm__outer00__inner01__aug01,20260728_233205_n417cm,user2,ই,train,0,1
20260728_233205_n417cm__outer00__inner01__aug02,20260728_233205_n417cm,user2,ই,train,0,1
20260728_233205_n417cm__outer00__inner01__aug03,20260728_233205_n417cm,user2,ই,train,0,1
20260704_232243_1fsapx__outer00__inner01__aug01,20260704_232243_1fsapx,user2,ঈ,train,0,1
20260704_232243_1fsapx__outer00__inner01__aug02,20260704_232243_1fsapx,user2,ঈ,train,0,1
20260704_232243_1fsapx__outer00__inner01__aug03,20260704_232243_1fsapx,user2,ঈ,train,0,1
20260728_233238_q39ioy__outer00__inner01__aug01,20260728_233238_q39ioy,user2,ঈ,train,0,1
20260728_233238_q39ioy__outer00__inner01__aug02,20260728_233238_q39ioy,user2,ঈ,train,0,1
20260728_233238_q39ioy__outer00__inner01__aug03,20260728_233238_q39ioy,user2,ঈ,train,0,1
20260728_233302_e8k0ge__outer00__inner01__aug01,20260728_233302_e8k0ge,user2,ঈ,train,0,1
20260728_233302_e8k0ge__outer00__inner01__aug02,20260728_233302_e8k0ge,user2,ঈ,train,0,1
20260728_233302_e8k0ge__outer00__inner01__aug03,20260728_233302_e8k0ge,user2,ঈ,train,0,1
20260728_233333_nvf18a__outer00__inner01__aug01,20260728_233333_nvf18a,user2,ঈ,train,0,1
20260728_233333_nvf18a__outer00__inner01__aug02,20260728_233333_nvf18a,user2,ঈ,train,0,1
20260728_233333_nvf18a__outer00__inner01__aug03,20260728_233333_nvf18a,user2,ঈ,train,0,1
20260728_233359_9wg8n4__outer00__inner01__aug01,20260728_233359_9wg8n4,user2,ঈ,train,0,1
20260728_233359_9wg8n4__outer00__inner01__aug02,20260728_233359_9wg8n4,user2,ঈ,train,0,1
20260728_233359_9wg8n4__outer00__inner01__aug03,20260728_233359_9wg8n4,user2,ঈ,train,0,1
20260711_200812_18txgi__outer00__inner01__aug01,20260711_200812_18txgi,user3,অ,train,0,1
20260711_200812_18txgi__outer00__inner01__aug02,20260711_200812_18txgi,user3,অ,train,0,1
20260711_200812_18txgi__outer00__inner01__aug03,20260711_200812_18txgi,user3,অ,train,0,1
20260711_200917_z1na4w__outer00__inner01__aug01,20260711_200917_z1na4w,user3,অ,train,0,1
20260711_200917_z1na4w__outer00__inner01__aug02,20260711_200917_z1na4w,user3,অ,train,0,1
20260711_200917_z1na4w__outer00__inner01__aug03,20260711_200917_z1na4w,user3,অ,train,0,1
20260711_200954_0muns4__outer00__inner01__aug01,20260711_200954_0muns4,user3,অ,train,0,1
20260711_200954_0muns4__outer00__inner01__aug02,20260711_200954_0muns4,user3,অ,train,0,1
20260711_200954_0muns4__outer00__inner01__aug03,20260711_200954_0muns4,user3,অ,train,0,1
20260711_201110_jw6cqh__outer00__inner01__aug01,20260711_201110_jw6cqh,user3,অ,train,0,1
20260711_201110_jw6cqh__outer00__inner01__aug02,20260711_201110_jw6cqh,user3,অ,train,0,1
20260711_201110_jw6cqh__outer00__inner01__aug03,20260711_201110_jw6cqh,user3,অ,train,0,1
20260711_201208_6ylgz1__outer00__inner01__aug01,20260711_201208_6ylgz1,user3,অ,train,0,1
20260711_201208_6ylgz1__outer00__inner01__aug02,20260711_201208_6ylgz1,user3,অ,train,0,1
20260711_201208_6ylgz1__outer00__inner01__aug03,20260711_201208_6ylgz1,user3,অ,train,0,1
20260711_201526_9elfv0__outer00__inner01__aug01,20260711_201526_9elfv0,user3,অ,train,0,1
20260711_201526_9elfv0__outer00__inner01__aug02,20260711_201526_9elfv0,user3,অ,train,0,1
20260711_201526_9elfv0__outer00__inner01__aug03,20260711_201526_9elfv0,user3,অ,train,0,1
20260711_201609_iv7642__outer00__inner01__aug01,20260711_201609_iv7642,user3,অ,train,0,1
20260711_201609_iv7642__outer00__inner01__aug02,20260711_201609_iv7642,user3,অ,train,0,1
20260711_201609_iv7642__outer00__inner01__aug03,20260711_201609_iv7642,user3,অ,train,0,1
20260711_201811_0znu6g__outer00__inner01__aug01,20260711_201811_0znu6g,user3,অ,train,0,1
20260711_201811_0znu6g__outer00__inner01__aug02,20260711_201811_0znu6g,user3,অ,train,0,1
20260711_201811_0znu6g__outer00__inner01__aug03,20260711_201811_0znu6g,user3,অ,train,0,1
20260711_201916_nc9ara__outer00__inner01__aug01,20260711_201916_nc9ara,user3,অ,train,0,1
20260711_201916_nc9ara__outer00__inner01__aug02,20260711_201916_nc9ara,user3,অ,train,0,1
20260711_201916_nc9ara__outer00__inner01__aug03,20260711_201916_nc9ara,user3,অ,train,0,1
20260711_201953_sai9ew__outer00__inner01__aug01,20260711_201953_sai9ew,user3,অ,train,0,1
20260711_201953_sai9ew__outer00__inner01__aug02,20260711_201953_sai9ew,user3,অ,train,0,1
20260711_201953_sai9ew__outer00__inner01__aug03,20260711_201953_sai9ew,user3,অ,train,0,1
20260711_202025_bntr0i__outer00__inner01__aug01,20260711_202025_bntr0i,user3,অ,train,0,1
20260711_202025_bntr0i__outer00__inner01__aug02,20260711_202025_bntr0i,user3,অ,train,0,1
20260711_202025_bntr0i__outer00__inner01__aug03,20260711_202025_bntr0i,user3,অ,train,0,1
20260711_202714_mwa7m1__outer00__inner01__aug01,20260711_202714_mwa7m1,user3,অ,train,0,1
20260711_202714_mwa7m1__outer00__inner01__aug02,20260711_202714_mwa7m1,user3,অ,train,0,1
20260711_202714_mwa7m1__outer00__inner01__aug03,20260711_202714_mwa7m1,user3,অ,train,0,1
20260711_202846_kmy51g__outer00__inner01__aug01,20260711_202846_kmy51g,user3,অ,train,0,1
20260711_202846_kmy51g__outer00__inner01__aug02,20260711_202846_kmy51g,user3,অ,train,0,1
20260711_202846_kmy51g__outer00__inner01__aug03,20260711_202846_kmy51g,user3,অ,train,0,1
20260711_203013_i4o0om__outer00__inner01__aug01,20260711_203013_i4o0om,user3,অ,train,0,1
20260711_203013_i4o0om__outer00__inner01__aug02,20260711_203013_i4o0om,user3,অ,train,0,1
20260711_203013_i4o0om__outer00__inner01__aug03,20260711_203013_i4o0om,user3,অ,train,0,1
20260711_203112_15gnzj__outer00__inner01__aug01,20260711_203112_15gnzj,user3,অ,train,0,1
20260711_203112_15gnzj__outer00__inner01__aug02,20260711_203112_15gnzj,user3,অ,train,0,1
20260711_203112_15gnzj__outer00__inner01__aug03,20260711_203112_15gnzj,user3,অ,train,0,1
20260711_205524_jbk5pv__outer00__inner01__aug01,20260711_205524_jbk5pv,user3,আ,train,0,1
20260711_205524_jbk5pv__outer00__inner01__aug02,20260711_205524_jbk5pv,user3,আ,train,0,1
20260711_205524_jbk5pv__outer00__inner01__aug03,20260711_205524_jbk5pv,user3,আ,train,0,1
20260711_205559_azslan__outer00__inner01__aug01,20260711_205559_azslan,user3,আ,train,0,1
20260711_205559_azslan__outer00__inner01__aug02,20260711_205559_azslan,user3,আ,train,0,1
20260711_205559_azslan__outer00__inner01__aug03,20260711_205559_azslan,user3,আ,train,0,1
20260711_205630_gydvnp__outer00__inner01__aug01,20260711_205630_gydvnp,user3,আ,train,0,1
20260711_205630_gydvnp__outer00__inner01__aug02,20260711_205630_gydvnp,user3,আ,train,0,1
20260711_205630_gydvnp__outer00__inner01__aug03,20260711_205630_gydvnp,user3,আ,train,0,1
20260711_205707_n57400__outer00__inner01__aug01,20260711_205707_n57400,user3,আ,train,0,1
20260711_205707_n57400__outer00__inner01__aug02,20260711_205707_n57400,user3,আ,train,0,1
20260711_205707_n57400__outer00__inner01__aug03,20260711_205707_n57400,user3,আ,train,0,1
20260711_205748_usnulf__outer00__inner01__aug01,20260711_205748_usnulf,user3,আ,train,0,1
20260711_205748_usnulf__outer00__inner01__aug02,20260711_205748_usnulf,user3,আ,train,0,1
20260711_205748_usnulf__outer00__inner01__aug03,20260711_205748_usnulf,user3,আ,train,0,1
20260711_211455_ab7vb3__outer00__inner01__aug01,20260711_211455_ab7vb3,user4,অ,train,0,1
20260711_211455_ab7vb3__outer00__inner01__aug02,20260711_211455_ab7vb3,user4,অ,train,0,1
20260711_211455_ab7vb3__outer00__inner01__aug03,20260711_211455_ab7vb3,user4,অ,train,0,1
20260711_214733_y28o8p__outer00__inner01__aug01,20260711_214733_y28o8p,user4,অ,train,0,1
20260711_214733_y28o8p__outer00__inner01__aug02,20260711_214733_y28o8p,user4,অ,train,0,1
20260711_214733_y28o8p__outer00__inner01__aug03,20260711_214733_y28o8p,user4,অ,train,0,1
20260711_214747_h8ad4n__outer00__inner01__aug01,20260711_214747_h8ad4n,user4,অ,train,0,1
20260711_214747_h8ad4n__outer00__inner01__aug02,20260711_214747_h8ad4n,user4,অ,train,0,1
20260711_214747_h8ad4n__outer00__inner01__aug03,20260711_214747_h8ad4n,user4,অ,train,0,1
20260711_214802_iotb3d__outer00__inner01__aug01,20260711_214802_iotb3d,user4,অ,train,0,1
20260711_214802_iotb3d__outer00__inner01__aug02,20260711_214802_iotb3d,user4,অ,train,0,1
20260711_214802_iotb3d__outer00__inner01__aug03,20260711_214802_iotb3d,user4,অ,train,0,1
20260711_214818_1kqyjw__outer00__inner01__aug01,20260711_214818_1kqyjw,user4,অ,train,0,1
20260711_214818_1kqyjw__outer00__inner01__aug02,20260711_214818_1kqyjw,user4,অ,train,0,1
20260711_214818_1kqyjw__outer00__inner01__aug03,20260711_214818_1kqyjw,user4,অ,train,0,1
20260711_214838_nmfk2j__outer00__inner01__aug01,20260711_214838_nmfk2j,user4,অ,train,0,1
20260711_214838_nmfk2j__outer00__inner01__aug02,20260711_214838_nmfk2j,user4,অ,train,0,1
20260711_214838_nmfk2j__outer00__inner01__aug03,20260711_214838_nmfk2j,user4,অ,train,0,1
20260711_214856_wh1jdl__outer00__inner01__aug01,20260711_214856_wh1jdl,user4,অ,train,0,1
20260711_214856_wh1jdl__outer00__inner01__aug02,20260711_214856_wh1jdl,user4,অ,train,0,1
20260711_214856_wh1jdl__outer00__inner01__aug03,20260711_214856_wh1jdl,user4,অ,train,0,1
20260711_214912_5jyzoq__outer00__inner01__aug01,20260711_214912_5jyzoq,user4,অ,train,0,1
20260711_214912_5jyzoq__outer00__inner01__aug02,20260711_214912_5jyzoq,user4,অ,train,0,1
20260711_214912_5jyzoq__outer00__inner01__aug03,20260711_214912_5jyzoq,user4,অ,train,0,1
20260711_215025_9ahjj1__outer00__inner01__aug01,20260711_215025_9ahjj1,user4,অ,train,0,1
20260711_215025_9ahjj1__outer00__inner01__aug02,20260711_215025_9ahjj1,user4,অ,train,0,1
20260711_215025_9ahjj1__outer00__inner01__aug03,20260711_215025_9ahjj1,user4,অ,train,0,1
20260711_215040_totmvz__outer00__inner01__aug01,20260711_215040_totmvz,user4,অ,train,0,1
20260711_215040_totmvz__outer00__inner01__aug02,20260711_215040_totmvz,user4,অ,train,0,1
20260711_215040_totmvz__outer00__inner01__aug03,20260711_215040_totmvz,user4,অ,train,0,1
20260711_215057_m3q3bw__outer00__inner01__aug01,20260711_215057_m3q3bw,user4,অ,train,0,1
20260711_215057_m3q3bw__outer00__inner01__aug02,20260711_215057_m3q3bw,user4,অ,train,0,1
20260711_215057_m3q3bw__outer00__inner01__aug03,20260711_215057_m3q3bw,user4,অ,train,0,1
20260711_215120_wa3iw4__outer00__inner01__aug01,20260711_215120_wa3iw4,user4,অ,train,0,1
20260711_215120_wa3iw4__outer00__inner01__aug02,20260711_215120_wa3iw4,user4,অ,train,0,1
20260711_215120_wa3iw4__outer00__inner01__aug03,20260711_215120_wa3iw4,user4,অ,train,0,1
20260711_215140_jzmdn9__outer00__inner01__aug01,20260711_215140_jzmdn9,user4,অ,train,0,1
20260711_215140_jzmdn9__outer00__inner01__aug02,20260711_215140_jzmdn9,user4,অ,train,0,1
20260711_215140_jzmdn9__outer00__inner01__aug03,20260711_215140_jzmdn9,user4,অ,train,0,1
20260711_215153_8dj6mi__outer00__inner01__aug01,20260711_215153_8dj6mi,user4,অ,train,0,1
20260711_215153_8dj6mi__outer00__inner01__aug02,20260711_215153_8dj6mi,user4,অ,train,0,1
20260711_215153_8dj6mi__outer00__inner01__aug03,20260711_215153_8dj6mi,user4,অ,train,0,1
20260711_215210_14cuph__outer00__inner01__aug01,20260711_215210_14cuph,user4,অ,train,0,1
20260711_215210_14cuph__outer00__inner01__aug02,20260711_215210_14cuph,user4,অ,train,0,1
20260711_215210_14cuph__outer00__inner01__aug03,20260711_215210_14cuph,user4,অ,train,0,1
20260711_215224_s1nefb__outer00__inner01__aug01,20260711_215224_s1nefb,user4,অ,train,0,1
20260711_215224_s1nefb__outer00__inner01__aug02,20260711_215224_s1nefb,user4,অ,train,0,1
20260711_215224_s1nefb__outer00__inner01__aug03,20260711_215224_s1nefb,user4,অ,train,0,1
20260711_211553_8q738s__outer00__inner01__aug01,20260711_211553_8q738s,user4,আ,train,0,1
20260711_211553_8q738s__outer00__inner01__aug02,20260711_211553_8q738s,user4,আ,train,0,1
20260711_211553_8q738s__outer00__inner01__aug03,20260711_211553_8q738s,user4,আ,train,0,1
20260711_215326_rdw0i7__outer00__inner01__aug01,20260711_215326_rdw0i7,user4,আ,train,0,1
20260711_215326_rdw0i7__outer00__inner01__aug02,20260711_215326_rdw0i7,user4,আ,train,0,1
20260711_215326_rdw0i7__outer00__inner01__aug03,20260711_215326_rdw0i7,user4,আ,train,0,1
20260711_215355_gtir0d__outer00__inner01__aug01,20260711_215355_gtir0d,user4,আ,train,0,1
20260711_215355_gtir0d__outer00__inner01__aug02,20260711_215355_gtir0d,user4,আ,train,0,1
20260711_215355_gtir0d__outer00__inner01__aug03,20260711_215355_gtir0d,user4,আ,train,0,1
20260711_215413_4z3pac__outer00__inner01__aug01,20260711_215413_4z3pac,user4,আ,train,0,1
20260711_215413_4z3pac__outer00__inner01__aug02,20260711_215413_4z3pac,user4,আ,train,0,1
20260711_215413_4z3pac__outer00__inner01__aug03,20260711_215413_4z3pac,user4,আ,train,0,1
20260711_215505_noe4fp__outer00__inner01__aug01,20260711_215505_noe4fp,user4,আ,train,0,1
20260711_215505_noe4fp__outer00__inner01__aug02,20260711_215505_noe4fp,user4,আ,train,0,1
20260711_215505_noe4fp__outer00__inner01__aug03,20260711_215505_noe4fp,user4,আ,train,0,1
20260711_215527_oaoi6c__outer00__inner01__aug01,20260711_215527_oaoi6c,user4,আ,train,0,1
20260711_215527_oaoi6c__outer00__inner01__aug02,20260711_215527_oaoi6c,user4,আ,train,0,1
20260711_215527_oaoi6c__outer00__inner01__aug03,20260711_215527_oaoi6c,user4,আ,train,0,1
20260711_215554_41w3p4__outer00__inner01__aug01,20260711_215554_41w3p4,user4,আ,train,0,1
20260711_215554_41w3p4__outer00__inner01__aug02,20260711_215554_41w3p4,user4,আ,train,0,1
20260711_215554_41w3p4__outer00__inner01__aug03,20260711_215554_41w3p4,user4,আ,train,0,1
20260711_215623_q6sua3__outer00__inner01__aug01,20260711_215623_q6sua3,user4,আ,train,0,1
20260711_215623_q6sua3__outer00__inner01__aug02,20260711_215623_q6sua3,user4,আ,train,0,1
20260711_215623_q6sua3__outer00__inner01__aug03,20260711_215623_q6sua3,user4,আ,train,0,1
20260711_215646_y25z4x__outer00__inner01__aug01,20260711_215646_y25z4x,user4,আ,train,0,1
20260711_215646_y25z4x__outer00__inner01__aug02,20260711_215646_y25z4x,user4,আ,train,0,1
20260711_215646_y25z4x__outer00__inner01__aug03,20260711_215646_y25z4x,user4,আ,train,0,1
20260711_215701_i0we24__outer00__inner01__aug01,20260711_215701_i0we24,user4,আ,train,0,1
20260711_215701_i0we24__outer00__inner01__aug02,20260711_215701_i0we24,user4,আ,train,0,1
20260711_215701_i0we24__outer00__inner01__aug03,20260711_215701_i0we24,user4,আ,train,0,1
20260711_215719_fym8k2__outer00__inner01__aug01,20260711_215719_fym8k2,user4,আ,train,0,1
20260711_215719_fym8k2__outer00__inner01__aug02,20260711_215719_fym8k2,user4,আ,train,0,1
20260711_215719_fym8k2__outer00__inner01__aug03,20260711_215719_fym8k2,user4,আ,train,0,1
20260711_215732_e3wli4__outer00__inner01__aug01,20260711_215732_e3wli4,user4,আ,train,0,1
20260711_215732_e3wli4__outer00__inner01__aug02,20260711_215732_e3wli4,user4,আ,train,0,1
20260711_215732_e3wli4__outer00__inner01__aug03,20260711_215732_e3wli4,user4,আ,train,0,1
20260711_215746_pw5glc__outer00__inner01__aug01,20260711_215746_pw5glc,user4,আ,train,0,1
20260711_215746_pw5glc__outer00__inner01__aug02,20260711_215746_pw5glc,user4,আ,train,0,1
20260711_215746_pw5glc__outer00__inner01__aug03,20260711_215746_pw5glc,user4,আ,train,0,1
20260711_215803_gtb1nz__outer00__inner01__aug01,20260711_215803_gtb1nz,user4,আ,train,0,1
20260711_215803_gtb1nz__outer00__inner01__aug02,20260711_215803_gtb1nz,user4,আ,train,0,1
20260711_215803_gtb1nz__outer00__inner01__aug03,20260711_215803_gtb1nz,user4,আ,train,0,1
20260711_215826_09me7o__outer00__inner01__aug01,20260711_215826_09me7o,user4,আ,train,0,1
20260711_215826_09me7o__outer00__inner01__aug02,20260711_215826_09me7o,user4,আ,train,0,1
20260711_215826_09me7o__outer00__inner01__aug03,20260711_215826_09me7o,user4,আ,train,0,1
20260711_215850_2a6qfe__outer00__inner01__aug01,20260711_215850_2a6qfe,user4,আ,train,0,1
20260711_215850_2a6qfe__outer00__inner01__aug02,20260711_215850_2a6qfe,user4,আ,train,0,1
20260711_215850_2a6qfe__outer00__inner01__aug03,20260711_215850_2a6qfe,user4,আ,train,0,1
20260711_211613_pni7yl__outer00__inner01__aug01,20260711_211613_pni7yl,user4,ই,train,0,1
20260711_211613_pni7yl__outer00__inner01__aug02,20260711_211613_pni7yl,user4,ই,train,0,1
20260711_211613_pni7yl__outer00__inner01__aug03,20260711_211613_pni7yl,user4,ই,train,0,1
20260711_211631_omhqof__outer00__inner01__aug01,20260711_211631_omhqof,user4,ই,train,0,1
20260711_211631_omhqof__outer00__inner01__aug02,20260711_211631_omhqof,user4,ই,train,0,1
20260711_211631_omhqof__outer00__inner01__aug03,20260711_211631_omhqof,user4,ই,train,0,1
20260711_215916_5xq3ym__outer00__inner01__aug01,20260711_215916_5xq3ym,user4,ই,train,0,1
20260711_215916_5xq3ym__outer00__inner01__aug02,20260711_215916_5xq3ym,user4,ই,train,0,1
20260711_215916_5xq3ym__outer00__inner01__aug03,20260711_215916_5xq3ym,user4,ই,train,0,1
20260711_215928_ckxbi5__outer00__inner01__aug01,20260711_215928_ckxbi5,user4,ই,train,0,1
20260711_215928_ckxbi5__outer00__inner01__aug02,20260711_215928_ckxbi5,user4,ই,train,0,1
20260711_215928_ckxbi5__outer00__inner01__aug03,20260711_215928_ckxbi5,user4,ই,train,0,1
20260711_215945_ovgs11__outer00__inner01__aug01,20260711_215945_ovgs11,user4,ই,train,0,1
20260711_215945_ovgs11__outer00__inner01__aug02,20260711_215945_ovgs11,user4,ই,train,0,1
20260711_215945_ovgs11__outer00__inner01__aug03,20260711_215945_ovgs11,user4,ই,train,0,1
20260711_215959_axw0jl__outer00__inner01__aug01,20260711_215959_axw0jl,user4,ই,train,0,1
20260711_215959_axw0jl__outer00__inner01__aug02,20260711_215959_axw0jl,user4,ই,train,0,1
20260711_215959_axw0jl__outer00__inner01__aug03,20260711_215959_axw0jl,user4,ই,train,0,1
20260711_220013_x16qxh__outer00__inner01__aug01,20260711_220013_x16qxh,user4,ই,train,0,1
20260711_220013_x16qxh__outer00__inner01__aug02,20260711_220013_x16qxh,user4,ই,train,0,1
20260711_220013_x16qxh__outer00__inner01__aug03,20260711_220013_x16qxh,user4,ই,train,0,1
20260711_220027_1j40u6__outer00__inner01__aug01,20260711_220027_1j40u6,user4,ই,train,0,1
20260711_220027_1j40u6__outer00__inner01__aug02,20260711_220027_1j40u6,user4,ই,train,0,1
20260711_220027_1j40u6__outer00__inner01__aug03,20260711_220027_1j40u6,user4,ই,train,0,1
20260711_220043_yyhe4o__outer00__inner01__aug01,20260711_220043_yyhe4o,user4,ই,train,0,1
20260711_220043_yyhe4o__outer00__inner01__aug02,20260711_220043_yyhe4o,user4,ই,train,0,1
20260711_220043_yyhe4o__outer00__inner01__aug03,20260711_220043_yyhe4o,user4,ই,train,0,1
20260711_220058_6cy90j__outer00__inner01__aug01,20260711_220058_6cy90j,user4,ই,train,0,1
20260711_220058_6cy90j__outer00__inner01__aug02,20260711_220058_6cy90j,user4,ই,train,0,1
20260711_220058_6cy90j__outer00__inner01__aug03,20260711_220058_6cy90j,user4,ই,train,0,1
20260711_220112_94lc88__outer00__inner01__aug01,20260711_220112_94lc88,user4,ই,train,0,1
20260711_220112_94lc88__outer00__inner01__aug02,20260711_220112_94lc88,user4,ই,train,0,1
20260711_220112_94lc88__outer00__inner01__aug03,20260711_220112_94lc88,user4,ই,train,0,1
20260711_220132_3b6d70__outer00__inner01__aug01,20260711_220132_3b6d70,user4,ই,train,0,1
20260711_220132_3b6d70__outer00__inner01__aug02,20260711_220132_3b6d70,user4,ই,train,0,1
20260711_220132_3b6d70__outer00__inner01__aug03,20260711_220132_3b6d70,user4,ই,train,0,1
20260711_220151_kjuuzh__outer00__inner01__aug01,20260711_220151_kjuuzh,user4,ই,train,0,1
20260711_220151_kjuuzh__outer00__inner01__aug02,20260711_220151_kjuuzh,user4,ই,train,0,1
20260711_220151_kjuuzh__outer00__inner01__aug03,20260711_220151_kjuuzh,user4,ই,train,0,1
20260711_220205_cr3boy__outer00__inner01__aug01,20260711_220205_cr3boy,user4,ই,train,0,1
20260711_220205_cr3boy__outer00__inner01__aug02,20260711_220205_cr3boy,user4,ই,train,0,1
20260711_220205_cr3boy__outer00__inner01__aug03,20260711_220205_cr3boy,user4,ই,train,0,1
20260711_220217_85rgxu__outer00__inner01__aug01,20260711_220217_85rgxu,user4,ই,train,0,1
20260711_220217_85rgxu__outer00__inner01__aug02,20260711_220217_85rgxu,user4,ই,train,0,1
20260711_220217_85rgxu__outer00__inner01__aug03,20260711_220217_85rgxu,user4,ই,train,0,1
20260711_220235_4uai7u__outer00__inner01__aug01,20260711_220235_4uai7u,user4,ই,train,0,1
20260711_220235_4uai7u__outer00__inner01__aug02,20260711_220235_4uai7u,user4,ই,train,0,1
20260711_220235_4uai7u__outer00__inner01__aug03,20260711_220235_4uai7u,user4,ই,train,0,1
20260711_220308_e7l7wm__outer00__inner01__aug01,20260711_220308_e7l7wm,user4,ই,train,0,1
20260711_220308_e7l7wm__outer00__inner01__aug02,20260711_220308_e7l7wm,user4,ই,train,0,1
20260711_220308_e7l7wm__outer00__inner01__aug03,20260711_220308_e7l7wm,user4,ই,train,0,1
20260711_220404_itceug__outer00__inner01__aug01,20260711_220404_itceug,user4,ঈ,train,0,1
20260711_220404_itceug__outer00__inner01__aug02,20260711_220404_itceug,user4,ঈ,train,0,1
20260711_220404_itceug__outer00__inner01__aug03,20260711_220404_itceug,user4,ঈ,train,0,1
20260711_220444_r35mfs__outer00__inner01__aug01,20260711_220444_r35mfs,user4,ঈ,train,0,1
20260711_220444_r35mfs__outer00__inner01__aug02,20260711_220444_r35mfs,user4,ঈ,train,0,1
20260711_220444_r35mfs__outer00__inner01__aug03,20260711_220444_r35mfs,user4,ঈ,train,0,1
20260711_220519_ila5ji__outer00__inner01__aug01,20260711_220519_ila5ji,user4,ঈ,train,0,1
20260711_220519_ila5ji__outer00__inner01__aug02,20260711_220519_ila5ji,user4,ঈ,train,0,1
20260711_220519_ila5ji__outer00__inner01__aug03,20260711_220519_ila5ji,user4,ঈ,train,0,1
20260711_220543_7o5bd0__outer00__inner01__aug01,20260711_220543_7o5bd0,user4,ঈ,train,0,1
20260711_220543_7o5bd0__outer00__inner01__aug02,20260711_220543_7o5bd0,user4,ঈ,train,0,1
20260711_220543_7o5bd0__outer00__inner01__aug03,20260711_220543_7o5bd0,user4,ঈ,train,0,1
20260711_220606_essesa__outer00__inner01__aug01,20260711_220606_essesa,user4,ঈ,train,0,1
20260711_220606_essesa__outer00__inner01__aug02,20260711_220606_essesa,user4,ঈ,train,0,1
20260711_220606_essesa__outer00__inner01__aug03,20260711_220606_essesa,user4,ঈ,train,0,1
20260711_220641_ufswp1__outer00__inner01__aug01,20260711_220641_ufswp1,user4,ঈ,train,0,1
20260711_220641_ufswp1__outer00__inner01__aug02,20260711_220641_ufswp1,user4,ঈ,train,0,1
20260711_220641_ufswp1__outer00__inner01__aug03,20260711_220641_ufswp1,user4,ঈ,train,0,1
20260711_220701_y1rftt__outer00__inner01__aug01,20260711_220701_y1rftt,user4,ঈ,train,0,1
20260711_220701_y1rftt__outer00__inner01__aug02,20260711_220701_y1rftt,user4,ঈ,train,0,1
20260711_220701_y1rftt__outer00__inner01__aug03,20260711_220701_y1rftt,user4,ঈ,train,0,1
20260711_220721_h9k2mi__outer00__inner01__aug01,20260711_220721_h9k2mi,user4,ঈ,train,0,1
20260711_220721_h9k2mi__outer00__inner01__aug02,20260711_220721_h9k2mi,user4,ঈ,train,0,1
20260711_220721_h9k2mi__outer00__inner01__aug03,20260711_220721_h9k2mi,user4,ঈ,train,0,1
20260711_220738_j2qzn6__outer00__inner01__aug01,20260711_220738_j2qzn6,user4,ঈ,train,0,1
20260711_220738_j2qzn6__outer00__inner01__aug02,20260711_220738_j2qzn6,user4,ঈ,train,0,1
20260711_220738_j2qzn6__outer00__inner01__aug03,20260711_220738_j2qzn6,user4,ঈ,train,0,1
20260711_220751_axw80l__outer00__inner01__aug01,20260711_220751_axw80l,user4,ঈ,train,0,1
20260711_220751_axw80l__outer00__inner01__aug02,20260711_220751_axw80l,user4,ঈ,train,0,1
20260711_220751_axw80l__outer00__inner01__aug03,20260711_220751_axw80l,user4,ঈ,train,0,1
20260711_220807_mldxj2__outer00__inner01__aug01,20260711_220807_mldxj2,user4,ঈ,train,0,1
20260711_220807_mldxj2__outer00__inner01__aug02,20260711_220807_mldxj2,user4,ঈ,train,0,1
20260711_220807_mldxj2__outer00__inner01__aug03,20260711_220807_mldxj2,user4,ঈ,train,0,1
20260711_220822_wgaxvc__outer00__inner01__aug01,20260711_220822_wgaxvc,user4,ঈ,train,0,1
20260711_220822_wgaxvc__outer00__inner01__aug02,20260711_220822_wgaxvc,user4,ঈ,train,0,1
20260711_220822_wgaxvc__outer00__inner01__aug03,20260711_220822_wgaxvc,user4,ঈ,train,0,1
20260711_220837_dby4gx__outer00__inner01__aug01,20260711_220837_dby4gx,user4,ঈ,train,0,1
20260711_220837_dby4gx__outer00__inner01__aug02,20260711_220837_dby4gx,user4,ঈ,train,0,1
20260711_220837_dby4gx__outer00__inner01__aug03,20260711_220837_dby4gx,user4,ঈ,train,0,1
20260711_220850_xo5kch__outer00__inner01__aug01,20260711_220850_xo5kch,user4,ঈ,train,0,1
20260711_220850_xo5kch__outer00__inner01__aug02,20260711_220850_xo5kch,user4,ঈ,train,0,1
20260711_220850_xo5kch__outer00__inner01__aug03,20260711_220850_xo5kch,user4,ঈ,train,0,1
20260711_220906_ehc737__outer00__inner01__aug01,20260711_220906_ehc737,user4,ঈ,train,0,1
20260711_220906_ehc737__outer00__inner01__aug02,20260711_220906_ehc737,user4,ঈ,train,0,1
20260711_220906_ehc737__outer00__inner01__aug03,20260711_220906_ehc737,user4,ঈ,train,0,1
20260703_231939_jmltkn__outer00__inner02__aug01,20260703_231939_jmltkn,user1,অ,train,0,2
20260703_231939_jmltkn__outer00__inner02__aug02,20260703_231939_jmltkn,user1,অ,train,0,2
20260703_231939_jmltkn__outer00__inner02__aug03,20260703_231939_jmltkn,user1,অ,train,0,2
20260704_230134_0i7e7o__outer00__inner02__aug01,20260704_230134_0i7e7o,user1,অ,train,0,2
20260704_230134_0i7e7o__outer00__inner02__aug02,20260704_230134_0i7e7o,user1,অ,train,0,2
20260704_230134_0i7e7o__outer00__inner02__aug03,20260704_230134_0i7e7o,user1,অ,train,0,2
20260704_230207_s0bru0__outer00__inner02__aug01,20260704_230207_s0bru0,user1,অ,train,0,2
20260704_230207_s0bru0__outer00__inner02__aug02,20260704_230207_s0bru0,user1,অ,train,0,2
20260704_230207_s0bru0__outer00__inner02__aug03,20260704_230207_s0bru0,user1,অ,train,0,2
20260704_230243_20ggrl__outer00__inner02__aug01,20260704_230243_20ggrl,user1,অ,train,0,2
20260704_230243_20ggrl__outer00__inner02__aug02,20260704_230243_20ggrl,user1,অ,train,0,2
20260704_230243_20ggrl__outer00__inner02__aug03,20260704_230243_20ggrl,user1,অ,train,0,2
20260704_230314_biogka__outer00__inner02__aug01,20260704_230314_biogka,user1,অ,train,0,2
20260704_230314_biogka__outer00__inner02__aug02,20260704_230314_biogka,user1,অ,train,0,2
20260704_230314_biogka__outer00__inner02__aug03,20260704_230314_biogka,user1,অ,train,0,2
20260704_230343_z76un4__outer00__inner02__aug01,20260704_230343_z76un4,user1,অ,train,0,2
20260704_230343_z76un4__outer00__inner02__aug02,20260704_230343_z76un4,user1,অ,train,0,2
20260704_230343_z76un4__outer00__inner02__aug03,20260704_230343_z76un4,user1,অ,train,0,2
20260704_230438_1by20a__outer00__inner02__aug01,20260704_230438_1by20a,user1,অ,train,0,2
20260704_230438_1by20a__outer00__inner02__aug02,20260704_230438_1by20a,user1,অ,train,0,2
20260704_230438_1by20a__outer00__inner02__aug03,20260704_230438_1by20a,user1,অ,train,0,2
20260704_230508_zz8agk__outer00__inner02__aug01,20260704_230508_zz8agk,user1,অ,train,0,2
20260704_230508_zz8agk__outer00__inner02__aug02,20260704_230508_zz8agk,user1,অ,train,0,2
20260704_230508_zz8agk__outer00__inner02__aug03,20260704_230508_zz8agk,user1,অ,train,0,2
20260704_230530_8783vw__outer00__inner02__aug01,20260704_230530_8783vw,user1,অ,train,0,2
20260704_230530_8783vw__outer00__inner02__aug02,20260704_230530_8783vw,user1,অ,train,0,2
20260704_230530_8783vw__outer00__inner02__aug03,20260704_230530_8783vw,user1,অ,train,0,2
20260704_230601_9fuwl5__outer00__inner02__aug01,20260704_230601_9fuwl5,user1,অ,train,0,2
20260704_230601_9fuwl5__outer00__inner02__aug02,20260704_230601_9fuwl5,user1,অ,train,0,2
20260704_230601_9fuwl5__outer00__inner02__aug03,20260704_230601_9fuwl5,user1,অ,train,0,2
20260704_230631_iep9zz__outer00__inner02__aug01,20260704_230631_iep9zz,user1,অ,train,0,2
20260704_230631_iep9zz__outer00__inner02__aug02,20260704_230631_iep9zz,user1,অ,train,0,2
20260704_230631_iep9zz__outer00__inner02__aug03,20260704_230631_iep9zz,user1,অ,train,0,2
20260709_222041_giojuy__outer00__inner02__aug01,20260709_222041_giojuy,user1,অ,train,0,2
20260709_222041_giojuy__outer00__inner02__aug02,20260709_222041_giojuy,user1,অ,train,0,2
20260709_222041_giojuy__outer00__inner02__aug03,20260709_222041_giojuy,user1,অ,train,0,2
20260704_230720_4nlmlz__outer00__inner02__aug01,20260704_230720_4nlmlz,user1,আ,train,0,2
20260704_230720_4nlmlz__outer00__inner02__aug02,20260704_230720_4nlmlz,user1,আ,train,0,2
20260704_230720_4nlmlz__outer00__inner02__aug03,20260704_230720_4nlmlz,user1,আ,train,0,2
20260704_230748_cofjqd__outer00__inner02__aug01,20260704_230748_cofjqd,user1,আ,train,0,2
20260704_230748_cofjqd__outer00__inner02__aug02,20260704_230748_cofjqd,user1,আ,train,0,2
20260704_230748_cofjqd__outer00__inner02__aug03,20260704_230748_cofjqd,user1,আ,train,0,2
20260704_230823_p4djtm__outer00__inner02__aug01,20260704_230823_p4djtm,user1,আ,train,0,2
20260704_230823_p4djtm__outer00__inner02__aug02,20260704_230823_p4djtm,user1,আ,train,0,2
20260704_230823_p4djtm__outer00__inner02__aug03,20260704_230823_p4djtm,user1,আ,train,0,2
20260704_230900_jm6b9y__outer00__inner02__aug01,20260704_230900_jm6b9y,user1,আ,train,0,2
20260704_230900_jm6b9y__outer00__inner02__aug02,20260704_230900_jm6b9y,user1,আ,train,0,2
20260704_230900_jm6b9y__outer00__inner02__aug03,20260704_230900_jm6b9y,user1,আ,train,0,2
20260704_230941_ogdcp4__outer00__inner02__aug01,20260704_230941_ogdcp4,user1,আ,train,0,2
20260704_230941_ogdcp4__outer00__inner02__aug02,20260704_230941_ogdcp4,user1,আ,train,0,2
20260704_230941_ogdcp4__outer00__inner02__aug03,20260704_230941_ogdcp4,user1,আ,train,0,2
20260704_231010_4ha6y7__outer00__inner02__aug01,20260704_231010_4ha6y7,user1,আ,train,0,2
20260704_231010_4ha6y7__outer00__inner02__aug02,20260704_231010_4ha6y7,user1,আ,train,0,2
20260704_231010_4ha6y7__outer00__inner02__aug03,20260704_231010_4ha6y7,user1,আ,train,0,2
20260728_232136_0wkg0v__outer00__inner02__aug01,20260728_232136_0wkg0v,user1,আ,train,0,2
20260728_232136_0wkg0v__outer00__inner02__aug02,20260728_232136_0wkg0v,user1,আ,train,0,2
20260728_232136_0wkg0v__outer00__inner02__aug03,20260728_232136_0wkg0v,user1,আ,train,0,2
20260728_232203_7c77zv__outer00__inner02__aug01,20260728_232203_7c77zv,user1,আ,train,0,2
20260728_232203_7c77zv__outer00__inner02__aug02,20260728_232203_7c77zv,user1,আ,train,0,2
20260728_232203_7c77zv__outer00__inner02__aug03,20260728_232203_7c77zv,user1,আ,train,0,2
20260728_232238_kgwkds__outer00__inner02__aug01,20260728_232238_kgwkds,user1,আ,train,0,2
20260728_232238_kgwkds__outer00__inner02__aug02,20260728_232238_kgwkds,user1,আ,train,0,2
20260728_232238_kgwkds__outer00__inner02__aug03,20260728_232238_kgwkds,user1,আ,train,0,2
20260728_232316_s2ep8l__outer00__inner02__aug01,20260728_232316_s2ep8l,user1,আ,train,0,2
20260728_232316_s2ep8l__outer00__inner02__aug02,20260728_232316_s2ep8l,user1,আ,train,0,2
20260728_232316_s2ep8l__outer00__inner02__aug03,20260728_232316_s2ep8l,user1,আ,train,0,2
20260705_210750_hp0ub6__outer00__inner02__aug01,20260705_210750_hp0ub6,user1,ই,train,0,2
20260705_210750_hp0ub6__outer00__inner02__aug02,20260705_210750_hp0ub6,user1,ই,train,0,2
20260705_210750_hp0ub6__outer00__inner02__aug03,20260705_210750_hp0ub6,user1,ই,train,0,2
20260705_210817_cpe63z__outer00__inner02__aug01,20260705_210817_cpe63z,user1,ই,train,0,2
20260705_210817_cpe63z__outer00__inner02__aug02,20260705_210817_cpe63z,user1,ই,train,0,2
20260705_210817_cpe63z__outer00__inner02__aug03,20260705_210817_cpe63z,user1,ই,train,0,2
20260705_210847_8d63gb__outer00__inner02__aug01,20260705_210847_8d63gb,user1,ই,train,0,2
20260705_210847_8d63gb__outer00__inner02__aug02,20260705_210847_8d63gb,user1,ই,train,0,2
20260705_210847_8d63gb__outer00__inner02__aug03,20260705_210847_8d63gb,user1,ই,train,0,2
20260705_210914_6z0wyv__outer00__inner02__aug01,20260705_210914_6z0wyv,user1,ই,train,0,2
20260705_210914_6z0wyv__outer00__inner02__aug02,20260705_210914_6z0wyv,user1,ই,train,0,2
20260705_210914_6z0wyv__outer00__inner02__aug03,20260705_210914_6z0wyv,user1,ই,train,0,2
20260705_211104_cee4mp__outer00__inner02__aug01,20260705_211104_cee4mp,user1,ই,train,0,2
20260705_211104_cee4mp__outer00__inner02__aug02,20260705_211104_cee4mp,user1,ই,train,0,2
20260705_211104_cee4mp__outer00__inner02__aug03,20260705_211104_cee4mp,user1,ই,train,0,2
20260705_211129_q9xd7j__outer00__inner02__aug01,20260705_211129_q9xd7j,user1,ই,train,0,2
20260705_211129_q9xd7j__outer00__inner02__aug02,20260705_211129_q9xd7j,user1,ই,train,0,2
20260705_211129_q9xd7j__outer00__inner02__aug03,20260705_211129_q9xd7j,user1,ই,train,0,2
20260705_211202_fwdefr__outer00__inner02__aug01,20260705_211202_fwdefr,user1,ই,train,0,2
20260705_211202_fwdefr__outer00__inner02__aug02,20260705_211202_fwdefr,user1,ই,train,0,2
20260705_211202_fwdefr__outer00__inner02__aug03,20260705_211202_fwdefr,user1,ই,train,0,2
20260705_211229_nco6f5__outer00__inner02__aug01,20260705_211229_nco6f5,user1,ই,train,0,2
20260705_211229_nco6f5__outer00__inner02__aug02,20260705_211229_nco6f5,user1,ই,train,0,2
20260705_211229_nco6f5__outer00__inner02__aug03,20260705_211229_nco6f5,user1,ই,train,0,2
20260705_211257_5zxk15__outer00__inner02__aug01,20260705_211257_5zxk15,user1,ই,train,0,2
20260705_211257_5zxk15__outer00__inner02__aug02,20260705_211257_5zxk15,user1,ই,train,0,2
20260705_211257_5zxk15__outer00__inner02__aug03,20260705_211257_5zxk15,user1,ই,train,0,2
20260705_211324_69n6hy__outer00__inner02__aug01,20260705_211324_69n6hy,user1,ই,train,0,2
20260705_211324_69n6hy__outer00__inner02__aug02,20260705_211324_69n6hy,user1,ই,train,0,2
20260705_211324_69n6hy__outer00__inner02__aug03,20260705_211324_69n6hy,user1,ই,train,0,2
20260705_213721_6edrqn__outer00__inner02__aug01,20260705_213721_6edrqn,user1,ঈ,train,0,2
20260705_213721_6edrqn__outer00__inner02__aug02,20260705_213721_6edrqn,user1,ঈ,train,0,2
20260705_213721_6edrqn__outer00__inner02__aug03,20260705_213721_6edrqn,user1,ঈ,train,0,2
20260705_213804_scynf9__outer00__inner02__aug01,20260705_213804_scynf9,user1,ঈ,train,0,2
20260705_213804_scynf9__outer00__inner02__aug02,20260705_213804_scynf9,user1,ঈ,train,0,2
20260705_213804_scynf9__outer00__inner02__aug03,20260705_213804_scynf9,user1,ঈ,train,0,2
20260705_213852_tuebtl__outer00__inner02__aug01,20260705_213852_tuebtl,user1,ঈ,train,0,2
20260705_213852_tuebtl__outer00__inner02__aug02,20260705_213852_tuebtl,user1,ঈ,train,0,2
20260705_213852_tuebtl__outer00__inner02__aug03,20260705_213852_tuebtl,user1,ঈ,train,0,2
20260705_213943_7qqvt7__outer00__inner02__aug01,20260705_213943_7qqvt7,user1,ঈ,train,0,2
20260705_213943_7qqvt7__outer00__inner02__aug02,20260705_213943_7qqvt7,user1,ঈ,train,0,2
20260705_213943_7qqvt7__outer00__inner02__aug03,20260705_213943_7qqvt7,user1,ঈ,train,0,2
20260705_214029_z7ddbl__outer00__inner02__aug01,20260705_214029_z7ddbl,user1,ঈ,train,0,2
20260705_214029_z7ddbl__outer00__inner02__aug02,20260705_214029_z7ddbl,user1,ঈ,train,0,2
20260705_214029_z7ddbl__outer00__inner02__aug03,20260705_214029_z7ddbl,user1,ঈ,train,0,2
20260705_214107_b894ld__outer00__inner02__aug01,20260705_214107_b894ld,user1,ঈ,train,0,2
20260705_214107_b894ld__outer00__inner02__aug02,20260705_214107_b894ld,user1,ঈ,train,0,2
20260705_214107_b894ld__outer00__inner02__aug03,20260705_214107_b894ld,user1,ঈ,train,0,2
20260705_215457_yruoxw__outer00__inner02__aug01,20260705_215457_yruoxw,user1,ঈ,train,0,2
20260705_215457_yruoxw__outer00__inner02__aug02,20260705_215457_yruoxw,user1,ঈ,train,0,2
20260705_215457_yruoxw__outer00__inner02__aug03,20260705_215457_yruoxw,user1,ঈ,train,0,2
20260705_215539_dr61qv__outer00__inner02__aug01,20260705_215539_dr61qv,user1,ঈ,train,0,2
20260705_215539_dr61qv__outer00__inner02__aug02,20260705_215539_dr61qv,user1,ঈ,train,0,2
20260705_215539_dr61qv__outer00__inner02__aug03,20260705_215539_dr61qv,user1,ঈ,train,0,2
20260705_215654_07cd7w__outer00__inner02__aug01,20260705_215654_07cd7w,user1,ঈ,train,0,2
20260705_215654_07cd7w__outer00__inner02__aug02,20260705_215654_07cd7w,user1,ঈ,train,0,2
20260705_215654_07cd7w__outer00__inner02__aug03,20260705_215654_07cd7w,user1,ঈ,train,0,2
20260705_215745_i5n9h7__outer00__inner02__aug01,20260705_215745_i5n9h7,user1,ঈ,train,0,2
20260705_215745_i5n9h7__outer00__inner02__aug02,20260705_215745_i5n9h7,user1,ঈ,train,0,2
20260705_215745_i5n9h7__outer00__inner02__aug03,20260705_215745_i5n9h7,user1,ঈ,train,0,2
20260711_211455_ab7vb3__outer00__inner02__aug01,20260711_211455_ab7vb3,user4,অ,train,0,2
20260711_211455_ab7vb3__outer00__inner02__aug02,20260711_211455_ab7vb3,user4,অ,train,0,2
20260711_211455_ab7vb3__outer00__inner02__aug03,20260711_211455_ab7vb3,user4,অ,train,0,2
20260711_214733_y28o8p__outer00__inner02__aug01,20260711_214733_y28o8p,user4,অ,train,0,2
20260711_214733_y28o8p__outer00__inner02__aug02,20260711_214733_y28o8p,user4,অ,train,0,2
20260711_214733_y28o8p__outer00__inner02__aug03,20260711_214733_y28o8p,user4,অ,train,0,2
20260711_214747_h8ad4n__outer00__inner02__aug01,20260711_214747_h8ad4n,user4,অ,train,0,2
20260711_214747_h8ad4n__outer00__inner02__aug02,20260711_214747_h8ad4n,user4,অ,train,0,2
20260711_214747_h8ad4n__outer00__inner02__aug03,20260711_214747_h8ad4n,user4,অ,train,0,2
20260711_214802_iotb3d__outer00__inner02__aug01,20260711_214802_iotb3d,user4,অ,train,0,2
20260711_214802_iotb3d__outer00__inner02__aug02,20260711_214802_iotb3d,user4,অ,train,0,2
20260711_214802_iotb3d__outer00__inner02__aug03,20260711_214802_iotb3d,user4,অ,train,0,2
20260711_214818_1kqyjw__outer00__inner02__aug01,20260711_214818_1kqyjw,user4,অ,train,0,2
20260711_214818_1kqyjw__outer00__inner02__aug02,20260711_214818_1kqyjw,user4,অ,train,0,2
20260711_214818_1kqyjw__outer00__inner02__aug03,20260711_214818_1kqyjw,user4,অ,train,0,2
20260711_214838_nmfk2j__outer00__inner02__aug01,20260711_214838_nmfk2j,user4,অ,train,0,2
20260711_214838_nmfk2j__outer00__inner02__aug02,20260711_214838_nmfk2j,user4,অ,train,0,2
20260711_214838_nmfk2j__outer00__inner02__aug03,20260711_214838_nmfk2j,user4,অ,train,0,2
20260711_214856_wh1jdl__outer00__inner02__aug01,20260711_214856_wh1jdl,user4,অ,train,0,2
20260711_214856_wh1jdl__outer00__inner02__aug02,20260711_214856_wh1jdl,user4,অ,train,0,2
20260711_214856_wh1jdl__outer00__inner02__aug03,20260711_214856_wh1jdl,user4,অ,train,0,2
20260711_214912_5jyzoq__outer00__inner02__aug01,20260711_214912_5jyzoq,user4,অ,train,0,2
20260711_214912_5jyzoq__outer00__inner02__aug02,20260711_214912_5jyzoq,user4,অ,train,0,2
20260711_214912_5jyzoq__outer00__inner02__aug03,20260711_214912_5jyzoq,user4,অ,train,0,2
20260711_215025_9ahjj1__outer00__inner02__aug01,20260711_215025_9ahjj1,user4,অ,train,0,2
20260711_215025_9ahjj1__outer00__inner02__aug02,20260711_215025_9ahjj1,user4,অ,train,0,2
20260711_215025_9ahjj1__outer00__inner02__aug03,20260711_215025_9ahjj1,user4,অ,train,0,2
20260711_215040_totmvz__outer00__inner02__aug01,20260711_215040_totmvz,user4,অ,train,0,2
20260711_215040_totmvz__outer00__inner02__aug02,20260711_215040_totmvz,user4,অ,train,0,2
20260711_215040_totmvz__outer00__inner02__aug03,20260711_215040_totmvz,user4,অ,train,0,2
20260711_215057_m3q3bw__outer00__inner02__aug01,20260711_215057_m3q3bw,user4,অ,train,0,2
20260711_215057_m3q3bw__outer00__inner02__aug02,20260711_215057_m3q3bw,user4,অ,train,0,2
20260711_215057_m3q3bw__outer00__inner02__aug03,20260711_215057_m3q3bw,user4,অ,train,0,2
20260711_215120_wa3iw4__outer00__inner02__aug01,20260711_215120_wa3iw4,user4,অ,train,0,2
20260711_215120_wa3iw4__outer00__inner02__aug02,20260711_215120_wa3iw4,user4,অ,train,0,2
20260711_215120_wa3iw4__outer00__inner02__aug03,20260711_215120_wa3iw4,user4,অ,train,0,2
20260711_215140_jzmdn9__outer00__inner02__aug01,20260711_215140_jzmdn9,user4,অ,train,0,2
20260711_215140_jzmdn9__outer00__inner02__aug02,20260711_215140_jzmdn9,user4,অ,train,0,2
20260711_215140_jzmdn9__outer00__inner02__aug03,20260711_215140_jzmdn9,user4,অ,train,0,2
20260711_215153_8dj6mi__outer00__inner02__aug01,20260711_215153_8dj6mi,user4,অ,train,0,2
20260711_215153_8dj6mi__outer00__inner02__aug02,20260711_215153_8dj6mi,user4,অ,train,0,2
20260711_215153_8dj6mi__outer00__inner02__aug03,20260711_215153_8dj6mi,user4,অ,train,0,2
20260711_215210_14cuph__outer00__inner02__aug01,20260711_215210_14cuph,user4,অ,train,0,2
20260711_215210_14cuph__outer00__inner02__aug02,20260711_215210_14cuph,user4,অ,train,0,2
20260711_215210_14cuph__outer00__inner02__aug03,20260711_215210_14cuph,user4,অ,train,0,2
20260711_215224_s1nefb__outer00__inner02__aug01,20260711_215224_s1nefb,user4,অ,train,0,2
20260711_215224_s1nefb__outer00__inner02__aug02,20260711_215224_s1nefb,user4,অ,train,0,2
20260711_215224_s1nefb__outer00__inner02__aug03,20260711_215224_s1nefb,user4,অ,train,0,2
20260711_211553_8q738s__outer00__inner02__aug01,20260711_211553_8q738s,user4,আ,train,0,2
20260711_211553_8q738s__outer00__inner02__aug02,20260711_211553_8q738s,user4,আ,train,0,2
20260711_211553_8q738s__outer00__inner02__aug03,20260711_211553_8q738s,user4,আ,train,0,2
20260711_215326_rdw0i7__outer00__inner02__aug01,20260711_215326_rdw0i7,user4,আ,train,0,2
20260711_215326_rdw0i7__outer00__inner02__aug02,20260711_215326_rdw0i7,user4,আ,train,0,2
20260711_215326_rdw0i7__outer00__inner02__aug03,20260711_215326_rdw0i7,user4,আ,train,0,2
20260711_215355_gtir0d__outer00__inner02__aug01,20260711_215355_gtir0d,user4,আ,train,0,2
20260711_215355_gtir0d__outer00__inner02__aug02,20260711_215355_gtir0d,user4,আ,train,0,2
20260711_215355_gtir0d__outer00__inner02__aug03,20260711_215355_gtir0d,user4,আ,train,0,2
20260711_215413_4z3pac__outer00__inner02__aug01,20260711_215413_4z3pac,user4,আ,train,0,2
20260711_215413_4z3pac__outer00__inner02__aug02,20260711_215413_4z3pac,user4,আ,train,0,2
20260711_215413_4z3pac__outer00__inner02__aug03,20260711_215413_4z3pac,user4,আ,train,0,2
20260711_215505_noe4fp__outer00__inner02__aug01,20260711_215505_noe4fp,user4,আ,train,0,2
20260711_215505_noe4fp__outer00__inner02__aug02,20260711_215505_noe4fp,user4,আ,train,0,2
20260711_215505_noe4fp__outer00__inner02__aug03,20260711_215505_noe4fp,user4,আ,train,0,2
20260711_215527_oaoi6c__outer00__inner02__aug01,20260711_215527_oaoi6c,user4,আ,train,0,2
20260711_215527_oaoi6c__outer00__inner02__aug02,20260711_215527_oaoi6c,user4,আ,train,0,2
20260711_215527_oaoi6c__outer00__inner02__aug03,20260711_215527_oaoi6c,user4,আ,train,0,2
20260711_215554_41w3p4__outer00__inner02__aug01,20260711_215554_41w3p4,user4,আ,train,0,2
20260711_215554_41w3p4__outer00__inner02__aug02,20260711_215554_41w3p4,user4,আ,train,0,2
20260711_215554_41w3p4__outer00__inner02__aug03,20260711_215554_41w3p4,user4,আ,train,0,2
20260711_215623_q6sua3__outer00__inner02__aug01,20260711_215623_q6sua3,user4,আ,train,0,2
20260711_215623_q6sua3__outer00__inner02__aug02,20260711_215623_q6sua3,user4,আ,train,0,2
20260711_215623_q6sua3__outer00__inner02__aug03,20260711_215623_q6sua3,user4,আ,train,0,2
20260711_215646_y25z4x__outer00__inner02__aug01,20260711_215646_y25z4x,user4,আ,train,0,2
20260711_215646_y25z4x__outer00__inner02__aug02,20260711_215646_y25z4x,user4,আ,train,0,2
20260711_215646_y25z4x__outer00__inner02__aug03,20260711_215646_y25z4x,user4,আ,train,0,2
20260711_215701_i0we24__outer00__inner02__aug01,20260711_215701_i0we24,user4,আ,train,0,2
20260711_215701_i0we24__outer00__inner02__aug02,20260711_215701_i0we24,user4,আ,train,0,2
20260711_215701_i0we24__outer00__inner02__aug03,20260711_215701_i0we24,user4,আ,train,0,2
20260711_215719_fym8k2__outer00__inner02__aug01,20260711_215719_fym8k2,user4,আ,train,0,2
20260711_215719_fym8k2__outer00__inner02__aug02,20260711_215719_fym8k2,user4,আ,train,0,2
20260711_215719_fym8k2__outer00__inner02__aug03,20260711_215719_fym8k2,user4,আ,train,0,2
20260711_215732_e3wli4__outer00__inner02__aug01,20260711_215732_e3wli4,user4,আ,train,0,2
20260711_215732_e3wli4__outer00__inner02__aug02,20260711_215732_e3wli4,user4,আ,train,0,2
20260711_215732_e3wli4__outer00__inner02__aug03,20260711_215732_e3wli4,user4,আ,train,0,2
20260711_215746_pw5glc__outer00__inner02__aug01,20260711_215746_pw5glc,user4,আ,train,0,2
20260711_215746_pw5glc__outer00__inner02__aug02,20260711_215746_pw5glc,user4,আ,train,0,2
20260711_215746_pw5glc__outer00__inner02__aug03,20260711_215746_pw5glc,user4,আ,train,0,2
20260711_215803_gtb1nz__outer00__inner02__aug01,20260711_215803_gtb1nz,user4,আ,train,0,2
20260711_215803_gtb1nz__outer00__inner02__aug02,20260711_215803_gtb1nz,user4,আ,train,0,2
20260711_215803_gtb1nz__outer00__inner02__aug03,20260711_215803_gtb1nz,user4,আ,train,0,2
20260711_215826_09me7o__outer00__inner02__aug01,20260711_215826_09me7o,user4,আ,train,0,2
20260711_215826_09me7o__outer00__inner02__aug02,20260711_215826_09me7o,user4,আ,train,0,2
20260711_215826_09me7o__outer00__inner02__aug03,20260711_215826_09me7o,user4,আ,train,0,2
20260711_215850_2a6qfe__outer00__inner02__aug01,20260711_215850_2a6qfe,user4,আ,train,0,2
20260711_215850_2a6qfe__outer00__inner02__aug02,20260711_215850_2a6qfe,user4,আ,train,0,2
20260711_215850_2a6qfe__outer00__inner02__aug03,20260711_215850_2a6qfe,user4,আ,train,0,2
20260711_211613_pni7yl__outer00__inner02__aug01,20260711_211613_pni7yl,user4,ই,train,0,2
20260711_211613_pni7yl__outer00__inner02__aug02,20260711_211613_pni7yl,user4,ই,train,0,2
20260711_211613_pni7yl__outer00__inner02__aug03,20260711_211613_pni7yl,user4,ই,train,0,2
20260711_211631_omhqof__outer00__inner02__aug01,20260711_211631_omhqof,user4,ই,train,0,2
20260711_211631_omhqof__outer00__inner02__aug02,20260711_211631_omhqof,user4,ই,train,0,2
20260711_211631_omhqof__outer00__inner02__aug03,20260711_211631_omhqof,user4,ই,train,0,2
20260711_215916_5xq3ym__outer00__inner02__aug01,20260711_215916_5xq3ym,user4,ই,train,0,2
20260711_215916_5xq3ym__outer00__inner02__aug02,20260711_215916_5xq3ym,user4,ই,train,0,2
20260711_215916_5xq3ym__outer00__inner02__aug03,20260711_215916_5xq3ym,user4,ই,train,0,2
20260711_215928_ckxbi5__outer00__inner02__aug01,20260711_215928_ckxbi5,user4,ই,train,0,2
20260711_215928_ckxbi5__outer00__inner02__aug02,20260711_215928_ckxbi5,user4,ই,train,0,2
20260711_215928_ckxbi5__outer00__inner02__aug03,20260711_215928_ckxbi5,user4,ই,train,0,2
20260711_215945_ovgs11__outer00__inner02__aug01,20260711_215945_ovgs11,user4,ই,train,0,2
20260711_215945_ovgs11__outer00__inner02__aug02,20260711_215945_ovgs11,user4,ই,train,0,2
20260711_215945_ovgs11__outer00__inner02__aug03,20260711_215945_ovgs11,user4,ই,train,0,2
20260711_215959_axw0jl__outer00__inner02__aug01,20260711_215959_axw0jl,user4,ই,train,0,2
20260711_215959_axw0jl__outer00__inner02__aug02,20260711_215959_axw0jl,user4,ই,train,0,2
20260711_215959_axw0jl__outer00__inner02__aug03,20260711_215959_axw0jl,user4,ই,train,0,2
20260711_220013_x16qxh__outer00__inner02__aug01,20260711_220013_x16qxh,user4,ই,train,0,2
20260711_220013_x16qxh__outer00__inner02__aug02,20260711_220013_x16qxh,user4,ই,train,0,2
20260711_220013_x16qxh__outer00__inner02__aug03,20260711_220013_x16qxh,user4,ই,train,0,2
20260711_220027_1j40u6__outer00__inner02__aug01,20260711_220027_1j40u6,user4,ই,train,0,2
20260711_220027_1j40u6__outer00__inner02__aug02,20260711_220027_1j40u6,user4,ই,train,0,2
20260711_220027_1j40u6__outer00__inner02__aug03,20260711_220027_1j40u6,user4,ই,train,0,2
20260711_220043_yyhe4o__outer00__inner02__aug01,20260711_220043_yyhe4o,user4,ই,train,0,2
20260711_220043_yyhe4o__outer00__inner02__aug02,20260711_220043_yyhe4o,user4,ই,train,0,2
20260711_220043_yyhe4o__outer00__inner02__aug03,20260711_220043_yyhe4o,user4,ই,train,0,2
20260711_220058_6cy90j__outer00__inner02__aug01,20260711_220058_6cy90j,user4,ই,train,0,2
20260711_220058_6cy90j__outer00__inner02__aug02,20260711_220058_6cy90j,user4,ই,train,0,2
20260711_220058_6cy90j__outer00__inner02__aug03,20260711_220058_6cy90j,user4,ই,train,0,2
20260711_220112_94lc88__outer00__inner02__aug01,20260711_220112_94lc88,user4,ই,train,0,2
20260711_220112_94lc88__outer00__inner02__aug02,20260711_220112_94lc88,user4,ই,train,0,2
20260711_220112_94lc88__outer00__inner02__aug03,20260711_220112_94lc88,user4,ই,train,0,2
20260711_220132_3b6d70__outer00__inner02__aug01,20260711_220132_3b6d70,user4,ই,train,0,2
20260711_220132_3b6d70__outer00__inner02__aug02,20260711_220132_3b6d70,user4,ই,train,0,2
20260711_220132_3b6d70__outer00__inner02__aug03,20260711_220132_3b6d70,user4,ই,train,0,2
20260711_220151_kjuuzh__outer00__inner02__aug01,20260711_220151_kjuuzh,user4,ই,train,0,2
20260711_220151_kjuuzh__outer00__inner02__aug02,20260711_220151_kjuuzh,user4,ই,train,0,2
20260711_220151_kjuuzh__outer00__inner02__aug03,20260711_220151_kjuuzh,user4,ই,train,0,2
20260711_220205_cr3boy__outer00__inner02__aug01,20260711_220205_cr3boy,user4,ই,train,0,2
20260711_220205_cr3boy__outer00__inner02__aug02,20260711_220205_cr3boy,user4,ই,train,0,2
20260711_220205_cr3boy__outer00__inner02__aug03,20260711_220205_cr3boy,user4,ই,train,0,2
20260711_220217_85rgxu__outer00__inner02__aug01,20260711_220217_85rgxu,user4,ই,train,0,2
20260711_220217_85rgxu__outer00__inner02__aug02,20260711_220217_85rgxu,user4,ই,train,0,2
20260711_220217_85rgxu__outer00__inner02__aug03,20260711_220217_85rgxu,user4,ই,train,0,2
20260711_220235_4uai7u__outer00__inner02__aug01,20260711_220235_4uai7u,user4,ই,train,0,2
20260711_220235_4uai7u__outer00__inner02__aug02,20260711_220235_4uai7u,user4,ই,train,0,2
20260711_220235_4uai7u__outer00__inner02__aug03,20260711_220235_4uai7u,user4,ই,train,0,2
20260711_220308_e7l7wm__outer00__inner02__aug01,20260711_220308_e7l7wm,user4,ই,train,0,2
20260711_220308_e7l7wm__outer00__inner02__aug02,20260711_220308_e7l7wm,user4,ই,train,0,2
20260711_220308_e7l7wm__outer00__inner02__aug03,20260711_220308_e7l7wm,user4,ই,train,0,2
20260711_220404_itceug__outer00__inner02__aug01,20260711_220404_itceug,user4,ঈ,train,0,2
20260711_220404_itceug__outer00__inner02__aug02,20260711_220404_itceug,user4,ঈ,train,0,2
20260711_220404_itceug__outer00__inner02__aug03,20260711_220404_itceug,user4,ঈ,train,0,2
20260711_220444_r35mfs__outer00__inner02__aug01,20260711_220444_r35mfs,user4,ঈ,train,0,2
20260711_220444_r35mfs__outer00__inner02__aug02,20260711_220444_r35mfs,user4,ঈ,train,0,2
20260711_220444_r35mfs__outer00__inner02__aug03,20260711_220444_r35mfs,user4,ঈ,train,0,2
20260711_220519_ila5ji__outer00__inner02__aug01,20260711_220519_ila5ji,user4,ঈ,train,0,2
20260711_220519_ila5ji__outer00__inner02__aug02,20260711_220519_ila5ji,user4,ঈ,train,0,2
20260711_220519_ila5ji__outer00__inner02__aug03,20260711_220519_ila5ji,user4,ঈ,train,0,2
20260711_220543_7o5bd0__outer00__inner02__aug01,20260711_220543_7o5bd0,user4,ঈ,train,0,2
20260711_220543_7o5bd0__outer00__inner02__aug02,20260711_220543_7o5bd0,user4,ঈ,train,0,2
20260711_220543_7o5bd0__outer00__inner02__aug03,20260711_220543_7o5bd0,user4,ঈ,train,0,2
20260711_220606_essesa__outer00__inner02__aug01,20260711_220606_essesa,user4,ঈ,train,0,2
20260711_220606_essesa__outer00__inner02__aug02,20260711_220606_essesa,user4,ঈ,train,0,2
20260711_220606_essesa__outer00__inner02__aug03,20260711_220606_essesa,user4,ঈ,train,0,2
20260711_220641_ufswp1__outer00__inner02__aug01,20260711_220641_ufswp1,user4,ঈ,train,0,2
20260711_220641_ufswp1__outer00__inner02__aug02,20260711_220641_ufswp1,user4,ঈ,train,0,2
20260711_220641_ufswp1__outer00__inner02__aug03,20260711_220641_ufswp1,user4,ঈ,train,0,2
20260711_220701_y1rftt__outer00__inner02__aug01,20260711_220701_y1rftt,user4,ঈ,train,0,2
20260711_220701_y1rftt__outer00__inner02__aug02,20260711_220701_y1rftt,user4,ঈ,train,0,2
20260711_220701_y1rftt__outer00__inner02__aug03,20260711_220701_y1rftt,user4,ঈ,train,0,2
20260711_220721_h9k2mi__outer00__inner02__aug01,20260711_220721_h9k2mi,user4,ঈ,train,0,2
20260711_220721_h9k2mi__outer00__inner02__aug02,20260711_220721_h9k2mi,user4,ঈ,train,0,2
20260711_220721_h9k2mi__outer00__inner02__aug03,20260711_220721_h9k2mi,user4,ঈ,train,0,2
20260711_220738_j2qzn6__outer00__inner02__aug01,20260711_220738_j2qzn6,user4,ঈ,train,0,2
20260711_220738_j2qzn6__outer00__inner02__aug02,20260711_220738_j2qzn6,user4,ঈ,train,0,2
20260711_220738_j2qzn6__outer00__inner02__aug03,20260711_220738_j2qzn6,user4,ঈ,train,0,2
20260711_220751_axw80l__outer00__inner02__aug01,20260711_220751_axw80l,user4,ঈ,train,0,2
20260711_220751_axw80l__outer00__inner02__aug02,20260711_220751_axw80l,user4,ঈ,train,0,2
20260711_220751_axw80l__outer00__inner02__aug03,20260711_220751_axw80l,user4,ঈ,train,0,2
20260711_220807_mldxj2__outer00__inner02__aug01,20260711_220807_mldxj2,user4,ঈ,train,0,2
20260711_220807_mldxj2__outer00__inner02__aug02,20260711_220807_mldxj2,user4,ঈ,train,0,2
20260711_220807_mldxj2__outer00__inner02__aug03,20260711_220807_mldxj2,user4,ঈ,train,0,2
20260711_220822_wgaxvc__outer00__inner02__aug01,20260711_220822_wgaxvc,user4,ঈ,train,0,2
20260711_220822_wgaxvc__outer00__inner02__aug02,20260711_220822_wgaxvc,user4,ঈ,train,0,2
20260711_220822_wgaxvc__outer00__inner02__aug03,20260711_220822_wgaxvc,user4,ঈ,train,0,2
20260711_220837_dby4gx__outer00__inner02__aug01,20260711_220837_dby4gx,user4,ঈ,train,0,2
20260711_220837_dby4gx__outer00__inner02__aug02,20260711_220837_dby4gx,user4,ঈ,train,0,2
20260711_220837_dby4gx__outer00__inner02__aug03,20260711_220837_dby4gx,user4,ঈ,train,0,2
20260711_220850_xo5kch__outer00__inner02__aug01,20260711_220850_xo5kch,user4,ঈ,train,0,2
20260711_220850_xo5kch__outer00__inner02__aug02,20260711_220850_xo5kch,user4,ঈ,train,0,2
20260711_220850_xo5kch__outer00__inner02__aug03,20260711_220850_xo5kch,user4,ঈ,train,0,2
20260711_220906_ehc737__outer00__inner02__aug01,20260711_220906_ehc737,user4,ঈ,train,0,2
20260711_220906_ehc737__outer00__inner02__aug02,20260711_220906_ehc737,user4,ঈ,train,0,2
20260711_220906_ehc737__outer00__inner02__aug03,20260711_220906_ehc737,user4,ঈ,train,0,2
20260711_220930_a944cy__outer01__inner00__aug01,20260711_220930_a944cy,for_bonhi,ঔ,train,1,0
20260711_220930_a944cy__outer01__inner00__aug02,20260711_220930_a944cy,for_bonhi,ঔ,train,1,0
20260711_220930_a944cy__outer01__inner00__aug03,20260711_220930_a944cy,for_bonhi,ঔ,train,1,0
20260704_232121_lcxi4y__outer01__inner00__aug01,20260704_232121_lcxi4y,user2,অ,train,1,0
20260704_232121_lcxi4y__outer01__inner00__aug02,20260704_232121_lcxi4y,user2,অ,train,1,0
20260704_232121_lcxi4y__outer01__inner00__aug03,20260704_232121_lcxi4y,user2,অ,train,1,0
20260728_232630_znnts0__outer01__inner00__aug01,20260728_232630_znnts0,user2,অ,train,1,0
20260728_232630_znnts0__outer01__inner00__aug02,20260728_232630_znnts0,user2,অ,train,1,0
20260728_232630_znnts0__outer01__inner00__aug03,20260728_232630_znnts0,user2,অ,train,1,0
20260728_232652_hdsmyh__outer01__inner00__aug01,20260728_232652_hdsmyh,user2,অ,train,1,0
20260728_232652_hdsmyh__outer01__inner00__aug02,20260728_232652_hdsmyh,user2,অ,train,1,0
20260728_232652_hdsmyh__outer01__inner00__aug03,20260728_232652_hdsmyh,user2,অ,train,1,0
20260728_232714_hincfq__outer01__inner00__aug01,20260728_232714_hincfq,user2,অ,train,1,0
20260728_232714_hincfq__outer01__inner00__aug02,20260728_232714_hincfq,user2,অ,train,1,0
20260728_232714_hincfq__outer01__inner00__aug03,20260728_232714_hincfq,user2,অ,train,1,0
20260728_232741_j1gvgu__outer01__inner00__aug01,20260728_232741_j1gvgu,user2,অ,train,1,0
20260728_232741_j1gvgu__outer01__inner00__aug02,20260728_232741_j1gvgu,user2,অ,train,1,0
20260728_232741_j1gvgu__outer01__inner00__aug03,20260728_232741_j1gvgu,user2,অ,train,1,0
20260704_232148_mqf5ea__outer01__inner00__aug01,20260704_232148_mqf5ea,user2,আ,train,1,0
20260704_232148_mqf5ea__outer01__inner00__aug02,20260704_232148_mqf5ea,user2,আ,train,1,0
20260704_232148_mqf5ea__outer01__inner00__aug03,20260704_232148_mqf5ea,user2,আ,train,1,0
20260728_232436_9i4gi8__outer01__inner00__aug01,20260728_232436_9i4gi8,user2,আ,train,1,0
20260728_232436_9i4gi8__outer01__inner00__aug02,20260728_232436_9i4gi8,user2,আ,train,1,0
20260728_232436_9i4gi8__outer01__inner00__aug03,20260728_232436_9i4gi8,user2,আ,train,1,0
20260728_232459_m6l3cf__outer01__inner00__aug01,20260728_232459_m6l3cf,user2,আ,train,1,0
20260728_232459_m6l3cf__outer01__inner00__aug02,20260728_232459_m6l3cf,user2,আ,train,1,0
20260728_232459_m6l3cf__outer01__inner00__aug03,20260728_232459_m6l3cf,user2,আ,train,1,0
20260728_232520_l4uaan__outer01__inner00__aug01,20260728_232520_l4uaan,user2,আ,train,1,0
20260728_232520_l4uaan__outer01__inner00__aug02,20260728_232520_l4uaan,user2,আ,train,1,0
20260728_232520_l4uaan__outer01__inner00__aug03,20260728_232520_l4uaan,user2,আ,train,1,0
20260728_232556_dwfz7c__outer01__inner00__aug01,20260728_232556_dwfz7c,user2,আ,train,1,0
20260728_232556_dwfz7c__outer01__inner00__aug02,20260728_232556_dwfz7c,user2,আ,train,1,0
20260728_232556_dwfz7c__outer01__inner00__aug03,20260728_232556_dwfz7c,user2,আ,train,1,0
20260704_232218_jf6rio__outer01__inner00__aug01,20260704_232218_jf6rio,user2,ই,train,1,0
20260704_232218_jf6rio__outer01__inner00__aug02,20260704_232218_jf6rio,user2,ই,train,1,0
20260704_232218_jf6rio__outer01__inner00__aug03,20260704_232218_jf6rio,user2,ই,train,1,0
20260728_232810_781yo6__outer01__inner00__aug01,20260728_232810_781yo6,user2,ই,train,1,0
20260728_232810_781yo6__outer01__inner00__aug02,20260728_232810_781yo6,user2,ই,train,1,0
20260728_232810_781yo6__outer01__inner00__aug03,20260728_232810_781yo6,user2,ই,train,1,0
20260728_232836_pvgrxn__outer01__inner00__aug01,20260728_232836_pvgrxn,user2,ই,train,1,0
20260728_232836_pvgrxn__outer01__inner00__aug02,20260728_232836_pvgrxn,user2,ই,train,1,0
20260728_232836_pvgrxn__outer01__inner00__aug03,20260728_232836_pvgrxn,user2,ই,train,1,0
20260728_233118_pcjncu__outer01__inner00__aug01,20260728_233118_pcjncu,user2,ই,train,1,0
20260728_233118_pcjncu__outer01__inner00__aug02,20260728_233118_pcjncu,user2,ই,train,1,0
20260728_233118_pcjncu__outer01__inner00__aug03,20260728_233118_pcjncu,user2,ই,train,1,0
20260728_233205_n417cm__outer01__inner00__aug01,20260728_233205_n417cm,user2,ই,train,1,0
20260728_233205_n417cm__outer01__inner00__aug02,20260728_233205_n417cm,user2,ই,train,1,0
20260728_233205_n417cm__outer01__inner00__aug03,20260728_233205_n417cm,user2,ই,train,1,0
20260704_232243_1fsapx__outer01__inner00__aug01,20260704_232243_1fsapx,user2,ঈ,train,1,0
20260704_232243_1fsapx__outer01__inner00__aug02,20260704_232243_1fsapx,user2,ঈ,train,1,0
20260704_232243_1fsapx__outer01__inner00__aug03,20260704_232243_1fsapx,user2,ঈ,train,1,0
20260728_233238_q39ioy__outer01__inner00__aug01,20260728_233238_q39ioy,user2,ঈ,train,1,0
20260728_233238_q39ioy__outer01__inner00__aug02,20260728_233238_q39ioy,user2,ঈ,train,1,0
20260728_233238_q39ioy__outer01__inner00__aug03,20260728_233238_q39ioy,user2,ঈ,train,1,0
20260728_233302_e8k0ge__outer01__inner00__aug01,20260728_233302_e8k0ge,user2,ঈ,train,1,0
20260728_233302_e8k0ge__outer01__inner00__aug02,20260728_233302_e8k0ge,user2,ঈ,train,1,0
20260728_233302_e8k0ge__outer01__inner00__aug03,20260728_233302_e8k0ge,user2,ঈ,train,1,0
20260728_233333_nvf18a__outer01__inner00__aug01,20260728_233333_nvf18a,user2,ঈ,train,1,0
20260728_233333_nvf18a__outer01__inner00__aug02,20260728_233333_nvf18a,user2,ঈ,train,1,0
20260728_233333_nvf18a__outer01__inner00__aug03,20260728_233333_nvf18a,user2,ঈ,train,1,0
20260728_233359_9wg8n4__outer01__inner00__aug01,20260728_233359_9wg8n4,user2,ঈ,train,1,0
20260728_233359_9wg8n4__outer01__inner00__aug02,20260728_233359_9wg8n4,user2,ঈ,train,1,0
20260728_233359_9wg8n4__outer01__inner00__aug03,20260728_233359_9wg8n4,user2,ঈ,train,1,0
20260711_200812_18txgi__outer01__inner00__aug01,20260711_200812_18txgi,user3,অ,train,1,0
20260711_200812_18txgi__outer01__inner00__aug02,20260711_200812_18txgi,user3,অ,train,1,0
20260711_200812_18txgi__outer01__inner00__aug03,20260711_200812_18txgi,user3,অ,train,1,0
20260711_200917_z1na4w__outer01__inner00__aug01,20260711_200917_z1na4w,user3,অ,train,1,0
20260711_200917_z1na4w__outer01__inner00__aug02,20260711_200917_z1na4w,user3,অ,train,1,0
20260711_200917_z1na4w__outer01__inner00__aug03,20260711_200917_z1na4w,user3,অ,train,1,0
20260711_200954_0muns4__outer01__inner00__aug01,20260711_200954_0muns4,user3,অ,train,1,0
20260711_200954_0muns4__outer01__inner00__aug02,20260711_200954_0muns4,user3,অ,train,1,0
20260711_200954_0muns4__outer01__inner00__aug03,20260711_200954_0muns4,user3,অ,train,1,0
20260711_201110_jw6cqh__outer01__inner00__aug01,20260711_201110_jw6cqh,user3,অ,train,1,0
20260711_201110_jw6cqh__outer01__inner00__aug02,20260711_201110_jw6cqh,user3,অ,train,1,0
20260711_201110_jw6cqh__outer01__inner00__aug03,20260711_201110_jw6cqh,user3,অ,train,1,0
20260711_201208_6ylgz1__outer01__inner00__aug01,20260711_201208_6ylgz1,user3,অ,train,1,0
20260711_201208_6ylgz1__outer01__inner00__aug02,20260711_201208_6ylgz1,user3,অ,train,1,0
20260711_201208_6ylgz1__outer01__inner00__aug03,20260711_201208_6ylgz1,user3,অ,train,1,0
20260711_201526_9elfv0__outer01__inner00__aug01,20260711_201526_9elfv0,user3,অ,train,1,0
20260711_201526_9elfv0__outer01__inner00__aug02,20260711_201526_9elfv0,user3,অ,train,1,0
20260711_201526_9elfv0__outer01__inner00__aug03,20260711_201526_9elfv0,user3,অ,train,1,0
20260711_201609_iv7642__outer01__inner00__aug01,20260711_201609_iv7642,user3,অ,train,1,0
20260711_201609_iv7642__outer01__inner00__aug02,20260711_201609_iv7642,user3,অ,train,1,0
20260711_201609_iv7642__outer01__inner00__aug03,20260711_201609_iv7642,user3,অ,train,1,0
20260711_201811_0znu6g__outer01__inner00__aug01,20260711_201811_0znu6g,user3,অ,train,1,0
20260711_201811_0znu6g__outer01__inner00__aug02,20260711_201811_0znu6g,user3,অ,train,1,0
20260711_201811_0znu6g__outer01__inner00__aug03,20260711_201811_0znu6g,user3,অ,train,1,0
20260711_201916_nc9ara__outer01__inner00__aug01,20260711_201916_nc9ara,user3,অ,train,1,0
20260711_201916_nc9ara__outer01__inner00__aug02,20260711_201916_nc9ara,user3,অ,train,1,0
20260711_201916_nc9ara__outer01__inner00__aug03,20260711_201916_nc9ara,user3,অ,train,1,0
20260711_201953_sai9ew__outer01__inner00__aug01,20260711_201953_sai9ew,user3,অ,train,1,0
20260711_201953_sai9ew__outer01__inner00__aug02,20260711_201953_sai9ew,user3,অ,train,1,0
20260711_201953_sai9ew__outer01__inner00__aug03,20260711_201953_sai9ew,user3,অ,train,1,0
20260711_202025_bntr0i__outer01__inner00__aug01,20260711_202025_bntr0i,user3,অ,train,1,0
20260711_202025_bntr0i__outer01__inner00__aug02,20260711_202025_bntr0i,user3,অ,train,1,0
20260711_202025_bntr0i__outer01__inner00__aug03,20260711_202025_bntr0i,user3,অ,train,1,0
20260711_202714_mwa7m1__outer01__inner00__aug01,20260711_202714_mwa7m1,user3,অ,train,1,0
20260711_202714_mwa7m1__outer01__inner00__aug02,20260711_202714_mwa7m1,user3,অ,train,1,0
20260711_202714_mwa7m1__outer01__inner00__aug03,20260711_202714_mwa7m1,user3,অ,train,1,0
20260711_202846_kmy51g__outer01__inner00__aug01,20260711_202846_kmy51g,user3,অ,train,1,0
20260711_202846_kmy51g__outer01__inner00__aug02,20260711_202846_kmy51g,user3,অ,train,1,0
20260711_202846_kmy51g__outer01__inner00__aug03,20260711_202846_kmy51g,user3,অ,train,1,0
20260711_203013_i4o0om__outer01__inner00__aug01,20260711_203013_i4o0om,user3,অ,train,1,0
20260711_203013_i4o0om__outer01__inner00__aug02,20260711_203013_i4o0om,user3,অ,train,1,0
20260711_203013_i4o0om__outer01__inner00__aug03,20260711_203013_i4o0om,user3,অ,train,1,0
20260711_203112_15gnzj__outer01__inner00__aug01,20260711_203112_15gnzj,user3,অ,train,1,0
20260711_203112_15gnzj__outer01__inner00__aug02,20260711_203112_15gnzj,user3,অ,train,1,0
20260711_203112_15gnzj__outer01__inner00__aug03,20260711_203112_15gnzj,user3,অ,train,1,0
20260711_205524_jbk5pv__outer01__inner00__aug01,20260711_205524_jbk5pv,user3,আ,train,1,0
20260711_205524_jbk5pv__outer01__inner00__aug02,20260711_205524_jbk5pv,user3,আ,train,1,0
20260711_205524_jbk5pv__outer01__inner00__aug03,20260711_205524_jbk5pv,user3,আ,train,1,0
20260711_205559_azslan__outer01__inner00__aug01,20260711_205559_azslan,user3,আ,train,1,0
20260711_205559_azslan__outer01__inner00__aug02,20260711_205559_azslan,user3,আ,train,1,0
20260711_205559_azslan__outer01__inner00__aug03,20260711_205559_azslan,user3,আ,train,1,0
20260711_205630_gydvnp__outer01__inner00__aug01,20260711_205630_gydvnp,user3,আ,train,1,0
20260711_205630_gydvnp__outer01__inner00__aug02,20260711_205630_gydvnp,user3,আ,train,1,0
20260711_205630_gydvnp__outer01__inner00__aug03,20260711_205630_gydvnp,user3,আ,train,1,0
20260711_205707_n57400__outer01__inner00__aug01,20260711_205707_n57400,user3,আ,train,1,0
20260711_205707_n57400__outer01__inner00__aug02,20260711_205707_n57400,user3,আ,train,1,0
20260711_205707_n57400__outer01__inner00__aug03,20260711_205707_n57400,user3,আ,train,1,0
20260711_205748_usnulf__outer01__inner00__aug01,20260711_205748_usnulf,user3,আ,train,1,0
20260711_205748_usnulf__outer01__inner00__aug02,20260711_205748_usnulf,user3,আ,train,1,0
20260711_205748_usnulf__outer01__inner00__aug03,20260711_205748_usnulf,user3,আ,train,1,0
20260711_200812_18txgi__outer01__inner01__aug01,20260711_200812_18txgi,user3,অ,train,1,1
20260711_200812_18txgi__outer01__inner01__aug02,20260711_200812_18txgi,user3,অ,train,1,1
20260711_200812_18txgi__outer01__inner01__aug03,20260711_200812_18txgi,user3,অ,train,1,1
20260711_200917_z1na4w__outer01__inner01__aug01,20260711_200917_z1na4w,user3,অ,train,1,1
20260711_200917_z1na4w__outer01__inner01__aug02,20260711_200917_z1na4w,user3,অ,train,1,1
20260711_200917_z1na4w__outer01__inner01__aug03,20260711_200917_z1na4w,user3,অ,train,1,1
20260711_200954_0muns4__outer01__inner01__aug01,20260711_200954_0muns4,user3,অ,train,1,1
20260711_200954_0muns4__outer01__inner01__aug02,20260711_200954_0muns4,user3,অ,train,1,1
20260711_200954_0muns4__outer01__inner01__aug03,20260711_200954_0muns4,user3,অ,train,1,1
20260711_201110_jw6cqh__outer01__inner01__aug01,20260711_201110_jw6cqh,user3,অ,train,1,1
20260711_201110_jw6cqh__outer01__inner01__aug02,20260711_201110_jw6cqh,user3,অ,train,1,1
20260711_201110_jw6cqh__outer01__inner01__aug03,20260711_201110_jw6cqh,user3,অ,train,1,1
20260711_201208_6ylgz1__outer01__inner01__aug01,20260711_201208_6ylgz1,user3,অ,train,1,1
20260711_201208_6ylgz1__outer01__inner01__aug02,20260711_201208_6ylgz1,user3,অ,train,1,1
20260711_201208_6ylgz1__outer01__inner01__aug03,20260711_201208_6ylgz1,user3,অ,train,1,1
20260711_201526_9elfv0__outer01__inner01__aug01,20260711_201526_9elfv0,user3,অ,train,1,1
20260711_201526_9elfv0__outer01__inner01__aug02,20260711_201526_9elfv0,user3,অ,train,1,1
20260711_201526_9elfv0__outer01__inner01__aug03,20260711_201526_9elfv0,user3,অ,train,1,1
20260711_201609_iv7642__outer01__inner01__aug01,20260711_201609_iv7642,user3,অ,train,1,1
20260711_201609_iv7642__outer01__inner01__aug02,20260711_201609_iv7642,user3,অ,train,1,1
20260711_201609_iv7642__outer01__inner01__aug03,20260711_201609_iv7642,user3,অ,train,1,1
20260711_201811_0znu6g__outer01__inner01__aug01,20260711_201811_0znu6g,user3,অ,train,1,1
20260711_201811_0znu6g__outer01__inner01__aug02,20260711_201811_0znu6g,user3,অ,train,1,1
20260711_201811_0znu6g__outer01__inner01__aug03,20260711_201811_0znu6g,user3,অ,train,1,1
20260711_201916_nc9ara__outer01__inner01__aug01,20260711_201916_nc9ara,user3,অ,train,1,1
20260711_201916_nc9ara__outer01__inner01__aug02,20260711_201916_nc9ara,user3,অ,train,1,1
20260711_201916_nc9ara__outer01__inner01__aug03,20260711_201916_nc9ara,user3,অ,train,1,1
20260711_201953_sai9ew__outer01__inner01__aug01,20260711_201953_sai9ew,user3,অ,train,1,1
20260711_201953_sai9ew__outer01__inner01__aug02,20260711_201953_sai9ew,user3,অ,train,1,1
20260711_201953_sai9ew__outer01__inner01__aug03,20260711_201953_sai9ew,user3,অ,train,1,1
20260711_202025_bntr0i__outer01__inner01__aug01,20260711_202025_bntr0i,user3,অ,train,1,1
20260711_202025_bntr0i__outer01__inner01__aug02,20260711_202025_bntr0i,user3,অ,train,1,1
20260711_202025_bntr0i__outer01__inner01__aug03,20260711_202025_bntr0i,user3,অ,train,1,1
20260711_202714_mwa7m1__outer01__inner01__aug01,20260711_202714_mwa7m1,user3,অ,train,1,1
20260711_202714_mwa7m1__outer01__inner01__aug02,20260711_202714_mwa7m1,user3,অ,train,1,1
20260711_202714_mwa7m1__outer01__inner01__aug03,20260711_202714_mwa7m1,user3,অ,train,1,1
20260711_202846_kmy51g__outer01__inner01__aug01,20260711_202846_kmy51g,user3,অ,train,1,1
20260711_202846_kmy51g__outer01__inner01__aug02,20260711_202846_kmy51g,user3,অ,train,1,1
20260711_202846_kmy51g__outer01__inner01__aug03,20260711_202846_kmy51g,user3,অ,train,1,1
20260711_203013_i4o0om__outer01__inner01__aug01,20260711_203013_i4o0om,user3,অ,train,1,1
20260711_203013_i4o0om__outer01__inner01__aug02,20260711_203013_i4o0om,user3,অ,train,1,1
20260711_203013_i4o0om__outer01__inner01__aug03,20260711_203013_i4o0om,user3,অ,train,1,1
20260711_203112_15gnzj__outer01__inner01__aug01,20260711_203112_15gnzj,user3,অ,train,1,1
20260711_203112_15gnzj__outer01__inner01__aug02,20260711_203112_15gnzj,user3,অ,train,1,1
20260711_203112_15gnzj__outer01__inner01__aug03,20260711_203112_15gnzj,user3,অ,train,1,1
20260711_205524_jbk5pv__outer01__inner01__aug01,20260711_205524_jbk5pv,user3,আ,train,1,1
20260711_205524_jbk5pv__outer01__inner01__aug02,20260711_205524_jbk5pv,user3,আ,train,1,1
20260711_205524_jbk5pv__outer01__inner01__aug03,20260711_205524_jbk5pv,user3,আ,train,1,1
20260711_205559_azslan__outer01__inner01__aug01,20260711_205559_azslan,user3,আ,train,1,1
20260711_205559_azslan__outer01__inner01__aug02,20260711_205559_azslan,user3,আ,train,1,1
20260711_205559_azslan__outer01__inner01__aug03,20260711_205559_azslan,user3,আ,train,1,1
20260711_205630_gydvnp__outer01__inner01__aug01,20260711_205630_gydvnp,user3,আ,train,1,1
20260711_205630_gydvnp__outer01__inner01__aug02,20260711_205630_gydvnp,user3,আ,train,1,1
20260711_205630_gydvnp__outer01__inner01__aug03,20260711_205630_gydvnp,user3,আ,train,1,1
20260711_205707_n57400__outer01__inner01__aug01,20260711_205707_n57400,user3,আ,train,1,1
20260711_205707_n57400__outer01__inner01__aug02,20260711_205707_n57400,user3,আ,train,1,1
20260711_205707_n57400__outer01__inner01__aug03,20260711_205707_n57400,user3,আ,train,1,1
20260711_205748_usnulf__outer01__inner01__aug01,20260711_205748_usnulf,user3,আ,train,1,1
20260711_205748_usnulf__outer01__inner01__aug02,20260711_205748_usnulf,user3,আ,train,1,1
20260711_205748_usnulf__outer01__inner01__aug03,20260711_205748_usnulf,user3,আ,train,1,1
20260711_211455_ab7vb3__outer01__inner01__aug01,20260711_211455_ab7vb3,user4,অ,train,1,1
20260711_211455_ab7vb3__outer01__inner01__aug02,20260711_211455_ab7vb3,user4,অ,train,1,1
20260711_211455_ab7vb3__outer01__inner01__aug03,20260711_211455_ab7vb3,user4,অ,train,1,1
20260711_214733_y28o8p__outer01__inner01__aug01,20260711_214733_y28o8p,user4,অ,train,1,1
20260711_214733_y28o8p__outer01__inner01__aug02,20260711_214733_y28o8p,user4,অ,train,1,1
20260711_214733_y28o8p__outer01__inner01__aug03,20260711_214733_y28o8p,user4,অ,train,1,1
20260711_214747_h8ad4n__outer01__inner01__aug01,20260711_214747_h8ad4n,user4,অ,train,1,1
20260711_214747_h8ad4n__outer01__inner01__aug02,20260711_214747_h8ad4n,user4,অ,train,1,1
20260711_214747_h8ad4n__outer01__inner01__aug03,20260711_214747_h8ad4n,user4,অ,train,1,1
20260711_214802_iotb3d__outer01__inner01__aug01,20260711_214802_iotb3d,user4,অ,train,1,1
20260711_214802_iotb3d__outer01__inner01__aug02,20260711_214802_iotb3d,user4,অ,train,1,1
20260711_214802_iotb3d__outer01__inner01__aug03,20260711_214802_iotb3d,user4,অ,train,1,1
20260711_214818_1kqyjw__outer01__inner01__aug01,20260711_214818_1kqyjw,user4,অ,train,1,1
20260711_214818_1kqyjw__outer01__inner01__aug02,20260711_214818_1kqyjw,user4,অ,train,1,1
20260711_214818_1kqyjw__outer01__inner01__aug03,20260711_214818_1kqyjw,user4,অ,train,1,1
20260711_214838_nmfk2j__outer01__inner01__aug01,20260711_214838_nmfk2j,user4,অ,train,1,1
20260711_214838_nmfk2j__outer01__inner01__aug02,20260711_214838_nmfk2j,user4,অ,train,1,1
20260711_214838_nmfk2j__outer01__inner01__aug03,20260711_214838_nmfk2j,user4,অ,train,1,1
20260711_214856_wh1jdl__outer01__inner01__aug01,20260711_214856_wh1jdl,user4,অ,train,1,1
20260711_214856_wh1jdl__outer01__inner01__aug02,20260711_214856_wh1jdl,user4,অ,train,1,1
20260711_214856_wh1jdl__outer01__inner01__aug03,20260711_214856_wh1jdl,user4,অ,train,1,1
20260711_214912_5jyzoq__outer01__inner01__aug01,20260711_214912_5jyzoq,user4,অ,train,1,1
20260711_214912_5jyzoq__outer01__inner01__aug02,20260711_214912_5jyzoq,user4,অ,train,1,1
20260711_214912_5jyzoq__outer01__inner01__aug03,20260711_214912_5jyzoq,user4,অ,train,1,1
20260711_215025_9ahjj1__outer01__inner01__aug01,20260711_215025_9ahjj1,user4,অ,train,1,1
20260711_215025_9ahjj1__outer01__inner01__aug02,20260711_215025_9ahjj1,user4,অ,train,1,1
20260711_215025_9ahjj1__outer01__inner01__aug03,20260711_215025_9ahjj1,user4,অ,train,1,1
20260711_215040_totmvz__outer01__inner01__aug01,20260711_215040_totmvz,user4,অ,train,1,1
20260711_215040_totmvz__outer01__inner01__aug02,20260711_215040_totmvz,user4,অ,train,1,1
20260711_215040_totmvz__outer01__inner01__aug03,20260711_215040_totmvz,user4,অ,train,1,1
20260711_215057_m3q3bw__outer01__inner01__aug01,20260711_215057_m3q3bw,user4,অ,train,1,1
20260711_215057_m3q3bw__outer01__inner01__aug02,20260711_215057_m3q3bw,user4,অ,train,1,1
20260711_215057_m3q3bw__outer01__inner01__aug03,20260711_215057_m3q3bw,user4,অ,train,1,1
20260711_215120_wa3iw4__outer01__inner01__aug01,20260711_215120_wa3iw4,user4,অ,train,1,1
20260711_215120_wa3iw4__outer01__inner01__aug02,20260711_215120_wa3iw4,user4,অ,train,1,1
20260711_215120_wa3iw4__outer01__inner01__aug03,20260711_215120_wa3iw4,user4,অ,train,1,1
20260711_215140_jzmdn9__outer01__inner01__aug01,20260711_215140_jzmdn9,user4,অ,train,1,1
20260711_215140_jzmdn9__outer01__inner01__aug02,20260711_215140_jzmdn9,user4,অ,train,1,1
20260711_215140_jzmdn9__outer01__inner01__aug03,20260711_215140_jzmdn9,user4,অ,train,1,1
20260711_215153_8dj6mi__outer01__inner01__aug01,20260711_215153_8dj6mi,user4,অ,train,1,1
20260711_215153_8dj6mi__outer01__inner01__aug02,20260711_215153_8dj6mi,user4,অ,train,1,1
20260711_215153_8dj6mi__outer01__inner01__aug03,20260711_215153_8dj6mi,user4,অ,train,1,1
20260711_215210_14cuph__outer01__inner01__aug01,20260711_215210_14cuph,user4,অ,train,1,1
20260711_215210_14cuph__outer01__inner01__aug02,20260711_215210_14cuph,user4,অ,train,1,1
20260711_215210_14cuph__outer01__inner01__aug03,20260711_215210_14cuph,user4,অ,train,1,1
20260711_215224_s1nefb__outer01__inner01__aug01,20260711_215224_s1nefb,user4,অ,train,1,1
20260711_215224_s1nefb__outer01__inner01__aug02,20260711_215224_s1nefb,user4,অ,train,1,1
20260711_215224_s1nefb__outer01__inner01__aug03,20260711_215224_s1nefb,user4,অ,train,1,1
20260711_211553_8q738s__outer01__inner01__aug01,20260711_211553_8q738s,user4,আ,train,1,1
20260711_211553_8q738s__outer01__inner01__aug02,20260711_211553_8q738s,user4,আ,train,1,1
20260711_211553_8q738s__outer01__inner01__aug03,20260711_211553_8q738s,user4,আ,train,1,1
20260711_215326_rdw0i7__outer01__inner01__aug01,20260711_215326_rdw0i7,user4,আ,train,1,1
20260711_215326_rdw0i7__outer01__inner01__aug02,20260711_215326_rdw0i7,user4,আ,train,1,1
20260711_215326_rdw0i7__outer01__inner01__aug03,20260711_215326_rdw0i7,user4,আ,train,1,1
20260711_215355_gtir0d__outer01__inner01__aug01,20260711_215355_gtir0d,user4,আ,train,1,1
20260711_215355_gtir0d__outer01__inner01__aug02,20260711_215355_gtir0d,user4,আ,train,1,1
20260711_215355_gtir0d__outer01__inner01__aug03,20260711_215355_gtir0d,user4,আ,train,1,1
20260711_215413_4z3pac__outer01__inner01__aug01,20260711_215413_4z3pac,user4,আ,train,1,1
20260711_215413_4z3pac__outer01__inner01__aug02,20260711_215413_4z3pac,user4,আ,train,1,1
20260711_215413_4z3pac__outer01__inner01__aug03,20260711_215413_4z3pac,user4,আ,train,1,1
20260711_215505_noe4fp__outer01__inner01__aug01,20260711_215505_noe4fp,user4,আ,train,1,1
20260711_215505_noe4fp__outer01__inner01__aug02,20260711_215505_noe4fp,user4,আ,train,1,1
20260711_215505_noe4fp__outer01__inner01__aug03,20260711_215505_noe4fp,user4,আ,train,1,1
20260711_215527_oaoi6c__outer01__inner01__aug01,20260711_215527_oaoi6c,user4,আ,train,1,1
20260711_215527_oaoi6c__outer01__inner01__aug02,20260711_215527_oaoi6c,user4,আ,train,1,1
20260711_215527_oaoi6c__outer01__inner01__aug03,20260711_215527_oaoi6c,user4,আ,train,1,1
20260711_215554_41w3p4__outer01__inner01__aug01,20260711_215554_41w3p4,user4,আ,train,1,1
20260711_215554_41w3p4__outer01__inner01__aug02,20260711_215554_41w3p4,user4,আ,train,1,1
20260711_215554_41w3p4__outer01__inner01__aug03,20260711_215554_41w3p4,user4,আ,train,1,1
20260711_215623_q6sua3__outer01__inner01__aug01,20260711_215623_q6sua3,user4,আ,train,1,1
20260711_215623_q6sua3__outer01__inner01__aug02,20260711_215623_q6sua3,user4,আ,train,1,1
20260711_215623_q6sua3__outer01__inner01__aug03,20260711_215623_q6sua3,user4,আ,train,1,1
20260711_215646_y25z4x__outer01__inner01__aug01,20260711_215646_y25z4x,user4,আ,train,1,1
20260711_215646_y25z4x__outer01__inner01__aug02,20260711_215646_y25z4x,user4,আ,train,1,1
20260711_215646_y25z4x__outer01__inner01__aug03,20260711_215646_y25z4x,user4,আ,train,1,1
20260711_215701_i0we24__outer01__inner01__aug01,20260711_215701_i0we24,user4,আ,train,1,1
20260711_215701_i0we24__outer01__inner01__aug02,20260711_215701_i0we24,user4,আ,train,1,1
20260711_215701_i0we24__outer01__inner01__aug03,20260711_215701_i0we24,user4,আ,train,1,1
20260711_215719_fym8k2__outer01__inner01__aug01,20260711_215719_fym8k2,user4,আ,train,1,1
20260711_215719_fym8k2__outer01__inner01__aug02,20260711_215719_fym8k2,user4,আ,train,1,1
20260711_215719_fym8k2__outer01__inner01__aug03,20260711_215719_fym8k2,user4,আ,train,1,1
20260711_215732_e3wli4__outer01__inner01__aug01,20260711_215732_e3wli4,user4,আ,train,1,1
20260711_215732_e3wli4__outer01__inner01__aug02,20260711_215732_e3wli4,user4,আ,train,1,1
20260711_215732_e3wli4__outer01__inner01__aug03,20260711_215732_e3wli4,user4,আ,train,1,1
20260711_215746_pw5glc__outer01__inner01__aug01,20260711_215746_pw5glc,user4,আ,train,1,1
20260711_215746_pw5glc__outer01__inner01__aug02,20260711_215746_pw5glc,user4,আ,train,1,1
20260711_215746_pw5glc__outer01__inner01__aug03,20260711_215746_pw5glc,user4,আ,train,1,1
20260711_215803_gtb1nz__outer01__inner01__aug01,20260711_215803_gtb1nz,user4,আ,train,1,1
20260711_215803_gtb1nz__outer01__inner01__aug02,20260711_215803_gtb1nz,user4,আ,train,1,1
20260711_215803_gtb1nz__outer01__inner01__aug03,20260711_215803_gtb1nz,user4,আ,train,1,1
20260711_215826_09me7o__outer01__inner01__aug01,20260711_215826_09me7o,user4,আ,train,1,1
20260711_215826_09me7o__outer01__inner01__aug02,20260711_215826_09me7o,user4,আ,train,1,1
20260711_215826_09me7o__outer01__inner01__aug03,20260711_215826_09me7o,user4,আ,train,1,1
20260711_215850_2a6qfe__outer01__inner01__aug01,20260711_215850_2a6qfe,user4,আ,train,1,1
20260711_215850_2a6qfe__outer01__inner01__aug02,20260711_215850_2a6qfe,user4,আ,train,1,1
20260711_215850_2a6qfe__outer01__inner01__aug03,20260711_215850_2a6qfe,user4,আ,train,1,1
20260711_211613_pni7yl__outer01__inner01__aug01,20260711_211613_pni7yl,user4,ই,train,1,1
20260711_211613_pni7yl__outer01__inner01__aug02,20260711_211613_pni7yl,user4,ই,train,1,1
20260711_211613_pni7yl__outer01__inner01__aug03,20260711_211613_pni7yl,user4,ই,train,1,1
20260711_211631_omhqof__outer01__inner01__aug01,20260711_211631_omhqof,user4,ই,train,1,1
20260711_211631_omhqof__outer01__inner01__aug02,20260711_211631_omhqof,user4,ই,train,1,1
20260711_211631_omhqof__outer01__inner01__aug03,20260711_211631_omhqof,user4,ই,train,1,1
20260711_215916_5xq3ym__outer01__inner01__aug01,20260711_215916_5xq3ym,user4,ই,train,1,1
20260711_215916_5xq3ym__outer01__inner01__aug02,20260711_215916_5xq3ym,user4,ই,train,1,1
20260711_215916_5xq3ym__outer01__inner01__aug03,20260711_215916_5xq3ym,user4,ই,train,1,1
20260711_215928_ckxbi5__outer01__inner01__aug01,20260711_215928_ckxbi5,user4,ই,train,1,1
20260711_215928_ckxbi5__outer01__inner01__aug02,20260711_215928_ckxbi5,user4,ই,train,1,1
20260711_215928_ckxbi5__outer01__inner01__aug03,20260711_215928_ckxbi5,user4,ই,train,1,1
20260711_215945_ovgs11__outer01__inner01__aug01,20260711_215945_ovgs11,user4,ই,train,1,1
20260711_215945_ovgs11__outer01__inner01__aug02,20260711_215945_ovgs11,user4,ই,train,1,1
20260711_215945_ovgs11__outer01__inner01__aug03,20260711_215945_ovgs11,user4,ই,train,1,1
20260711_215959_axw0jl__outer01__inner01__aug01,20260711_215959_axw0jl,user4,ই,train,1,1
20260711_215959_axw0jl__outer01__inner01__aug02,20260711_215959_axw0jl,user4,ই,train,1,1
20260711_215959_axw0jl__outer01__inner01__aug03,20260711_215959_axw0jl,user4,ই,train,1,1
20260711_220013_x16qxh__outer01__inner01__aug01,20260711_220013_x16qxh,user4,ই,train,1,1
20260711_220013_x16qxh__outer01__inner01__aug02,20260711_220013_x16qxh,user4,ই,train,1,1
20260711_220013_x16qxh__outer01__inner01__aug03,20260711_220013_x16qxh,user4,ই,train,1,1
20260711_220027_1j40u6__outer01__inner01__aug01,20260711_220027_1j40u6,user4,ই,train,1,1
20260711_220027_1j40u6__outer01__inner01__aug02,20260711_220027_1j40u6,user4,ই,train,1,1
20260711_220027_1j40u6__outer01__inner01__aug03,20260711_220027_1j40u6,user4,ই,train,1,1
20260711_220043_yyhe4o__outer01__inner01__aug01,20260711_220043_yyhe4o,user4,ই,train,1,1
20260711_220043_yyhe4o__outer01__inner01__aug02,20260711_220043_yyhe4o,user4,ই,train,1,1
20260711_220043_yyhe4o__outer01__inner01__aug03,20260711_220043_yyhe4o,user4,ই,train,1,1
20260711_220058_6cy90j__outer01__inner01__aug01,20260711_220058_6cy90j,user4,ই,train,1,1
20260711_220058_6cy90j__outer01__inner01__aug02,20260711_220058_6cy90j,user4,ই,train,1,1
20260711_220058_6cy90j__outer01__inner01__aug03,20260711_220058_6cy90j,user4,ই,train,1,1
20260711_220112_94lc88__outer01__inner01__aug01,20260711_220112_94lc88,user4,ই,train,1,1
20260711_220112_94lc88__outer01__inner01__aug02,20260711_220112_94lc88,user4,ই,train,1,1
20260711_220112_94lc88__outer01__inner01__aug03,20260711_220112_94lc88,user4,ই,train,1,1
20260711_220132_3b6d70__outer01__inner01__aug01,20260711_220132_3b6d70,user4,ই,train,1,1
20260711_220132_3b6d70__outer01__inner01__aug02,20260711_220132_3b6d70,user4,ই,train,1,1
20260711_220132_3b6d70__outer01__inner01__aug03,20260711_220132_3b6d70,user4,ই,train,1,1
20260711_220151_kjuuzh__outer01__inner01__aug01,20260711_220151_kjuuzh,user4,ই,train,1,1
20260711_220151_kjuuzh__outer01__inner01__aug02,20260711_220151_kjuuzh,user4,ই,train,1,1
20260711_220151_kjuuzh__outer01__inner01__aug03,20260711_220151_kjuuzh,user4,ই,train,1,1
20260711_220205_cr3boy__outer01__inner01__aug01,20260711_220205_cr3boy,user4,ই,train,1,1
20260711_220205_cr3boy__outer01__inner01__aug02,20260711_220205_cr3boy,user4,ই,train,1,1
20260711_220205_cr3boy__outer01__inner01__aug03,20260711_220205_cr3boy,user4,ই,train,1,1
20260711_220217_85rgxu__outer01__inner01__aug01,20260711_220217_85rgxu,user4,ই,train,1,1
20260711_220217_85rgxu__outer01__inner01__aug02,20260711_220217_85rgxu,user4,ই,train,1,1
20260711_220217_85rgxu__outer01__inner01__aug03,20260711_220217_85rgxu,user4,ই,train,1,1
20260711_220235_4uai7u__outer01__inner01__aug01,20260711_220235_4uai7u,user4,ই,train,1,1
20260711_220235_4uai7u__outer01__inner01__aug02,20260711_220235_4uai7u,user4,ই,train,1,1
20260711_220235_4uai7u__outer01__inner01__aug03,20260711_220235_4uai7u,user4,ই,train,1,1
20260711_220308_e7l7wm__outer01__inner01__aug01,20260711_220308_e7l7wm,user4,ই,train,1,1
20260711_220308_e7l7wm__outer01__inner01__aug02,20260711_220308_e7l7wm,user4,ই,train,1,1
20260711_220308_e7l7wm__outer01__inner01__aug03,20260711_220308_e7l7wm,user4,ই,train,1,1
20260711_220404_itceug__outer01__inner01__aug01,20260711_220404_itceug,user4,ঈ,train,1,1
20260711_220404_itceug__outer01__inner01__aug02,20260711_220404_itceug,user4,ঈ,train,1,1
20260711_220404_itceug__outer01__inner01__aug03,20260711_220404_itceug,user4,ঈ,train,1,1
20260711_220444_r35mfs__outer01__inner01__aug01,20260711_220444_r35mfs,user4,ঈ,train,1,1
20260711_220444_r35mfs__outer01__inner01__aug02,20260711_220444_r35mfs,user4,ঈ,train,1,1
20260711_220444_r35mfs__outer01__inner01__aug03,20260711_220444_r35mfs,user4,ঈ,train,1,1
20260711_220519_ila5ji__outer01__inner01__aug01,20260711_220519_ila5ji,user4,ঈ,train,1,1
20260711_220519_ila5ji__outer01__inner01__aug02,20260711_220519_ila5ji,user4,ঈ,train,1,1
20260711_220519_ila5ji__outer01__inner01__aug03,20260711_220519_ila5ji,user4,ঈ,train,1,1
20260711_220543_7o5bd0__outer01__inner01__aug01,20260711_220543_7o5bd0,user4,ঈ,train,1,1
20260711_220543_7o5bd0__outer01__inner01__aug02,20260711_220543_7o5bd0,user4,ঈ,train,1,1
20260711_220543_7o5bd0__outer01__inner01__aug03,20260711_220543_7o5bd0,user4,ঈ,train,1,1
20260711_220606_essesa__outer01__inner01__aug01,20260711_220606_essesa,user4,ঈ,train,1,1
20260711_220606_essesa__outer01__inner01__aug02,20260711_220606_essesa,user4,ঈ,train,1,1
20260711_220606_essesa__outer01__inner01__aug03,20260711_220606_essesa,user4,ঈ,train,1,1
20260711_220641_ufswp1__outer01__inner01__aug01,20260711_220641_ufswp1,user4,ঈ,train,1,1
20260711_220641_ufswp1__outer01__inner01__aug02,20260711_220641_ufswp1,user4,ঈ,train,1,1
20260711_220641_ufswp1__outer01__inner01__aug03,20260711_220641_ufswp1,user4,ঈ,train,1,1
20260711_220701_y1rftt__outer01__inner01__aug01,20260711_220701_y1rftt,user4,ঈ,train,1,1
20260711_220701_y1rftt__outer01__inner01__aug02,20260711_220701_y1rftt,user4,ঈ,train,1,1
20260711_220701_y1rftt__outer01__inner01__aug03,20260711_220701_y1rftt,user4,ঈ,train,1,1
20260711_220721_h9k2mi__outer01__inner01__aug01,20260711_220721_h9k2mi,user4,ঈ,train,1,1
20260711_220721_h9k2mi__outer01__inner01__aug02,20260711_220721_h9k2mi,user4,ঈ,train,1,1
20260711_220721_h9k2mi__outer01__inner01__aug03,20260711_220721_h9k2mi,user4,ঈ,train,1,1
20260711_220738_j2qzn6__outer01__inner01__aug01,20260711_220738_j2qzn6,user4,ঈ,train,1,1
20260711_220738_j2qzn6__outer01__inner01__aug02,20260711_220738_j2qzn6,user4,ঈ,train,1,1
20260711_220738_j2qzn6__outer01__inner01__aug03,20260711_220738_j2qzn6,user4,ঈ,train,1,1
20260711_220751_axw80l__outer01__inner01__aug01,20260711_220751_axw80l,user4,ঈ,train,1,1
20260711_220751_axw80l__outer01__inner01__aug02,20260711_220751_axw80l,user4,ঈ,train,1,1
20260711_220751_axw80l__outer01__inner01__aug03,20260711_220751_axw80l,user4,ঈ,train,1,1
20260711_220807_mldxj2__outer01__inner01__aug01,20260711_220807_mldxj2,user4,ঈ,train,1,1
20260711_220807_mldxj2__outer01__inner01__aug02,20260711_220807_mldxj2,user4,ঈ,train,1,1
20260711_220807_mldxj2__outer01__inner01__aug03,20260711_220807_mldxj2,user4,ঈ,train,1,1
20260711_220822_wgaxvc__outer01__inner01__aug01,20260711_220822_wgaxvc,user4,ঈ,train,1,1
20260711_220822_wgaxvc__outer01__inner01__aug02,20260711_220822_wgaxvc,user4,ঈ,train,1,1
20260711_220822_wgaxvc__outer01__inner01__aug03,20260711_220822_wgaxvc,user4,ঈ,train,1,1
20260711_220837_dby4gx__outer01__inner01__aug01,20260711_220837_dby4gx,user4,ঈ,train,1,1
20260711_220837_dby4gx__outer01__inner01__aug02,20260711_220837_dby4gx,user4,ঈ,train,1,1
20260711_220837_dby4gx__outer01__inner01__aug03,20260711_220837_dby4gx,user4,ঈ,train,1,1
20260711_220850_xo5kch__outer01__inner01__aug01,20260711_220850_xo5kch,user4,ঈ,train,1,1
20260711_220850_xo5kch__outer01__inner01__aug02,20260711_220850_xo5kch,user4,ঈ,train,1,1
20260711_220850_xo5kch__outer01__inner01__aug03,20260711_220850_xo5kch,user4,ঈ,train,1,1
20260711_220906_ehc737__outer01__inner01__aug01,20260711_220906_ehc737,user4,ঈ,train,1,1
20260711_220906_ehc737__outer01__inner01__aug02,20260711_220906_ehc737,user4,ঈ,train,1,1
20260711_220906_ehc737__outer01__inner01__aug03,20260711_220906_ehc737,user4,ঈ,train,1,1
20260711_220930_a944cy__outer01__inner02__aug01,20260711_220930_a944cy,for_bonhi,ঔ,train,1,2
20260711_220930_a944cy__outer01__inner02__aug02,20260711_220930_a944cy,for_bonhi,ঔ,train,1,2
20260711_220930_a944cy__outer01__inner02__aug03,20260711_220930_a944cy,for_bonhi,ঔ,train,1,2
20260704_232121_lcxi4y__outer01__inner02__aug01,20260704_232121_lcxi4y,user2,অ,train,1,2
20260704_232121_lcxi4y__outer01__inner02__aug02,20260704_232121_lcxi4y,user2,অ,train,1,2
20260704_232121_lcxi4y__outer01__inner02__aug03,20260704_232121_lcxi4y,user2,অ,train,1,2
20260728_232630_znnts0__outer01__inner02__aug01,20260728_232630_znnts0,user2,অ,train,1,2
20260728_232630_znnts0__outer01__inner02__aug02,20260728_232630_znnts0,user2,অ,train,1,2
20260728_232630_znnts0__outer01__inner02__aug03,20260728_232630_znnts0,user2,অ,train,1,2
20260728_232652_hdsmyh__outer01__inner02__aug01,20260728_232652_hdsmyh,user2,অ,train,1,2
20260728_232652_hdsmyh__outer01__inner02__aug02,20260728_232652_hdsmyh,user2,অ,train,1,2
20260728_232652_hdsmyh__outer01__inner02__aug03,20260728_232652_hdsmyh,user2,অ,train,1,2
20260728_232714_hincfq__outer01__inner02__aug01,20260728_232714_hincfq,user2,অ,train,1,2
20260728_232714_hincfq__outer01__inner02__aug02,20260728_232714_hincfq,user2,অ,train,1,2
20260728_232714_hincfq__outer01__inner02__aug03,20260728_232714_hincfq,user2,অ,train,1,2
20260728_232741_j1gvgu__outer01__inner02__aug01,20260728_232741_j1gvgu,user2,অ,train,1,2
20260728_232741_j1gvgu__outer01__inner02__aug02,20260728_232741_j1gvgu,user2,অ,train,1,2
20260728_232741_j1gvgu__outer01__inner02__aug03,20260728_232741_j1gvgu,user2,অ,train,1,2
20260704_232148_mqf5ea__outer01__inner02__aug01,20260704_232148_mqf5ea,user2,আ,train,1,2
20260704_232148_mqf5ea__outer01__inner02__aug02,20260704_232148_mqf5ea,user2,আ,train,1,2
20260704_232148_mqf5ea__outer01__inner02__aug03,20260704_232148_mqf5ea,user2,আ,train,1,2
20260728_232436_9i4gi8__outer01__inner02__aug01,20260728_232436_9i4gi8,user2,আ,train,1,2
20260728_232436_9i4gi8__outer01__inner02__aug02,20260728_232436_9i4gi8,user2,আ,train,1,2
20260728_232436_9i4gi8__outer01__inner02__aug03,20260728_232436_9i4gi8,user2,আ,train,1,2
20260728_232459_m6l3cf__outer01__inner02__aug01,20260728_232459_m6l3cf,user2,আ,train,1,2
20260728_232459_m6l3cf__outer01__inner02__aug02,20260728_232459_m6l3cf,user2,আ,train,1,2
20260728_232459_m6l3cf__outer01__inner02__aug03,20260728_232459_m6l3cf,user2,আ,train,1,2
20260728_232520_l4uaan__outer01__inner02__aug01,20260728_232520_l4uaan,user2,আ,train,1,2
20260728_232520_l4uaan__outer01__inner02__aug02,20260728_232520_l4uaan,user2,আ,train,1,2
20260728_232520_l4uaan__outer01__inner02__aug03,20260728_232520_l4uaan,user2,আ,train,1,2
20260728_232556_dwfz7c__outer01__inner02__aug01,20260728_232556_dwfz7c,user2,আ,train,1,2
20260728_232556_dwfz7c__outer01__inner02__aug02,20260728_232556_dwfz7c,user2,আ,train,1,2
20260728_232556_dwfz7c__outer01__inner02__aug03,20260728_232556_dwfz7c,user2,আ,train,1,2
20260704_232218_jf6rio__outer01__inner02__aug01,20260704_232218_jf6rio,user2,ই,train,1,2
20260704_232218_jf6rio__outer01__inner02__aug02,20260704_232218_jf6rio,user2,ই,train,1,2
20260704_232218_jf6rio__outer01__inner02__aug03,20260704_232218_jf6rio,user2,ই,train,1,2
20260728_232810_781yo6__outer01__inner02__aug01,20260728_232810_781yo6,user2,ই,train,1,2
20260728_232810_781yo6__outer01__inner02__aug02,20260728_232810_781yo6,user2,ই,train,1,2
20260728_232810_781yo6__outer01__inner02__aug03,20260728_232810_781yo6,user2,ই,train,1,2
20260728_232836_pvgrxn__outer01__inner02__aug01,20260728_232836_pvgrxn,user2,ই,train,1,2
20260728_232836_pvgrxn__outer01__inner02__aug02,20260728_232836_pvgrxn,user2,ই,train,1,2
20260728_232836_pvgrxn__outer01__inner02__aug03,20260728_232836_pvgrxn,user2,ই,train,1,2
20260728_233118_pcjncu__outer01__inner02__aug01,20260728_233118_pcjncu,user2,ই,train,1,2
20260728_233118_pcjncu__outer01__inner02__aug02,20260728_233118_pcjncu,user2,ই,train,1,2
20260728_233118_pcjncu__outer01__inner02__aug03,20260728_233118_pcjncu,user2,ই,train,1,2
20260728_233205_n417cm__outer01__inner02__aug01,20260728_233205_n417cm,user2,ই,train,1,2
20260728_233205_n417cm__outer01__inner02__aug02,20260728_233205_n417cm,user2,ই,train,1,2
20260728_233205_n417cm__outer01__inner02__aug03,20260728_233205_n417cm,user2,ই,train,1,2
20260704_232243_1fsapx__outer01__inner02__aug01,20260704_232243_1fsapx,user2,ঈ,train,1,2
20260704_232243_1fsapx__outer01__inner02__aug02,20260704_232243_1fsapx,user2,ঈ,train,1,2
20260704_232243_1fsapx__outer01__inner02__aug03,20260704_232243_1fsapx,user2,ঈ,train,1,2
20260728_233238_q39ioy__outer01__inner02__aug01,20260728_233238_q39ioy,user2,ঈ,train,1,2
20260728_233238_q39ioy__outer01__inner02__aug02,20260728_233238_q39ioy,user2,ঈ,train,1,2
20260728_233238_q39ioy__outer01__inner02__aug03,20260728_233238_q39ioy,user2,ঈ,train,1,2
20260728_233302_e8k0ge__outer01__inner02__aug01,20260728_233302_e8k0ge,user2,ঈ,train,1,2
20260728_233302_e8k0ge__outer01__inner02__aug02,20260728_233302_e8k0ge,user2,ঈ,train,1,2
20260728_233302_e8k0ge__outer01__inner02__aug03,20260728_233302_e8k0ge,user2,ঈ,train,1,2
20260728_233333_nvf18a__outer01__inner02__aug01,20260728_233333_nvf18a,user2,ঈ,train,1,2
20260728_233333_nvf18a__outer01__inner02__aug02,20260728_233333_nvf18a,user2,ঈ,train,1,2
20260728_233333_nvf18a__outer01__inner02__aug03,20260728_233333_nvf18a,user2,ঈ,train,1,2
20260728_233359_9wg8n4__outer01__inner02__aug01,20260728_233359_9wg8n4,user2,ঈ,train,1,2
20260728_233359_9wg8n4__outer01__inner02__aug02,20260728_233359_9wg8n4,user2,ঈ,train,1,2
20260728_233359_9wg8n4__outer01__inner02__aug03,20260728_233359_9wg8n4,user2,ঈ,train,1,2
20260711_211455_ab7vb3__outer01__inner02__aug01,20260711_211455_ab7vb3,user4,অ,train,1,2
20260711_211455_ab7vb3__outer01__inner02__aug02,20260711_211455_ab7vb3,user4,অ,train,1,2
20260711_211455_ab7vb3__outer01__inner02__aug03,20260711_211455_ab7vb3,user4,অ,train,1,2
20260711_214733_y28o8p__outer01__inner02__aug01,20260711_214733_y28o8p,user4,অ,train,1,2
20260711_214733_y28o8p__outer01__inner02__aug02,20260711_214733_y28o8p,user4,অ,train,1,2
20260711_214733_y28o8p__outer01__inner02__aug03,20260711_214733_y28o8p,user4,অ,train,1,2
20260711_214747_h8ad4n__outer01__inner02__aug01,20260711_214747_h8ad4n,user4,অ,train,1,2
20260711_214747_h8ad4n__outer01__inner02__aug02,20260711_214747_h8ad4n,user4,অ,train,1,2
20260711_214747_h8ad4n__outer01__inner02__aug03,20260711_214747_h8ad4n,user4,অ,train,1,2
20260711_214802_iotb3d__outer01__inner02__aug01,20260711_214802_iotb3d,user4,অ,train,1,2
20260711_214802_iotb3d__outer01__inner02__aug02,20260711_214802_iotb3d,user4,অ,train,1,2
20260711_214802_iotb3d__outer01__inner02__aug03,20260711_214802_iotb3d,user4,অ,train,1,2
20260711_214818_1kqyjw__outer01__inner02__aug01,20260711_214818_1kqyjw,user4,অ,train,1,2
20260711_214818_1kqyjw__outer01__inner02__aug02,20260711_214818_1kqyjw,user4,অ,train,1,2
20260711_214818_1kqyjw__outer01__inner02__aug03,20260711_214818_1kqyjw,user4,অ,train,1,2
20260711_214838_nmfk2j__outer01__inner02__aug01,20260711_214838_nmfk2j,user4,অ,train,1,2
20260711_214838_nmfk2j__outer01__inner02__aug02,20260711_214838_nmfk2j,user4,অ,train,1,2
20260711_214838_nmfk2j__outer01__inner02__aug03,20260711_214838_nmfk2j,user4,অ,train,1,2
20260711_214856_wh1jdl__outer01__inner02__aug01,20260711_214856_wh1jdl,user4,অ,train,1,2
20260711_214856_wh1jdl__outer01__inner02__aug02,20260711_214856_wh1jdl,user4,অ,train,1,2
20260711_214856_wh1jdl__outer01__inner02__aug03,20260711_214856_wh1jdl,user4,অ,train,1,2
20260711_214912_5jyzoq__outer01__inner02__aug01,20260711_214912_5jyzoq,user4,অ,train,1,2
20260711_214912_5jyzoq__outer01__inner02__aug02,20260711_214912_5jyzoq,user4,অ,train,1,2
20260711_214912_5jyzoq__outer01__inner02__aug03,20260711_214912_5jyzoq,user4,অ,train,1,2
20260711_215025_9ahjj1__outer01__inner02__aug01,20260711_215025_9ahjj1,user4,অ,train,1,2
20260711_215025_9ahjj1__outer01__inner02__aug02,20260711_215025_9ahjj1,user4,অ,train,1,2
20260711_215025_9ahjj1__outer01__inner02__aug03,20260711_215025_9ahjj1,user4,অ,train,1,2
20260711_215040_totmvz__outer01__inner02__aug01,20260711_215040_totmvz,user4,অ,train,1,2
20260711_215040_totmvz__outer01__inner02__aug02,20260711_215040_totmvz,user4,অ,train,1,2
20260711_215040_totmvz__outer01__inner02__aug03,20260711_215040_totmvz,user4,অ,train,1,2
20260711_215057_m3q3bw__outer01__inner02__aug01,20260711_215057_m3q3bw,user4,অ,train,1,2
20260711_215057_m3q3bw__outer01__inner02__aug02,20260711_215057_m3q3bw,user4,অ,train,1,2
20260711_215057_m3q3bw__outer01__inner02__aug03,20260711_215057_m3q3bw,user4,অ,train,1,2
20260711_215120_wa3iw4__outer01__inner02__aug01,20260711_215120_wa3iw4,user4,অ,train,1,2
20260711_215120_wa3iw4__outer01__inner02__aug02,20260711_215120_wa3iw4,user4,অ,train,1,2
20260711_215120_wa3iw4__outer01__inner02__aug03,20260711_215120_wa3iw4,user4,অ,train,1,2
20260711_215140_jzmdn9__outer01__inner02__aug01,20260711_215140_jzmdn9,user4,অ,train,1,2
20260711_215140_jzmdn9__outer01__inner02__aug02,20260711_215140_jzmdn9,user4,অ,train,1,2
20260711_215140_jzmdn9__outer01__inner02__aug03,20260711_215140_jzmdn9,user4,অ,train,1,2
20260711_215153_8dj6mi__outer01__inner02__aug01,20260711_215153_8dj6mi,user4,অ,train,1,2
20260711_215153_8dj6mi__outer01__inner02__aug02,20260711_215153_8dj6mi,user4,অ,train,1,2
20260711_215153_8dj6mi__outer01__inner02__aug03,20260711_215153_8dj6mi,user4,অ,train,1,2
20260711_215210_14cuph__outer01__inner02__aug01,20260711_215210_14cuph,user4,অ,train,1,2
20260711_215210_14cuph__outer01__inner02__aug02,20260711_215210_14cuph,user4,অ,train,1,2
20260711_215210_14cuph__outer01__inner02__aug03,20260711_215210_14cuph,user4,অ,train,1,2
20260711_215224_s1nefb__outer01__inner02__aug01,20260711_215224_s1nefb,user4,অ,train,1,2
20260711_215224_s1nefb__outer01__inner02__aug02,20260711_215224_s1nefb,user4,অ,train,1,2
20260711_215224_s1nefb__outer01__inner02__aug03,20260711_215224_s1nefb,user4,অ,train,1,2
20260711_211553_8q738s__outer01__inner02__aug01,20260711_211553_8q738s,user4,আ,train,1,2
20260711_211553_8q738s__outer01__inner02__aug02,20260711_211553_8q738s,user4,আ,train,1,2
20260711_211553_8q738s__outer01__inner02__aug03,20260711_211553_8q738s,user4,আ,train,1,2
20260711_215326_rdw0i7__outer01__inner02__aug01,20260711_215326_rdw0i7,user4,আ,train,1,2
20260711_215326_rdw0i7__outer01__inner02__aug02,20260711_215326_rdw0i7,user4,আ,train,1,2
20260711_215326_rdw0i7__outer01__inner02__aug03,20260711_215326_rdw0i7,user4,আ,train,1,2
20260711_215355_gtir0d__outer01__inner02__aug01,20260711_215355_gtir0d,user4,আ,train,1,2
20260711_215355_gtir0d__outer01__inner02__aug02,20260711_215355_gtir0d,user4,আ,train,1,2
20260711_215355_gtir0d__outer01__inner02__aug03,20260711_215355_gtir0d,user4,আ,train,1,2
20260711_215413_4z3pac__outer01__inner02__aug01,20260711_215413_4z3pac,user4,আ,train,1,2
20260711_215413_4z3pac__outer01__inner02__aug02,20260711_215413_4z3pac,user4,আ,train,1,2
20260711_215413_4z3pac__outer01__inner02__aug03,20260711_215413_4z3pac,user4,আ,train,1,2
20260711_215505_noe4fp__outer01__inner02__aug01,20260711_215505_noe4fp,user4,আ,train,1,2
20260711_215505_noe4fp__outer01__inner02__aug02,20260711_215505_noe4fp,user4,আ,train,1,2
20260711_215505_noe4fp__outer01__inner02__aug03,20260711_215505_noe4fp,user4,আ,train,1,2
20260711_215527_oaoi6c__outer01__inner02__aug01,20260711_215527_oaoi6c,user4,আ,train,1,2
20260711_215527_oaoi6c__outer01__inner02__aug02,20260711_215527_oaoi6c,user4,আ,train,1,2
20260711_215527_oaoi6c__outer01__inner02__aug03,20260711_215527_oaoi6c,user4,আ,train,1,2
20260711_215554_41w3p4__outer01__inner02__aug01,20260711_215554_41w3p4,user4,আ,train,1,2
20260711_215554_41w3p4__outer01__inner02__aug02,20260711_215554_41w3p4,user4,আ,train,1,2
20260711_215554_41w3p4__outer01__inner02__aug03,20260711_215554_41w3p4,user4,আ,train,1,2
20260711_215623_q6sua3__outer01__inner02__aug01,20260711_215623_q6sua3,user4,আ,train,1,2
20260711_215623_q6sua3__outer01__inner02__aug02,20260711_215623_q6sua3,user4,আ,train,1,2
20260711_215623_q6sua3__outer01__inner02__aug03,20260711_215623_q6sua3,user4,আ,train,1,2
20260711_215646_y25z4x__outer01__inner02__aug01,20260711_215646_y25z4x,user4,আ,train,1,2
20260711_215646_y25z4x__outer01__inner02__aug02,20260711_215646_y25z4x,user4,আ,train,1,2
20260711_215646_y25z4x__outer01__inner02__aug03,20260711_215646_y25z4x,user4,আ,train,1,2
20260711_215701_i0we24__outer01__inner02__aug01,20260711_215701_i0we24,user4,আ,train,1,2
20260711_215701_i0we24__outer01__inner02__aug02,20260711_215701_i0we24,user4,আ,train,1,2
20260711_215701_i0we24__outer01__inner02__aug03,20260711_215701_i0we24,user4,আ,train,1,2
20260711_215719_fym8k2__outer01__inner02__aug01,20260711_215719_fym8k2,user4,আ,train,1,2
20260711_215719_fym8k2__outer01__inner02__aug02,20260711_215719_fym8k2,user4,আ,train,1,2
20260711_215719_fym8k2__outer01__inner02__aug03,20260711_215719_fym8k2,user4,আ,train,1,2
20260711_215732_e3wli4__outer01__inner02__aug01,20260711_215732_e3wli4,user4,আ,train,1,2
20260711_215732_e3wli4__outer01__inner02__aug02,20260711_215732_e3wli4,user4,আ,train,1,2
20260711_215732_e3wli4__outer01__inner02__aug03,20260711_215732_e3wli4,user4,আ,train,1,2
20260711_215746_pw5glc__outer01__inner02__aug01,20260711_215746_pw5glc,user4,আ,train,1,2
20260711_215746_pw5glc__outer01__inner02__aug02,20260711_215746_pw5glc,user4,আ,train,1,2
20260711_215746_pw5glc__outer01__inner02__aug03,20260711_215746_pw5glc,user4,আ,train,1,2
20260711_215803_gtb1nz__outer01__inner02__aug01,20260711_215803_gtb1nz,user4,আ,train,1,2
20260711_215803_gtb1nz__outer01__inner02__aug02,20260711_215803_gtb1nz,user4,আ,train,1,2
20260711_215803_gtb1nz__outer01__inner02__aug03,20260711_215803_gtb1nz,user4,আ,train,1,2
20260711_215826_09me7o__outer01__inner02__aug01,20260711_215826_09me7o,user4,আ,train,1,2
20260711_215826_09me7o__outer01__inner02__aug02,20260711_215826_09me7o,user4,আ,train,1,2
20260711_215826_09me7o__outer01__inner02__aug03,20260711_215826_09me7o,user4,আ,train,1,2
20260711_215850_2a6qfe__outer01__inner02__aug01,20260711_215850_2a6qfe,user4,আ,train,1,2
20260711_215850_2a6qfe__outer01__inner02__aug02,20260711_215850_2a6qfe,user4,আ,train,1,2
20260711_215850_2a6qfe__outer01__inner02__aug03,20260711_215850_2a6qfe,user4,আ,train,1,2
20260711_211613_pni7yl__outer01__inner02__aug01,20260711_211613_pni7yl,user4,ই,train,1,2
20260711_211613_pni7yl__outer01__inner02__aug02,20260711_211613_pni7yl,user4,ই,train,1,2
20260711_211613_pni7yl__outer01__inner02__aug03,20260711_211613_pni7yl,user4,ই,train,1,2
20260711_211631_omhqof__outer01__inner02__aug01,20260711_211631_omhqof,user4,ই,train,1,2
20260711_211631_omhqof__outer01__inner02__aug02,20260711_211631_omhqof,user4,ই,train,1,2
20260711_211631_omhqof__outer01__inner02__aug03,20260711_211631_omhqof,user4,ই,train,1,2
20260711_215916_5xq3ym__outer01__inner02__aug01,20260711_215916_5xq3ym,user4,ই,train,1,2
20260711_215916_5xq3ym__outer01__inner02__aug02,20260711_215916_5xq3ym,user4,ই,train,1,2
20260711_215916_5xq3ym__outer01__inner02__aug03,20260711_215916_5xq3ym,user4,ই,train,1,2
20260711_215928_ckxbi5__outer01__inner02__aug01,20260711_215928_ckxbi5,user4,ই,train,1,2
20260711_215928_ckxbi5__outer01__inner02__aug02,20260711_215928_ckxbi5,user4,ই,train,1,2
20260711_215928_ckxbi5__outer01__inner02__aug03,20260711_215928_ckxbi5,user4,ই,train,1,2
20260711_215945_ovgs11__outer01__inner02__aug01,20260711_215945_ovgs11,user4,ই,train,1,2
20260711_215945_ovgs11__outer01__inner02__aug02,20260711_215945_ovgs11,user4,ই,train,1,2
20260711_215945_ovgs11__outer01__inner02__aug03,20260711_215945_ovgs11,user4,ই,train,1,2
20260711_215959_axw0jl__outer01__inner02__aug01,20260711_215959_axw0jl,user4,ই,train,1,2
20260711_215959_axw0jl__outer01__inner02__aug02,20260711_215959_axw0jl,user4,ই,train,1,2
20260711_215959_axw0jl__outer01__inner02__aug03,20260711_215959_axw0jl,user4,ই,train,1,2
20260711_220013_x16qxh__outer01__inner02__aug01,20260711_220013_x16qxh,user4,ই,train,1,2
20260711_220013_x16qxh__outer01__inner02__aug02,20260711_220013_x16qxh,user4,ই,train,1,2
20260711_220013_x16qxh__outer01__inner02__aug03,20260711_220013_x16qxh,user4,ই,train,1,2
20260711_220027_1j40u6__outer01__inner02__aug01,20260711_220027_1j40u6,user4,ই,train,1,2
20260711_220027_1j40u6__outer01__inner02__aug02,20260711_220027_1j40u6,user4,ই,train,1,2
20260711_220027_1j40u6__outer01__inner02__aug03,20260711_220027_1j40u6,user4,ই,train,1,2
20260711_220043_yyhe4o__outer01__inner02__aug01,20260711_220043_yyhe4o,user4,ই,train,1,2
20260711_220043_yyhe4o__outer01__inner02__aug02,20260711_220043_yyhe4o,user4,ই,train,1,2
20260711_220043_yyhe4o__outer01__inner02__aug03,20260711_220043_yyhe4o,user4,ই,train,1,2
20260711_220058_6cy90j__outer01__inner02__aug01,20260711_220058_6cy90j,user4,ই,train,1,2
20260711_220058_6cy90j__outer01__inner02__aug02,20260711_220058_6cy90j,user4,ই,train,1,2
20260711_220058_6cy90j__outer01__inner02__aug03,20260711_220058_6cy90j,user4,ই,train,1,2
20260711_220112_94lc88__outer01__inner02__aug01,20260711_220112_94lc88,user4,ই,train,1,2
20260711_220112_94lc88__outer01__inner02__aug02,20260711_220112_94lc88,user4,ই,train,1,2
20260711_220112_94lc88__outer01__inner02__aug03,20260711_220112_94lc88,user4,ই,train,1,2
20260711_220132_3b6d70__outer01__inner02__aug01,20260711_220132_3b6d70,user4,ই,train,1,2
20260711_220132_3b6d70__outer01__inner02__aug02,20260711_220132_3b6d70,user4,ই,train,1,2
20260711_220132_3b6d70__outer01__inner02__aug03,20260711_220132_3b6d70,user4,ই,train,1,2
20260711_220151_kjuuzh__outer01__inner02__aug01,20260711_220151_kjuuzh,user4,ই,train,1,2
20260711_220151_kjuuzh__outer01__inner02__aug02,20260711_220151_kjuuzh,user4,ই,train,1,2
20260711_220151_kjuuzh__outer01__inner02__aug03,20260711_220151_kjuuzh,user4,ই,train,1,2
20260711_220205_cr3boy__outer01__inner02__aug01,20260711_220205_cr3boy,user4,ই,train,1,2
20260711_220205_cr3boy__outer01__inner02__aug02,20260711_220205_cr3boy,user4,ই,train,1,2
20260711_220205_cr3boy__outer01__inner02__aug03,20260711_220205_cr3boy,user4,ই,train,1,2
20260711_220217_85rgxu__outer01__inner02__aug01,20260711_220217_85rgxu,user4,ই,train,1,2
20260711_220217_85rgxu__outer01__inner02__aug02,20260711_220217_85rgxu,user4,ই,train,1,2
20260711_220217_85rgxu__outer01__inner02__aug03,20260711_220217_85rgxu,user4,ই,train,1,2
20260711_220235_4uai7u__outer01__inner02__aug01,20260711_220235_4uai7u,user4,ই,train,1,2
20260711_220235_4uai7u__outer01__inner02__aug02,20260711_220235_4uai7u,user4,ই,train,1,2
20260711_220235_4uai7u__outer01__inner02__aug03,20260711_220235_4uai7u,user4,ই,train,1,2
20260711_220308_e7l7wm__outer01__inner02__aug01,20260711_220308_e7l7wm,user4,ই,train,1,2
20260711_220308_e7l7wm__outer01__inner02__aug02,20260711_220308_e7l7wm,user4,ই,train,1,2
20260711_220308_e7l7wm__outer01__inner02__aug03,20260711_220308_e7l7wm,user4,ই,train,1,2
20260711_220404_itceug__outer01__inner02__aug01,20260711_220404_itceug,user4,ঈ,train,1,2
20260711_220404_itceug__outer01__inner02__aug02,20260711_220404_itceug,user4,ঈ,train,1,2
20260711_220404_itceug__outer01__inner02__aug03,20260711_220404_itceug,user4,ঈ,train,1,2
20260711_220444_r35mfs__outer01__inner02__aug01,20260711_220444_r35mfs,user4,ঈ,train,1,2
20260711_220444_r35mfs__outer01__inner02__aug02,20260711_220444_r35mfs,user4,ঈ,train,1,2
20260711_220444_r35mfs__outer01__inner02__aug03,20260711_220444_r35mfs,user4,ঈ,train,1,2
20260711_220519_ila5ji__outer01__inner02__aug01,20260711_220519_ila5ji,user4,ঈ,train,1,2
20260711_220519_ila5ji__outer01__inner02__aug02,20260711_220519_ila5ji,user4,ঈ,train,1,2
20260711_220519_ila5ji__outer01__inner02__aug03,20260711_220519_ila5ji,user4,ঈ,train,1,2
20260711_220543_7o5bd0__outer01__inner02__aug01,20260711_220543_7o5bd0,user4,ঈ,train,1,2
20260711_220543_7o5bd0__outer01__inner02__aug02,20260711_220543_7o5bd0,user4,ঈ,train,1,2
20260711_220543_7o5bd0__outer01__inner02__aug03,20260711_220543_7o5bd0,user4,ঈ,train,1,2
20260711_220606_essesa__outer01__inner02__aug01,20260711_220606_essesa,user4,ঈ,train,1,2
20260711_220606_essesa__outer01__inner02__aug02,20260711_220606_essesa,user4,ঈ,train,1,2
20260711_220606_essesa__outer01__inner02__aug03,20260711_220606_essesa,user4,ঈ,train,1,2
20260711_220641_ufswp1__outer01__inner02__aug01,20260711_220641_ufswp1,user4,ঈ,train,1,2
20260711_220641_ufswp1__outer01__inner02__aug02,20260711_220641_ufswp1,user4,ঈ,train,1,2
20260711_220641_ufswp1__outer01__inner02__aug03,20260711_220641_ufswp1,user4,ঈ,train,1,2
20260711_220701_y1rftt__outer01__inner02__aug01,20260711_220701_y1rftt,user4,ঈ,train,1,2
20260711_220701_y1rftt__outer01__inner02__aug02,20260711_220701_y1rftt,user4,ঈ,train,1,2
20260711_220701_y1rftt__outer01__inner02__aug03,20260711_220701_y1rftt,user4,ঈ,train,1,2
20260711_220721_h9k2mi__outer01__inner02__aug01,20260711_220721_h9k2mi,user4,ঈ,train,1,2
20260711_220721_h9k2mi__outer01__inner02__aug02,20260711_220721_h9k2mi,user4,ঈ,train,1,2
20260711_220721_h9k2mi__outer01__inner02__aug03,20260711_220721_h9k2mi,user4,ঈ,train,1,2
20260711_220738_j2qzn6__outer01__inner02__aug01,20260711_220738_j2qzn6,user4,ঈ,train,1,2
20260711_220738_j2qzn6__outer01__inner02__aug02,20260711_220738_j2qzn6,user4,ঈ,train,1,2
20260711_220738_j2qzn6__outer01__inner02__aug03,20260711_220738_j2qzn6,user4,ঈ,train,1,2
20260711_220751_axw80l__outer01__inner02__aug01,20260711_220751_axw80l,user4,ঈ,train,1,2
20260711_220751_axw80l__outer01__inner02__aug02,20260711_220751_axw80l,user4,ঈ,train,1,2
20260711_220751_axw80l__outer01__inner02__aug03,20260711_220751_axw80l,user4,ঈ,train,1,2
20260711_220807_mldxj2__outer01__inner02__aug01,20260711_220807_mldxj2,user4,ঈ,train,1,2
20260711_220807_mldxj2__outer01__inner02__aug02,20260711_220807_mldxj2,user4,ঈ,train,1,2
20260711_220807_mldxj2__outer01__inner02__aug03,20260711_220807_mldxj2,user4,ঈ,train,1,2
20260711_220822_wgaxvc__outer01__inner02__aug01,20260711_220822_wgaxvc,user4,ঈ,train,1,2
20260711_220822_wgaxvc__outer01__inner02__aug02,20260711_220822_wgaxvc,user4,ঈ,train,1,2
20260711_220822_wgaxvc__outer01__inner02__aug03,20260711_220822_wgaxvc,user4,ঈ,train,1,2
20260711_220837_dby4gx__outer01__inner02__aug01,20260711_220837_dby4gx,user4,ঈ,train,1,2
20260711_220837_dby4gx__outer01__inner02__aug02,20260711_220837_dby4gx,user4,ঈ,train,1,2
20260711_220837_dby4gx__outer01__inner02__aug03,20260711_220837_dby4gx,user4,ঈ,train,1,2
20260711_220850_xo5kch__outer01__inner02__aug01,20260711_220850_xo5kch,user4,ঈ,train,1,2
20260711_220850_xo5kch__outer01__inner02__aug02,20260711_220850_xo5kch,user4,ঈ,train,1,2
20260711_220850_xo5kch__outer01__inner02__aug03,20260711_220850_xo5kch,user4,ঈ,train,1,2
20260711_220906_ehc737__outer01__inner02__aug01,20260711_220906_ehc737,user4,ঈ,train,1,2
20260711_220906_ehc737__outer01__inner02__aug02,20260711_220906_ehc737,user4,ঈ,train,1,2
20260711_220906_ehc737__outer01__inner02__aug03,20260711_220906_ehc737,user4,ঈ,train,1,2
20260711_220930_a944cy__outer02__inner00__aug01,20260711_220930_a944cy,for_bonhi,ঔ,train,2,0
20260711_220930_a944cy__outer02__inner00__aug02,20260711_220930_a944cy,for_bonhi,ঔ,train,2,0
20260711_220930_a944cy__outer02__inner00__aug03,20260711_220930_a944cy,for_bonhi,ঔ,train,2,0
20260703_231939_jmltkn__outer02__inner00__aug01,20260703_231939_jmltkn,user1,অ,train,2,0
20260703_231939_jmltkn__outer02__inner00__aug02,20260703_231939_jmltkn,user1,অ,train,2,0
20260703_231939_jmltkn__outer02__inner00__aug03,20260703_231939_jmltkn,user1,অ,train,2,0
20260704_230134_0i7e7o__outer02__inner00__aug01,20260704_230134_0i7e7o,user1,অ,train,2,0
20260704_230134_0i7e7o__outer02__inner00__aug02,20260704_230134_0i7e7o,user1,অ,train,2,0
20260704_230134_0i7e7o__outer02__inner00__aug03,20260704_230134_0i7e7o,user1,অ,train,2,0
20260704_230207_s0bru0__outer02__inner00__aug01,20260704_230207_s0bru0,user1,অ,train,2,0
20260704_230207_s0bru0__outer02__inner00__aug02,20260704_230207_s0bru0,user1,অ,train,2,0
20260704_230207_s0bru0__outer02__inner00__aug03,20260704_230207_s0bru0,user1,অ,train,2,0
20260704_230243_20ggrl__outer02__inner00__aug01,20260704_230243_20ggrl,user1,অ,train,2,0
20260704_230243_20ggrl__outer02__inner00__aug02,20260704_230243_20ggrl,user1,অ,train,2,0
20260704_230243_20ggrl__outer02__inner00__aug03,20260704_230243_20ggrl,user1,অ,train,2,0
20260704_230314_biogka__outer02__inner00__aug01,20260704_230314_biogka,user1,অ,train,2,0
20260704_230314_biogka__outer02__inner00__aug02,20260704_230314_biogka,user1,অ,train,2,0
20260704_230314_biogka__outer02__inner00__aug03,20260704_230314_biogka,user1,অ,train,2,0
20260704_230343_z76un4__outer02__inner00__aug01,20260704_230343_z76un4,user1,অ,train,2,0
20260704_230343_z76un4__outer02__inner00__aug02,20260704_230343_z76un4,user1,অ,train,2,0
20260704_230343_z76un4__outer02__inner00__aug03,20260704_230343_z76un4,user1,অ,train,2,0
20260704_230438_1by20a__outer02__inner00__aug01,20260704_230438_1by20a,user1,অ,train,2,0
20260704_230438_1by20a__outer02__inner00__aug02,20260704_230438_1by20a,user1,অ,train,2,0
20260704_230438_1by20a__outer02__inner00__aug03,20260704_230438_1by20a,user1,অ,train,2,0
20260704_230508_zz8agk__outer02__inner00__aug01,20260704_230508_zz8agk,user1,অ,train,2,0
20260704_230508_zz8agk__outer02__inner00__aug02,20260704_230508_zz8agk,user1,অ,train,2,0
20260704_230508_zz8agk__outer02__inner00__aug03,20260704_230508_zz8agk,user1,অ,train,2,0
20260704_230530_8783vw__outer02__inner00__aug01,20260704_230530_8783vw,user1,অ,train,2,0
20260704_230530_8783vw__outer02__inner00__aug02,20260704_230530_8783vw,user1,অ,train,2,0
20260704_230530_8783vw__outer02__inner00__aug03,20260704_230530_8783vw,user1,অ,train,2,0
20260704_230601_9fuwl5__outer02__inner00__aug01,20260704_230601_9fuwl5,user1,অ,train,2,0
20260704_230601_9fuwl5__outer02__inner00__aug02,20260704_230601_9fuwl5,user1,অ,train,2,0
20260704_230601_9fuwl5__outer02__inner00__aug03,20260704_230601_9fuwl5,user1,অ,train,2,0
20260704_230631_iep9zz__outer02__inner00__aug01,20260704_230631_iep9zz,user1,অ,train,2,0
20260704_230631_iep9zz__outer02__inner00__aug02,20260704_230631_iep9zz,user1,অ,train,2,0
20260704_230631_iep9zz__outer02__inner00__aug03,20260704_230631_iep9zz,user1,অ,train,2,0
20260709_222041_giojuy__outer02__inner00__aug01,20260709_222041_giojuy,user1,অ,train,2,0
20260709_222041_giojuy__outer02__inner00__aug02,20260709_222041_giojuy,user1,অ,train,2,0
20260709_222041_giojuy__outer02__inner00__aug03,20260709_222041_giojuy,user1,অ,train,2,0
20260704_230720_4nlmlz__outer02__inner00__aug01,20260704_230720_4nlmlz,user1,আ,train,2,0
20260704_230720_4nlmlz__outer02__inner00__aug02,20260704_230720_4nlmlz,user1,আ,train,2,0
20260704_230720_4nlmlz__outer02__inner00__aug03,20260704_230720_4nlmlz,user1,আ,train,2,0
20260704_230748_cofjqd__outer02__inner00__aug01,20260704_230748_cofjqd,user1,আ,train,2,0
20260704_230748_cofjqd__outer02__inner00__aug02,20260704_230748_cofjqd,user1,আ,train,2,0
20260704_230748_cofjqd__outer02__inner00__aug03,20260704_230748_cofjqd,user1,আ,train,2,0
20260704_230823_p4djtm__outer02__inner00__aug01,20260704_230823_p4djtm,user1,আ,train,2,0
20260704_230823_p4djtm__outer02__inner00__aug02,20260704_230823_p4djtm,user1,আ,train,2,0
20260704_230823_p4djtm__outer02__inner00__aug03,20260704_230823_p4djtm,user1,আ,train,2,0
20260704_230900_jm6b9y__outer02__inner00__aug01,20260704_230900_jm6b9y,user1,আ,train,2,0
20260704_230900_jm6b9y__outer02__inner00__aug02,20260704_230900_jm6b9y,user1,আ,train,2,0
20260704_230900_jm6b9y__outer02__inner00__aug03,20260704_230900_jm6b9y,user1,আ,train,2,0
20260704_230941_ogdcp4__outer02__inner00__aug01,20260704_230941_ogdcp4,user1,আ,train,2,0
20260704_230941_ogdcp4__outer02__inner00__aug02,20260704_230941_ogdcp4,user1,আ,train,2,0
20260704_230941_ogdcp4__outer02__inner00__aug03,20260704_230941_ogdcp4,user1,আ,train,2,0
20260704_231010_4ha6y7__outer02__inner00__aug01,20260704_231010_4ha6y7,user1,আ,train,2,0
20260704_231010_4ha6y7__outer02__inner00__aug02,20260704_231010_4ha6y7,user1,আ,train,2,0
20260704_231010_4ha6y7__outer02__inner00__aug03,20260704_231010_4ha6y7,user1,আ,train,2,0
20260728_232136_0wkg0v__outer02__inner00__aug01,20260728_232136_0wkg0v,user1,আ,train,2,0
20260728_232136_0wkg0v__outer02__inner00__aug02,20260728_232136_0wkg0v,user1,আ,train,2,0
20260728_232136_0wkg0v__outer02__inner00__aug03,20260728_232136_0wkg0v,user1,আ,train,2,0
20260728_232203_7c77zv__outer02__inner00__aug01,20260728_232203_7c77zv,user1,আ,train,2,0
20260728_232203_7c77zv__outer02__inner00__aug02,20260728_232203_7c77zv,user1,আ,train,2,0
20260728_232203_7c77zv__outer02__inner00__aug03,20260728_232203_7c77zv,user1,আ,train,2,0
20260728_232238_kgwkds__outer02__inner00__aug01,20260728_232238_kgwkds,user1,আ,train,2,0
20260728_232238_kgwkds__outer02__inner00__aug02,20260728_232238_kgwkds,user1,আ,train,2,0
20260728_232238_kgwkds__outer02__inner00__aug03,20260728_232238_kgwkds,user1,আ,train,2,0
20260728_232316_s2ep8l__outer02__inner00__aug01,20260728_232316_s2ep8l,user1,আ,train,2,0
20260728_232316_s2ep8l__outer02__inner00__aug02,20260728_232316_s2ep8l,user1,আ,train,2,0
20260728_232316_s2ep8l__outer02__inner00__aug03,20260728_232316_s2ep8l,user1,আ,train,2,0
20260705_210750_hp0ub6__outer02__inner00__aug01,20260705_210750_hp0ub6,user1,ই,train,2,0
20260705_210750_hp0ub6__outer02__inner00__aug02,20260705_210750_hp0ub6,user1,ই,train,2,0
20260705_210750_hp0ub6__outer02__inner00__aug03,20260705_210750_hp0ub6,user1,ই,train,2,0
20260705_210817_cpe63z__outer02__inner00__aug01,20260705_210817_cpe63z,user1,ই,train,2,0
20260705_210817_cpe63z__outer02__inner00__aug02,20260705_210817_cpe63z,user1,ই,train,2,0
20260705_210817_cpe63z__outer02__inner00__aug03,20260705_210817_cpe63z,user1,ই,train,2,0
20260705_210847_8d63gb__outer02__inner00__aug01,20260705_210847_8d63gb,user1,ই,train,2,0
20260705_210847_8d63gb__outer02__inner00__aug02,20260705_210847_8d63gb,user1,ই,train,2,0
20260705_210847_8d63gb__outer02__inner00__aug03,20260705_210847_8d63gb,user1,ই,train,2,0
20260705_210914_6z0wyv__outer02__inner00__aug01,20260705_210914_6z0wyv,user1,ই,train,2,0
20260705_210914_6z0wyv__outer02__inner00__aug02,20260705_210914_6z0wyv,user1,ই,train,2,0
20260705_210914_6z0wyv__outer02__inner00__aug03,20260705_210914_6z0wyv,user1,ই,train,2,0
20260705_211104_cee4mp__outer02__inner00__aug01,20260705_211104_cee4mp,user1,ই,train,2,0
20260705_211104_cee4mp__outer02__inner00__aug02,20260705_211104_cee4mp,user1,ই,train,2,0
20260705_211104_cee4mp__outer02__inner00__aug03,20260705_211104_cee4mp,user1,ই,train,2,0
20260705_211129_q9xd7j__outer02__inner00__aug01,20260705_211129_q9xd7j,user1,ই,train,2,0
20260705_211129_q9xd7j__outer02__inner00__aug02,20260705_211129_q9xd7j,user1,ই,train,2,0
20260705_211129_q9xd7j__outer02__inner00__aug03,20260705_211129_q9xd7j,user1,ই,train,2,0
20260705_211202_fwdefr__outer02__inner00__aug01,20260705_211202_fwdefr,user1,ই,train,2,0
20260705_211202_fwdefr__outer02__inner00__aug02,20260705_211202_fwdefr,user1,ই,train,2,0
20260705_211202_fwdefr__outer02__inner00__aug03,20260705_211202_fwdefr,user1,ই,train,2,0
20260705_211229_nco6f5__outer02__inner00__aug01,20260705_211229_nco6f5,user1,ই,train,2,0
20260705_211229_nco6f5__outer02__inner00__aug02,20260705_211229_nco6f5,user1,ই,train,2,0
20260705_211229_nco6f5__outer02__inner00__aug03,20260705_211229_nco6f5,user1,ই,train,2,0
20260705_211257_5zxk15__outer02__inner00__aug01,20260705_211257_5zxk15,user1,ই,train,2,0
20260705_211257_5zxk15__outer02__inner00__aug02,20260705_211257_5zxk15,user1,ই,train,2,0
20260705_211257_5zxk15__outer02__inner00__aug03,20260705_211257_5zxk15,user1,ই,train,2,0
20260705_211324_69n6hy__outer02__inner00__aug01,20260705_211324_69n6hy,user1,ই,train,2,0
20260705_211324_69n6hy__outer02__inner00__aug02,20260705_211324_69n6hy,user1,ই,train,2,0
20260705_211324_69n6hy__outer02__inner00__aug03,20260705_211324_69n6hy,user1,ই,train,2,0
20260705_213721_6edrqn__outer02__inner00__aug01,20260705_213721_6edrqn,user1,ঈ,train,2,0
20260705_213721_6edrqn__outer02__inner00__aug02,20260705_213721_6edrqn,user1,ঈ,train,2,0
20260705_213721_6edrqn__outer02__inner00__aug03,20260705_213721_6edrqn,user1,ঈ,train,2,0
20260705_213804_scynf9__outer02__inner00__aug01,20260705_213804_scynf9,user1,ঈ,train,2,0
20260705_213804_scynf9__outer02__inner00__aug02,20260705_213804_scynf9,user1,ঈ,train,2,0
20260705_213804_scynf9__outer02__inner00__aug03,20260705_213804_scynf9,user1,ঈ,train,2,0
20260705_213852_tuebtl__outer02__inner00__aug01,20260705_213852_tuebtl,user1,ঈ,train,2,0
20260705_213852_tuebtl__outer02__inner00__aug02,20260705_213852_tuebtl,user1,ঈ,train,2,0
20260705_213852_tuebtl__outer02__inner00__aug03,20260705_213852_tuebtl,user1,ঈ,train,2,0
20260705_213943_7qqvt7__outer02__inner00__aug01,20260705_213943_7qqvt7,user1,ঈ,train,2,0
20260705_213943_7qqvt7__outer02__inner00__aug02,20260705_213943_7qqvt7,user1,ঈ,train,2,0
20260705_213943_7qqvt7__outer02__inner00__aug03,20260705_213943_7qqvt7,user1,ঈ,train,2,0
20260705_214029_z7ddbl__outer02__inner00__aug01,20260705_214029_z7ddbl,user1,ঈ,train,2,0
20260705_214029_z7ddbl__outer02__inner00__aug02,20260705_214029_z7ddbl,user1,ঈ,train,2,0
20260705_214029_z7ddbl__outer02__inner00__aug03,20260705_214029_z7ddbl,user1,ঈ,train,2,0
20260705_214107_b894ld__outer02__inner00__aug01,20260705_214107_b894ld,user1,ঈ,train,2,0
20260705_214107_b894ld__outer02__inner00__aug02,20260705_214107_b894ld,user1,ঈ,train,2,0
20260705_214107_b894ld__outer02__inner00__aug03,20260705_214107_b894ld,user1,ঈ,train,2,0
20260705_215457_yruoxw__outer02__inner00__aug01,20260705_215457_yruoxw,user1,ঈ,train,2,0
20260705_215457_yruoxw__outer02__inner00__aug02,20260705_215457_yruoxw,user1,ঈ,train,2,0
20260705_215457_yruoxw__outer02__inner00__aug03,20260705_215457_yruoxw,user1,ঈ,train,2,0
20260705_215539_dr61qv__outer02__inner00__aug01,20260705_215539_dr61qv,user1,ঈ,train,2,0
20260705_215539_dr61qv__outer02__inner00__aug02,20260705_215539_dr61qv,user1,ঈ,train,2,0
20260705_215539_dr61qv__outer02__inner00__aug03,20260705_215539_dr61qv,user1,ঈ,train,2,0
20260705_215654_07cd7w__outer02__inner00__aug01,20260705_215654_07cd7w,user1,ঈ,train,2,0
20260705_215654_07cd7w__outer02__inner00__aug02,20260705_215654_07cd7w,user1,ঈ,train,2,0
20260705_215654_07cd7w__outer02__inner00__aug03,20260705_215654_07cd7w,user1,ঈ,train,2,0
20260705_215745_i5n9h7__outer02__inner00__aug01,20260705_215745_i5n9h7,user1,ঈ,train,2,0
20260705_215745_i5n9h7__outer02__inner00__aug02,20260705_215745_i5n9h7,user1,ঈ,train,2,0
20260705_215745_i5n9h7__outer02__inner00__aug03,20260705_215745_i5n9h7,user1,ঈ,train,2,0
20260711_200812_18txgi__outer02__inner00__aug01,20260711_200812_18txgi,user3,অ,train,2,0
20260711_200812_18txgi__outer02__inner00__aug02,20260711_200812_18txgi,user3,অ,train,2,0
20260711_200812_18txgi__outer02__inner00__aug03,20260711_200812_18txgi,user3,অ,train,2,0
20260711_200917_z1na4w__outer02__inner00__aug01,20260711_200917_z1na4w,user3,অ,train,2,0
20260711_200917_z1na4w__outer02__inner00__aug02,20260711_200917_z1na4w,user3,অ,train,2,0
20260711_200917_z1na4w__outer02__inner00__aug03,20260711_200917_z1na4w,user3,অ,train,2,0
20260711_200954_0muns4__outer02__inner00__aug01,20260711_200954_0muns4,user3,অ,train,2,0
20260711_200954_0muns4__outer02__inner00__aug02,20260711_200954_0muns4,user3,অ,train,2,0
20260711_200954_0muns4__outer02__inner00__aug03,20260711_200954_0muns4,user3,অ,train,2,0
20260711_201110_jw6cqh__outer02__inner00__aug01,20260711_201110_jw6cqh,user3,অ,train,2,0
20260711_201110_jw6cqh__outer02__inner00__aug02,20260711_201110_jw6cqh,user3,অ,train,2,0
20260711_201110_jw6cqh__outer02__inner00__aug03,20260711_201110_jw6cqh,user3,অ,train,2,0
20260711_201208_6ylgz1__outer02__inner00__aug01,20260711_201208_6ylgz1,user3,অ,train,2,0
20260711_201208_6ylgz1__outer02__inner00__aug02,20260711_201208_6ylgz1,user3,অ,train,2,0
20260711_201208_6ylgz1__outer02__inner00__aug03,20260711_201208_6ylgz1,user3,অ,train,2,0
20260711_201526_9elfv0__outer02__inner00__aug01,20260711_201526_9elfv0,user3,অ,train,2,0
20260711_201526_9elfv0__outer02__inner00__aug02,20260711_201526_9elfv0,user3,অ,train,2,0
20260711_201526_9elfv0__outer02__inner00__aug03,20260711_201526_9elfv0,user3,অ,train,2,0
20260711_201609_iv7642__outer02__inner00__aug01,20260711_201609_iv7642,user3,অ,train,2,0
20260711_201609_iv7642__outer02__inner00__aug02,20260711_201609_iv7642,user3,অ,train,2,0
20260711_201609_iv7642__outer02__inner00__aug03,20260711_201609_iv7642,user3,অ,train,2,0
20260711_201811_0znu6g__outer02__inner00__aug01,20260711_201811_0znu6g,user3,অ,train,2,0
20260711_201811_0znu6g__outer02__inner00__aug02,20260711_201811_0znu6g,user3,অ,train,2,0
20260711_201811_0znu6g__outer02__inner00__aug03,20260711_201811_0znu6g,user3,অ,train,2,0
20260711_201916_nc9ara__outer02__inner00__aug01,20260711_201916_nc9ara,user3,অ,train,2,0
20260711_201916_nc9ara__outer02__inner00__aug02,20260711_201916_nc9ara,user3,অ,train,2,0
20260711_201916_nc9ara__outer02__inner00__aug03,20260711_201916_nc9ara,user3,অ,train,2,0
20260711_201953_sai9ew__outer02__inner00__aug01,20260711_201953_sai9ew,user3,অ,train,2,0
20260711_201953_sai9ew__outer02__inner00__aug02,20260711_201953_sai9ew,user3,অ,train,2,0
20260711_201953_sai9ew__outer02__inner00__aug03,20260711_201953_sai9ew,user3,অ,train,2,0
20260711_202025_bntr0i__outer02__inner00__aug01,20260711_202025_bntr0i,user3,অ,train,2,0
20260711_202025_bntr0i__outer02__inner00__aug02,20260711_202025_bntr0i,user3,অ,train,2,0
20260711_202025_bntr0i__outer02__inner00__aug03,20260711_202025_bntr0i,user3,অ,train,2,0
20260711_202714_mwa7m1__outer02__inner00__aug01,20260711_202714_mwa7m1,user3,অ,train,2,0
20260711_202714_mwa7m1__outer02__inner00__aug02,20260711_202714_mwa7m1,user3,অ,train,2,0
20260711_202714_mwa7m1__outer02__inner00__aug03,20260711_202714_mwa7m1,user3,অ,train,2,0
20260711_202846_kmy51g__outer02__inner00__aug01,20260711_202846_kmy51g,user3,অ,train,2,0
20260711_202846_kmy51g__outer02__inner00__aug02,20260711_202846_kmy51g,user3,অ,train,2,0
20260711_202846_kmy51g__outer02__inner00__aug03,20260711_202846_kmy51g,user3,অ,train,2,0
20260711_203013_i4o0om__outer02__inner00__aug01,20260711_203013_i4o0om,user3,অ,train,2,0
20260711_203013_i4o0om__outer02__inner00__aug02,20260711_203013_i4o0om,user3,অ,train,2,0
20260711_203013_i4o0om__outer02__inner00__aug03,20260711_203013_i4o0om,user3,অ,train,2,0
20260711_203112_15gnzj__outer02__inner00__aug01,20260711_203112_15gnzj,user3,অ,train,2,0
20260711_203112_15gnzj__outer02__inner00__aug02,20260711_203112_15gnzj,user3,অ,train,2,0
20260711_203112_15gnzj__outer02__inner00__aug03,20260711_203112_15gnzj,user3,অ,train,2,0
20260711_205524_jbk5pv__outer02__inner00__aug01,20260711_205524_jbk5pv,user3,আ,train,2,0
20260711_205524_jbk5pv__outer02__inner00__aug02,20260711_205524_jbk5pv,user3,আ,train,2,0
20260711_205524_jbk5pv__outer02__inner00__aug03,20260711_205524_jbk5pv,user3,আ,train,2,0
20260711_205559_azslan__outer02__inner00__aug01,20260711_205559_azslan,user3,আ,train,2,0
20260711_205559_azslan__outer02__inner00__aug02,20260711_205559_azslan,user3,আ,train,2,0
20260711_205559_azslan__outer02__inner00__aug03,20260711_205559_azslan,user3,আ,train,2,0
20260711_205630_gydvnp__outer02__inner00__aug01,20260711_205630_gydvnp,user3,আ,train,2,0
20260711_205630_gydvnp__outer02__inner00__aug02,20260711_205630_gydvnp,user3,আ,train,2,0
20260711_205630_gydvnp__outer02__inner00__aug03,20260711_205630_gydvnp,user3,আ,train,2,0
20260711_205707_n57400__outer02__inner00__aug01,20260711_205707_n57400,user3,আ,train,2,0
20260711_205707_n57400__outer02__inner00__aug02,20260711_205707_n57400,user3,আ,train,2,0
20260711_205707_n57400__outer02__inner00__aug03,20260711_205707_n57400,user3,আ,train,2,0
20260711_205748_usnulf__outer02__inner00__aug01,20260711_205748_usnulf,user3,আ,train,2,0
20260711_205748_usnulf__outer02__inner00__aug02,20260711_205748_usnulf,user3,আ,train,2,0
20260711_205748_usnulf__outer02__inner00__aug03,20260711_205748_usnulf,user3,আ,train,2,0
20260711_220930_a944cy__outer02__inner01__aug01,20260711_220930_a944cy,for_bonhi,ঔ,train,2,1
20260711_220930_a944cy__outer02__inner01__aug02,20260711_220930_a944cy,for_bonhi,ঔ,train,2,1
20260711_220930_a944cy__outer02__inner01__aug03,20260711_220930_a944cy,for_bonhi,ঔ,train,2,1
20260711_200812_18txgi__outer02__inner01__aug01,20260711_200812_18txgi,user3,অ,train,2,1
20260711_200812_18txgi__outer02__inner01__aug02,20260711_200812_18txgi,user3,অ,train,2,1
20260711_200812_18txgi__outer02__inner01__aug03,20260711_200812_18txgi,user3,অ,train,2,1
20260711_200917_z1na4w__outer02__inner01__aug01,20260711_200917_z1na4w,user3,অ,train,2,1
20260711_200917_z1na4w__outer02__inner01__aug02,20260711_200917_z1na4w,user3,অ,train,2,1
20260711_200917_z1na4w__outer02__inner01__aug03,20260711_200917_z1na4w,user3,অ,train,2,1
20260711_200954_0muns4__outer02__inner01__aug01,20260711_200954_0muns4,user3,অ,train,2,1
20260711_200954_0muns4__outer02__inner01__aug02,20260711_200954_0muns4,user3,অ,train,2,1
20260711_200954_0muns4__outer02__inner01__aug03,20260711_200954_0muns4,user3,অ,train,2,1
20260711_201110_jw6cqh__outer02__inner01__aug01,20260711_201110_jw6cqh,user3,অ,train,2,1
20260711_201110_jw6cqh__outer02__inner01__aug02,20260711_201110_jw6cqh,user3,অ,train,2,1
20260711_201110_jw6cqh__outer02__inner01__aug03,20260711_201110_jw6cqh,user3,অ,train,2,1
20260711_201208_6ylgz1__outer02__inner01__aug01,20260711_201208_6ylgz1,user3,অ,train,2,1
20260711_201208_6ylgz1__outer02__inner01__aug02,20260711_201208_6ylgz1,user3,অ,train,2,1
20260711_201208_6ylgz1__outer02__inner01__aug03,20260711_201208_6ylgz1,user3,অ,train,2,1
20260711_201526_9elfv0__outer02__inner01__aug01,20260711_201526_9elfv0,user3,অ,train,2,1
20260711_201526_9elfv0__outer02__inner01__aug02,20260711_201526_9elfv0,user3,অ,train,2,1
20260711_201526_9elfv0__outer02__inner01__aug03,20260711_201526_9elfv0,user3,অ,train,2,1
20260711_201609_iv7642__outer02__inner01__aug01,20260711_201609_iv7642,user3,অ,train,2,1
20260711_201609_iv7642__outer02__inner01__aug02,20260711_201609_iv7642,user3,অ,train,2,1
20260711_201609_iv7642__outer02__inner01__aug03,20260711_201609_iv7642,user3,অ,train,2,1
20260711_201811_0znu6g__outer02__inner01__aug01,20260711_201811_0znu6g,user3,অ,train,2,1
20260711_201811_0znu6g__outer02__inner01__aug02,20260711_201811_0znu6g,user3,অ,train,2,1
20260711_201811_0znu6g__outer02__inner01__aug03,20260711_201811_0znu6g,user3,অ,train,2,1
20260711_201916_nc9ara__outer02__inner01__aug01,20260711_201916_nc9ara,user3,অ,train,2,1
20260711_201916_nc9ara__outer02__inner01__aug02,20260711_201916_nc9ara,user3,অ,train,2,1
20260711_201916_nc9ara__outer02__inner01__aug03,20260711_201916_nc9ara,user3,অ,train,2,1
20260711_201953_sai9ew__outer02__inner01__aug01,20260711_201953_sai9ew,user3,অ,train,2,1
20260711_201953_sai9ew__outer02__inner01__aug02,20260711_201953_sai9ew,user3,অ,train,2,1
20260711_201953_sai9ew__outer02__inner01__aug03,20260711_201953_sai9ew,user3,অ,train,2,1
20260711_202025_bntr0i__outer02__inner01__aug01,20260711_202025_bntr0i,user3,অ,train,2,1
20260711_202025_bntr0i__outer02__inner01__aug02,20260711_202025_bntr0i,user3,অ,train,2,1
20260711_202025_bntr0i__outer02__inner01__aug03,20260711_202025_bntr0i,user3,অ,train,2,1
20260711_202714_mwa7m1__outer02__inner01__aug01,20260711_202714_mwa7m1,user3,অ,train,2,1
20260711_202714_mwa7m1__outer02__inner01__aug02,20260711_202714_mwa7m1,user3,অ,train,2,1
20260711_202714_mwa7m1__outer02__inner01__aug03,20260711_202714_mwa7m1,user3,অ,train,2,1
20260711_202846_kmy51g__outer02__inner01__aug01,20260711_202846_kmy51g,user3,অ,train,2,1
20260711_202846_kmy51g__outer02__inner01__aug02,20260711_202846_kmy51g,user3,অ,train,2,1
20260711_202846_kmy51g__outer02__inner01__aug03,20260711_202846_kmy51g,user3,অ,train,2,1
20260711_203013_i4o0om__outer02__inner01__aug01,20260711_203013_i4o0om,user3,অ,train,2,1
20260711_203013_i4o0om__outer02__inner01__aug02,20260711_203013_i4o0om,user3,অ,train,2,1
20260711_203013_i4o0om__outer02__inner01__aug03,20260711_203013_i4o0om,user3,অ,train,2,1
20260711_203112_15gnzj__outer02__inner01__aug01,20260711_203112_15gnzj,user3,অ,train,2,1
20260711_203112_15gnzj__outer02__inner01__aug02,20260711_203112_15gnzj,user3,অ,train,2,1
20260711_203112_15gnzj__outer02__inner01__aug03,20260711_203112_15gnzj,user3,অ,train,2,1
20260711_205524_jbk5pv__outer02__inner01__aug01,20260711_205524_jbk5pv,user3,আ,train,2,1
20260711_205524_jbk5pv__outer02__inner01__aug02,20260711_205524_jbk5pv,user3,আ,train,2,1
20260711_205524_jbk5pv__outer02__inner01__aug03,20260711_205524_jbk5pv,user3,আ,train,2,1
20260711_205559_azslan__outer02__inner01__aug01,20260711_205559_azslan,user3,আ,train,2,1
20260711_205559_azslan__outer02__inner01__aug02,20260711_205559_azslan,user3,আ,train,2,1
20260711_205559_azslan__outer02__inner01__aug03,20260711_205559_azslan,user3,আ,train,2,1
20260711_205630_gydvnp__outer02__inner01__aug01,20260711_205630_gydvnp,user3,আ,train,2,1
20260711_205630_gydvnp__outer02__inner01__aug02,20260711_205630_gydvnp,user3,আ,train,2,1
20260711_205630_gydvnp__outer02__inner01__aug03,20260711_205630_gydvnp,user3,আ,train,2,1
20260711_205707_n57400__outer02__inner01__aug01,20260711_205707_n57400,user3,আ,train,2,1
20260711_205707_n57400__outer02__inner01__aug02,20260711_205707_n57400,user3,আ,train,2,1
20260711_205707_n57400__outer02__inner01__aug03,20260711_205707_n57400,user3,আ,train,2,1
20260711_205748_usnulf__outer02__inner01__aug01,20260711_205748_usnulf,user3,আ,train,2,1
20260711_205748_usnulf__outer02__inner01__aug02,20260711_205748_usnulf,user3,আ,train,2,1
20260711_205748_usnulf__outer02__inner01__aug03,20260711_205748_usnulf,user3,আ,train,2,1
20260711_211455_ab7vb3__outer02__inner01__aug01,20260711_211455_ab7vb3,user4,অ,train,2,1
20260711_211455_ab7vb3__outer02__inner01__aug02,20260711_211455_ab7vb3,user4,অ,train,2,1
20260711_211455_ab7vb3__outer02__inner01__aug03,20260711_211455_ab7vb3,user4,অ,train,2,1
20260711_214733_y28o8p__outer02__inner01__aug01,20260711_214733_y28o8p,user4,অ,train,2,1
20260711_214733_y28o8p__outer02__inner01__aug02,20260711_214733_y28o8p,user4,অ,train,2,1
20260711_214733_y28o8p__outer02__inner01__aug03,20260711_214733_y28o8p,user4,অ,train,2,1
20260711_214747_h8ad4n__outer02__inner01__aug01,20260711_214747_h8ad4n,user4,অ,train,2,1
20260711_214747_h8ad4n__outer02__inner01__aug02,20260711_214747_h8ad4n,user4,অ,train,2,1
20260711_214747_h8ad4n__outer02__inner01__aug03,20260711_214747_h8ad4n,user4,অ,train,2,1
20260711_214802_iotb3d__outer02__inner01__aug01,20260711_214802_iotb3d,user4,অ,train,2,1
20260711_214802_iotb3d__outer02__inner01__aug02,20260711_214802_iotb3d,user4,অ,train,2,1
20260711_214802_iotb3d__outer02__inner01__aug03,20260711_214802_iotb3d,user4,অ,train,2,1
20260711_214818_1kqyjw__outer02__inner01__aug01,20260711_214818_1kqyjw,user4,অ,train,2,1
20260711_214818_1kqyjw__outer02__inner01__aug02,20260711_214818_1kqyjw,user4,অ,train,2,1
20260711_214818_1kqyjw__outer02__inner01__aug03,20260711_214818_1kqyjw,user4,অ,train,2,1
20260711_214838_nmfk2j__outer02__inner01__aug01,20260711_214838_nmfk2j,user4,অ,train,2,1
20260711_214838_nmfk2j__outer02__inner01__aug02,20260711_214838_nmfk2j,user4,অ,train,2,1
20260711_214838_nmfk2j__outer02__inner01__aug03,20260711_214838_nmfk2j,user4,অ,train,2,1
20260711_214856_wh1jdl__outer02__inner01__aug01,20260711_214856_wh1jdl,user4,অ,train,2,1
20260711_214856_wh1jdl__outer02__inner01__aug02,20260711_214856_wh1jdl,user4,অ,train,2,1
20260711_214856_wh1jdl__outer02__inner01__aug03,20260711_214856_wh1jdl,user4,অ,train,2,1
20260711_214912_5jyzoq__outer02__inner01__aug01,20260711_214912_5jyzoq,user4,অ,train,2,1
20260711_214912_5jyzoq__outer02__inner01__aug02,20260711_214912_5jyzoq,user4,অ,train,2,1
20260711_214912_5jyzoq__outer02__inner01__aug03,20260711_214912_5jyzoq,user4,অ,train,2,1
20260711_215025_9ahjj1__outer02__inner01__aug01,20260711_215025_9ahjj1,user4,অ,train,2,1
20260711_215025_9ahjj1__outer02__inner01__aug02,20260711_215025_9ahjj1,user4,অ,train,2,1
20260711_215025_9ahjj1__outer02__inner01__aug03,20260711_215025_9ahjj1,user4,অ,train,2,1
20260711_215040_totmvz__outer02__inner01__aug01,20260711_215040_totmvz,user4,অ,train,2,1
20260711_215040_totmvz__outer02__inner01__aug02,20260711_215040_totmvz,user4,অ,train,2,1
20260711_215040_totmvz__outer02__inner01__aug03,20260711_215040_totmvz,user4,অ,train,2,1
20260711_215057_m3q3bw__outer02__inner01__aug01,20260711_215057_m3q3bw,user4,অ,train,2,1
20260711_215057_m3q3bw__outer02__inner01__aug02,20260711_215057_m3q3bw,user4,অ,train,2,1
20260711_215057_m3q3bw__outer02__inner01__aug03,20260711_215057_m3q3bw,user4,অ,train,2,1
20260711_215120_wa3iw4__outer02__inner01__aug01,20260711_215120_wa3iw4,user4,অ,train,2,1
20260711_215120_wa3iw4__outer02__inner01__aug02,20260711_215120_wa3iw4,user4,অ,train,2,1
20260711_215120_wa3iw4__outer02__inner01__aug03,20260711_215120_wa3iw4,user4,অ,train,2,1
20260711_215140_jzmdn9__outer02__inner01__aug01,20260711_215140_jzmdn9,user4,অ,train,2,1
20260711_215140_jzmdn9__outer02__inner01__aug02,20260711_215140_jzmdn9,user4,অ,train,2,1
20260711_215140_jzmdn9__outer02__inner01__aug03,20260711_215140_jzmdn9,user4,অ,train,2,1
20260711_215153_8dj6mi__outer02__inner01__aug01,20260711_215153_8dj6mi,user4,অ,train,2,1
20260711_215153_8dj6mi__outer02__inner01__aug02,20260711_215153_8dj6mi,user4,অ,train,2,1
20260711_215153_8dj6mi__outer02__inner01__aug03,20260711_215153_8dj6mi,user4,অ,train,2,1
20260711_215210_14cuph__outer02__inner01__aug01,20260711_215210_14cuph,user4,অ,train,2,1
20260711_215210_14cuph__outer02__inner01__aug02,20260711_215210_14cuph,user4,অ,train,2,1
20260711_215210_14cuph__outer02__inner01__aug03,20260711_215210_14cuph,user4,অ,train,2,1
20260711_215224_s1nefb__outer02__inner01__aug01,20260711_215224_s1nefb,user4,অ,train,2,1
20260711_215224_s1nefb__outer02__inner01__aug02,20260711_215224_s1nefb,user4,অ,train,2,1
20260711_215224_s1nefb__outer02__inner01__aug03,20260711_215224_s1nefb,user4,অ,train,2,1
20260711_211553_8q738s__outer02__inner01__aug01,20260711_211553_8q738s,user4,আ,train,2,1
20260711_211553_8q738s__outer02__inner01__aug02,20260711_211553_8q738s,user4,আ,train,2,1
20260711_211553_8q738s__outer02__inner01__aug03,20260711_211553_8q738s,user4,আ,train,2,1
20260711_215326_rdw0i7__outer02__inner01__aug01,20260711_215326_rdw0i7,user4,আ,train,2,1
20260711_215326_rdw0i7__outer02__inner01__aug02,20260711_215326_rdw0i7,user4,আ,train,2,1
20260711_215326_rdw0i7__outer02__inner01__aug03,20260711_215326_rdw0i7,user4,আ,train,2,1
20260711_215355_gtir0d__outer02__inner01__aug01,20260711_215355_gtir0d,user4,আ,train,2,1
20260711_215355_gtir0d__outer02__inner01__aug02,20260711_215355_gtir0d,user4,আ,train,2,1
20260711_215355_gtir0d__outer02__inner01__aug03,20260711_215355_gtir0d,user4,আ,train,2,1
20260711_215413_4z3pac__outer02__inner01__aug01,20260711_215413_4z3pac,user4,আ,train,2,1
20260711_215413_4z3pac__outer02__inner01__aug02,20260711_215413_4z3pac,user4,আ,train,2,1
20260711_215413_4z3pac__outer02__inner01__aug03,20260711_215413_4z3pac,user4,আ,train,2,1
20260711_215505_noe4fp__outer02__inner01__aug01,20260711_215505_noe4fp,user4,আ,train,2,1
20260711_215505_noe4fp__outer02__inner01__aug02,20260711_215505_noe4fp,user4,আ,train,2,1
20260711_215505_noe4fp__outer02__inner01__aug03,20260711_215505_noe4fp,user4,আ,train,2,1
20260711_215527_oaoi6c__outer02__inner01__aug01,20260711_215527_oaoi6c,user4,আ,train,2,1
20260711_215527_oaoi6c__outer02__inner01__aug02,20260711_215527_oaoi6c,user4,আ,train,2,1
20260711_215527_oaoi6c__outer02__inner01__aug03,20260711_215527_oaoi6c,user4,আ,train,2,1
20260711_215554_41w3p4__outer02__inner01__aug01,20260711_215554_41w3p4,user4,আ,train,2,1
20260711_215554_41w3p4__outer02__inner01__aug02,20260711_215554_41w3p4,user4,আ,train,2,1
20260711_215554_41w3p4__outer02__inner01__aug03,20260711_215554_41w3p4,user4,আ,train,2,1
20260711_215623_q6sua3__outer02__inner01__aug01,20260711_215623_q6sua3,user4,আ,train,2,1
20260711_215623_q6sua3__outer02__inner01__aug02,20260711_215623_q6sua3,user4,আ,train,2,1
20260711_215623_q6sua3__outer02__inner01__aug03,20260711_215623_q6sua3,user4,আ,train,2,1
20260711_215646_y25z4x__outer02__inner01__aug01,20260711_215646_y25z4x,user4,আ,train,2,1
20260711_215646_y25z4x__outer02__inner01__aug02,20260711_215646_y25z4x,user4,আ,train,2,1
20260711_215646_y25z4x__outer02__inner01__aug03,20260711_215646_y25z4x,user4,আ,train,2,1
20260711_215701_i0we24__outer02__inner01__aug01,20260711_215701_i0we24,user4,আ,train,2,1
20260711_215701_i0we24__outer02__inner01__aug02,20260711_215701_i0we24,user4,আ,train,2,1
20260711_215701_i0we24__outer02__inner01__aug03,20260711_215701_i0we24,user4,আ,train,2,1
20260711_215719_fym8k2__outer02__inner01__aug01,20260711_215719_fym8k2,user4,আ,train,2,1
20260711_215719_fym8k2__outer02__inner01__aug02,20260711_215719_fym8k2,user4,আ,train,2,1
20260711_215719_fym8k2__outer02__inner01__aug03,20260711_215719_fym8k2,user4,আ,train,2,1
20260711_215732_e3wli4__outer02__inner01__aug01,20260711_215732_e3wli4,user4,আ,train,2,1
20260711_215732_e3wli4__outer02__inner01__aug02,20260711_215732_e3wli4,user4,আ,train,2,1
20260711_215732_e3wli4__outer02__inner01__aug03,20260711_215732_e3wli4,user4,আ,train,2,1
20260711_215746_pw5glc__outer02__inner01__aug01,20260711_215746_pw5glc,user4,আ,train,2,1
20260711_215746_pw5glc__outer02__inner01__aug02,20260711_215746_pw5glc,user4,আ,train,2,1
20260711_215746_pw5glc__outer02__inner01__aug03,20260711_215746_pw5glc,user4,আ,train,2,1
20260711_215803_gtb1nz__outer02__inner01__aug01,20260711_215803_gtb1nz,user4,আ,train,2,1
20260711_215803_gtb1nz__outer02__inner01__aug02,20260711_215803_gtb1nz,user4,আ,train,2,1
20260711_215803_gtb1nz__outer02__inner01__aug03,20260711_215803_gtb1nz,user4,আ,train,2,1
20260711_215826_09me7o__outer02__inner01__aug01,20260711_215826_09me7o,user4,আ,train,2,1
20260711_215826_09me7o__outer02__inner01__aug02,20260711_215826_09me7o,user4,আ,train,2,1
20260711_215826_09me7o__outer02__inner01__aug03,20260711_215826_09me7o,user4,আ,train,2,1
20260711_215850_2a6qfe__outer02__inner01__aug01,20260711_215850_2a6qfe,user4,আ,train,2,1
20260711_215850_2a6qfe__outer02__inner01__aug02,20260711_215850_2a6qfe,user4,আ,train,2,1
20260711_215850_2a6qfe__outer02__inner01__aug03,20260711_215850_2a6qfe,user4,আ,train,2,1
20260711_211613_pni7yl__outer02__inner01__aug01,20260711_211613_pni7yl,user4,ই,train,2,1
20260711_211613_pni7yl__outer02__inner01__aug02,20260711_211613_pni7yl,user4,ই,train,2,1
20260711_211613_pni7yl__outer02__inner01__aug03,20260711_211613_pni7yl,user4,ই,train,2,1
20260711_211631_omhqof__outer02__inner01__aug01,20260711_211631_omhqof,user4,ই,train,2,1
20260711_211631_omhqof__outer02__inner01__aug02,20260711_211631_omhqof,user4,ই,train,2,1
20260711_211631_omhqof__outer02__inner01__aug03,20260711_211631_omhqof,user4,ই,train,2,1
20260711_215916_5xq3ym__outer02__inner01__aug01,20260711_215916_5xq3ym,user4,ই,train,2,1
20260711_215916_5xq3ym__outer02__inner01__aug02,20260711_215916_5xq3ym,user4,ই,train,2,1
20260711_215916_5xq3ym__outer02__inner01__aug03,20260711_215916_5xq3ym,user4,ই,train,2,1
20260711_215928_ckxbi5__outer02__inner01__aug01,20260711_215928_ckxbi5,user4,ই,train,2,1
20260711_215928_ckxbi5__outer02__inner01__aug02,20260711_215928_ckxbi5,user4,ই,train,2,1
20260711_215928_ckxbi5__outer02__inner01__aug03,20260711_215928_ckxbi5,user4,ই,train,2,1
20260711_215945_ovgs11__outer02__inner01__aug01,20260711_215945_ovgs11,user4,ই,train,2,1
20260711_215945_ovgs11__outer02__inner01__aug02,20260711_215945_ovgs11,user4,ই,train,2,1
20260711_215945_ovgs11__outer02__inner01__aug03,20260711_215945_ovgs11,user4,ই,train,2,1
20260711_215959_axw0jl__outer02__inner01__aug01,20260711_215959_axw0jl,user4,ই,train,2,1
20260711_215959_axw0jl__outer02__inner01__aug02,20260711_215959_axw0jl,user4,ই,train,2,1
20260711_215959_axw0jl__outer02__inner01__aug03,20260711_215959_axw0jl,user4,ই,train,2,1
20260711_220013_x16qxh__outer02__inner01__aug01,20260711_220013_x16qxh,user4,ই,train,2,1
20260711_220013_x16qxh__outer02__inner01__aug02,20260711_220013_x16qxh,user4,ই,train,2,1
20260711_220013_x16qxh__outer02__inner01__aug03,20260711_220013_x16qxh,user4,ই,train,2,1
20260711_220027_1j40u6__outer02__inner01__aug01,20260711_220027_1j40u6,user4,ই,train,2,1
20260711_220027_1j40u6__outer02__inner01__aug02,20260711_220027_1j40u6,user4,ই,train,2,1
20260711_220027_1j40u6__outer02__inner01__aug03,20260711_220027_1j40u6,user4,ই,train,2,1
20260711_220043_yyhe4o__outer02__inner01__aug01,20260711_220043_yyhe4o,user4,ই,train,2,1
20260711_220043_yyhe4o__outer02__inner01__aug02,20260711_220043_yyhe4o,user4,ই,train,2,1
20260711_220043_yyhe4o__outer02__inner01__aug03,20260711_220043_yyhe4o,user4,ই,train,2,1
20260711_220058_6cy90j__outer02__inner01__aug01,20260711_220058_6cy90j,user4,ই,train,2,1
20260711_220058_6cy90j__outer02__inner01__aug02,20260711_220058_6cy90j,user4,ই,train,2,1
20260711_220058_6cy90j__outer02__inner01__aug03,20260711_220058_6cy90j,user4,ই,train,2,1
20260711_220112_94lc88__outer02__inner01__aug01,20260711_220112_94lc88,user4,ই,train,2,1
20260711_220112_94lc88__outer02__inner01__aug02,20260711_220112_94lc88,user4,ই,train,2,1
20260711_220112_94lc88__outer02__inner01__aug03,20260711_220112_94lc88,user4,ই,train,2,1
20260711_220132_3b6d70__outer02__inner01__aug01,20260711_220132_3b6d70,user4,ই,train,2,1
20260711_220132_3b6d70__outer02__inner01__aug02,20260711_220132_3b6d70,user4,ই,train,2,1
20260711_220132_3b6d70__outer02__inner01__aug03,20260711_220132_3b6d70,user4,ই,train,2,1
20260711_220151_kjuuzh__outer02__inner01__aug01,20260711_220151_kjuuzh,user4,ই,train,2,1
20260711_220151_kjuuzh__outer02__inner01__aug02,20260711_220151_kjuuzh,user4,ই,train,2,1
20260711_220151_kjuuzh__outer02__inner01__aug03,20260711_220151_kjuuzh,user4,ই,train,2,1
20260711_220205_cr3boy__outer02__inner01__aug01,20260711_220205_cr3boy,user4,ই,train,2,1
20260711_220205_cr3boy__outer02__inner01__aug02,20260711_220205_cr3boy,user4,ই,train,2,1
20260711_220205_cr3boy__outer02__inner01__aug03,20260711_220205_cr3boy,user4,ই,train,2,1
20260711_220217_85rgxu__outer02__inner01__aug01,20260711_220217_85rgxu,user4,ই,train,2,1
20260711_220217_85rgxu__outer02__inner01__aug02,20260711_220217_85rgxu,user4,ই,train,2,1
20260711_220217_85rgxu__outer02__inner01__aug03,20260711_220217_85rgxu,user4,ই,train,2,1
20260711_220235_4uai7u__outer02__inner01__aug01,20260711_220235_4uai7u,user4,ই,train,2,1
20260711_220235_4uai7u__outer02__inner01__aug02,20260711_220235_4uai7u,user4,ই,train,2,1
20260711_220235_4uai7u__outer02__inner01__aug03,20260711_220235_4uai7u,user4,ই,train,2,1
20260711_220308_e7l7wm__outer02__inner01__aug01,20260711_220308_e7l7wm,user4,ই,train,2,1
20260711_220308_e7l7wm__outer02__inner01__aug02,20260711_220308_e7l7wm,user4,ই,train,2,1
20260711_220308_e7l7wm__outer02__inner01__aug03,20260711_220308_e7l7wm,user4,ই,train,2,1
20260711_220404_itceug__outer02__inner01__aug01,20260711_220404_itceug,user4,ঈ,train,2,1
20260711_220404_itceug__outer02__inner01__aug02,20260711_220404_itceug,user4,ঈ,train,2,1
20260711_220404_itceug__outer02__inner01__aug03,20260711_220404_itceug,user4,ঈ,train,2,1
20260711_220444_r35mfs__outer02__inner01__aug01,20260711_220444_r35mfs,user4,ঈ,train,2,1
20260711_220444_r35mfs__outer02__inner01__aug02,20260711_220444_r35mfs,user4,ঈ,train,2,1
20260711_220444_r35mfs__outer02__inner01__aug03,20260711_220444_r35mfs,user4,ঈ,train,2,1
20260711_220519_ila5ji__outer02__inner01__aug01,20260711_220519_ila5ji,user4,ঈ,train,2,1
20260711_220519_ila5ji__outer02__inner01__aug02,20260711_220519_ila5ji,user4,ঈ,train,2,1
20260711_220519_ila5ji__outer02__inner01__aug03,20260711_220519_ila5ji,user4,ঈ,train,2,1
20260711_220543_7o5bd0__outer02__inner01__aug01,20260711_220543_7o5bd0,user4,ঈ,train,2,1
20260711_220543_7o5bd0__outer02__inner01__aug02,20260711_220543_7o5bd0,user4,ঈ,train,2,1
20260711_220543_7o5bd0__outer02__inner01__aug03,20260711_220543_7o5bd0,user4,ঈ,train,2,1
20260711_220606_essesa__outer02__inner01__aug01,20260711_220606_essesa,user4,ঈ,train,2,1
20260711_220606_essesa__outer02__inner01__aug02,20260711_220606_essesa,user4,ঈ,train,2,1
20260711_220606_essesa__outer02__inner01__aug03,20260711_220606_essesa,user4,ঈ,train,2,1
20260711_220641_ufswp1__outer02__inner01__aug01,20260711_220641_ufswp1,user4,ঈ,train,2,1
20260711_220641_ufswp1__outer02__inner01__aug02,20260711_220641_ufswp1,user4,ঈ,train,2,1
20260711_220641_ufswp1__outer02__inner01__aug03,20260711_220641_ufswp1,user4,ঈ,train,2,1
20260711_220701_y1rftt__outer02__inner01__aug01,20260711_220701_y1rftt,user4,ঈ,train,2,1
20260711_220701_y1rftt__outer02__inner01__aug02,20260711_220701_y1rftt,user4,ঈ,train,2,1
20260711_220701_y1rftt__outer02__inner01__aug03,20260711_220701_y1rftt,user4,ঈ,train,2,1
20260711_220721_h9k2mi__outer02__inner01__aug01,20260711_220721_h9k2mi,user4,ঈ,train,2,1
20260711_220721_h9k2mi__outer02__inner01__aug02,20260711_220721_h9k2mi,user4,ঈ,train,2,1
20260711_220721_h9k2mi__outer02__inner01__aug03,20260711_220721_h9k2mi,user4,ঈ,train,2,1
20260711_220738_j2qzn6__outer02__inner01__aug01,20260711_220738_j2qzn6,user4,ঈ,train,2,1
20260711_220738_j2qzn6__outer02__inner01__aug02,20260711_220738_j2qzn6,user4,ঈ,train,2,1
20260711_220738_j2qzn6__outer02__inner01__aug03,20260711_220738_j2qzn6,user4,ঈ,train,2,1
20260711_220751_axw80l__outer02__inner01__aug01,20260711_220751_axw80l,user4,ঈ,train,2,1
20260711_220751_axw80l__outer02__inner01__aug02,20260711_220751_axw80l,user4,ঈ,train,2,1
20260711_220751_axw80l__outer02__inner01__aug03,20260711_220751_axw80l,user4,ঈ,train,2,1
20260711_220807_mldxj2__outer02__inner01__aug01,20260711_220807_mldxj2,user4,ঈ,train,2,1
20260711_220807_mldxj2__outer02__inner01__aug02,20260711_220807_mldxj2,user4,ঈ,train,2,1
20260711_220807_mldxj2__outer02__inner01__aug03,20260711_220807_mldxj2,user4,ঈ,train,2,1
20260711_220822_wgaxvc__outer02__inner01__aug01,20260711_220822_wgaxvc,user4,ঈ,train,2,1
20260711_220822_wgaxvc__outer02__inner01__aug02,20260711_220822_wgaxvc,user4,ঈ,train,2,1
20260711_220822_wgaxvc__outer02__inner01__aug03,20260711_220822_wgaxvc,user4,ঈ,train,2,1
20260711_220837_dby4gx__outer02__inner01__aug01,20260711_220837_dby4gx,user4,ঈ,train,2,1
20260711_220837_dby4gx__outer02__inner01__aug02,20260711_220837_dby4gx,user4,ঈ,train,2,1
20260711_220837_dby4gx__outer02__inner01__aug03,20260711_220837_dby4gx,user4,ঈ,train,2,1
20260711_220850_xo5kch__outer02__inner01__aug01,20260711_220850_xo5kch,user4,ঈ,train,2,1
20260711_220850_xo5kch__outer02__inner01__aug02,20260711_220850_xo5kch,user4,ঈ,train,2,1
20260711_220850_xo5kch__outer02__inner01__aug03,20260711_220850_xo5kch,user4,ঈ,train,2,1
20260711_220906_ehc737__outer02__inner01__aug01,20260711_220906_ehc737,user4,ঈ,train,2,1
20260711_220906_ehc737__outer02__inner01__aug02,20260711_220906_ehc737,user4,ঈ,train,2,1
20260711_220906_ehc737__outer02__inner01__aug03,20260711_220906_ehc737,user4,ঈ,train,2,1
20260703_231939_jmltkn__outer02__inner02__aug01,20260703_231939_jmltkn,user1,অ,train,2,2
20260703_231939_jmltkn__outer02__inner02__aug02,20260703_231939_jmltkn,user1,অ,train,2,2
20260703_231939_jmltkn__outer02__inner02__aug03,20260703_231939_jmltkn,user1,অ,train,2,2
20260704_230134_0i7e7o__outer02__inner02__aug01,20260704_230134_0i7e7o,user1,অ,train,2,2
20260704_230134_0i7e7o__outer02__inner02__aug02,20260704_230134_0i7e7o,user1,অ,train,2,2
20260704_230134_0i7e7o__outer02__inner02__aug03,20260704_230134_0i7e7o,user1,অ,train,2,2
20260704_230207_s0bru0__outer02__inner02__aug01,20260704_230207_s0bru0,user1,অ,train,2,2
20260704_230207_s0bru0__outer02__inner02__aug02,20260704_230207_s0bru0,user1,অ,train,2,2
20260704_230207_s0bru0__outer02__inner02__aug03,20260704_230207_s0bru0,user1,অ,train,2,2
20260704_230243_20ggrl__outer02__inner02__aug01,20260704_230243_20ggrl,user1,অ,train,2,2
20260704_230243_20ggrl__outer02__inner02__aug02,20260704_230243_20ggrl,user1,অ,train,2,2
20260704_230243_20ggrl__outer02__inner02__aug03,20260704_230243_20ggrl,user1,অ,train,2,2
20260704_230314_biogka__outer02__inner02__aug01,20260704_230314_biogka,user1,অ,train,2,2
20260704_230314_biogka__outer02__inner02__aug02,20260704_230314_biogka,user1,অ,train,2,2
20260704_230314_biogka__outer02__inner02__aug03,20260704_230314_biogka,user1,অ,train,2,2
20260704_230343_z76un4__outer02__inner02__aug01,20260704_230343_z76un4,user1,অ,train,2,2
20260704_230343_z76un4__outer02__inner02__aug02,20260704_230343_z76un4,user1,অ,train,2,2
20260704_230343_z76un4__outer02__inner02__aug03,20260704_230343_z76un4,user1,অ,train,2,2
20260704_230438_1by20a__outer02__inner02__aug01,20260704_230438_1by20a,user1,অ,train,2,2
20260704_230438_1by20a__outer02__inner02__aug02,20260704_230438_1by20a,user1,অ,train,2,2
20260704_230438_1by20a__outer02__inner02__aug03,20260704_230438_1by20a,user1,অ,train,2,2
20260704_230508_zz8agk__outer02__inner02__aug01,20260704_230508_zz8agk,user1,অ,train,2,2
20260704_230508_zz8agk__outer02__inner02__aug02,20260704_230508_zz8agk,user1,অ,train,2,2
20260704_230508_zz8agk__outer02__inner02__aug03,20260704_230508_zz8agk,user1,অ,train,2,2
20260704_230530_8783vw__outer02__inner02__aug01,20260704_230530_8783vw,user1,অ,train,2,2
20260704_230530_8783vw__outer02__inner02__aug02,20260704_230530_8783vw,user1,অ,train,2,2
20260704_230530_8783vw__outer02__inner02__aug03,20260704_230530_8783vw,user1,অ,train,2,2
20260704_230601_9fuwl5__outer02__inner02__aug01,20260704_230601_9fuwl5,user1,অ,train,2,2
20260704_230601_9fuwl5__outer02__inner02__aug02,20260704_230601_9fuwl5,user1,অ,train,2,2
20260704_230601_9fuwl5__outer02__inner02__aug03,20260704_230601_9fuwl5,user1,অ,train,2,2
20260704_230631_iep9zz__outer02__inner02__aug01,20260704_230631_iep9zz,user1,অ,train,2,2
20260704_230631_iep9zz__outer02__inner02__aug02,20260704_230631_iep9zz,user1,অ,train,2,2
20260704_230631_iep9zz__outer02__inner02__aug03,20260704_230631_iep9zz,user1,অ,train,2,2
20260709_222041_giojuy__outer02__inner02__aug01,20260709_222041_giojuy,user1,অ,train,2,2
20260709_222041_giojuy__outer02__inner02__aug02,20260709_222041_giojuy,user1,অ,train,2,2
20260709_222041_giojuy__outer02__inner02__aug03,20260709_222041_giojuy,user1,অ,train,2,2
20260704_230720_4nlmlz__outer02__inner02__aug01,20260704_230720_4nlmlz,user1,আ,train,2,2
20260704_230720_4nlmlz__outer02__inner02__aug02,20260704_230720_4nlmlz,user1,আ,train,2,2
20260704_230720_4nlmlz__outer02__inner02__aug03,20260704_230720_4nlmlz,user1,আ,train,2,2
20260704_230748_cofjqd__outer02__inner02__aug01,20260704_230748_cofjqd,user1,আ,train,2,2
20260704_230748_cofjqd__outer02__inner02__aug02,20260704_230748_cofjqd,user1,আ,train,2,2
20260704_230748_cofjqd__outer02__inner02__aug03,20260704_230748_cofjqd,user1,আ,train,2,2
20260704_230823_p4djtm__outer02__inner02__aug01,20260704_230823_p4djtm,user1,আ,train,2,2
20260704_230823_p4djtm__outer02__inner02__aug02,20260704_230823_p4djtm,user1,আ,train,2,2
20260704_230823_p4djtm__outer02__inner02__aug03,20260704_230823_p4djtm,user1,আ,train,2,2
20260704_230900_jm6b9y__outer02__inner02__aug01,20260704_230900_jm6b9y,user1,আ,train,2,2
20260704_230900_jm6b9y__outer02__inner02__aug02,20260704_230900_jm6b9y,user1,আ,train,2,2
20260704_230900_jm6b9y__outer02__inner02__aug03,20260704_230900_jm6b9y,user1,আ,train,2,2
20260704_230941_ogdcp4__outer02__inner02__aug01,20260704_230941_ogdcp4,user1,আ,train,2,2
20260704_230941_ogdcp4__outer02__inner02__aug02,20260704_230941_ogdcp4,user1,আ,train,2,2
20260704_230941_ogdcp4__outer02__inner02__aug03,20260704_230941_ogdcp4,user1,আ,train,2,2
20260704_231010_4ha6y7__outer02__inner02__aug01,20260704_231010_4ha6y7,user1,আ,train,2,2
20260704_231010_4ha6y7__outer02__inner02__aug02,20260704_231010_4ha6y7,user1,আ,train,2,2
20260704_231010_4ha6y7__outer02__inner02__aug03,20260704_231010_4ha6y7,user1,আ,train,2,2
20260728_232136_0wkg0v__outer02__inner02__aug01,20260728_232136_0wkg0v,user1,আ,train,2,2
20260728_232136_0wkg0v__outer02__inner02__aug02,20260728_232136_0wkg0v,user1,আ,train,2,2
20260728_232136_0wkg0v__outer02__inner02__aug03,20260728_232136_0wkg0v,user1,আ,train,2,2
20260728_232203_7c77zv__outer02__inner02__aug01,20260728_232203_7c77zv,user1,আ,train,2,2
20260728_232203_7c77zv__outer02__inner02__aug02,20260728_232203_7c77zv,user1,আ,train,2,2
20260728_232203_7c77zv__outer02__inner02__aug03,20260728_232203_7c77zv,user1,আ,train,2,2
20260728_232238_kgwkds__outer02__inner02__aug01,20260728_232238_kgwkds,user1,আ,train,2,2
20260728_232238_kgwkds__outer02__inner02__aug02,20260728_232238_kgwkds,user1,আ,train,2,2
20260728_232238_kgwkds__outer02__inner02__aug03,20260728_232238_kgwkds,user1,আ,train,2,2
20260728_232316_s2ep8l__outer02__inner02__aug01,20260728_232316_s2ep8l,user1,আ,train,2,2
20260728_232316_s2ep8l__outer02__inner02__aug02,20260728_232316_s2ep8l,user1,আ,train,2,2
20260728_232316_s2ep8l__outer02__inner02__aug03,20260728_232316_s2ep8l,user1,আ,train,2,2
20260705_210750_hp0ub6__outer02__inner02__aug01,20260705_210750_hp0ub6,user1,ই,train,2,2
20260705_210750_hp0ub6__outer02__inner02__aug02,20260705_210750_hp0ub6,user1,ই,train,2,2
20260705_210750_hp0ub6__outer02__inner02__aug03,20260705_210750_hp0ub6,user1,ই,train,2,2
20260705_210817_cpe63z__outer02__inner02__aug01,20260705_210817_cpe63z,user1,ই,train,2,2
20260705_210817_cpe63z__outer02__inner02__aug02,20260705_210817_cpe63z,user1,ই,train,2,2
20260705_210817_cpe63z__outer02__inner02__aug03,20260705_210817_cpe63z,user1,ই,train,2,2
20260705_210847_8d63gb__outer02__inner02__aug01,20260705_210847_8d63gb,user1,ই,train,2,2
20260705_210847_8d63gb__outer02__inner02__aug02,20260705_210847_8d63gb,user1,ই,train,2,2
20260705_210847_8d63gb__outer02__inner02__aug03,20260705_210847_8d63gb,user1,ই,train,2,2
20260705_210914_6z0wyv__outer02__inner02__aug01,20260705_210914_6z0wyv,user1,ই,train,2,2
20260705_210914_6z0wyv__outer02__inner02__aug02,20260705_210914_6z0wyv,user1,ই,train,2,2
20260705_210914_6z0wyv__outer02__inner02__aug03,20260705_210914_6z0wyv,user1,ই,train,2,2
20260705_211104_cee4mp__outer02__inner02__aug01,20260705_211104_cee4mp,user1,ই,train,2,2
20260705_211104_cee4mp__outer02__inner02__aug02,20260705_211104_cee4mp,user1,ই,train,2,2
20260705_211104_cee4mp__outer02__inner02__aug03,20260705_211104_cee4mp,user1,ই,train,2,2
20260705_211129_q9xd7j__outer02__inner02__aug01,20260705_211129_q9xd7j,user1,ই,train,2,2
20260705_211129_q9xd7j__outer02__inner02__aug02,20260705_211129_q9xd7j,user1,ই,train,2,2
20260705_211129_q9xd7j__outer02__inner02__aug03,20260705_211129_q9xd7j,user1,ই,train,2,2
20260705_211202_fwdefr__outer02__inner02__aug01,20260705_211202_fwdefr,user1,ই,train,2,2
20260705_211202_fwdefr__outer02__inner02__aug02,20260705_211202_fwdefr,user1,ই,train,2,2
20260705_211202_fwdefr__outer02__inner02__aug03,20260705_211202_fwdefr,user1,ই,train,2,2
20260705_211229_nco6f5__outer02__inner02__aug01,20260705_211229_nco6f5,user1,ই,train,2,2
20260705_211229_nco6f5__outer02__inner02__aug02,20260705_211229_nco6f5,user1,ই,train,2,2
20260705_211229_nco6f5__outer02__inner02__aug03,20260705_211229_nco6f5,user1,ই,train,2,2
20260705_211257_5zxk15__outer02__inner02__aug01,20260705_211257_5zxk15,user1,ই,train,2,2
20260705_211257_5zxk15__outer02__inner02__aug02,20260705_211257_5zxk15,user1,ই,train,2,2
20260705_211257_5zxk15__outer02__inner02__aug03,20260705_211257_5zxk15,user1,ই,train,2,2
20260705_211324_69n6hy__outer02__inner02__aug01,20260705_211324_69n6hy,user1,ই,train,2,2
20260705_211324_69n6hy__outer02__inner02__aug02,20260705_211324_69n6hy,user1,ই,train,2,2
20260705_211324_69n6hy__outer02__inner02__aug03,20260705_211324_69n6hy,user1,ই,train,2,2
20260705_213721_6edrqn__outer02__inner02__aug01,20260705_213721_6edrqn,user1,ঈ,train,2,2
20260705_213721_6edrqn__outer02__inner02__aug02,20260705_213721_6edrqn,user1,ঈ,train,2,2
20260705_213721_6edrqn__outer02__inner02__aug03,20260705_213721_6edrqn,user1,ঈ,train,2,2
20260705_213804_scynf9__outer02__inner02__aug01,20260705_213804_scynf9,user1,ঈ,train,2,2
20260705_213804_scynf9__outer02__inner02__aug02,20260705_213804_scynf9,user1,ঈ,train,2,2
20260705_213804_scynf9__outer02__inner02__aug03,20260705_213804_scynf9,user1,ঈ,train,2,2
20260705_213852_tuebtl__outer02__inner02__aug01,20260705_213852_tuebtl,user1,ঈ,train,2,2
20260705_213852_tuebtl__outer02__inner02__aug02,20260705_213852_tuebtl,user1,ঈ,train,2,2
20260705_213852_tuebtl__outer02__inner02__aug03,20260705_213852_tuebtl,user1,ঈ,train,2,2
20260705_213943_7qqvt7__outer02__inner02__aug01,20260705_213943_7qqvt7,user1,ঈ,train,2,2
20260705_213943_7qqvt7__outer02__inner02__aug02,20260705_213943_7qqvt7,user1,ঈ,train,2,2
20260705_213943_7qqvt7__outer02__inner02__aug03,20260705_213943_7qqvt7,user1,ঈ,train,2,2
20260705_214029_z7ddbl__outer02__inner02__aug01,20260705_214029_z7ddbl,user1,ঈ,train,2,2
20260705_214029_z7ddbl__outer02__inner02__aug02,20260705_214029_z7ddbl,user1,ঈ,train,2,2
20260705_214029_z7ddbl__outer02__inner02__aug03,20260705_214029_z7ddbl,user1,ঈ,train,2,2
20260705_214107_b894ld__outer02__inner02__aug01,20260705_214107_b894ld,user1,ঈ,train,2,2
20260705_214107_b894ld__outer02__inner02__aug02,20260705_214107_b894ld,user1,ঈ,train,2,2
20260705_214107_b894ld__outer02__inner02__aug03,20260705_214107_b894ld,user1,ঈ,train,2,2
20260705_215457_yruoxw__outer02__inner02__aug01,20260705_215457_yruoxw,user1,ঈ,train,2,2
20260705_215457_yruoxw__outer02__inner02__aug02,20260705_215457_yruoxw,user1,ঈ,train,2,2
20260705_215457_yruoxw__outer02__inner02__aug03,20260705_215457_yruoxw,user1,ঈ,train,2,2
20260705_215539_dr61qv__outer02__inner02__aug01,20260705_215539_dr61qv,user1,ঈ,train,2,2
20260705_215539_dr61qv__outer02__inner02__aug02,20260705_215539_dr61qv,user1,ঈ,train,2,2
20260705_215539_dr61qv__outer02__inner02__aug03,20260705_215539_dr61qv,user1,ঈ,train,2,2
20260705_215654_07cd7w__outer02__inner02__aug01,20260705_215654_07cd7w,user1,ঈ,train,2,2
20260705_215654_07cd7w__outer02__inner02__aug02,20260705_215654_07cd7w,user1,ঈ,train,2,2
20260705_215654_07cd7w__outer02__inner02__aug03,20260705_215654_07cd7w,user1,ঈ,train,2,2
20260705_215745_i5n9h7__outer02__inner02__aug01,20260705_215745_i5n9h7,user1,ঈ,train,2,2
20260705_215745_i5n9h7__outer02__inner02__aug02,20260705_215745_i5n9h7,user1,ঈ,train,2,2
20260705_215745_i5n9h7__outer02__inner02__aug03,20260705_215745_i5n9h7,user1,ঈ,train,2,2
20260711_211455_ab7vb3__outer02__inner02__aug01,20260711_211455_ab7vb3,user4,অ,train,2,2
20260711_211455_ab7vb3__outer02__inner02__aug02,20260711_211455_ab7vb3,user4,অ,train,2,2
20260711_211455_ab7vb3__outer02__inner02__aug03,20260711_211455_ab7vb3,user4,অ,train,2,2
20260711_214733_y28o8p__outer02__inner02__aug01,20260711_214733_y28o8p,user4,অ,train,2,2
20260711_214733_y28o8p__outer02__inner02__aug02,20260711_214733_y28o8p,user4,অ,train,2,2
20260711_214733_y28o8p__outer02__inner02__aug03,20260711_214733_y28o8p,user4,অ,train,2,2
20260711_214747_h8ad4n__outer02__inner02__aug01,20260711_214747_h8ad4n,user4,অ,train,2,2
20260711_214747_h8ad4n__outer02__inner02__aug02,20260711_214747_h8ad4n,user4,অ,train,2,2
20260711_214747_h8ad4n__outer02__inner02__aug03,20260711_214747_h8ad4n,user4,অ,train,2,2
20260711_214802_iotb3d__outer02__inner02__aug01,20260711_214802_iotb3d,user4,অ,train,2,2
20260711_214802_iotb3d__outer02__inner02__aug02,20260711_214802_iotb3d,user4,অ,train,2,2
20260711_214802_iotb3d__outer02__inner02__aug03,20260711_214802_iotb3d,user4,অ,train,2,2
20260711_214818_1kqyjw__outer02__inner02__aug01,20260711_214818_1kqyjw,user4,অ,train,2,2
20260711_214818_1kqyjw__outer02__inner02__aug02,20260711_214818_1kqyjw,user4,অ,train,2,2
20260711_214818_1kqyjw__outer02__inner02__aug03,20260711_214818_1kqyjw,user4,অ,train,2,2
20260711_214838_nmfk2j__outer02__inner02__aug01,20260711_214838_nmfk2j,user4,অ,train,2,2
20260711_214838_nmfk2j__outer02__inner02__aug02,20260711_214838_nmfk2j,user4,অ,train,2,2
20260711_214838_nmfk2j__outer02__inner02__aug03,20260711_214838_nmfk2j,user4,অ,train,2,2
20260711_214856_wh1jdl__outer02__inner02__aug01,20260711_214856_wh1jdl,user4,অ,train,2,2
20260711_214856_wh1jdl__outer02__inner02__aug02,20260711_214856_wh1jdl,user4,অ,train,2,2
20260711_214856_wh1jdl__outer02__inner02__aug03,20260711_214856_wh1jdl,user4,অ,train,2,2
20260711_214912_5jyzoq__outer02__inner02__aug01,20260711_214912_5jyzoq,user4,অ,train,2,2
20260711_214912_5jyzoq__outer02__inner02__aug02,20260711_214912_5jyzoq,user4,অ,train,2,2
20260711_214912_5jyzoq__outer02__inner02__aug03,20260711_214912_5jyzoq,user4,অ,train,2,2
20260711_215025_9ahjj1__outer02__inner02__aug01,20260711_215025_9ahjj1,user4,অ,train,2,2
20260711_215025_9ahjj1__outer02__inner02__aug02,20260711_215025_9ahjj1,user4,অ,train,2,2
20260711_215025_9ahjj1__outer02__inner02__aug03,20260711_215025_9ahjj1,user4,অ,train,2,2
20260711_215040_totmvz__outer02__inner02__aug01,20260711_215040_totmvz,user4,অ,train,2,2
20260711_215040_totmvz__outer02__inner02__aug02,20260711_215040_totmvz,user4,অ,train,2,2
20260711_215040_totmvz__outer02__inner02__aug03,20260711_215040_totmvz,user4,অ,train,2,2
20260711_215057_m3q3bw__outer02__inner02__aug01,20260711_215057_m3q3bw,user4,অ,train,2,2
20260711_215057_m3q3bw__outer02__inner02__aug02,20260711_215057_m3q3bw,user4,অ,train,2,2
20260711_215057_m3q3bw__outer02__inner02__aug03,20260711_215057_m3q3bw,user4,অ,train,2,2
20260711_215120_wa3iw4__outer02__inner02__aug01,20260711_215120_wa3iw4,user4,অ,train,2,2
20260711_215120_wa3iw4__outer02__inner02__aug02,20260711_215120_wa3iw4,user4,অ,train,2,2
20260711_215120_wa3iw4__outer02__inner02__aug03,20260711_215120_wa3iw4,user4,অ,train,2,2
20260711_215140_jzmdn9__outer02__inner02__aug01,20260711_215140_jzmdn9,user4,অ,train,2,2
20260711_215140_jzmdn9__outer02__inner02__aug02,20260711_215140_jzmdn9,user4,অ,train,2,2
20260711_215140_jzmdn9__outer02__inner02__aug03,20260711_215140_jzmdn9,user4,অ,train,2,2
20260711_215153_8dj6mi__outer02__inner02__aug01,20260711_215153_8dj6mi,user4,অ,train,2,2
20260711_215153_8dj6mi__outer02__inner02__aug02,20260711_215153_8dj6mi,user4,অ,train,2,2
20260711_215153_8dj6mi__outer02__inner02__aug03,20260711_215153_8dj6mi,user4,অ,train,2,2
20260711_215210_14cuph__outer02__inner02__aug01,20260711_215210_14cuph,user4,অ,train,2,2
20260711_215210_14cuph__outer02__inner02__aug02,20260711_215210_14cuph,user4,অ,train,2,2
20260711_215210_14cuph__outer02__inner02__aug03,20260711_215210_14cuph,user4,অ,train,2,2
20260711_215224_s1nefb__outer02__inner02__aug01,20260711_215224_s1nefb,user4,অ,train,2,2
20260711_215224_s1nefb__outer02__inner02__aug02,20260711_215224_s1nefb,user4,অ,train,2,2
20260711_215224_s1nefb__outer02__inner02__aug03,20260711_215224_s1nefb,user4,অ,train,2,2
20260711_211553_8q738s__outer02__inner02__aug01,20260711_211553_8q738s,user4,আ,train,2,2
20260711_211553_8q738s__outer02__inner02__aug02,20260711_211553_8q738s,user4,আ,train,2,2
20260711_211553_8q738s__outer02__inner02__aug03,20260711_211553_8q738s,user4,আ,train,2,2
20260711_215326_rdw0i7__outer02__inner02__aug01,20260711_215326_rdw0i7,user4,আ,train,2,2
20260711_215326_rdw0i7__outer02__inner02__aug02,20260711_215326_rdw0i7,user4,আ,train,2,2
20260711_215326_rdw0i7__outer02__inner02__aug03,20260711_215326_rdw0i7,user4,আ,train,2,2
20260711_215355_gtir0d__outer02__inner02__aug01,20260711_215355_gtir0d,user4,আ,train,2,2
20260711_215355_gtir0d__outer02__inner02__aug02,20260711_215355_gtir0d,user4,আ,train,2,2
20260711_215355_gtir0d__outer02__inner02__aug03,20260711_215355_gtir0d,user4,আ,train,2,2
20260711_215413_4z3pac__outer02__inner02__aug01,20260711_215413_4z3pac,user4,আ,train,2,2
20260711_215413_4z3pac__outer02__inner02__aug02,20260711_215413_4z3pac,user4,আ,train,2,2
20260711_215413_4z3pac__outer02__inner02__aug03,20260711_215413_4z3pac,user4,আ,train,2,2
20260711_215505_noe4fp__outer02__inner02__aug01,20260711_215505_noe4fp,user4,আ,train,2,2
20260711_215505_noe4fp__outer02__inner02__aug02,20260711_215505_noe4fp,user4,আ,train,2,2
20260711_215505_noe4fp__outer02__inner02__aug03,20260711_215505_noe4fp,user4,আ,train,2,2
20260711_215527_oaoi6c__outer02__inner02__aug01,20260711_215527_oaoi6c,user4,আ,train,2,2
20260711_215527_oaoi6c__outer02__inner02__aug02,20260711_215527_oaoi6c,user4,আ,train,2,2
20260711_215527_oaoi6c__outer02__inner02__aug03,20260711_215527_oaoi6c,user4,আ,train,2,2
20260711_215554_41w3p4__outer02__inner02__aug01,20260711_215554_41w3p4,user4,আ,train,2,2
20260711_215554_41w3p4__outer02__inner02__aug02,20260711_215554_41w3p4,user4,আ,train,2,2
20260711_215554_41w3p4__outer02__inner02__aug03,20260711_215554_41w3p4,user4,আ,train,2,2
20260711_215623_q6sua3__outer02__inner02__aug01,20260711_215623_q6sua3,user4,আ,train,2,2
20260711_215623_q6sua3__outer02__inner02__aug02,20260711_215623_q6sua3,user4,আ,train,2,2
20260711_215623_q6sua3__outer02__inner02__aug03,20260711_215623_q6sua3,user4,আ,train,2,2
20260711_215646_y25z4x__outer02__inner02__aug01,20260711_215646_y25z4x,user4,আ,train,2,2
20260711_215646_y25z4x__outer02__inner02__aug02,20260711_215646_y25z4x,user4,আ,train,2,2
20260711_215646_y25z4x__outer02__inner02__aug03,20260711_215646_y25z4x,user4,আ,train,2,2
20260711_215701_i0we24__outer02__inner02__aug01,20260711_215701_i0we24,user4,আ,train,2,2
20260711_215701_i0we24__outer02__inner02__aug02,20260711_215701_i0we24,user4,আ,train,2,2
20260711_215701_i0we24__outer02__inner02__aug03,20260711_215701_i0we24,user4,আ,train,2,2
20260711_215719_fym8k2__outer02__inner02__aug01,20260711_215719_fym8k2,user4,আ,train,2,2
20260711_215719_fym8k2__outer02__inner02__aug02,20260711_215719_fym8k2,user4,আ,train,2,2
20260711_215719_fym8k2__outer02__inner02__aug03,20260711_215719_fym8k2,user4,আ,train,2,2
20260711_215732_e3wli4__outer02__inner02__aug01,20260711_215732_e3wli4,user4,আ,train,2,2
20260711_215732_e3wli4__outer02__inner02__aug02,20260711_215732_e3wli4,user4,আ,train,2,2
20260711_215732_e3wli4__outer02__inner02__aug03,20260711_215732_e3wli4,user4,আ,train,2,2
20260711_215746_pw5glc__outer02__inner02__aug01,20260711_215746_pw5glc,user4,আ,train,2,2
20260711_215746_pw5glc__outer02__inner02__aug02,20260711_215746_pw5glc,user4,আ,train,2,2
20260711_215746_pw5glc__outer02__inner02__aug03,20260711_215746_pw5glc,user4,আ,train,2,2
20260711_215803_gtb1nz__outer02__inner02__aug01,20260711_215803_gtb1nz,user4,আ,train,2,2
20260711_215803_gtb1nz__outer02__inner02__aug02,20260711_215803_gtb1nz,user4,আ,train,2,2
20260711_215803_gtb1nz__outer02__inner02__aug03,20260711_215803_gtb1nz,user4,আ,train,2,2
20260711_215826_09me7o__outer02__inner02__aug01,20260711_215826_09me7o,user4,আ,train,2,2
20260711_215826_09me7o__outer02__inner02__aug02,20260711_215826_09me7o,user4,আ,train,2,2
20260711_215826_09me7o__outer02__inner02__aug03,20260711_215826_09me7o,user4,আ,train,2,2
20260711_215850_2a6qfe__outer02__inner02__aug01,20260711_215850_2a6qfe,user4,আ,train,2,2
20260711_215850_2a6qfe__outer02__inner02__aug02,20260711_215850_2a6qfe,user4,আ,train,2,2
20260711_215850_2a6qfe__outer02__inner02__aug03,20260711_215850_2a6qfe,user4,আ,train,2,2
20260711_211613_pni7yl__outer02__inner02__aug01,20260711_211613_pni7yl,user4,ই,train,2,2
20260711_211613_pni7yl__outer02__inner02__aug02,20260711_211613_pni7yl,user4,ই,train,2,2
20260711_211613_pni7yl__outer02__inner02__aug03,20260711_211613_pni7yl,user4,ই,train,2,2
20260711_211631_omhqof__outer02__inner02__aug01,20260711_211631_omhqof,user4,ই,train,2,2
20260711_211631_omhqof__outer02__inner02__aug02,20260711_211631_omhqof,user4,ই,train,2,2
20260711_211631_omhqof__outer02__inner02__aug03,20260711_211631_omhqof,user4,ই,train,2,2
20260711_215916_5xq3ym__outer02__inner02__aug01,20260711_215916_5xq3ym,user4,ই,train,2,2
20260711_215916_5xq3ym__outer02__inner02__aug02,20260711_215916_5xq3ym,user4,ই,train,2,2
20260711_215916_5xq3ym__outer02__inner02__aug03,20260711_215916_5xq3ym,user4,ই,train,2,2
20260711_215928_ckxbi5__outer02__inner02__aug01,20260711_215928_ckxbi5,user4,ই,train,2,2
20260711_215928_ckxbi5__outer02__inner02__aug02,20260711_215928_ckxbi5,user4,ই,train,2,2
20260711_215928_ckxbi5__outer02__inner02__aug03,20260711_215928_ckxbi5,user4,ই,train,2,2
20260711_215945_ovgs11__outer02__inner02__aug01,20260711_215945_ovgs11,user4,ই,train,2,2
20260711_215945_ovgs11__outer02__inner02__aug02,20260711_215945_ovgs11,user4,ই,train,2,2
20260711_215945_ovgs11__outer02__inner02__aug03,20260711_215945_ovgs11,user4,ই,train,2,2
20260711_215959_axw0jl__outer02__inner02__aug01,20260711_215959_axw0jl,user4,ই,train,2,2
20260711_215959_axw0jl__outer02__inner02__aug02,20260711_215959_axw0jl,user4,ই,train,2,2
20260711_215959_axw0jl__outer02__inner02__aug03,20260711_215959_axw0jl,user4,ই,train,2,2
20260711_220013_x16qxh__outer02__inner02__aug01,20260711_220013_x16qxh,user4,ই,train,2,2
20260711_220013_x16qxh__outer02__inner02__aug02,20260711_220013_x16qxh,user4,ই,train,2,2
20260711_220013_x16qxh__outer02__inner02__aug03,20260711_220013_x16qxh,user4,ই,train,2,2
20260711_220027_1j40u6__outer02__inner02__aug01,20260711_220027_1j40u6,user4,ই,train,2,2
20260711_220027_1j40u6__outer02__inner02__aug02,20260711_220027_1j40u6,user4,ই,train,2,2
20260711_220027_1j40u6__outer02__inner02__aug03,20260711_220027_1j40u6,user4,ই,train,2,2
20260711_220043_yyhe4o__outer02__inner02__aug01,20260711_220043_yyhe4o,user4,ই,train,2,2
20260711_220043_yyhe4o__outer02__inner02__aug02,20260711_220043_yyhe4o,user4,ই,train,2,2
20260711_220043_yyhe4o__outer02__inner02__aug03,20260711_220043_yyhe4o,user4,ই,train,2,2
20260711_220058_6cy90j__outer02__inner02__aug01,20260711_220058_6cy90j,user4,ই,train,2,2
20260711_220058_6cy90j__outer02__inner02__aug02,20260711_220058_6cy90j,user4,ই,train,2,2
20260711_220058_6cy90j__outer02__inner02__aug03,20260711_220058_6cy90j,user4,ই,train,2,2
20260711_220112_94lc88__outer02__inner02__aug01,20260711_220112_94lc88,user4,ই,train,2,2
20260711_220112_94lc88__outer02__inner02__aug02,20260711_220112_94lc88,user4,ই,train,2,2
20260711_220112_94lc88__outer02__inner02__aug03,20260711_220112_94lc88,user4,ই,train,2,2
20260711_220132_3b6d70__outer02__inner02__aug01,20260711_220132_3b6d70,user4,ই,train,2,2
20260711_220132_3b6d70__outer02__inner02__aug02,20260711_220132_3b6d70,user4,ই,train,2,2
20260711_220132_3b6d70__outer02__inner02__aug03,20260711_220132_3b6d70,user4,ই,train,2,2
20260711_220151_kjuuzh__outer02__inner02__aug01,20260711_220151_kjuuzh,user4,ই,train,2,2
20260711_220151_kjuuzh__outer02__inner02__aug02,20260711_220151_kjuuzh,user4,ই,train,2,2
20260711_220151_kjuuzh__outer02__inner02__aug03,20260711_220151_kjuuzh,user4,ই,train,2,2
20260711_220205_cr3boy__outer02__inner02__aug01,20260711_220205_cr3boy,user4,ই,train,2,2
20260711_220205_cr3boy__outer02__inner02__aug02,20260711_220205_cr3boy,user4,ই,train,2,2
20260711_220205_cr3boy__outer02__inner02__aug03,20260711_220205_cr3boy,user4,ই,train,2,2
20260711_220217_85rgxu__outer02__inner02__aug01,20260711_220217_85rgxu,user4,ই,train,2,2
20260711_220217_85rgxu__outer02__inner02__aug02,20260711_220217_85rgxu,user4,ই,train,2,2
20260711_220217_85rgxu__outer02__inner02__aug03,20260711_220217_85rgxu,user4,ই,train,2,2
20260711_220235_4uai7u__outer02__inner02__aug01,20260711_220235_4uai7u,user4,ই,train,2,2
20260711_220235_4uai7u__outer02__inner02__aug02,20260711_220235_4uai7u,user4,ই,train,2,2
20260711_220235_4uai7u__outer02__inner02__aug03,20260711_220235_4uai7u,user4,ই,train,2,2
20260711_220308_e7l7wm__outer02__inner02__aug01,20260711_220308_e7l7wm,user4,ই,train,2,2
20260711_220308_e7l7wm__outer02__inner02__aug02,20260711_220308_e7l7wm,user4,ই,train,2,2
20260711_220308_e7l7wm__outer02__inner02__aug03,20260711_220308_e7l7wm,user4,ই,train,2,2
20260711_220404_itceug__outer02__inner02__aug01,20260711_220404_itceug,user4,ঈ,train,2,2
20260711_220404_itceug__outer02__inner02__aug02,20260711_220404_itceug,user4,ঈ,train,2,2
20260711_220404_itceug__outer02__inner02__aug03,20260711_220404_itceug,user4,ঈ,train,2,2
20260711_220444_r35mfs__outer02__inner02__aug01,20260711_220444_r35mfs,user4,ঈ,train,2,2
20260711_220444_r35mfs__outer02__inner02__aug02,20260711_220444_r35mfs,user4,ঈ,train,2,2
20260711_220444_r35mfs__outer02__inner02__aug03,20260711_220444_r35mfs,user4,ঈ,train,2,2
20260711_220519_ila5ji__outer02__inner02__aug01,20260711_220519_ila5ji,user4,ঈ,train,2,2
20260711_220519_ila5ji__outer02__inner02__aug02,20260711_220519_ila5ji,user4,ঈ,train,2,2
20260711_220519_ila5ji__outer02__inner02__aug03,20260711_220519_ila5ji,user4,ঈ,train,2,2
20260711_220543_7o5bd0__outer02__inner02__aug01,20260711_220543_7o5bd0,user4,ঈ,train,2,2
20260711_220543_7o5bd0__outer02__inner02__aug02,20260711_220543_7o5bd0,user4,ঈ,train,2,2
20260711_220543_7o5bd0__outer02__inner02__aug03,20260711_220543_7o5bd0,user4,ঈ,train,2,2
20260711_220606_essesa__outer02__inner02__aug01,20260711_220606_essesa,user4,ঈ,train,2,2
20260711_220606_essesa__outer02__inner02__aug02,20260711_220606_essesa,user4,ঈ,train,2,2
20260711_220606_essesa__outer02__inner02__aug03,20260711_220606_essesa,user4,ঈ,train,2,2
20260711_220641_ufswp1__outer02__inner02__aug01,20260711_220641_ufswp1,user4,ঈ,train,2,2
20260711_220641_ufswp1__outer02__inner02__aug02,20260711_220641_ufswp1,user4,ঈ,train,2,2
20260711_220641_ufswp1__outer02__inner02__aug03,20260711_220641_ufswp1,user4,ঈ,train,2,2
20260711_220701_y1rftt__outer02__inner02__aug01,20260711_220701_y1rftt,user4,ঈ,train,2,2
20260711_220701_y1rftt__outer02__inner02__aug02,20260711_220701_y1rftt,user4,ঈ,train,2,2
20260711_220701_y1rftt__outer02__inner02__aug03,20260711_220701_y1rftt,user4,ঈ,train,2,2
20260711_220721_h9k2mi__outer02__inner02__aug01,20260711_220721_h9k2mi,user4,ঈ,train,2,2
20260711_220721_h9k2mi__outer02__inner02__aug02,20260711_220721_h9k2mi,user4,ঈ,train,2,2
20260711_220721_h9k2mi__outer02__inner02__aug03,20260711_220721_h9k2mi,user4,ঈ,train,2,2
20260711_220738_j2qzn6__outer02__inner02__aug01,20260711_220738_j2qzn6,user4,ঈ,train,2,2
20260711_220738_j2qzn6__outer02__inner02__aug02,20260711_220738_j2qzn6,user4,ঈ,train,2,2
20260711_220738_j2qzn6__outer02__inner02__aug03,20260711_220738_j2qzn6,user4,ঈ,train,2,2
20260711_220751_axw80l__outer02__inner02__aug01,20260711_220751_axw80l,user4,ঈ,train,2,2
20260711_220751_axw80l__outer02__inner02__aug02,20260711_220751_axw80l,user4,ঈ,train,2,2
20260711_220751_axw80l__outer02__inner02__aug03,20260711_220751_axw80l,user4,ঈ,train,2,2
20260711_220807_mldxj2__outer02__inner02__aug01,20260711_220807_mldxj2,user4,ঈ,train,2,2
20260711_220807_mldxj2__outer02__inner02__aug02,20260711_220807_mldxj2,user4,ঈ,train,2,2
20260711_220807_mldxj2__outer02__inner02__aug03,20260711_220807_mldxj2,user4,ঈ,train,2,2
20260711_220822_wgaxvc__outer02__inner02__aug01,20260711_220822_wgaxvc,user4,ঈ,train,2,2
20260711_220822_wgaxvc__outer02__inner02__aug02,20260711_220822_wgaxvc,user4,ঈ,train,2,2
20260711_220822_wgaxvc__outer02__inner02__aug03,20260711_220822_wgaxvc,user4,ঈ,train,2,2
20260711_220837_dby4gx__outer02__inner02__aug01,20260711_220837_dby4gx,user4,ঈ,train,2,2
20260711_220837_dby4gx__outer02__inner02__aug02,20260711_220837_dby4gx,user4,ঈ,train,2,2
20260711_220837_dby4gx__outer02__inner02__aug03,20260711_220837_dby4gx,user4,ঈ,train,2,2
20260711_220850_xo5kch__outer02__inner02__aug01,20260711_220850_xo5kch,user4,ঈ,train,2,2
20260711_220850_xo5kch__outer02__inner02__aug02,20260711_220850_xo5kch,user4,ঈ,train,2,2
20260711_220850_xo5kch__outer02__inner02__aug03,20260711_220850_xo5kch,user4,ঈ,train,2,2
20260711_220906_ehc737__outer02__inner02__aug01,20260711_220906_ehc737,user4,ঈ,train,2,2
20260711_220906_ehc737__outer02__inner02__aug02,20260711_220906_ehc737,user4,ঈ,train,2,2
20260711_220906_ehc737__outer02__inner02__aug03,20260711_220906_ehc737,user4,ঈ,train,2,2
20260711_220930_a944cy__outer03__inner00__aug01,20260711_220930_a944cy,for_bonhi,ঔ,train,3,0
20260711_220930_a944cy__outer03__inner00__aug02,20260711_220930_a944cy,for_bonhi,ঔ,train,3,0
20260711_220930_a944cy__outer03__inner00__aug03,20260711_220930_a944cy,for_bonhi,ঔ,train,3,0
20260703_231939_jmltkn__outer03__inner00__aug01,20260703_231939_jmltkn,user1,অ,train,3,0
20260703_231939_jmltkn__outer03__inner00__aug02,20260703_231939_jmltkn,user1,অ,train,3,0
20260703_231939_jmltkn__outer03__inner00__aug03,20260703_231939_jmltkn,user1,অ,train,3,0
20260704_230134_0i7e7o__outer03__inner00__aug01,20260704_230134_0i7e7o,user1,অ,train,3,0
20260704_230134_0i7e7o__outer03__inner00__aug02,20260704_230134_0i7e7o,user1,অ,train,3,0
20260704_230134_0i7e7o__outer03__inner00__aug03,20260704_230134_0i7e7o,user1,অ,train,3,0
20260704_230207_s0bru0__outer03__inner00__aug01,20260704_230207_s0bru0,user1,অ,train,3,0
20260704_230207_s0bru0__outer03__inner00__aug02,20260704_230207_s0bru0,user1,অ,train,3,0
20260704_230207_s0bru0__outer03__inner00__aug03,20260704_230207_s0bru0,user1,অ,train,3,0
20260704_230243_20ggrl__outer03__inner00__aug01,20260704_230243_20ggrl,user1,অ,train,3,0
20260704_230243_20ggrl__outer03__inner00__aug02,20260704_230243_20ggrl,user1,অ,train,3,0
20260704_230243_20ggrl__outer03__inner00__aug03,20260704_230243_20ggrl,user1,অ,train,3,0
20260704_230314_biogka__outer03__inner00__aug01,20260704_230314_biogka,user1,অ,train,3,0
20260704_230314_biogka__outer03__inner00__aug02,20260704_230314_biogka,user1,অ,train,3,0
20260704_230314_biogka__outer03__inner00__aug03,20260704_230314_biogka,user1,অ,train,3,0
20260704_230343_z76un4__outer03__inner00__aug01,20260704_230343_z76un4,user1,অ,train,3,0
20260704_230343_z76un4__outer03__inner00__aug02,20260704_230343_z76un4,user1,অ,train,3,0
20260704_230343_z76un4__outer03__inner00__aug03,20260704_230343_z76un4,user1,অ,train,3,0
20260704_230438_1by20a__outer03__inner00__aug01,20260704_230438_1by20a,user1,অ,train,3,0
20260704_230438_1by20a__outer03__inner00__aug02,20260704_230438_1by20a,user1,অ,train,3,0
20260704_230438_1by20a__outer03__inner00__aug03,20260704_230438_1by20a,user1,অ,train,3,0
20260704_230508_zz8agk__outer03__inner00__aug01,20260704_230508_zz8agk,user1,অ,train,3,0
20260704_230508_zz8agk__outer03__inner00__aug02,20260704_230508_zz8agk,user1,অ,train,3,0
20260704_230508_zz8agk__outer03__inner00__aug03,20260704_230508_zz8agk,user1,অ,train,3,0
20260704_230530_8783vw__outer03__inner00__aug01,20260704_230530_8783vw,user1,অ,train,3,0
20260704_230530_8783vw__outer03__inner00__aug02,20260704_230530_8783vw,user1,অ,train,3,0
20260704_230530_8783vw__outer03__inner00__aug03,20260704_230530_8783vw,user1,অ,train,3,0
20260704_230601_9fuwl5__outer03__inner00__aug01,20260704_230601_9fuwl5,user1,অ,train,3,0
20260704_230601_9fuwl5__outer03__inner00__aug02,20260704_230601_9fuwl5,user1,অ,train,3,0
20260704_230601_9fuwl5__outer03__inner00__aug03,20260704_230601_9fuwl5,user1,অ,train,3,0
20260704_230631_iep9zz__outer03__inner00__aug01,20260704_230631_iep9zz,user1,অ,train,3,0
20260704_230631_iep9zz__outer03__inner00__aug02,20260704_230631_iep9zz,user1,অ,train,3,0
20260704_230631_iep9zz__outer03__inner00__aug03,20260704_230631_iep9zz,user1,অ,train,3,0
20260709_222041_giojuy__outer03__inner00__aug01,20260709_222041_giojuy,user1,অ,train,3,0
20260709_222041_giojuy__outer03__inner00__aug02,20260709_222041_giojuy,user1,অ,train,3,0
20260709_222041_giojuy__outer03__inner00__aug03,20260709_222041_giojuy,user1,অ,train,3,0
20260704_230720_4nlmlz__outer03__inner00__aug01,20260704_230720_4nlmlz,user1,আ,train,3,0
20260704_230720_4nlmlz__outer03__inner00__aug02,20260704_230720_4nlmlz,user1,আ,train,3,0
20260704_230720_4nlmlz__outer03__inner00__aug03,20260704_230720_4nlmlz,user1,আ,train,3,0
20260704_230748_cofjqd__outer03__inner00__aug01,20260704_230748_cofjqd,user1,আ,train,3,0
20260704_230748_cofjqd__outer03__inner00__aug02,20260704_230748_cofjqd,user1,আ,train,3,0
20260704_230748_cofjqd__outer03__inner00__aug03,20260704_230748_cofjqd,user1,আ,train,3,0
20260704_230823_p4djtm__outer03__inner00__aug01,20260704_230823_p4djtm,user1,আ,train,3,0
20260704_230823_p4djtm__outer03__inner00__aug02,20260704_230823_p4djtm,user1,আ,train,3,0
20260704_230823_p4djtm__outer03__inner00__aug03,20260704_230823_p4djtm,user1,আ,train,3,0
20260704_230900_jm6b9y__outer03__inner00__aug01,20260704_230900_jm6b9y,user1,আ,train,3,0
20260704_230900_jm6b9y__outer03__inner00__aug02,20260704_230900_jm6b9y,user1,আ,train,3,0
20260704_230900_jm6b9y__outer03__inner00__aug03,20260704_230900_jm6b9y,user1,আ,train,3,0
20260704_230941_ogdcp4__outer03__inner00__aug01,20260704_230941_ogdcp4,user1,আ,train,3,0
20260704_230941_ogdcp4__outer03__inner00__aug02,20260704_230941_ogdcp4,user1,আ,train,3,0
20260704_230941_ogdcp4__outer03__inner00__aug03,20260704_230941_ogdcp4,user1,আ,train,3,0
20260704_231010_4ha6y7__outer03__inner00__aug01,20260704_231010_4ha6y7,user1,আ,train,3,0
20260704_231010_4ha6y7__outer03__inner00__aug02,20260704_231010_4ha6y7,user1,আ,train,3,0
20260704_231010_4ha6y7__outer03__inner00__aug03,20260704_231010_4ha6y7,user1,আ,train,3,0
20260728_232136_0wkg0v__outer03__inner00__aug01,20260728_232136_0wkg0v,user1,আ,train,3,0
20260728_232136_0wkg0v__outer03__inner00__aug02,20260728_232136_0wkg0v,user1,আ,train,3,0
20260728_232136_0wkg0v__outer03__inner00__aug03,20260728_232136_0wkg0v,user1,আ,train,3,0
20260728_232203_7c77zv__outer03__inner00__aug01,20260728_232203_7c77zv,user1,আ,train,3,0
20260728_232203_7c77zv__outer03__inner00__aug02,20260728_232203_7c77zv,user1,আ,train,3,0
20260728_232203_7c77zv__outer03__inner00__aug03,20260728_232203_7c77zv,user1,আ,train,3,0
20260728_232238_kgwkds__outer03__inner00__aug01,20260728_232238_kgwkds,user1,আ,train,3,0
20260728_232238_kgwkds__outer03__inner00__aug02,20260728_232238_kgwkds,user1,আ,train,3,0
20260728_232238_kgwkds__outer03__inner00__aug03,20260728_232238_kgwkds,user1,আ,train,3,0
20260728_232316_s2ep8l__outer03__inner00__aug01,20260728_232316_s2ep8l,user1,আ,train,3,0
20260728_232316_s2ep8l__outer03__inner00__aug02,20260728_232316_s2ep8l,user1,আ,train,3,0
20260728_232316_s2ep8l__outer03__inner00__aug03,20260728_232316_s2ep8l,user1,আ,train,3,0
20260705_210750_hp0ub6__outer03__inner00__aug01,20260705_210750_hp0ub6,user1,ই,train,3,0
20260705_210750_hp0ub6__outer03__inner00__aug02,20260705_210750_hp0ub6,user1,ই,train,3,0
20260705_210750_hp0ub6__outer03__inner00__aug03,20260705_210750_hp0ub6,user1,ই,train,3,0
20260705_210817_cpe63z__outer03__inner00__aug01,20260705_210817_cpe63z,user1,ই,train,3,0
20260705_210817_cpe63z__outer03__inner00__aug02,20260705_210817_cpe63z,user1,ই,train,3,0
20260705_210817_cpe63z__outer03__inner00__aug03,20260705_210817_cpe63z,user1,ই,train,3,0
20260705_210847_8d63gb__outer03__inner00__aug01,20260705_210847_8d63gb,user1,ই,train,3,0
20260705_210847_8d63gb__outer03__inner00__aug02,20260705_210847_8d63gb,user1,ই,train,3,0
20260705_210847_8d63gb__outer03__inner00__aug03,20260705_210847_8d63gb,user1,ই,train,3,0
20260705_210914_6z0wyv__outer03__inner00__aug01,20260705_210914_6z0wyv,user1,ই,train,3,0
20260705_210914_6z0wyv__outer03__inner00__aug02,20260705_210914_6z0wyv,user1,ই,train,3,0
20260705_210914_6z0wyv__outer03__inner00__aug03,20260705_210914_6z0wyv,user1,ই,train,3,0
20260705_211104_cee4mp__outer03__inner00__aug01,20260705_211104_cee4mp,user1,ই,train,3,0
20260705_211104_cee4mp__outer03__inner00__aug02,20260705_211104_cee4mp,user1,ই,train,3,0
20260705_211104_cee4mp__outer03__inner00__aug03,20260705_211104_cee4mp,user1,ই,train,3,0
20260705_211129_q9xd7j__outer03__inner00__aug01,20260705_211129_q9xd7j,user1,ই,train,3,0
20260705_211129_q9xd7j__outer03__inner00__aug02,20260705_211129_q9xd7j,user1,ই,train,3,0
20260705_211129_q9xd7j__outer03__inner00__aug03,20260705_211129_q9xd7j,user1,ই,train,3,0
20260705_211202_fwdefr__outer03__inner00__aug01,20260705_211202_fwdefr,user1,ই,train,3,0
20260705_211202_fwdefr__outer03__inner00__aug02,20260705_211202_fwdefr,user1,ই,train,3,0
20260705_211202_fwdefr__outer03__inner00__aug03,20260705_211202_fwdefr,user1,ই,train,3,0
20260705_211229_nco6f5__outer03__inner00__aug01,20260705_211229_nco6f5,user1,ই,train,3,0
20260705_211229_nco6f5__outer03__inner00__aug02,20260705_211229_nco6f5,user1,ই,train,3,0
20260705_211229_nco6f5__outer03__inner00__aug03,20260705_211229_nco6f5,user1,ই,train,3,0
20260705_211257_5zxk15__outer03__inner00__aug01,20260705_211257_5zxk15,user1,ই,train,3,0
20260705_211257_5zxk15__outer03__inner00__aug02,20260705_211257_5zxk15,user1,ই,train,3,0
20260705_211257_5zxk15__outer03__inner00__aug03,20260705_211257_5zxk15,user1,ই,train,3,0
20260705_211324_69n6hy__outer03__inner00__aug01,20260705_211324_69n6hy,user1,ই,train,3,0
20260705_211324_69n6hy__outer03__inner00__aug02,20260705_211324_69n6hy,user1,ই,train,3,0
20260705_211324_69n6hy__outer03__inner00__aug03,20260705_211324_69n6hy,user1,ই,train,3,0
20260705_213721_6edrqn__outer03__inner00__aug01,20260705_213721_6edrqn,user1,ঈ,train,3,0
20260705_213721_6edrqn__outer03__inner00__aug02,20260705_213721_6edrqn,user1,ঈ,train,3,0
20260705_213721_6edrqn__outer03__inner00__aug03,20260705_213721_6edrqn,user1,ঈ,train,3,0
20260705_213804_scynf9__outer03__inner00__aug01,20260705_213804_scynf9,user1,ঈ,train,3,0
20260705_213804_scynf9__outer03__inner00__aug02,20260705_213804_scynf9,user1,ঈ,train,3,0
20260705_213804_scynf9__outer03__inner00__aug03,20260705_213804_scynf9,user1,ঈ,train,3,0
20260705_213852_tuebtl__outer03__inner00__aug01,20260705_213852_tuebtl,user1,ঈ,train,3,0
20260705_213852_tuebtl__outer03__inner00__aug02,20260705_213852_tuebtl,user1,ঈ,train,3,0
20260705_213852_tuebtl__outer03__inner00__aug03,20260705_213852_tuebtl,user1,ঈ,train,3,0
20260705_213943_7qqvt7__outer03__inner00__aug01,20260705_213943_7qqvt7,user1,ঈ,train,3,0
20260705_213943_7qqvt7__outer03__inner00__aug02,20260705_213943_7qqvt7,user1,ঈ,train,3,0
20260705_213943_7qqvt7__outer03__inner00__aug03,20260705_213943_7qqvt7,user1,ঈ,train,3,0
20260705_214029_z7ddbl__outer03__inner00__aug01,20260705_214029_z7ddbl,user1,ঈ,train,3,0
20260705_214029_z7ddbl__outer03__inner00__aug02,20260705_214029_z7ddbl,user1,ঈ,train,3,0
20260705_214029_z7ddbl__outer03__inner00__aug03,20260705_214029_z7ddbl,user1,ঈ,train,3,0
20260705_214107_b894ld__outer03__inner00__aug01,20260705_214107_b894ld,user1,ঈ,train,3,0
20260705_214107_b894ld__outer03__inner00__aug02,20260705_214107_b894ld,user1,ঈ,train,3,0
20260705_214107_b894ld__outer03__inner00__aug03,20260705_214107_b894ld,user1,ঈ,train,3,0
20260705_215457_yruoxw__outer03__inner00__aug01,20260705_215457_yruoxw,user1,ঈ,train,3,0
20260705_215457_yruoxw__outer03__inner00__aug02,20260705_215457_yruoxw,user1,ঈ,train,3,0
20260705_215457_yruoxw__outer03__inner00__aug03,20260705_215457_yruoxw,user1,ঈ,train,3,0
20260705_215539_dr61qv__outer03__inner00__aug01,20260705_215539_dr61qv,user1,ঈ,train,3,0
20260705_215539_dr61qv__outer03__inner00__aug02,20260705_215539_dr61qv,user1,ঈ,train,3,0
20260705_215539_dr61qv__outer03__inner00__aug03,20260705_215539_dr61qv,user1,ঈ,train,3,0
20260705_215654_07cd7w__outer03__inner00__aug01,20260705_215654_07cd7w,user1,ঈ,train,3,0
20260705_215654_07cd7w__outer03__inner00__aug02,20260705_215654_07cd7w,user1,ঈ,train,3,0
20260705_215654_07cd7w__outer03__inner00__aug03,20260705_215654_07cd7w,user1,ঈ,train,3,0
20260705_215745_i5n9h7__outer03__inner00__aug01,20260705_215745_i5n9h7,user1,ঈ,train,3,0
20260705_215745_i5n9h7__outer03__inner00__aug02,20260705_215745_i5n9h7,user1,ঈ,train,3,0
20260705_215745_i5n9h7__outer03__inner00__aug03,20260705_215745_i5n9h7,user1,ঈ,train,3,0
20260704_232121_lcxi4y__outer03__inner00__aug01,20260704_232121_lcxi4y,user2,অ,train,3,0
20260704_232121_lcxi4y__outer03__inner00__aug02,20260704_232121_lcxi4y,user2,অ,train,3,0
20260704_232121_lcxi4y__outer03__inner00__aug03,20260704_232121_lcxi4y,user2,অ,train,3,0
20260728_232630_znnts0__outer03__inner00__aug01,20260728_232630_znnts0,user2,অ,train,3,0
20260728_232630_znnts0__outer03__inner00__aug02,20260728_232630_znnts0,user2,অ,train,3,0
20260728_232630_znnts0__outer03__inner00__aug03,20260728_232630_znnts0,user2,অ,train,3,0
20260728_232652_hdsmyh__outer03__inner00__aug01,20260728_232652_hdsmyh,user2,অ,train,3,0
20260728_232652_hdsmyh__outer03__inner00__aug02,20260728_232652_hdsmyh,user2,অ,train,3,0
20260728_232652_hdsmyh__outer03__inner00__aug03,20260728_232652_hdsmyh,user2,অ,train,3,0
20260728_232714_hincfq__outer03__inner00__aug01,20260728_232714_hincfq,user2,অ,train,3,0
20260728_232714_hincfq__outer03__inner00__aug02,20260728_232714_hincfq,user2,অ,train,3,0
20260728_232714_hincfq__outer03__inner00__aug03,20260728_232714_hincfq,user2,অ,train,3,0
20260728_232741_j1gvgu__outer03__inner00__aug01,20260728_232741_j1gvgu,user2,অ,train,3,0
20260728_232741_j1gvgu__outer03__inner00__aug02,20260728_232741_j1gvgu,user2,অ,train,3,0
20260728_232741_j1gvgu__outer03__inner00__aug03,20260728_232741_j1gvgu,user2,অ,train,3,0
20260704_232148_mqf5ea__outer03__inner00__aug01,20260704_232148_mqf5ea,user2,আ,train,3,0
20260704_232148_mqf5ea__outer03__inner00__aug02,20260704_232148_mqf5ea,user2,আ,train,3,0
20260704_232148_mqf5ea__outer03__inner00__aug03,20260704_232148_mqf5ea,user2,আ,train,3,0
20260728_232436_9i4gi8__outer03__inner00__aug01,20260728_232436_9i4gi8,user2,আ,train,3,0
20260728_232436_9i4gi8__outer03__inner00__aug02,20260728_232436_9i4gi8,user2,আ,train,3,0
20260728_232436_9i4gi8__outer03__inner00__aug03,20260728_232436_9i4gi8,user2,আ,train,3,0
20260728_232459_m6l3cf__outer03__inner00__aug01,20260728_232459_m6l3cf,user2,আ,train,3,0
20260728_232459_m6l3cf__outer03__inner00__aug02,20260728_232459_m6l3cf,user2,আ,train,3,0
20260728_232459_m6l3cf__outer03__inner00__aug03,20260728_232459_m6l3cf,user2,আ,train,3,0
20260728_232520_l4uaan__outer03__inner00__aug01,20260728_232520_l4uaan,user2,আ,train,3,0
20260728_232520_l4uaan__outer03__inner00__aug02,20260728_232520_l4uaan,user2,আ,train,3,0
20260728_232520_l4uaan__outer03__inner00__aug03,20260728_232520_l4uaan,user2,আ,train,3,0
20260728_232556_dwfz7c__outer03__inner00__aug01,20260728_232556_dwfz7c,user2,আ,train,3,0
20260728_232556_dwfz7c__outer03__inner00__aug02,20260728_232556_dwfz7c,user2,আ,train,3,0
20260728_232556_dwfz7c__outer03__inner00__aug03,20260728_232556_dwfz7c,user2,আ,train,3,0
20260704_232218_jf6rio__outer03__inner00__aug01,20260704_232218_jf6rio,user2,ই,train,3,0
20260704_232218_jf6rio__outer03__inner00__aug02,20260704_232218_jf6rio,user2,ই,train,3,0
20260704_232218_jf6rio__outer03__inner00__aug03,20260704_232218_jf6rio,user2,ই,train,3,0
20260728_232810_781yo6__outer03__inner00__aug01,20260728_232810_781yo6,user2,ই,train,3,0
20260728_232810_781yo6__outer03__inner00__aug02,20260728_232810_781yo6,user2,ই,train,3,0
20260728_232810_781yo6__outer03__inner00__aug03,20260728_232810_781yo6,user2,ই,train,3,0
20260728_232836_pvgrxn__outer03__inner00__aug01,20260728_232836_pvgrxn,user2,ই,train,3,0
20260728_232836_pvgrxn__outer03__inner00__aug02,20260728_232836_pvgrxn,user2,ই,train,3,0
20260728_232836_pvgrxn__outer03__inner00__aug03,20260728_232836_pvgrxn,user2,ই,train,3,0
20260728_233118_pcjncu__outer03__inner00__aug01,20260728_233118_pcjncu,user2,ই,train,3,0
20260728_233118_pcjncu__outer03__inner00__aug02,20260728_233118_pcjncu,user2,ই,train,3,0
20260728_233118_pcjncu__outer03__inner00__aug03,20260728_233118_pcjncu,user2,ই,train,3,0
20260728_233205_n417cm__outer03__inner00__aug01,20260728_233205_n417cm,user2,ই,train,3,0
20260728_233205_n417cm__outer03__inner00__aug02,20260728_233205_n417cm,user2,ই,train,3,0
20260728_233205_n417cm__outer03__inner00__aug03,20260728_233205_n417cm,user2,ই,train,3,0
20260704_232243_1fsapx__outer03__inner00__aug01,20260704_232243_1fsapx,user2,ঈ,train,3,0
20260704_232243_1fsapx__outer03__inner00__aug02,20260704_232243_1fsapx,user2,ঈ,train,3,0
20260704_232243_1fsapx__outer03__inner00__aug03,20260704_232243_1fsapx,user2,ঈ,train,3,0
20260728_233238_q39ioy__outer03__inner00__aug01,20260728_233238_q39ioy,user2,ঈ,train,3,0
20260728_233238_q39ioy__outer03__inner00__aug02,20260728_233238_q39ioy,user2,ঈ,train,3,0
20260728_233238_q39ioy__outer03__inner00__aug03,20260728_233238_q39ioy,user2,ঈ,train,3,0
20260728_233302_e8k0ge__outer03__inner00__aug01,20260728_233302_e8k0ge,user2,ঈ,train,3,0
20260728_233302_e8k0ge__outer03__inner00__aug02,20260728_233302_e8k0ge,user2,ঈ,train,3,0
20260728_233302_e8k0ge__outer03__inner00__aug03,20260728_233302_e8k0ge,user2,ঈ,train,3,0
20260728_233333_nvf18a__outer03__inner00__aug01,20260728_233333_nvf18a,user2,ঈ,train,3,0
20260728_233333_nvf18a__outer03__inner00__aug02,20260728_233333_nvf18a,user2,ঈ,train,3,0
20260728_233333_nvf18a__outer03__inner00__aug03,20260728_233333_nvf18a,user2,ঈ,train,3,0
20260728_233359_9wg8n4__outer03__inner00__aug01,20260728_233359_9wg8n4,user2,ঈ,train,3,0
20260728_233359_9wg8n4__outer03__inner00__aug02,20260728_233359_9wg8n4,user2,ঈ,train,3,0
20260728_233359_9wg8n4__outer03__inner00__aug03,20260728_233359_9wg8n4,user2,ঈ,train,3,0
20260711_220930_a944cy__outer03__inner01__aug01,20260711_220930_a944cy,for_bonhi,ঔ,train,3,1
20260711_220930_a944cy__outer03__inner01__aug02,20260711_220930_a944cy,for_bonhi,ঔ,train,3,1
20260711_220930_a944cy__outer03__inner01__aug03,20260711_220930_a944cy,for_bonhi,ঔ,train,3,1
20260704_232121_lcxi4y__outer03__inner01__aug01,20260704_232121_lcxi4y,user2,অ,train,3,1
20260704_232121_lcxi4y__outer03__inner01__aug02,20260704_232121_lcxi4y,user2,অ,train,3,1
20260704_232121_lcxi4y__outer03__inner01__aug03,20260704_232121_lcxi4y,user2,অ,train,3,1
20260728_232630_znnts0__outer03__inner01__aug01,20260728_232630_znnts0,user2,অ,train,3,1
20260728_232630_znnts0__outer03__inner01__aug02,20260728_232630_znnts0,user2,অ,train,3,1
20260728_232630_znnts0__outer03__inner01__aug03,20260728_232630_znnts0,user2,অ,train,3,1
20260728_232652_hdsmyh__outer03__inner01__aug01,20260728_232652_hdsmyh,user2,অ,train,3,1
20260728_232652_hdsmyh__outer03__inner01__aug02,20260728_232652_hdsmyh,user2,অ,train,3,1
20260728_232652_hdsmyh__outer03__inner01__aug03,20260728_232652_hdsmyh,user2,অ,train,3,1
20260728_232714_hincfq__outer03__inner01__aug01,20260728_232714_hincfq,user2,অ,train,3,1
20260728_232714_hincfq__outer03__inner01__aug02,20260728_232714_hincfq,user2,অ,train,3,1
20260728_232714_hincfq__outer03__inner01__aug03,20260728_232714_hincfq,user2,অ,train,3,1
20260728_232741_j1gvgu__outer03__inner01__aug01,20260728_232741_j1gvgu,user2,অ,train,3,1
20260728_232741_j1gvgu__outer03__inner01__aug02,20260728_232741_j1gvgu,user2,অ,train,3,1
20260728_232741_j1gvgu__outer03__inner01__aug03,20260728_232741_j1gvgu,user2,অ,train,3,1
20260704_232148_mqf5ea__outer03__inner01__aug01,20260704_232148_mqf5ea,user2,আ,train,3,1
20260704_232148_mqf5ea__outer03__inner01__aug02,20260704_232148_mqf5ea,user2,আ,train,3,1
20260704_232148_mqf5ea__outer03__inner01__aug03,20260704_232148_mqf5ea,user2,আ,train,3,1
20260728_232436_9i4gi8__outer03__inner01__aug01,20260728_232436_9i4gi8,user2,আ,train,3,1
20260728_232436_9i4gi8__outer03__inner01__aug02,20260728_232436_9i4gi8,user2,আ,train,3,1
20260728_232436_9i4gi8__outer03__inner01__aug03,20260728_232436_9i4gi8,user2,আ,train,3,1
20260728_232459_m6l3cf__outer03__inner01__aug01,20260728_232459_m6l3cf,user2,আ,train,3,1
20260728_232459_m6l3cf__outer03__inner01__aug02,20260728_232459_m6l3cf,user2,আ,train,3,1
20260728_232459_m6l3cf__outer03__inner01__aug03,20260728_232459_m6l3cf,user2,আ,train,3,1
20260728_232520_l4uaan__outer03__inner01__aug01,20260728_232520_l4uaan,user2,আ,train,3,1
20260728_232520_l4uaan__outer03__inner01__aug02,20260728_232520_l4uaan,user2,আ,train,3,1
20260728_232520_l4uaan__outer03__inner01__aug03,20260728_232520_l4uaan,user2,আ,train,3,1
20260728_232556_dwfz7c__outer03__inner01__aug01,20260728_232556_dwfz7c,user2,আ,train,3,1
20260728_232556_dwfz7c__outer03__inner01__aug02,20260728_232556_dwfz7c,user2,আ,train,3,1
20260728_232556_dwfz7c__outer03__inner01__aug03,20260728_232556_dwfz7c,user2,আ,train,3,1
20260704_232218_jf6rio__outer03__inner01__aug01,20260704_232218_jf6rio,user2,ই,train,3,1
20260704_232218_jf6rio__outer03__inner01__aug02,20260704_232218_jf6rio,user2,ই,train,3,1
20260704_232218_jf6rio__outer03__inner01__aug03,20260704_232218_jf6rio,user2,ই,train,3,1
20260728_232810_781yo6__outer03__inner01__aug01,20260728_232810_781yo6,user2,ই,train,3,1
20260728_232810_781yo6__outer03__inner01__aug02,20260728_232810_781yo6,user2,ই,train,3,1
20260728_232810_781yo6__outer03__inner01__aug03,20260728_232810_781yo6,user2,ই,train,3,1
20260728_232836_pvgrxn__outer03__inner01__aug01,20260728_232836_pvgrxn,user2,ই,train,3,1
20260728_232836_pvgrxn__outer03__inner01__aug02,20260728_232836_pvgrxn,user2,ই,train,3,1
20260728_232836_pvgrxn__outer03__inner01__aug03,20260728_232836_pvgrxn,user2,ই,train,3,1
20260728_233118_pcjncu__outer03__inner01__aug01,20260728_233118_pcjncu,user2,ই,train,3,1
20260728_233118_pcjncu__outer03__inner01__aug02,20260728_233118_pcjncu,user2,ই,train,3,1
20260728_233118_pcjncu__outer03__inner01__aug03,20260728_233118_pcjncu,user2,ই,train,3,1
20260728_233205_n417cm__outer03__inner01__aug01,20260728_233205_n417cm,user2,ই,train,3,1
20260728_233205_n417cm__outer03__inner01__aug02,20260728_233205_n417cm,user2,ই,train,3,1
20260728_233205_n417cm__outer03__inner01__aug03,20260728_233205_n417cm,user2,ই,train,3,1
20260704_232243_1fsapx__outer03__inner01__aug01,20260704_232243_1fsapx,user2,ঈ,train,3,1
20260704_232243_1fsapx__outer03__inner01__aug02,20260704_232243_1fsapx,user2,ঈ,train,3,1
20260704_232243_1fsapx__outer03__inner01__aug03,20260704_232243_1fsapx,user2,ঈ,train,3,1
20260728_233238_q39ioy__outer03__inner01__aug01,20260728_233238_q39ioy,user2,ঈ,train,3,1
20260728_233238_q39ioy__outer03__inner01__aug02,20260728_233238_q39ioy,user2,ঈ,train,3,1
20260728_233238_q39ioy__outer03__inner01__aug03,20260728_233238_q39ioy,user2,ঈ,train,3,1
20260728_233302_e8k0ge__outer03__inner01__aug01,20260728_233302_e8k0ge,user2,ঈ,train,3,1
20260728_233302_e8k0ge__outer03__inner01__aug02,20260728_233302_e8k0ge,user2,ঈ,train,3,1
20260728_233302_e8k0ge__outer03__inner01__aug03,20260728_233302_e8k0ge,user2,ঈ,train,3,1
20260728_233333_nvf18a__outer03__inner01__aug01,20260728_233333_nvf18a,user2,ঈ,train,3,1
20260728_233333_nvf18a__outer03__inner01__aug02,20260728_233333_nvf18a,user2,ঈ,train,3,1
20260728_233333_nvf18a__outer03__inner01__aug03,20260728_233333_nvf18a,user2,ঈ,train,3,1
20260728_233359_9wg8n4__outer03__inner01__aug01,20260728_233359_9wg8n4,user2,ঈ,train,3,1
20260728_233359_9wg8n4__outer03__inner01__aug02,20260728_233359_9wg8n4,user2,ঈ,train,3,1
20260728_233359_9wg8n4__outer03__inner01__aug03,20260728_233359_9wg8n4,user2,ঈ,train,3,1
20260711_211455_ab7vb3__outer03__inner01__aug01,20260711_211455_ab7vb3,user4,অ,train,3,1
20260711_211455_ab7vb3__outer03__inner01__aug02,20260711_211455_ab7vb3,user4,অ,train,3,1
20260711_211455_ab7vb3__outer03__inner01__aug03,20260711_211455_ab7vb3,user4,অ,train,3,1
20260711_214733_y28o8p__outer03__inner01__aug01,20260711_214733_y28o8p,user4,অ,train,3,1
20260711_214733_y28o8p__outer03__inner01__aug02,20260711_214733_y28o8p,user4,অ,train,3,1
20260711_214733_y28o8p__outer03__inner01__aug03,20260711_214733_y28o8p,user4,অ,train,3,1
20260711_214747_h8ad4n__outer03__inner01__aug01,20260711_214747_h8ad4n,user4,অ,train,3,1
20260711_214747_h8ad4n__outer03__inner01__aug02,20260711_214747_h8ad4n,user4,অ,train,3,1
20260711_214747_h8ad4n__outer03__inner01__aug03,20260711_214747_h8ad4n,user4,অ,train,3,1
20260711_214802_iotb3d__outer03__inner01__aug01,20260711_214802_iotb3d,user4,অ,train,3,1
20260711_214802_iotb3d__outer03__inner01__aug02,20260711_214802_iotb3d,user4,অ,train,3,1
20260711_214802_iotb3d__outer03__inner01__aug03,20260711_214802_iotb3d,user4,অ,train,3,1
20260711_214818_1kqyjw__outer03__inner01__aug01,20260711_214818_1kqyjw,user4,অ,train,3,1
20260711_214818_1kqyjw__outer03__inner01__aug02,20260711_214818_1kqyjw,user4,অ,train,3,1
20260711_214818_1kqyjw__outer03__inner01__aug03,20260711_214818_1kqyjw,user4,অ,train,3,1
20260711_214838_nmfk2j__outer03__inner01__aug01,20260711_214838_nmfk2j,user4,অ,train,3,1
20260711_214838_nmfk2j__outer03__inner01__aug02,20260711_214838_nmfk2j,user4,অ,train,3,1
20260711_214838_nmfk2j__outer03__inner01__aug03,20260711_214838_nmfk2j,user4,অ,train,3,1
20260711_214856_wh1jdl__outer03__inner01__aug01,20260711_214856_wh1jdl,user4,অ,train,3,1
20260711_214856_wh1jdl__outer03__inner01__aug02,20260711_214856_wh1jdl,user4,অ,train,3,1
20260711_214856_wh1jdl__outer03__inner01__aug03,20260711_214856_wh1jdl,user4,অ,train,3,1
20260711_214912_5jyzoq__outer03__inner01__aug01,20260711_214912_5jyzoq,user4,অ,train,3,1
20260711_214912_5jyzoq__outer03__inner01__aug02,20260711_214912_5jyzoq,user4,অ,train,3,1
20260711_214912_5jyzoq__outer03__inner01__aug03,20260711_214912_5jyzoq,user4,অ,train,3,1
20260711_215025_9ahjj1__outer03__inner01__aug01,20260711_215025_9ahjj1,user4,অ,train,3,1
20260711_215025_9ahjj1__outer03__inner01__aug02,20260711_215025_9ahjj1,user4,অ,train,3,1
20260711_215025_9ahjj1__outer03__inner01__aug03,20260711_215025_9ahjj1,user4,অ,train,3,1
20260711_215040_totmvz__outer03__inner01__aug01,20260711_215040_totmvz,user4,অ,train,3,1
20260711_215040_totmvz__outer03__inner01__aug02,20260711_215040_totmvz,user4,অ,train,3,1
20260711_215040_totmvz__outer03__inner01__aug03,20260711_215040_totmvz,user4,অ,train,3,1
20260711_215057_m3q3bw__outer03__inner01__aug01,20260711_215057_m3q3bw,user4,অ,train,3,1
20260711_215057_m3q3bw__outer03__inner01__aug02,20260711_215057_m3q3bw,user4,অ,train,3,1
20260711_215057_m3q3bw__outer03__inner01__aug03,20260711_215057_m3q3bw,user4,অ,train,3,1
20260711_215120_wa3iw4__outer03__inner01__aug01,20260711_215120_wa3iw4,user4,অ,train,3,1
20260711_215120_wa3iw4__outer03__inner01__aug02,20260711_215120_wa3iw4,user4,অ,train,3,1
20260711_215120_wa3iw4__outer03__inner01__aug03,20260711_215120_wa3iw4,user4,অ,train,3,1
20260711_215140_jzmdn9__outer03__inner01__aug01,20260711_215140_jzmdn9,user4,অ,train,3,1
20260711_215140_jzmdn9__outer03__inner01__aug02,20260711_215140_jzmdn9,user4,অ,train,3,1
20260711_215140_jzmdn9__outer03__inner01__aug03,20260711_215140_jzmdn9,user4,অ,train,3,1
20260711_215153_8dj6mi__outer03__inner01__aug01,20260711_215153_8dj6mi,user4,অ,train,3,1
20260711_215153_8dj6mi__outer03__inner01__aug02,20260711_215153_8dj6mi,user4,অ,train,3,1
20260711_215153_8dj6mi__outer03__inner01__aug03,20260711_215153_8dj6mi,user4,অ,train,3,1
20260711_215210_14cuph__outer03__inner01__aug01,20260711_215210_14cuph,user4,অ,train,3,1
20260711_215210_14cuph__outer03__inner01__aug02,20260711_215210_14cuph,user4,অ,train,3,1
20260711_215210_14cuph__outer03__inner01__aug03,20260711_215210_14cuph,user4,অ,train,3,1
20260711_215224_s1nefb__outer03__inner01__aug01,20260711_215224_s1nefb,user4,অ,train,3,1
20260711_215224_s1nefb__outer03__inner01__aug02,20260711_215224_s1nefb,user4,অ,train,3,1
20260711_215224_s1nefb__outer03__inner01__aug03,20260711_215224_s1nefb,user4,অ,train,3,1
20260711_211553_8q738s__outer03__inner01__aug01,20260711_211553_8q738s,user4,আ,train,3,1
20260711_211553_8q738s__outer03__inner01__aug02,20260711_211553_8q738s,user4,আ,train,3,1
20260711_211553_8q738s__outer03__inner01__aug03,20260711_211553_8q738s,user4,আ,train,3,1
20260711_215326_rdw0i7__outer03__inner01__aug01,20260711_215326_rdw0i7,user4,আ,train,3,1
20260711_215326_rdw0i7__outer03__inner01__aug02,20260711_215326_rdw0i7,user4,আ,train,3,1
20260711_215326_rdw0i7__outer03__inner01__aug03,20260711_215326_rdw0i7,user4,আ,train,3,1
20260711_215355_gtir0d__outer03__inner01__aug01,20260711_215355_gtir0d,user4,আ,train,3,1
20260711_215355_gtir0d__outer03__inner01__aug02,20260711_215355_gtir0d,user4,আ,train,3,1
20260711_215355_gtir0d__outer03__inner01__aug03,20260711_215355_gtir0d,user4,আ,train,3,1
20260711_215413_4z3pac__outer03__inner01__aug01,20260711_215413_4z3pac,user4,আ,train,3,1
20260711_215413_4z3pac__outer03__inner01__aug02,20260711_215413_4z3pac,user4,আ,train,3,1
20260711_215413_4z3pac__outer03__inner01__aug03,20260711_215413_4z3pac,user4,আ,train,3,1
20260711_215505_noe4fp__outer03__inner01__aug01,20260711_215505_noe4fp,user4,আ,train,3,1
20260711_215505_noe4fp__outer03__inner01__aug02,20260711_215505_noe4fp,user4,আ,train,3,1
20260711_215505_noe4fp__outer03__inner01__aug03,20260711_215505_noe4fp,user4,আ,train,3,1
20260711_215527_oaoi6c__outer03__inner01__aug01,20260711_215527_oaoi6c,user4,আ,train,3,1
20260711_215527_oaoi6c__outer03__inner01__aug02,20260711_215527_oaoi6c,user4,আ,train,3,1
20260711_215527_oaoi6c__outer03__inner01__aug03,20260711_215527_oaoi6c,user4,আ,train,3,1
20260711_215554_41w3p4__outer03__inner01__aug01,20260711_215554_41w3p4,user4,আ,train,3,1
20260711_215554_41w3p4__outer03__inner01__aug02,20260711_215554_41w3p4,user4,আ,train,3,1
20260711_215554_41w3p4__outer03__inner01__aug03,20260711_215554_41w3p4,user4,আ,train,3,1
20260711_215623_q6sua3__outer03__inner01__aug01,20260711_215623_q6sua3,user4,আ,train,3,1
20260711_215623_q6sua3__outer03__inner01__aug02,20260711_215623_q6sua3,user4,আ,train,3,1
20260711_215623_q6sua3__outer03__inner01__aug03,20260711_215623_q6sua3,user4,আ,train,3,1
20260711_215646_y25z4x__outer03__inner01__aug01,20260711_215646_y25z4x,user4,আ,train,3,1
20260711_215646_y25z4x__outer03__inner01__aug02,20260711_215646_y25z4x,user4,আ,train,3,1
20260711_215646_y25z4x__outer03__inner01__aug03,20260711_215646_y25z4x,user4,আ,train,3,1
20260711_215701_i0we24__outer03__inner01__aug01,20260711_215701_i0we24,user4,আ,train,3,1
20260711_215701_i0we24__outer03__inner01__aug02,20260711_215701_i0we24,user4,আ,train,3,1
20260711_215701_i0we24__outer03__inner01__aug03,20260711_215701_i0we24,user4,আ,train,3,1
20260711_215719_fym8k2__outer03__inner01__aug01,20260711_215719_fym8k2,user4,আ,train,3,1
20260711_215719_fym8k2__outer03__inner01__aug02,20260711_215719_fym8k2,user4,আ,train,3,1
20260711_215719_fym8k2__outer03__inner01__aug03,20260711_215719_fym8k2,user4,আ,train,3,1
20260711_215732_e3wli4__outer03__inner01__aug01,20260711_215732_e3wli4,user4,আ,train,3,1
20260711_215732_e3wli4__outer03__inner01__aug02,20260711_215732_e3wli4,user4,আ,train,3,1
20260711_215732_e3wli4__outer03__inner01__aug03,20260711_215732_e3wli4,user4,আ,train,3,1
20260711_215746_pw5glc__outer03__inner01__aug01,20260711_215746_pw5glc,user4,আ,train,3,1
20260711_215746_pw5glc__outer03__inner01__aug02,20260711_215746_pw5glc,user4,আ,train,3,1
20260711_215746_pw5glc__outer03__inner01__aug03,20260711_215746_pw5glc,user4,আ,train,3,1
20260711_215803_gtb1nz__outer03__inner01__aug01,20260711_215803_gtb1nz,user4,আ,train,3,1
20260711_215803_gtb1nz__outer03__inner01__aug02,20260711_215803_gtb1nz,user4,আ,train,3,1
20260711_215803_gtb1nz__outer03__inner01__aug03,20260711_215803_gtb1nz,user4,আ,train,3,1
20260711_215826_09me7o__outer03__inner01__aug01,20260711_215826_09me7o,user4,আ,train,3,1
20260711_215826_09me7o__outer03__inner01__aug02,20260711_215826_09me7o,user4,আ,train,3,1
20260711_215826_09me7o__outer03__inner01__aug03,20260711_215826_09me7o,user4,আ,train,3,1
20260711_215850_2a6qfe__outer03__inner01__aug01,20260711_215850_2a6qfe,user4,আ,train,3,1
20260711_215850_2a6qfe__outer03__inner01__aug02,20260711_215850_2a6qfe,user4,আ,train,3,1
20260711_215850_2a6qfe__outer03__inner01__aug03,20260711_215850_2a6qfe,user4,আ,train,3,1
20260711_211613_pni7yl__outer03__inner01__aug01,20260711_211613_pni7yl,user4,ই,train,3,1
20260711_211613_pni7yl__outer03__inner01__aug02,20260711_211613_pni7yl,user4,ই,train,3,1
20260711_211613_pni7yl__outer03__inner01__aug03,20260711_211613_pni7yl,user4,ই,train,3,1
20260711_211631_omhqof__outer03__inner01__aug01,20260711_211631_omhqof,user4,ই,train,3,1
20260711_211631_omhqof__outer03__inner01__aug02,20260711_211631_omhqof,user4,ই,train,3,1
20260711_211631_omhqof__outer03__inner01__aug03,20260711_211631_omhqof,user4,ই,train,3,1
20260711_215916_5xq3ym__outer03__inner01__aug01,20260711_215916_5xq3ym,user4,ই,train,3,1
20260711_215916_5xq3ym__outer03__inner01__aug02,20260711_215916_5xq3ym,user4,ই,train,3,1
20260711_215916_5xq3ym__outer03__inner01__aug03,20260711_215916_5xq3ym,user4,ই,train,3,1
20260711_215928_ckxbi5__outer03__inner01__aug01,20260711_215928_ckxbi5,user4,ই,train,3,1
20260711_215928_ckxbi5__outer03__inner01__aug02,20260711_215928_ckxbi5,user4,ই,train,3,1
20260711_215928_ckxbi5__outer03__inner01__aug03,20260711_215928_ckxbi5,user4,ই,train,3,1
20260711_215945_ovgs11__outer03__inner01__aug01,20260711_215945_ovgs11,user4,ই,train,3,1
20260711_215945_ovgs11__outer03__inner01__aug02,20260711_215945_ovgs11,user4,ই,train,3,1
20260711_215945_ovgs11__outer03__inner01__aug03,20260711_215945_ovgs11,user4,ই,train,3,1
20260711_215959_axw0jl__outer03__inner01__aug01,20260711_215959_axw0jl,user4,ই,train,3,1
20260711_215959_axw0jl__outer03__inner01__aug02,20260711_215959_axw0jl,user4,ই,train,3,1
20260711_215959_axw0jl__outer03__inner01__aug03,20260711_215959_axw0jl,user4,ই,train,3,1
20260711_220013_x16qxh__outer03__inner01__aug01,20260711_220013_x16qxh,user4,ই,train,3,1
20260711_220013_x16qxh__outer03__inner01__aug02,20260711_220013_x16qxh,user4,ই,train,3,1
20260711_220013_x16qxh__outer03__inner01__aug03,20260711_220013_x16qxh,user4,ই,train,3,1
20260711_220027_1j40u6__outer03__inner01__aug01,20260711_220027_1j40u6,user4,ই,train,3,1
20260711_220027_1j40u6__outer03__inner01__aug02,20260711_220027_1j40u6,user4,ই,train,3,1
20260711_220027_1j40u6__outer03__inner01__aug03,20260711_220027_1j40u6,user4,ই,train,3,1
20260711_220043_yyhe4o__outer03__inner01__aug01,20260711_220043_yyhe4o,user4,ই,train,3,1
20260711_220043_yyhe4o__outer03__inner01__aug02,20260711_220043_yyhe4o,user4,ই,train,3,1
20260711_220043_yyhe4o__outer03__inner01__aug03,20260711_220043_yyhe4o,user4,ই,train,3,1
20260711_220058_6cy90j__outer03__inner01__aug01,20260711_220058_6cy90j,user4,ই,train,3,1
20260711_220058_6cy90j__outer03__inner01__aug02,20260711_220058_6cy90j,user4,ই,train,3,1
20260711_220058_6cy90j__outer03__inner01__aug03,20260711_220058_6cy90j,user4,ই,train,3,1
20260711_220112_94lc88__outer03__inner01__aug01,20260711_220112_94lc88,user4,ই,train,3,1
20260711_220112_94lc88__outer03__inner01__aug02,20260711_220112_94lc88,user4,ই,train,3,1
20260711_220112_94lc88__outer03__inner01__aug03,20260711_220112_94lc88,user4,ই,train,3,1
20260711_220132_3b6d70__outer03__inner01__aug01,20260711_220132_3b6d70,user4,ই,train,3,1
20260711_220132_3b6d70__outer03__inner01__aug02,20260711_220132_3b6d70,user4,ই,train,3,1
20260711_220132_3b6d70__outer03__inner01__aug03,20260711_220132_3b6d70,user4,ই,train,3,1
20260711_220151_kjuuzh__outer03__inner01__aug01,20260711_220151_kjuuzh,user4,ই,train,3,1
20260711_220151_kjuuzh__outer03__inner01__aug02,20260711_220151_kjuuzh,user4,ই,train,3,1
20260711_220151_kjuuzh__outer03__inner01__aug03,20260711_220151_kjuuzh,user4,ই,train,3,1
20260711_220205_cr3boy__outer03__inner01__aug01,20260711_220205_cr3boy,user4,ই,train,3,1
20260711_220205_cr3boy__outer03__inner01__aug02,20260711_220205_cr3boy,user4,ই,train,3,1
20260711_220205_cr3boy__outer03__inner01__aug03,20260711_220205_cr3boy,user4,ই,train,3,1
20260711_220217_85rgxu__outer03__inner01__aug01,20260711_220217_85rgxu,user4,ই,train,3,1
20260711_220217_85rgxu__outer03__inner01__aug02,20260711_220217_85rgxu,user4,ই,train,3,1
20260711_220217_85rgxu__outer03__inner01__aug03,20260711_220217_85rgxu,user4,ই,train,3,1
20260711_220235_4uai7u__outer03__inner01__aug01,20260711_220235_4uai7u,user4,ই,train,3,1
20260711_220235_4uai7u__outer03__inner01__aug02,20260711_220235_4uai7u,user4,ই,train,3,1
20260711_220235_4uai7u__outer03__inner01__aug03,20260711_220235_4uai7u,user4,ই,train,3,1
20260711_220308_e7l7wm__outer03__inner01__aug01,20260711_220308_e7l7wm,user4,ই,train,3,1
20260711_220308_e7l7wm__outer03__inner01__aug02,20260711_220308_e7l7wm,user4,ই,train,3,1
20260711_220308_e7l7wm__outer03__inner01__aug03,20260711_220308_e7l7wm,user4,ই,train,3,1
20260711_220404_itceug__outer03__inner01__aug01,20260711_220404_itceug,user4,ঈ,train,3,1
20260711_220404_itceug__outer03__inner01__aug02,20260711_220404_itceug,user4,ঈ,train,3,1
20260711_220404_itceug__outer03__inner01__aug03,20260711_220404_itceug,user4,ঈ,train,3,1
20260711_220444_r35mfs__outer03__inner01__aug01,20260711_220444_r35mfs,user4,ঈ,train,3,1
20260711_220444_r35mfs__outer03__inner01__aug02,20260711_220444_r35mfs,user4,ঈ,train,3,1
20260711_220444_r35mfs__outer03__inner01__aug03,20260711_220444_r35mfs,user4,ঈ,train,3,1
20260711_220519_ila5ji__outer03__inner01__aug01,20260711_220519_ila5ji,user4,ঈ,train,3,1
20260711_220519_ila5ji__outer03__inner01__aug02,20260711_220519_ila5ji,user4,ঈ,train,3,1
20260711_220519_ila5ji__outer03__inner01__aug03,20260711_220519_ila5ji,user4,ঈ,train,3,1
20260711_220543_7o5bd0__outer03__inner01__aug01,20260711_220543_7o5bd0,user4,ঈ,train,3,1
20260711_220543_7o5bd0__outer03__inner01__aug02,20260711_220543_7o5bd0,user4,ঈ,train,3,1
20260711_220543_7o5bd0__outer03__inner01__aug03,20260711_220543_7o5bd0,user4,ঈ,train,3,1
20260711_220606_essesa__outer03__inner01__aug01,20260711_220606_essesa,user4,ঈ,train,3,1
20260711_220606_essesa__outer03__inner01__aug02,20260711_220606_essesa,user4,ঈ,train,3,1
20260711_220606_essesa__outer03__inner01__aug03,20260711_220606_essesa,user4,ঈ,train,3,1
20260711_220641_ufswp1__outer03__inner01__aug01,20260711_220641_ufswp1,user4,ঈ,train,3,1
20260711_220641_ufswp1__outer03__inner01__aug02,20260711_220641_ufswp1,user4,ঈ,train,3,1
20260711_220641_ufswp1__outer03__inner01__aug03,20260711_220641_ufswp1,user4,ঈ,train,3,1
20260711_220701_y1rftt__outer03__inner01__aug01,20260711_220701_y1rftt,user4,ঈ,train,3,1
20260711_220701_y1rftt__outer03__inner01__aug02,20260711_220701_y1rftt,user4,ঈ,train,3,1
20260711_220701_y1rftt__outer03__inner01__aug03,20260711_220701_y1rftt,user4,ঈ,train,3,1
20260711_220721_h9k2mi__outer03__inner01__aug01,20260711_220721_h9k2mi,user4,ঈ,train,3,1
20260711_220721_h9k2mi__outer03__inner01__aug02,20260711_220721_h9k2mi,user4,ঈ,train,3,1
20260711_220721_h9k2mi__outer03__inner01__aug03,20260711_220721_h9k2mi,user4,ঈ,train,3,1
20260711_220738_j2qzn6__outer03__inner01__aug01,20260711_220738_j2qzn6,user4,ঈ,train,3,1
20260711_220738_j2qzn6__outer03__inner01__aug02,20260711_220738_j2qzn6,user4,ঈ,train,3,1
20260711_220738_j2qzn6__outer03__inner01__aug03,20260711_220738_j2qzn6,user4,ঈ,train,3,1
20260711_220751_axw80l__outer03__inner01__aug01,20260711_220751_axw80l,user4,ঈ,train,3,1
20260711_220751_axw80l__outer03__inner01__aug02,20260711_220751_axw80l,user4,ঈ,train,3,1
20260711_220751_axw80l__outer03__inner01__aug03,20260711_220751_axw80l,user4,ঈ,train,3,1
20260711_220807_mldxj2__outer03__inner01__aug01,20260711_220807_mldxj2,user4,ঈ,train,3,1
20260711_220807_mldxj2__outer03__inner01__aug02,20260711_220807_mldxj2,user4,ঈ,train,3,1
20260711_220807_mldxj2__outer03__inner01__aug03,20260711_220807_mldxj2,user4,ঈ,train,3,1
20260711_220822_wgaxvc__outer03__inner01__aug01,20260711_220822_wgaxvc,user4,ঈ,train,3,1
20260711_220822_wgaxvc__outer03__inner01__aug02,20260711_220822_wgaxvc,user4,ঈ,train,3,1
20260711_220822_wgaxvc__outer03__inner01__aug03,20260711_220822_wgaxvc,user4,ঈ,train,3,1
20260711_220837_dby4gx__outer03__inner01__aug01,20260711_220837_dby4gx,user4,ঈ,train,3,1
20260711_220837_dby4gx__outer03__inner01__aug02,20260711_220837_dby4gx,user4,ঈ,train,3,1
20260711_220837_dby4gx__outer03__inner01__aug03,20260711_220837_dby4gx,user4,ঈ,train,3,1
20260711_220850_xo5kch__outer03__inner01__aug01,20260711_220850_xo5kch,user4,ঈ,train,3,1
20260711_220850_xo5kch__outer03__inner01__aug02,20260711_220850_xo5kch,user4,ঈ,train,3,1
20260711_220850_xo5kch__outer03__inner01__aug03,20260711_220850_xo5kch,user4,ঈ,train,3,1
20260711_220906_ehc737__outer03__inner01__aug01,20260711_220906_ehc737,user4,ঈ,train,3,1
20260711_220906_ehc737__outer03__inner01__aug02,20260711_220906_ehc737,user4,ঈ,train,3,1
20260711_220906_ehc737__outer03__inner01__aug03,20260711_220906_ehc737,user4,ঈ,train,3,1
20260703_231939_jmltkn__outer03__inner02__aug01,20260703_231939_jmltkn,user1,অ,train,3,2
20260703_231939_jmltkn__outer03__inner02__aug02,20260703_231939_jmltkn,user1,অ,train,3,2
20260703_231939_jmltkn__outer03__inner02__aug03,20260703_231939_jmltkn,user1,অ,train,3,2
20260704_230134_0i7e7o__outer03__inner02__aug01,20260704_230134_0i7e7o,user1,অ,train,3,2
20260704_230134_0i7e7o__outer03__inner02__aug02,20260704_230134_0i7e7o,user1,অ,train,3,2
20260704_230134_0i7e7o__outer03__inner02__aug03,20260704_230134_0i7e7o,user1,অ,train,3,2
20260704_230207_s0bru0__outer03__inner02__aug01,20260704_230207_s0bru0,user1,অ,train,3,2
20260704_230207_s0bru0__outer03__inner02__aug02,20260704_230207_s0bru0,user1,অ,train,3,2
20260704_230207_s0bru0__outer03__inner02__aug03,20260704_230207_s0bru0,user1,অ,train,3,2
20260704_230243_20ggrl__outer03__inner02__aug01,20260704_230243_20ggrl,user1,অ,train,3,2
20260704_230243_20ggrl__outer03__inner02__aug02,20260704_230243_20ggrl,user1,অ,train,3,2
20260704_230243_20ggrl__outer03__inner02__aug03,20260704_230243_20ggrl,user1,অ,train,3,2
20260704_230314_biogka__outer03__inner02__aug01,20260704_230314_biogka,user1,অ,train,3,2
20260704_230314_biogka__outer03__inner02__aug02,20260704_230314_biogka,user1,অ,train,3,2
20260704_230314_biogka__outer03__inner02__aug03,20260704_230314_biogka,user1,অ,train,3,2
20260704_230343_z76un4__outer03__inner02__aug01,20260704_230343_z76un4,user1,অ,train,3,2
20260704_230343_z76un4__outer03__inner02__aug02,20260704_230343_z76un4,user1,অ,train,3,2
20260704_230343_z76un4__outer03__inner02__aug03,20260704_230343_z76un4,user1,অ,train,3,2
20260704_230438_1by20a__outer03__inner02__aug01,20260704_230438_1by20a,user1,অ,train,3,2
20260704_230438_1by20a__outer03__inner02__aug02,20260704_230438_1by20a,user1,অ,train,3,2
20260704_230438_1by20a__outer03__inner02__aug03,20260704_230438_1by20a,user1,অ,train,3,2
20260704_230508_zz8agk__outer03__inner02__aug01,20260704_230508_zz8agk,user1,অ,train,3,2
20260704_230508_zz8agk__outer03__inner02__aug02,20260704_230508_zz8agk,user1,অ,train,3,2
20260704_230508_zz8agk__outer03__inner02__aug03,20260704_230508_zz8agk,user1,অ,train,3,2
20260704_230530_8783vw__outer03__inner02__aug01,20260704_230530_8783vw,user1,অ,train,3,2
20260704_230530_8783vw__outer03__inner02__aug02,20260704_230530_8783vw,user1,অ,train,3,2
20260704_230530_8783vw__outer03__inner02__aug03,20260704_230530_8783vw,user1,অ,train,3,2
20260704_230601_9fuwl5__outer03__inner02__aug01,20260704_230601_9fuwl5,user1,অ,train,3,2
20260704_230601_9fuwl5__outer03__inner02__aug02,20260704_230601_9fuwl5,user1,অ,train,3,2
20260704_230601_9fuwl5__outer03__inner02__aug03,20260704_230601_9fuwl5,user1,অ,train,3,2
20260704_230631_iep9zz__outer03__inner02__aug01,20260704_230631_iep9zz,user1,অ,train,3,2
20260704_230631_iep9zz__outer03__inner02__aug02,20260704_230631_iep9zz,user1,অ,train,3,2
20260704_230631_iep9zz__outer03__inner02__aug03,20260704_230631_iep9zz,user1,অ,train,3,2
20260709_222041_giojuy__outer03__inner02__aug01,20260709_222041_giojuy,user1,অ,train,3,2
20260709_222041_giojuy__outer03__inner02__aug02,20260709_222041_giojuy,user1,অ,train,3,2
20260709_222041_giojuy__outer03__inner02__aug03,20260709_222041_giojuy,user1,অ,train,3,2
20260704_230720_4nlmlz__outer03__inner02__aug01,20260704_230720_4nlmlz,user1,আ,train,3,2
20260704_230720_4nlmlz__outer03__inner02__aug02,20260704_230720_4nlmlz,user1,আ,train,3,2
20260704_230720_4nlmlz__outer03__inner02__aug03,20260704_230720_4nlmlz,user1,আ,train,3,2
20260704_230748_cofjqd__outer03__inner02__aug01,20260704_230748_cofjqd,user1,আ,train,3,2
20260704_230748_cofjqd__outer03__inner02__aug02,20260704_230748_cofjqd,user1,আ,train,3,2
20260704_230748_cofjqd__outer03__inner02__aug03,20260704_230748_cofjqd,user1,আ,train,3,2
20260704_230823_p4djtm__outer03__inner02__aug01,20260704_230823_p4djtm,user1,আ,train,3,2
20260704_230823_p4djtm__outer03__inner02__aug02,20260704_230823_p4djtm,user1,আ,train,3,2
20260704_230823_p4djtm__outer03__inner02__aug03,20260704_230823_p4djtm,user1,আ,train,3,2
20260704_230900_jm6b9y__outer03__inner02__aug01,20260704_230900_jm6b9y,user1,আ,train,3,2
20260704_230900_jm6b9y__outer03__inner02__aug02,20260704_230900_jm6b9y,user1,আ,train,3,2
20260704_230900_jm6b9y__outer03__inner02__aug03,20260704_230900_jm6b9y,user1,আ,train,3,2
20260704_230941_ogdcp4__outer03__inner02__aug01,20260704_230941_ogdcp4,user1,আ,train,3,2
20260704_230941_ogdcp4__outer03__inner02__aug02,20260704_230941_ogdcp4,user1,আ,train,3,2
20260704_230941_ogdcp4__outer03__inner02__aug03,20260704_230941_ogdcp4,user1,আ,train,3,2
20260704_231010_4ha6y7__outer03__inner02__aug01,20260704_231010_4ha6y7,user1,আ,train,3,2
20260704_231010_4ha6y7__outer03__inner02__aug02,20260704_231010_4ha6y7,user1,আ,train,3,2
20260704_231010_4ha6y7__outer03__inner02__aug03,20260704_231010_4ha6y7,user1,আ,train,3,2
20260728_232136_0wkg0v__outer03__inner02__aug01,20260728_232136_0wkg0v,user1,আ,train,3,2
20260728_232136_0wkg0v__outer03__inner02__aug02,20260728_232136_0wkg0v,user1,আ,train,3,2
20260728_232136_0wkg0v__outer03__inner02__aug03,20260728_232136_0wkg0v,user1,আ,train,3,2
20260728_232203_7c77zv__outer03__inner02__aug01,20260728_232203_7c77zv,user1,আ,train,3,2
20260728_232203_7c77zv__outer03__inner02__aug02,20260728_232203_7c77zv,user1,আ,train,3,2
20260728_232203_7c77zv__outer03__inner02__aug03,20260728_232203_7c77zv,user1,আ,train,3,2
20260728_232238_kgwkds__outer03__inner02__aug01,20260728_232238_kgwkds,user1,আ,train,3,2
20260728_232238_kgwkds__outer03__inner02__aug02,20260728_232238_kgwkds,user1,আ,train,3,2
20260728_232238_kgwkds__outer03__inner02__aug03,20260728_232238_kgwkds,user1,আ,train,3,2
20260728_232316_s2ep8l__outer03__inner02__aug01,20260728_232316_s2ep8l,user1,আ,train,3,2
20260728_232316_s2ep8l__outer03__inner02__aug02,20260728_232316_s2ep8l,user1,আ,train,3,2
20260728_232316_s2ep8l__outer03__inner02__aug03,20260728_232316_s2ep8l,user1,আ,train,3,2
20260705_210750_hp0ub6__outer03__inner02__aug01,20260705_210750_hp0ub6,user1,ই,train,3,2
20260705_210750_hp0ub6__outer03__inner02__aug02,20260705_210750_hp0ub6,user1,ই,train,3,2
20260705_210750_hp0ub6__outer03__inner02__aug03,20260705_210750_hp0ub6,user1,ই,train,3,2
20260705_210817_cpe63z__outer03__inner02__aug01,20260705_210817_cpe63z,user1,ই,train,3,2
20260705_210817_cpe63z__outer03__inner02__aug02,20260705_210817_cpe63z,user1,ই,train,3,2
20260705_210817_cpe63z__outer03__inner02__aug03,20260705_210817_cpe63z,user1,ই,train,3,2
20260705_210847_8d63gb__outer03__inner02__aug01,20260705_210847_8d63gb,user1,ই,train,3,2
20260705_210847_8d63gb__outer03__inner02__aug02,20260705_210847_8d63gb,user1,ই,train,3,2
20260705_210847_8d63gb__outer03__inner02__aug03,20260705_210847_8d63gb,user1,ই,train,3,2
20260705_210914_6z0wyv__outer03__inner02__aug01,20260705_210914_6z0wyv,user1,ই,train,3,2
20260705_210914_6z0wyv__outer03__inner02__aug02,20260705_210914_6z0wyv,user1,ই,train,3,2
20260705_210914_6z0wyv__outer03__inner02__aug03,20260705_210914_6z0wyv,user1,ই,train,3,2
20260705_211104_cee4mp__outer03__inner02__aug01,20260705_211104_cee4mp,user1,ই,train,3,2
20260705_211104_cee4mp__outer03__inner02__aug02,20260705_211104_cee4mp,user1,ই,train,3,2
20260705_211104_cee4mp__outer03__inner02__aug03,20260705_211104_cee4mp,user1,ই,train,3,2
20260705_211129_q9xd7j__outer03__inner02__aug01,20260705_211129_q9xd7j,user1,ই,train,3,2
20260705_211129_q9xd7j__outer03__inner02__aug02,20260705_211129_q9xd7j,user1,ই,train,3,2
20260705_211129_q9xd7j__outer03__inner02__aug03,20260705_211129_q9xd7j,user1,ই,train,3,2
20260705_211202_fwdefr__outer03__inner02__aug01,20260705_211202_fwdefr,user1,ই,train,3,2
20260705_211202_fwdefr__outer03__inner02__aug02,20260705_211202_fwdefr,user1,ই,train,3,2
20260705_211202_fwdefr__outer03__inner02__aug03,20260705_211202_fwdefr,user1,ই,train,3,2
20260705_211229_nco6f5__outer03__inner02__aug01,20260705_211229_nco6f5,user1,ই,train,3,2
20260705_211229_nco6f5__outer03__inner02__aug02,20260705_211229_nco6f5,user1,ই,train,3,2
20260705_211229_nco6f5__outer03__inner02__aug03,20260705_211229_nco6f5,user1,ই,train,3,2
20260705_211257_5zxk15__outer03__inner02__aug01,20260705_211257_5zxk15,user1,ই,train,3,2
20260705_211257_5zxk15__outer03__inner02__aug02,20260705_211257_5zxk15,user1,ই,train,3,2
20260705_211257_5zxk15__outer03__inner02__aug03,20260705_211257_5zxk15,user1,ই,train,3,2
20260705_211324_69n6hy__outer03__inner02__aug01,20260705_211324_69n6hy,user1,ই,train,3,2
20260705_211324_69n6hy__outer03__inner02__aug02,20260705_211324_69n6hy,user1,ই,train,3,2
20260705_211324_69n6hy__outer03__inner02__aug03,20260705_211324_69n6hy,user1,ই,train,3,2
20260705_213721_6edrqn__outer03__inner02__aug01,20260705_213721_6edrqn,user1,ঈ,train,3,2
20260705_213721_6edrqn__outer03__inner02__aug02,20260705_213721_6edrqn,user1,ঈ,train,3,2
20260705_213721_6edrqn__outer03__inner02__aug03,20260705_213721_6edrqn,user1,ঈ,train,3,2
20260705_213804_scynf9__outer03__inner02__aug01,20260705_213804_scynf9,user1,ঈ,train,3,2
20260705_213804_scynf9__outer03__inner02__aug02,20260705_213804_scynf9,user1,ঈ,train,3,2
20260705_213804_scynf9__outer03__inner02__aug03,20260705_213804_scynf9,user1,ঈ,train,3,2
20260705_213852_tuebtl__outer03__inner02__aug01,20260705_213852_tuebtl,user1,ঈ,train,3,2
20260705_213852_tuebtl__outer03__inner02__aug02,20260705_213852_tuebtl,user1,ঈ,train,3,2
20260705_213852_tuebtl__outer03__inner02__aug03,20260705_213852_tuebtl,user1,ঈ,train,3,2
20260705_213943_7qqvt7__outer03__inner02__aug01,20260705_213943_7qqvt7,user1,ঈ,train,3,2
20260705_213943_7qqvt7__outer03__inner02__aug02,20260705_213943_7qqvt7,user1,ঈ,train,3,2
20260705_213943_7qqvt7__outer03__inner02__aug03,20260705_213943_7qqvt7,user1,ঈ,train,3,2
20260705_214029_z7ddbl__outer03__inner02__aug01,20260705_214029_z7ddbl,user1,ঈ,train,3,2
20260705_214029_z7ddbl__outer03__inner02__aug02,20260705_214029_z7ddbl,user1,ঈ,train,3,2
20260705_214029_z7ddbl__outer03__inner02__aug03,20260705_214029_z7ddbl,user1,ঈ,train,3,2
20260705_214107_b894ld__outer03__inner02__aug01,20260705_214107_b894ld,user1,ঈ,train,3,2
20260705_214107_b894ld__outer03__inner02__aug02,20260705_214107_b894ld,user1,ঈ,train,3,2
20260705_214107_b894ld__outer03__inner02__aug03,20260705_214107_b894ld,user1,ঈ,train,3,2
20260705_215457_yruoxw__outer03__inner02__aug01,20260705_215457_yruoxw,user1,ঈ,train,3,2
20260705_215457_yruoxw__outer03__inner02__aug02,20260705_215457_yruoxw,user1,ঈ,train,3,2
20260705_215457_yruoxw__outer03__inner02__aug03,20260705_215457_yruoxw,user1,ঈ,train,3,2
20260705_215539_dr61qv__outer03__inner02__aug01,20260705_215539_dr61qv,user1,ঈ,train,3,2
20260705_215539_dr61qv__outer03__inner02__aug02,20260705_215539_dr61qv,user1,ঈ,train,3,2
20260705_215539_dr61qv__outer03__inner02__aug03,20260705_215539_dr61qv,user1,ঈ,train,3,2
20260705_215654_07cd7w__outer03__inner02__aug01,20260705_215654_07cd7w,user1,ঈ,train,3,2
20260705_215654_07cd7w__outer03__inner02__aug02,20260705_215654_07cd7w,user1,ঈ,train,3,2
20260705_215654_07cd7w__outer03__inner02__aug03,20260705_215654_07cd7w,user1,ঈ,train,3,2
20260705_215745_i5n9h7__outer03__inner02__aug01,20260705_215745_i5n9h7,user1,ঈ,train,3,2
20260705_215745_i5n9h7__outer03__inner02__aug02,20260705_215745_i5n9h7,user1,ঈ,train,3,2
20260705_215745_i5n9h7__outer03__inner02__aug03,20260705_215745_i5n9h7,user1,ঈ,train,3,2
20260711_211455_ab7vb3__outer03__inner02__aug01,20260711_211455_ab7vb3,user4,অ,train,3,2
20260711_211455_ab7vb3__outer03__inner02__aug02,20260711_211455_ab7vb3,user4,অ,train,3,2
20260711_211455_ab7vb3__outer03__inner02__aug03,20260711_211455_ab7vb3,user4,অ,train,3,2
20260711_214733_y28o8p__outer03__inner02__aug01,20260711_214733_y28o8p,user4,অ,train,3,2
20260711_214733_y28o8p__outer03__inner02__aug02,20260711_214733_y28o8p,user4,অ,train,3,2
20260711_214733_y28o8p__outer03__inner02__aug03,20260711_214733_y28o8p,user4,অ,train,3,2
20260711_214747_h8ad4n__outer03__inner02__aug01,20260711_214747_h8ad4n,user4,অ,train,3,2
20260711_214747_h8ad4n__outer03__inner02__aug02,20260711_214747_h8ad4n,user4,অ,train,3,2
20260711_214747_h8ad4n__outer03__inner02__aug03,20260711_214747_h8ad4n,user4,অ,train,3,2
20260711_214802_iotb3d__outer03__inner02__aug01,20260711_214802_iotb3d,user4,অ,train,3,2
20260711_214802_iotb3d__outer03__inner02__aug02,20260711_214802_iotb3d,user4,অ,train,3,2
20260711_214802_iotb3d__outer03__inner02__aug03,20260711_214802_iotb3d,user4,অ,train,3,2
20260711_214818_1kqyjw__outer03__inner02__aug01,20260711_214818_1kqyjw,user4,অ,train,3,2
20260711_214818_1kqyjw__outer03__inner02__aug02,20260711_214818_1kqyjw,user4,অ,train,3,2
20260711_214818_1kqyjw__outer03__inner02__aug03,20260711_214818_1kqyjw,user4,অ,train,3,2
20260711_214838_nmfk2j__outer03__inner02__aug01,20260711_214838_nmfk2j,user4,অ,train,3,2
20260711_214838_nmfk2j__outer03__inner02__aug02,20260711_214838_nmfk2j,user4,অ,train,3,2
20260711_214838_nmfk2j__outer03__inner02__aug03,20260711_214838_nmfk2j,user4,অ,train,3,2
20260711_214856_wh1jdl__outer03__inner02__aug01,20260711_214856_wh1jdl,user4,অ,train,3,2
20260711_214856_wh1jdl__outer03__inner02__aug02,20260711_214856_wh1jdl,user4,অ,train,3,2
20260711_214856_wh1jdl__outer03__inner02__aug03,20260711_214856_wh1jdl,user4,অ,train,3,2
20260711_214912_5jyzoq__outer03__inner02__aug01,20260711_214912_5jyzoq,user4,অ,train,3,2
20260711_214912_5jyzoq__outer03__inner02__aug02,20260711_214912_5jyzoq,user4,অ,train,3,2
20260711_214912_5jyzoq__outer03__inner02__aug03,20260711_214912_5jyzoq,user4,অ,train,3,2
20260711_215025_9ahjj1__outer03__inner02__aug01,20260711_215025_9ahjj1,user4,অ,train,3,2
20260711_215025_9ahjj1__outer03__inner02__aug02,20260711_215025_9ahjj1,user4,অ,train,3,2
20260711_215025_9ahjj1__outer03__inner02__aug03,20260711_215025_9ahjj1,user4,অ,train,3,2
20260711_215040_totmvz__outer03__inner02__aug01,20260711_215040_totmvz,user4,অ,train,3,2
20260711_215040_totmvz__outer03__inner02__aug02,20260711_215040_totmvz,user4,অ,train,3,2
20260711_215040_totmvz__outer03__inner02__aug03,20260711_215040_totmvz,user4,অ,train,3,2
20260711_215057_m3q3bw__outer03__inner02__aug01,20260711_215057_m3q3bw,user4,অ,train,3,2
20260711_215057_m3q3bw__outer03__inner02__aug02,20260711_215057_m3q3bw,user4,অ,train,3,2
20260711_215057_m3q3bw__outer03__inner02__aug03,20260711_215057_m3q3bw,user4,অ,train,3,2
20260711_215120_wa3iw4__outer03__inner02__aug01,20260711_215120_wa3iw4,user4,অ,train,3,2
20260711_215120_wa3iw4__outer03__inner02__aug02,20260711_215120_wa3iw4,user4,অ,train,3,2
20260711_215120_wa3iw4__outer03__inner02__aug03,20260711_215120_wa3iw4,user4,অ,train,3,2
20260711_215140_jzmdn9__outer03__inner02__aug01,20260711_215140_jzmdn9,user4,অ,train,3,2
20260711_215140_jzmdn9__outer03__inner02__aug02,20260711_215140_jzmdn9,user4,অ,train,3,2
20260711_215140_jzmdn9__outer03__inner02__aug03,20260711_215140_jzmdn9,user4,অ,train,3,2
20260711_215153_8dj6mi__outer03__inner02__aug01,20260711_215153_8dj6mi,user4,অ,train,3,2
20260711_215153_8dj6mi__outer03__inner02__aug02,20260711_215153_8dj6mi,user4,অ,train,3,2
20260711_215153_8dj6mi__outer03__inner02__aug03,20260711_215153_8dj6mi,user4,অ,train,3,2
20260711_215210_14cuph__outer03__inner02__aug01,20260711_215210_14cuph,user4,অ,train,3,2
20260711_215210_14cuph__outer03__inner02__aug02,20260711_215210_14cuph,user4,অ,train,3,2
20260711_215210_14cuph__outer03__inner02__aug03,20260711_215210_14cuph,user4,অ,train,3,2
20260711_215224_s1nefb__outer03__inner02__aug01,20260711_215224_s1nefb,user4,অ,train,3,2
20260711_215224_s1nefb__outer03__inner02__aug02,20260711_215224_s1nefb,user4,অ,train,3,2
20260711_215224_s1nefb__outer03__inner02__aug03,20260711_215224_s1nefb,user4,অ,train,3,2
20260711_211553_8q738s__outer03__inner02__aug01,20260711_211553_8q738s,user4,আ,train,3,2
20260711_211553_8q738s__outer03__inner02__aug02,20260711_211553_8q738s,user4,আ,train,3,2
20260711_211553_8q738s__outer03__inner02__aug03,20260711_211553_8q738s,user4,আ,train,3,2
20260711_215326_rdw0i7__outer03__inner02__aug01,20260711_215326_rdw0i7,user4,আ,train,3,2
20260711_215326_rdw0i7__outer03__inner02__aug02,20260711_215326_rdw0i7,user4,আ,train,3,2
20260711_215326_rdw0i7__outer03__inner02__aug03,20260711_215326_rdw0i7,user4,আ,train,3,2
20260711_215355_gtir0d__outer03__inner02__aug01,20260711_215355_gtir0d,user4,আ,train,3,2
20260711_215355_gtir0d__outer03__inner02__aug02,20260711_215355_gtir0d,user4,আ,train,3,2
20260711_215355_gtir0d__outer03__inner02__aug03,20260711_215355_gtir0d,user4,আ,train,3,2
20260711_215413_4z3pac__outer03__inner02__aug01,20260711_215413_4z3pac,user4,আ,train,3,2
20260711_215413_4z3pac__outer03__inner02__aug02,20260711_215413_4z3pac,user4,আ,train,3,2
20260711_215413_4z3pac__outer03__inner02__aug03,20260711_215413_4z3pac,user4,আ,train,3,2
20260711_215505_noe4fp__outer03__inner02__aug01,20260711_215505_noe4fp,user4,আ,train,3,2
20260711_215505_noe4fp__outer03__inner02__aug02,20260711_215505_noe4fp,user4,আ,train,3,2
20260711_215505_noe4fp__outer03__inner02__aug03,20260711_215505_noe4fp,user4,আ,train,3,2
20260711_215527_oaoi6c__outer03__inner02__aug01,20260711_215527_oaoi6c,user4,আ,train,3,2
20260711_215527_oaoi6c__outer03__inner02__aug02,20260711_215527_oaoi6c,user4,আ,train,3,2
20260711_215527_oaoi6c__outer03__inner02__aug03,20260711_215527_oaoi6c,user4,আ,train,3,2
20260711_215554_41w3p4__outer03__inner02__aug01,20260711_215554_41w3p4,user4,আ,train,3,2
20260711_215554_41w3p4__outer03__inner02__aug02,20260711_215554_41w3p4,user4,আ,train,3,2
20260711_215554_41w3p4__outer03__inner02__aug03,20260711_215554_41w3p4,user4,আ,train,3,2
20260711_215623_q6sua3__outer03__inner02__aug01,20260711_215623_q6sua3,user4,আ,train,3,2
20260711_215623_q6sua3__outer03__inner02__aug02,20260711_215623_q6sua3,user4,আ,train,3,2
20260711_215623_q6sua3__outer03__inner02__aug03,20260711_215623_q6sua3,user4,আ,train,3,2
20260711_215646_y25z4x__outer03__inner02__aug01,20260711_215646_y25z4x,user4,আ,train,3,2
20260711_215646_y25z4x__outer03__inner02__aug02,20260711_215646_y25z4x,user4,আ,train,3,2
20260711_215646_y25z4x__outer03__inner02__aug03,20260711_215646_y25z4x,user4,আ,train,3,2
20260711_215701_i0we24__outer03__inner02__aug01,20260711_215701_i0we24,user4,আ,train,3,2
20260711_215701_i0we24__outer03__inner02__aug02,20260711_215701_i0we24,user4,আ,train,3,2
20260711_215701_i0we24__outer03__inner02__aug03,20260711_215701_i0we24,user4,আ,train,3,2
20260711_215719_fym8k2__outer03__inner02__aug01,20260711_215719_fym8k2,user4,আ,train,3,2
20260711_215719_fym8k2__outer03__inner02__aug02,20260711_215719_fym8k2,user4,আ,train,3,2
20260711_215719_fym8k2__outer03__inner02__aug03,20260711_215719_fym8k2,user4,আ,train,3,2
20260711_215732_e3wli4__outer03__inner02__aug01,20260711_215732_e3wli4,user4,আ,train,3,2
20260711_215732_e3wli4__outer03__inner02__aug02,20260711_215732_e3wli4,user4,আ,train,3,2
20260711_215732_e3wli4__outer03__inner02__aug03,20260711_215732_e3wli4,user4,আ,train,3,2
20260711_215746_pw5glc__outer03__inner02__aug01,20260711_215746_pw5glc,user4,আ,train,3,2
20260711_215746_pw5glc__outer03__inner02__aug02,20260711_215746_pw5glc,user4,আ,train,3,2
20260711_215746_pw5glc__outer03__inner02__aug03,20260711_215746_pw5glc,user4,আ,train,3,2
20260711_215803_gtb1nz__outer03__inner02__aug01,20260711_215803_gtb1nz,user4,আ,train,3,2
20260711_215803_gtb1nz__outer03__inner02__aug02,20260711_215803_gtb1nz,user4,আ,train,3,2
20260711_215803_gtb1nz__outer03__inner02__aug03,20260711_215803_gtb1nz,user4,আ,train,3,2
20260711_215826_09me7o__outer03__inner02__aug01,20260711_215826_09me7o,user4,আ,train,3,2
20260711_215826_09me7o__outer03__inner02__aug02,20260711_215826_09me7o,user4,আ,train,3,2
20260711_215826_09me7o__outer03__inner02__aug03,20260711_215826_09me7o,user4,আ,train,3,2
20260711_215850_2a6qfe__outer03__inner02__aug01,20260711_215850_2a6qfe,user4,আ,train,3,2
20260711_215850_2a6qfe__outer03__inner02__aug02,20260711_215850_2a6qfe,user4,আ,train,3,2
20260711_215850_2a6qfe__outer03__inner02__aug03,20260711_215850_2a6qfe,user4,আ,train,3,2
20260711_211613_pni7yl__outer03__inner02__aug01,20260711_211613_pni7yl,user4,ই,train,3,2
20260711_211613_pni7yl__outer03__inner02__aug02,20260711_211613_pni7yl,user4,ই,train,3,2
20260711_211613_pni7yl__outer03__inner02__aug03,20260711_211613_pni7yl,user4,ই,train,3,2
20260711_211631_omhqof__outer03__inner02__aug01,20260711_211631_omhqof,user4,ই,train,3,2
20260711_211631_omhqof__outer03__inner02__aug02,20260711_211631_omhqof,user4,ই,train,3,2
20260711_211631_omhqof__outer03__inner02__aug03,20260711_211631_omhqof,user4,ই,train,3,2
20260711_215916_5xq3ym__outer03__inner02__aug01,20260711_215916_5xq3ym,user4,ই,train,3,2
20260711_215916_5xq3ym__outer03__inner02__aug02,20260711_215916_5xq3ym,user4,ই,train,3,2
20260711_215916_5xq3ym__outer03__inner02__aug03,20260711_215916_5xq3ym,user4,ই,train,3,2
20260711_215928_ckxbi5__outer03__inner02__aug01,20260711_215928_ckxbi5,user4,ই,train,3,2
20260711_215928_ckxbi5__outer03__inner02__aug02,20260711_215928_ckxbi5,user4,ই,train,3,2
20260711_215928_ckxbi5__outer03__inner02__aug03,20260711_215928_ckxbi5,user4,ই,train,3,2
20260711_215945_ovgs11__outer03__inner02__aug01,20260711_215945_ovgs11,user4,ই,train,3,2
20260711_215945_ovgs11__outer03__inner02__aug02,20260711_215945_ovgs11,user4,ই,train,3,2
20260711_215945_ovgs11__outer03__inner02__aug03,20260711_215945_ovgs11,user4,ই,train,3,2
20260711_215959_axw0jl__outer03__inner02__aug01,20260711_215959_axw0jl,user4,ই,train,3,2
20260711_215959_axw0jl__outer03__inner02__aug02,20260711_215959_axw0jl,user4,ই,train,3,2
20260711_215959_axw0jl__outer03__inner02__aug03,20260711_215959_axw0jl,user4,ই,train,3,2
20260711_220013_x16qxh__outer03__inner02__aug01,20260711_220013_x16qxh,user4,ই,train,3,2
20260711_220013_x16qxh__outer03__inner02__aug02,20260711_220013_x16qxh,user4,ই,train,3,2
20260711_220013_x16qxh__outer03__inner02__aug03,20260711_220013_x16qxh,user4,ই,train,3,2
20260711_220027_1j40u6__outer03__inner02__aug01,20260711_220027_1j40u6,user4,ই,train,3,2
20260711_220027_1j40u6__outer03__inner02__aug02,20260711_220027_1j40u6,user4,ই,train,3,2
20260711_220027_1j40u6__outer03__inner02__aug03,20260711_220027_1j40u6,user4,ই,train,3,2
20260711_220043_yyhe4o__outer03__inner02__aug01,20260711_220043_yyhe4o,user4,ই,train,3,2
20260711_220043_yyhe4o__outer03__inner02__aug02,20260711_220043_yyhe4o,user4,ই,train,3,2
20260711_220043_yyhe4o__outer03__inner02__aug03,20260711_220043_yyhe4o,user4,ই,train,3,2
20260711_220058_6cy90j__outer03__inner02__aug01,20260711_220058_6cy90j,user4,ই,train,3,2
20260711_220058_6cy90j__outer03__inner02__aug02,20260711_220058_6cy90j,user4,ই,train,3,2
20260711_220058_6cy90j__outer03__inner02__aug03,20260711_220058_6cy90j,user4,ই,train,3,2
20260711_220112_94lc88__outer03__inner02__aug01,20260711_220112_94lc88,user4,ই,train,3,2
20260711_220112_94lc88__outer03__inner02__aug02,20260711_220112_94lc88,user4,ই,train,3,2
20260711_220112_94lc88__outer03__inner02__aug03,20260711_220112_94lc88,user4,ই,train,3,2
20260711_220132_3b6d70__outer03__inner02__aug01,20260711_220132_3b6d70,user4,ই,train,3,2
20260711_220132_3b6d70__outer03__inner02__aug02,20260711_220132_3b6d70,user4,ই,train,3,2
20260711_220132_3b6d70__outer03__inner02__aug03,20260711_220132_3b6d70,user4,ই,train,3,2
20260711_220151_kjuuzh__outer03__inner02__aug01,20260711_220151_kjuuzh,user4,ই,train,3,2
20260711_220151_kjuuzh__outer03__inner02__aug02,20260711_220151_kjuuzh,user4,ই,train,3,2
20260711_220151_kjuuzh__outer03__inner02__aug03,20260711_220151_kjuuzh,user4,ই,train,3,2
20260711_220205_cr3boy__outer03__inner02__aug01,20260711_220205_cr3boy,user4,ই,train,3,2
20260711_220205_cr3boy__outer03__inner02__aug02,20260711_220205_cr3boy,user4,ই,train,3,2
20260711_220205_cr3boy__outer03__inner02__aug03,20260711_220205_cr3boy,user4,ই,train,3,2
20260711_220217_85rgxu__outer03__inner02__aug01,20260711_220217_85rgxu,user4,ই,train,3,2
20260711_220217_85rgxu__outer03__inner02__aug02,20260711_220217_85rgxu,user4,ই,train,3,2
20260711_220217_85rgxu__outer03__inner02__aug03,20260711_220217_85rgxu,user4,ই,train,3,2
20260711_220235_4uai7u__outer03__inner02__aug01,20260711_220235_4uai7u,user4,ই,train,3,2
20260711_220235_4uai7u__outer03__inner02__aug02,20260711_220235_4uai7u,user4,ই,train,3,2
20260711_220235_4uai7u__outer03__inner02__aug03,20260711_220235_4uai7u,user4,ই,train,3,2
20260711_220308_e7l7wm__outer03__inner02__aug01,20260711_220308_e7l7wm,user4,ই,train,3,2
20260711_220308_e7l7wm__outer03__inner02__aug02,20260711_220308_e7l7wm,user4,ই,train,3,2
20260711_220308_e7l7wm__outer03__inner02__aug03,20260711_220308_e7l7wm,user4,ই,train,3,2
20260711_220404_itceug__outer03__inner02__aug01,20260711_220404_itceug,user4,ঈ,train,3,2
20260711_220404_itceug__outer03__inner02__aug02,20260711_220404_itceug,user4,ঈ,train,3,2
20260711_220404_itceug__outer03__inner02__aug03,20260711_220404_itceug,user4,ঈ,train,3,2
20260711_220444_r35mfs__outer03__inner02__aug01,20260711_220444_r35mfs,user4,ঈ,train,3,2
20260711_220444_r35mfs__outer03__inner02__aug02,20260711_220444_r35mfs,user4,ঈ,train,3,2
20260711_220444_r35mfs__outer03__inner02__aug03,20260711_220444_r35mfs,user4,ঈ,train,3,2
20260711_220519_ila5ji__outer03__inner02__aug01,20260711_220519_ila5ji,user4,ঈ,train,3,2
20260711_220519_ila5ji__outer03__inner02__aug02,20260711_220519_ila5ji,user4,ঈ,train,3,2
20260711_220519_ila5ji__outer03__inner02__aug03,20260711_220519_ila5ji,user4,ঈ,train,3,2
20260711_220543_7o5bd0__outer03__inner02__aug01,20260711_220543_7o5bd0,user4,ঈ,train,3,2
20260711_220543_7o5bd0__outer03__inner02__aug02,20260711_220543_7o5bd0,user4,ঈ,train,3,2
20260711_220543_7o5bd0__outer03__inner02__aug03,20260711_220543_7o5bd0,user4,ঈ,train,3,2
20260711_220606_essesa__outer03__inner02__aug01,20260711_220606_essesa,user4,ঈ,train,3,2
20260711_220606_essesa__outer03__inner02__aug02,20260711_220606_essesa,user4,ঈ,train,3,2
20260711_220606_essesa__outer03__inner02__aug03,20260711_220606_essesa,user4,ঈ,train,3,2
20260711_220641_ufswp1__outer03__inner02__aug01,20260711_220641_ufswp1,user4,ঈ,train,3,2
20260711_220641_ufswp1__outer03__inner02__aug02,20260711_220641_ufswp1,user4,ঈ,train,3,2
20260711_220641_ufswp1__outer03__inner02__aug03,20260711_220641_ufswp1,user4,ঈ,train,3,2
20260711_220701_y1rftt__outer03__inner02__aug01,20260711_220701_y1rftt,user4,ঈ,train,3,2
20260711_220701_y1rftt__outer03__inner02__aug02,20260711_220701_y1rftt,user4,ঈ,train,3,2
20260711_220701_y1rftt__outer03__inner02__aug03,20260711_220701_y1rftt,user4,ঈ,train,3,2
20260711_220721_h9k2mi__outer03__inner02__aug01,20260711_220721_h9k2mi,user4,ঈ,train,3,2
20260711_220721_h9k2mi__outer03__inner02__aug02,20260711_220721_h9k2mi,user4,ঈ,train,3,2
20260711_220721_h9k2mi__outer03__inner02__aug03,20260711_220721_h9k2mi,user4,ঈ,train,3,2
20260711_220738_j2qzn6__outer03__inner02__aug01,20260711_220738_j2qzn6,user4,ঈ,train,3,2
20260711_220738_j2qzn6__outer03__inner02__aug02,20260711_220738_j2qzn6,user4,ঈ,train,3,2
20260711_220738_j2qzn6__outer03__inner02__aug03,20260711_220738_j2qzn6,user4,ঈ,train,3,2
20260711_220751_axw80l__outer03__inner02__aug01,20260711_220751_axw80l,user4,ঈ,train,3,2
20260711_220751_axw80l__outer03__inner02__aug02,20260711_220751_axw80l,user4,ঈ,train,3,2
20260711_220751_axw80l__outer03__inner02__aug03,20260711_220751_axw80l,user4,ঈ,train,3,2
20260711_220807_mldxj2__outer03__inner02__aug01,20260711_220807_mldxj2,user4,ঈ,train,3,2
20260711_220807_mldxj2__outer03__inner02__aug02,20260711_220807_mldxj2,user4,ঈ,train,3,2
20260711_220807_mldxj2__outer03__inner02__aug03,20260711_220807_mldxj2,user4,ঈ,train,3,2
20260711_220822_wgaxvc__outer03__inner02__aug01,20260711_220822_wgaxvc,user4,ঈ,train,3,2
20260711_220822_wgaxvc__outer03__inner02__aug02,20260711_220822_wgaxvc,user4,ঈ,train,3,2
20260711_220822_wgaxvc__outer03__inner02__aug03,20260711_220822_wgaxvc,user4,ঈ,train,3,2
20260711_220837_dby4gx__outer03__inner02__aug01,20260711_220837_dby4gx,user4,ঈ,train,3,2
20260711_220837_dby4gx__outer03__inner02__aug02,20260711_220837_dby4gx,user4,ঈ,train,3,2
20260711_220837_dby4gx__outer03__inner02__aug03,20260711_220837_dby4gx,user4,ঈ,train,3,2
20260711_220850_xo5kch__outer03__inner02__aug01,20260711_220850_xo5kch,user4,ঈ,train,3,2
20260711_220850_xo5kch__outer03__inner02__aug02,20260711_220850_xo5kch,user4,ঈ,train,3,2
20260711_220850_xo5kch__outer03__inner02__aug03,20260711_220850_xo5kch,user4,ঈ,train,3,2
20260711_220906_ehc737__outer03__inner02__aug01,20260711_220906_ehc737,user4,ঈ,train,3,2
20260711_220906_ehc737__outer03__inner02__aug02,20260711_220906_ehc737,user4,ঈ,train,3,2
20260711_220906_ehc737__outer03__inner02__aug03,20260711_220906_ehc737,user4,ঈ,train,3,2
20260711_220930_a944cy__outer04__inner00__aug01,20260711_220930_a944cy,for_bonhi,ঔ,train,4,0
20260711_220930_a944cy__outer04__inner00__aug02,20260711_220930_a944cy,for_bonhi,ঔ,train,4,0
20260711_220930_a944cy__outer04__inner00__aug03,20260711_220930_a944cy,for_bonhi,ঔ,train,4,0
20260704_232121_lcxi4y__outer04__inner00__aug01,20260704_232121_lcxi4y,user2,অ,train,4,0
20260704_232121_lcxi4y__outer04__inner00__aug02,20260704_232121_lcxi4y,user2,অ,train,4,0
20260704_232121_lcxi4y__outer04__inner00__aug03,20260704_232121_lcxi4y,user2,অ,train,4,0
20260728_232630_znnts0__outer04__inner00__aug01,20260728_232630_znnts0,user2,অ,train,4,0
20260728_232630_znnts0__outer04__inner00__aug02,20260728_232630_znnts0,user2,অ,train,4,0
20260728_232630_znnts0__outer04__inner00__aug03,20260728_232630_znnts0,user2,অ,train,4,0
20260728_232652_hdsmyh__outer04__inner00__aug01,20260728_232652_hdsmyh,user2,অ,train,4,0
20260728_232652_hdsmyh__outer04__inner00__aug02,20260728_232652_hdsmyh,user2,অ,train,4,0
20260728_232652_hdsmyh__outer04__inner00__aug03,20260728_232652_hdsmyh,user2,অ,train,4,0
20260728_232714_hincfq__outer04__inner00__aug01,20260728_232714_hincfq,user2,অ,train,4,0
20260728_232714_hincfq__outer04__inner00__aug02,20260728_232714_hincfq,user2,অ,train,4,0
20260728_232714_hincfq__outer04__inner00__aug03,20260728_232714_hincfq,user2,অ,train,4,0
20260728_232741_j1gvgu__outer04__inner00__aug01,20260728_232741_j1gvgu,user2,অ,train,4,0
20260728_232741_j1gvgu__outer04__inner00__aug02,20260728_232741_j1gvgu,user2,অ,train,4,0
20260728_232741_j1gvgu__outer04__inner00__aug03,20260728_232741_j1gvgu,user2,অ,train,4,0
20260704_232148_mqf5ea__outer04__inner00__aug01,20260704_232148_mqf5ea,user2,আ,train,4,0
20260704_232148_mqf5ea__outer04__inner00__aug02,20260704_232148_mqf5ea,user2,আ,train,4,0
20260704_232148_mqf5ea__outer04__inner00__aug03,20260704_232148_mqf5ea,user2,আ,train,4,0
20260728_232436_9i4gi8__outer04__inner00__aug01,20260728_232436_9i4gi8,user2,আ,train,4,0
20260728_232436_9i4gi8__outer04__inner00__aug02,20260728_232436_9i4gi8,user2,আ,train,4,0
20260728_232436_9i4gi8__outer04__inner00__aug03,20260728_232436_9i4gi8,user2,আ,train,4,0
20260728_232459_m6l3cf__outer04__inner00__aug01,20260728_232459_m6l3cf,user2,আ,train,4,0
20260728_232459_m6l3cf__outer04__inner00__aug02,20260728_232459_m6l3cf,user2,আ,train,4,0
20260728_232459_m6l3cf__outer04__inner00__aug03,20260728_232459_m6l3cf,user2,আ,train,4,0
20260728_232520_l4uaan__outer04__inner00__aug01,20260728_232520_l4uaan,user2,আ,train,4,0
20260728_232520_l4uaan__outer04__inner00__aug02,20260728_232520_l4uaan,user2,আ,train,4,0
20260728_232520_l4uaan__outer04__inner00__aug03,20260728_232520_l4uaan,user2,আ,train,4,0
20260728_232556_dwfz7c__outer04__inner00__aug01,20260728_232556_dwfz7c,user2,আ,train,4,0
20260728_232556_dwfz7c__outer04__inner00__aug02,20260728_232556_dwfz7c,user2,আ,train,4,0
20260728_232556_dwfz7c__outer04__inner00__aug03,20260728_232556_dwfz7c,user2,আ,train,4,0
20260704_232218_jf6rio__outer04__inner00__aug01,20260704_232218_jf6rio,user2,ই,train,4,0
20260704_232218_jf6rio__outer04__inner00__aug02,20260704_232218_jf6rio,user2,ই,train,4,0
20260704_232218_jf6rio__outer04__inner00__aug03,20260704_232218_jf6rio,user2,ই,train,4,0
20260728_232810_781yo6__outer04__inner00__aug01,20260728_232810_781yo6,user2,ই,train,4,0
20260728_232810_781yo6__outer04__inner00__aug02,20260728_232810_781yo6,user2,ই,train,4,0
20260728_232810_781yo6__outer04__inner00__aug03,20260728_232810_781yo6,user2,ই,train,4,0
20260728_232836_pvgrxn__outer04__inner00__aug01,20260728_232836_pvgrxn,user2,ই,train,4,0
20260728_232836_pvgrxn__outer04__inner00__aug02,20260728_232836_pvgrxn,user2,ই,train,4,0
20260728_232836_pvgrxn__outer04__inner00__aug03,20260728_232836_pvgrxn,user2,ই,train,4,0
20260728_233118_pcjncu__outer04__inner00__aug01,20260728_233118_pcjncu,user2,ই,train,4,0
20260728_233118_pcjncu__outer04__inner00__aug02,20260728_233118_pcjncu,user2,ই,train,4,0
20260728_233118_pcjncu__outer04__inner00__aug03,20260728_233118_pcjncu,user2,ই,train,4,0
20260728_233205_n417cm__outer04__inner00__aug01,20260728_233205_n417cm,user2,ই,train,4,0
20260728_233205_n417cm__outer04__inner00__aug02,20260728_233205_n417cm,user2,ই,train,4,0
20260728_233205_n417cm__outer04__inner00__aug03,20260728_233205_n417cm,user2,ই,train,4,0
20260704_232243_1fsapx__outer04__inner00__aug01,20260704_232243_1fsapx,user2,ঈ,train,4,0
20260704_232243_1fsapx__outer04__inner00__aug02,20260704_232243_1fsapx,user2,ঈ,train,4,0
20260704_232243_1fsapx__outer04__inner00__aug03,20260704_232243_1fsapx,user2,ঈ,train,4,0
20260728_233238_q39ioy__outer04__inner00__aug01,20260728_233238_q39ioy,user2,ঈ,train,4,0
20260728_233238_q39ioy__outer04__inner00__aug02,20260728_233238_q39ioy,user2,ঈ,train,4,0
20260728_233238_q39ioy__outer04__inner00__aug03,20260728_233238_q39ioy,user2,ঈ,train,4,0
20260728_233302_e8k0ge__outer04__inner00__aug01,20260728_233302_e8k0ge,user2,ঈ,train,4,0
20260728_233302_e8k0ge__outer04__inner00__aug02,20260728_233302_e8k0ge,user2,ঈ,train,4,0
20260728_233302_e8k0ge__outer04__inner00__aug03,20260728_233302_e8k0ge,user2,ঈ,train,4,0
20260728_233333_nvf18a__outer04__inner00__aug01,20260728_233333_nvf18a,user2,ঈ,train,4,0
20260728_233333_nvf18a__outer04__inner00__aug02,20260728_233333_nvf18a,user2,ঈ,train,4,0
20260728_233333_nvf18a__outer04__inner00__aug03,20260728_233333_nvf18a,user2,ঈ,train,4,0
20260728_233359_9wg8n4__outer04__inner00__aug01,20260728_233359_9wg8n4,user2,ঈ,train,4,0
20260728_233359_9wg8n4__outer04__inner00__aug02,20260728_233359_9wg8n4,user2,ঈ,train,4,0
20260728_233359_9wg8n4__outer04__inner00__aug03,20260728_233359_9wg8n4,user2,ঈ,train,4,0
20260711_200812_18txgi__outer04__inner00__aug01,20260711_200812_18txgi,user3,অ,train,4,0
20260711_200812_18txgi__outer04__inner00__aug02,20260711_200812_18txgi,user3,অ,train,4,0
20260711_200812_18txgi__outer04__inner00__aug03,20260711_200812_18txgi,user3,অ,train,4,0
20260711_200917_z1na4w__outer04__inner00__aug01,20260711_200917_z1na4w,user3,অ,train,4,0
20260711_200917_z1na4w__outer04__inner00__aug02,20260711_200917_z1na4w,user3,অ,train,4,0
20260711_200917_z1na4w__outer04__inner00__aug03,20260711_200917_z1na4w,user3,অ,train,4,0
20260711_200954_0muns4__outer04__inner00__aug01,20260711_200954_0muns4,user3,অ,train,4,0
20260711_200954_0muns4__outer04__inner00__aug02,20260711_200954_0muns4,user3,অ,train,4,0
20260711_200954_0muns4__outer04__inner00__aug03,20260711_200954_0muns4,user3,অ,train,4,0
20260711_201110_jw6cqh__outer04__inner00__aug01,20260711_201110_jw6cqh,user3,অ,train,4,0
20260711_201110_jw6cqh__outer04__inner00__aug02,20260711_201110_jw6cqh,user3,অ,train,4,0
20260711_201110_jw6cqh__outer04__inner00__aug03,20260711_201110_jw6cqh,user3,অ,train,4,0
20260711_201208_6ylgz1__outer04__inner00__aug01,20260711_201208_6ylgz1,user3,অ,train,4,0
20260711_201208_6ylgz1__outer04__inner00__aug02,20260711_201208_6ylgz1,user3,অ,train,4,0
20260711_201208_6ylgz1__outer04__inner00__aug03,20260711_201208_6ylgz1,user3,অ,train,4,0
20260711_201526_9elfv0__outer04__inner00__aug01,20260711_201526_9elfv0,user3,অ,train,4,0
20260711_201526_9elfv0__outer04__inner00__aug02,20260711_201526_9elfv0,user3,অ,train,4,0
20260711_201526_9elfv0__outer04__inner00__aug03,20260711_201526_9elfv0,user3,অ,train,4,0
20260711_201609_iv7642__outer04__inner00__aug01,20260711_201609_iv7642,user3,অ,train,4,0
20260711_201609_iv7642__outer04__inner00__aug02,20260711_201609_iv7642,user3,অ,train,4,0
20260711_201609_iv7642__outer04__inner00__aug03,20260711_201609_iv7642,user3,অ,train,4,0
20260711_201811_0znu6g__outer04__inner00__aug01,20260711_201811_0znu6g,user3,অ,train,4,0
20260711_201811_0znu6g__outer04__inner00__aug02,20260711_201811_0znu6g,user3,অ,train,4,0
20260711_201811_0znu6g__outer04__inner00__aug03,20260711_201811_0znu6g,user3,অ,train,4,0
20260711_201916_nc9ara__outer04__inner00__aug01,20260711_201916_nc9ara,user3,অ,train,4,0
20260711_201916_nc9ara__outer04__inner00__aug02,20260711_201916_nc9ara,user3,অ,train,4,0
20260711_201916_nc9ara__outer04__inner00__aug03,20260711_201916_nc9ara,user3,অ,train,4,0
20260711_201953_sai9ew__outer04__inner00__aug01,20260711_201953_sai9ew,user3,অ,train,4,0
20260711_201953_sai9ew__outer04__inner00__aug02,20260711_201953_sai9ew,user3,অ,train,4,0
20260711_201953_sai9ew__outer04__inner00__aug03,20260711_201953_sai9ew,user3,অ,train,4,0
20260711_202025_bntr0i__outer04__inner00__aug01,20260711_202025_bntr0i,user3,অ,train,4,0
20260711_202025_bntr0i__outer04__inner00__aug02,20260711_202025_bntr0i,user3,অ,train,4,0
20260711_202025_bntr0i__outer04__inner00__aug03,20260711_202025_bntr0i,user3,অ,train,4,0
20260711_202714_mwa7m1__outer04__inner00__aug01,20260711_202714_mwa7m1,user3,অ,train,4,0
20260711_202714_mwa7m1__outer04__inner00__aug02,20260711_202714_mwa7m1,user3,অ,train,4,0
20260711_202714_mwa7m1__outer04__inner00__aug03,20260711_202714_mwa7m1,user3,অ,train,4,0
20260711_202846_kmy51g__outer04__inner00__aug01,20260711_202846_kmy51g,user3,অ,train,4,0
20260711_202846_kmy51g__outer04__inner00__aug02,20260711_202846_kmy51g,user3,অ,train,4,0
20260711_202846_kmy51g__outer04__inner00__aug03,20260711_202846_kmy51g,user3,অ,train,4,0
20260711_203013_i4o0om__outer04__inner00__aug01,20260711_203013_i4o0om,user3,অ,train,4,0
20260711_203013_i4o0om__outer04__inner00__aug02,20260711_203013_i4o0om,user3,অ,train,4,0
20260711_203013_i4o0om__outer04__inner00__aug03,20260711_203013_i4o0om,user3,অ,train,4,0
20260711_203112_15gnzj__outer04__inner00__aug01,20260711_203112_15gnzj,user3,অ,train,4,0
20260711_203112_15gnzj__outer04__inner00__aug02,20260711_203112_15gnzj,user3,অ,train,4,0
20260711_203112_15gnzj__outer04__inner00__aug03,20260711_203112_15gnzj,user3,অ,train,4,0
20260711_205524_jbk5pv__outer04__inner00__aug01,20260711_205524_jbk5pv,user3,আ,train,4,0
20260711_205524_jbk5pv__outer04__inner00__aug02,20260711_205524_jbk5pv,user3,আ,train,4,0
20260711_205524_jbk5pv__outer04__inner00__aug03,20260711_205524_jbk5pv,user3,আ,train,4,0
20260711_205559_azslan__outer04__inner00__aug01,20260711_205559_azslan,user3,আ,train,4,0
20260711_205559_azslan__outer04__inner00__aug02,20260711_205559_azslan,user3,আ,train,4,0
20260711_205559_azslan__outer04__inner00__aug03,20260711_205559_azslan,user3,আ,train,4,0
20260711_205630_gydvnp__outer04__inner00__aug01,20260711_205630_gydvnp,user3,আ,train,4,0
20260711_205630_gydvnp__outer04__inner00__aug02,20260711_205630_gydvnp,user3,আ,train,4,0
20260711_205630_gydvnp__outer04__inner00__aug03,20260711_205630_gydvnp,user3,আ,train,4,0
20260711_205707_n57400__outer04__inner00__aug01,20260711_205707_n57400,user3,আ,train,4,0
20260711_205707_n57400__outer04__inner00__aug02,20260711_205707_n57400,user3,আ,train,4,0
20260711_205707_n57400__outer04__inner00__aug03,20260711_205707_n57400,user3,আ,train,4,0
20260711_205748_usnulf__outer04__inner00__aug01,20260711_205748_usnulf,user3,আ,train,4,0
20260711_205748_usnulf__outer04__inner00__aug02,20260711_205748_usnulf,user3,আ,train,4,0
20260711_205748_usnulf__outer04__inner00__aug03,20260711_205748_usnulf,user3,আ,train,4,0
20260703_231939_jmltkn__outer04__inner01__aug01,20260703_231939_jmltkn,user1,অ,train,4,1
20260703_231939_jmltkn__outer04__inner01__aug02,20260703_231939_jmltkn,user1,অ,train,4,1
20260703_231939_jmltkn__outer04__inner01__aug03,20260703_231939_jmltkn,user1,অ,train,4,1
20260704_230134_0i7e7o__outer04__inner01__aug01,20260704_230134_0i7e7o,user1,অ,train,4,1
20260704_230134_0i7e7o__outer04__inner01__aug02,20260704_230134_0i7e7o,user1,অ,train,4,1
20260704_230134_0i7e7o__outer04__inner01__aug03,20260704_230134_0i7e7o,user1,অ,train,4,1
20260704_230207_s0bru0__outer04__inner01__aug01,20260704_230207_s0bru0,user1,অ,train,4,1
20260704_230207_s0bru0__outer04__inner01__aug02,20260704_230207_s0bru0,user1,অ,train,4,1
20260704_230207_s0bru0__outer04__inner01__aug03,20260704_230207_s0bru0,user1,অ,train,4,1
20260704_230243_20ggrl__outer04__inner01__aug01,20260704_230243_20ggrl,user1,অ,train,4,1
20260704_230243_20ggrl__outer04__inner01__aug02,20260704_230243_20ggrl,user1,অ,train,4,1
20260704_230243_20ggrl__outer04__inner01__aug03,20260704_230243_20ggrl,user1,অ,train,4,1
20260704_230314_biogka__outer04__inner01__aug01,20260704_230314_biogka,user1,অ,train,4,1
20260704_230314_biogka__outer04__inner01__aug02,20260704_230314_biogka,user1,অ,train,4,1
20260704_230314_biogka__outer04__inner01__aug03,20260704_230314_biogka,user1,অ,train,4,1
20260704_230343_z76un4__outer04__inner01__aug01,20260704_230343_z76un4,user1,অ,train,4,1
20260704_230343_z76un4__outer04__inner01__aug02,20260704_230343_z76un4,user1,অ,train,4,1
20260704_230343_z76un4__outer04__inner01__aug03,20260704_230343_z76un4,user1,অ,train,4,1
20260704_230438_1by20a__outer04__inner01__aug01,20260704_230438_1by20a,user1,অ,train,4,1
20260704_230438_1by20a__outer04__inner01__aug02,20260704_230438_1by20a,user1,অ,train,4,1
20260704_230438_1by20a__outer04__inner01__aug03,20260704_230438_1by20a,user1,অ,train,4,1
20260704_230508_zz8agk__outer04__inner01__aug01,20260704_230508_zz8agk,user1,অ,train,4,1
20260704_230508_zz8agk__outer04__inner01__aug02,20260704_230508_zz8agk,user1,অ,train,4,1
20260704_230508_zz8agk__outer04__inner01__aug03,20260704_230508_zz8agk,user1,অ,train,4,1
20260704_230530_8783vw__outer04__inner01__aug01,20260704_230530_8783vw,user1,অ,train,4,1
20260704_230530_8783vw__outer04__inner01__aug02,20260704_230530_8783vw,user1,অ,train,4,1
20260704_230530_8783vw__outer04__inner01__aug03,20260704_230530_8783vw,user1,অ,train,4,1
20260704_230601_9fuwl5__outer04__inner01__aug01,20260704_230601_9fuwl5,user1,অ,train,4,1
20260704_230601_9fuwl5__outer04__inner01__aug02,20260704_230601_9fuwl5,user1,অ,train,4,1
20260704_230601_9fuwl5__outer04__inner01__aug03,20260704_230601_9fuwl5,user1,অ,train,4,1
20260704_230631_iep9zz__outer04__inner01__aug01,20260704_230631_iep9zz,user1,অ,train,4,1
20260704_230631_iep9zz__outer04__inner01__aug02,20260704_230631_iep9zz,user1,অ,train,4,1
20260704_230631_iep9zz__outer04__inner01__aug03,20260704_230631_iep9zz,user1,অ,train,4,1
20260709_222041_giojuy__outer04__inner01__aug01,20260709_222041_giojuy,user1,অ,train,4,1
20260709_222041_giojuy__outer04__inner01__aug02,20260709_222041_giojuy,user1,অ,train,4,1
20260709_222041_giojuy__outer04__inner01__aug03,20260709_222041_giojuy,user1,অ,train,4,1
20260704_230720_4nlmlz__outer04__inner01__aug01,20260704_230720_4nlmlz,user1,আ,train,4,1
20260704_230720_4nlmlz__outer04__inner01__aug02,20260704_230720_4nlmlz,user1,আ,train,4,1
20260704_230720_4nlmlz__outer04__inner01__aug03,20260704_230720_4nlmlz,user1,আ,train,4,1
20260704_230748_cofjqd__outer04__inner01__aug01,20260704_230748_cofjqd,user1,আ,train,4,1
20260704_230748_cofjqd__outer04__inner01__aug02,20260704_230748_cofjqd,user1,আ,train,4,1
20260704_230748_cofjqd__outer04__inner01__aug03,20260704_230748_cofjqd,user1,আ,train,4,1
20260704_230823_p4djtm__outer04__inner01__aug01,20260704_230823_p4djtm,user1,আ,train,4,1
20260704_230823_p4djtm__outer04__inner01__aug02,20260704_230823_p4djtm,user1,আ,train,4,1
20260704_230823_p4djtm__outer04__inner01__aug03,20260704_230823_p4djtm,user1,আ,train,4,1
20260704_230900_jm6b9y__outer04__inner01__aug01,20260704_230900_jm6b9y,user1,আ,train,4,1
20260704_230900_jm6b9y__outer04__inner01__aug02,20260704_230900_jm6b9y,user1,আ,train,4,1
20260704_230900_jm6b9y__outer04__inner01__aug03,20260704_230900_jm6b9y,user1,আ,train,4,1
20260704_230941_ogdcp4__outer04__inner01__aug01,20260704_230941_ogdcp4,user1,আ,train,4,1
20260704_230941_ogdcp4__outer04__inner01__aug02,20260704_230941_ogdcp4,user1,আ,train,4,1
20260704_230941_ogdcp4__outer04__inner01__aug03,20260704_230941_ogdcp4,user1,আ,train,4,1
20260704_231010_4ha6y7__outer04__inner01__aug01,20260704_231010_4ha6y7,user1,আ,train,4,1
20260704_231010_4ha6y7__outer04__inner01__aug02,20260704_231010_4ha6y7,user1,আ,train,4,1
20260704_231010_4ha6y7__outer04__inner01__aug03,20260704_231010_4ha6y7,user1,আ,train,4,1
20260728_232136_0wkg0v__outer04__inner01__aug01,20260728_232136_0wkg0v,user1,আ,train,4,1
20260728_232136_0wkg0v__outer04__inner01__aug02,20260728_232136_0wkg0v,user1,আ,train,4,1
20260728_232136_0wkg0v__outer04__inner01__aug03,20260728_232136_0wkg0v,user1,আ,train,4,1
20260728_232203_7c77zv__outer04__inner01__aug01,20260728_232203_7c77zv,user1,আ,train,4,1
20260728_232203_7c77zv__outer04__inner01__aug02,20260728_232203_7c77zv,user1,আ,train,4,1
20260728_232203_7c77zv__outer04__inner01__aug03,20260728_232203_7c77zv,user1,আ,train,4,1
20260728_232238_kgwkds__outer04__inner01__aug01,20260728_232238_kgwkds,user1,আ,train,4,1
20260728_232238_kgwkds__outer04__inner01__aug02,20260728_232238_kgwkds,user1,আ,train,4,1
20260728_232238_kgwkds__outer04__inner01__aug03,20260728_232238_kgwkds,user1,আ,train,4,1
20260728_232316_s2ep8l__outer04__inner01__aug01,20260728_232316_s2ep8l,user1,আ,train,4,1
20260728_232316_s2ep8l__outer04__inner01__aug02,20260728_232316_s2ep8l,user1,আ,train,4,1
20260728_232316_s2ep8l__outer04__inner01__aug03,20260728_232316_s2ep8l,user1,আ,train,4,1
20260705_210750_hp0ub6__outer04__inner01__aug01,20260705_210750_hp0ub6,user1,ই,train,4,1
20260705_210750_hp0ub6__outer04__inner01__aug02,20260705_210750_hp0ub6,user1,ই,train,4,1
20260705_210750_hp0ub6__outer04__inner01__aug03,20260705_210750_hp0ub6,user1,ই,train,4,1
20260705_210817_cpe63z__outer04__inner01__aug01,20260705_210817_cpe63z,user1,ই,train,4,1
20260705_210817_cpe63z__outer04__inner01__aug02,20260705_210817_cpe63z,user1,ই,train,4,1
20260705_210817_cpe63z__outer04__inner01__aug03,20260705_210817_cpe63z,user1,ই,train,4,1
20260705_210847_8d63gb__outer04__inner01__aug01,20260705_210847_8d63gb,user1,ই,train,4,1
20260705_210847_8d63gb__outer04__inner01__aug02,20260705_210847_8d63gb,user1,ই,train,4,1
20260705_210847_8d63gb__outer04__inner01__aug03,20260705_210847_8d63gb,user1,ই,train,4,1
20260705_210914_6z0wyv__outer04__inner01__aug01,20260705_210914_6z0wyv,user1,ই,train,4,1
20260705_210914_6z0wyv__outer04__inner01__aug02,20260705_210914_6z0wyv,user1,ই,train,4,1
20260705_210914_6z0wyv__outer04__inner01__aug03,20260705_210914_6z0wyv,user1,ই,train,4,1
20260705_211104_cee4mp__outer04__inner01__aug01,20260705_211104_cee4mp,user1,ই,train,4,1
20260705_211104_cee4mp__outer04__inner01__aug02,20260705_211104_cee4mp,user1,ই,train,4,1
20260705_211104_cee4mp__outer04__inner01__aug03,20260705_211104_cee4mp,user1,ই,train,4,1
20260705_211129_q9xd7j__outer04__inner01__aug01,20260705_211129_q9xd7j,user1,ই,train,4,1
20260705_211129_q9xd7j__outer04__inner01__aug02,20260705_211129_q9xd7j,user1,ই,train,4,1
20260705_211129_q9xd7j__outer04__inner01__aug03,20260705_211129_q9xd7j,user1,ই,train,4,1
20260705_211202_fwdefr__outer04__inner01__aug01,20260705_211202_fwdefr,user1,ই,train,4,1
20260705_211202_fwdefr__outer04__inner01__aug02,20260705_211202_fwdefr,user1,ই,train,4,1
20260705_211202_fwdefr__outer04__inner01__aug03,20260705_211202_fwdefr,user1,ই,train,4,1
20260705_211229_nco6f5__outer04__inner01__aug01,20260705_211229_nco6f5,user1,ই,train,4,1
20260705_211229_nco6f5__outer04__inner01__aug02,20260705_211229_nco6f5,user1,ই,train,4,1
20260705_211229_nco6f5__outer04__inner01__aug03,20260705_211229_nco6f5,user1,ই,train,4,1
20260705_211257_5zxk15__outer04__inner01__aug01,20260705_211257_5zxk15,user1,ই,train,4,1
20260705_211257_5zxk15__outer04__inner01__aug02,20260705_211257_5zxk15,user1,ই,train,4,1
20260705_211257_5zxk15__outer04__inner01__aug03,20260705_211257_5zxk15,user1,ই,train,4,1
20260705_211324_69n6hy__outer04__inner01__aug01,20260705_211324_69n6hy,user1,ই,train,4,1
20260705_211324_69n6hy__outer04__inner01__aug02,20260705_211324_69n6hy,user1,ই,train,4,1
20260705_211324_69n6hy__outer04__inner01__aug03,20260705_211324_69n6hy,user1,ই,train,4,1
20260705_213721_6edrqn__outer04__inner01__aug01,20260705_213721_6edrqn,user1,ঈ,train,4,1
20260705_213721_6edrqn__outer04__inner01__aug02,20260705_213721_6edrqn,user1,ঈ,train,4,1
20260705_213721_6edrqn__outer04__inner01__aug03,20260705_213721_6edrqn,user1,ঈ,train,4,1
20260705_213804_scynf9__outer04__inner01__aug01,20260705_213804_scynf9,user1,ঈ,train,4,1
20260705_213804_scynf9__outer04__inner01__aug02,20260705_213804_scynf9,user1,ঈ,train,4,1
20260705_213804_scynf9__outer04__inner01__aug03,20260705_213804_scynf9,user1,ঈ,train,4,1
20260705_213852_tuebtl__outer04__inner01__aug01,20260705_213852_tuebtl,user1,ঈ,train,4,1
20260705_213852_tuebtl__outer04__inner01__aug02,20260705_213852_tuebtl,user1,ঈ,train,4,1
20260705_213852_tuebtl__outer04__inner01__aug03,20260705_213852_tuebtl,user1,ঈ,train,4,1
20260705_213943_7qqvt7__outer04__inner01__aug01,20260705_213943_7qqvt7,user1,ঈ,train,4,1
20260705_213943_7qqvt7__outer04__inner01__aug02,20260705_213943_7qqvt7,user1,ঈ,train,4,1
20260705_213943_7qqvt7__outer04__inner01__aug03,20260705_213943_7qqvt7,user1,ঈ,train,4,1
20260705_214029_z7ddbl__outer04__inner01__aug01,20260705_214029_z7ddbl,user1,ঈ,train,4,1
20260705_214029_z7ddbl__outer04__inner01__aug02,20260705_214029_z7ddbl,user1,ঈ,train,4,1
20260705_214029_z7ddbl__outer04__inner01__aug03,20260705_214029_z7ddbl,user1,ঈ,train,4,1
20260705_214107_b894ld__outer04__inner01__aug01,20260705_214107_b894ld,user1,ঈ,train,4,1
20260705_214107_b894ld__outer04__inner01__aug02,20260705_214107_b894ld,user1,ঈ,train,4,1
20260705_214107_b894ld__outer04__inner01__aug03,20260705_214107_b894ld,user1,ঈ,train,4,1
20260705_215457_yruoxw__outer04__inner01__aug01,20260705_215457_yruoxw,user1,ঈ,train,4,1
20260705_215457_yruoxw__outer04__inner01__aug02,20260705_215457_yruoxw,user1,ঈ,train,4,1
20260705_215457_yruoxw__outer04__inner01__aug03,20260705_215457_yruoxw,user1,ঈ,train,4,1
20260705_215539_dr61qv__outer04__inner01__aug01,20260705_215539_dr61qv,user1,ঈ,train,4,1
20260705_215539_dr61qv__outer04__inner01__aug02,20260705_215539_dr61qv,user1,ঈ,train,4,1
20260705_215539_dr61qv__outer04__inner01__aug03,20260705_215539_dr61qv,user1,ঈ,train,4,1
20260705_215654_07cd7w__outer04__inner01__aug01,20260705_215654_07cd7w,user1,ঈ,train,4,1
20260705_215654_07cd7w__outer04__inner01__aug02,20260705_215654_07cd7w,user1,ঈ,train,4,1
20260705_215654_07cd7w__outer04__inner01__aug03,20260705_215654_07cd7w,user1,ঈ,train,4,1
20260705_215745_i5n9h7__outer04__inner01__aug01,20260705_215745_i5n9h7,user1,ঈ,train,4,1
20260705_215745_i5n9h7__outer04__inner01__aug02,20260705_215745_i5n9h7,user1,ঈ,train,4,1
20260705_215745_i5n9h7__outer04__inner01__aug03,20260705_215745_i5n9h7,user1,ঈ,train,4,1
20260711_200812_18txgi__outer04__inner01__aug01,20260711_200812_18txgi,user3,অ,train,4,1
20260711_200812_18txgi__outer04__inner01__aug02,20260711_200812_18txgi,user3,অ,train,4,1
20260711_200812_18txgi__outer04__inner01__aug03,20260711_200812_18txgi,user3,অ,train,4,1
20260711_200917_z1na4w__outer04__inner01__aug01,20260711_200917_z1na4w,user3,অ,train,4,1
20260711_200917_z1na4w__outer04__inner01__aug02,20260711_200917_z1na4w,user3,অ,train,4,1
20260711_200917_z1na4w__outer04__inner01__aug03,20260711_200917_z1na4w,user3,অ,train,4,1
20260711_200954_0muns4__outer04__inner01__aug01,20260711_200954_0muns4,user3,অ,train,4,1
20260711_200954_0muns4__outer04__inner01__aug02,20260711_200954_0muns4,user3,অ,train,4,1
20260711_200954_0muns4__outer04__inner01__aug03,20260711_200954_0muns4,user3,অ,train,4,1
20260711_201110_jw6cqh__outer04__inner01__aug01,20260711_201110_jw6cqh,user3,অ,train,4,1
20260711_201110_jw6cqh__outer04__inner01__aug02,20260711_201110_jw6cqh,user3,অ,train,4,1
20260711_201110_jw6cqh__outer04__inner01__aug03,20260711_201110_jw6cqh,user3,অ,train,4,1
20260711_201208_6ylgz1__outer04__inner01__aug01,20260711_201208_6ylgz1,user3,অ,train,4,1
20260711_201208_6ylgz1__outer04__inner01__aug02,20260711_201208_6ylgz1,user3,অ,train,4,1
20260711_201208_6ylgz1__outer04__inner01__aug03,20260711_201208_6ylgz1,user3,অ,train,4,1
20260711_201526_9elfv0__outer04__inner01__aug01,20260711_201526_9elfv0,user3,অ,train,4,1
20260711_201526_9elfv0__outer04__inner01__aug02,20260711_201526_9elfv0,user3,অ,train,4,1
20260711_201526_9elfv0__outer04__inner01__aug03,20260711_201526_9elfv0,user3,অ,train,4,1
20260711_201609_iv7642__outer04__inner01__aug01,20260711_201609_iv7642,user3,অ,train,4,1
20260711_201609_iv7642__outer04__inner01__aug02,20260711_201609_iv7642,user3,অ,train,4,1
20260711_201609_iv7642__outer04__inner01__aug03,20260711_201609_iv7642,user3,অ,train,4,1
20260711_201811_0znu6g__outer04__inner01__aug01,20260711_201811_0znu6g,user3,অ,train,4,1
20260711_201811_0znu6g__outer04__inner01__aug02,20260711_201811_0znu6g,user3,অ,train,4,1
20260711_201811_0znu6g__outer04__inner01__aug03,20260711_201811_0znu6g,user3,অ,train,4,1
20260711_201916_nc9ara__outer04__inner01__aug01,20260711_201916_nc9ara,user3,অ,train,4,1
20260711_201916_nc9ara__outer04__inner01__aug02,20260711_201916_nc9ara,user3,অ,train,4,1
20260711_201916_nc9ara__outer04__inner01__aug03,20260711_201916_nc9ara,user3,অ,train,4,1
20260711_201953_sai9ew__outer04__inner01__aug01,20260711_201953_sai9ew,user3,অ,train,4,1
20260711_201953_sai9ew__outer04__inner01__aug02,20260711_201953_sai9ew,user3,অ,train,4,1
20260711_201953_sai9ew__outer04__inner01__aug03,20260711_201953_sai9ew,user3,অ,train,4,1
20260711_202025_bntr0i__outer04__inner01__aug01,20260711_202025_bntr0i,user3,অ,train,4,1
20260711_202025_bntr0i__outer04__inner01__aug02,20260711_202025_bntr0i,user3,অ,train,4,1
20260711_202025_bntr0i__outer04__inner01__aug03,20260711_202025_bntr0i,user3,অ,train,4,1
20260711_202714_mwa7m1__outer04__inner01__aug01,20260711_202714_mwa7m1,user3,অ,train,4,1
20260711_202714_mwa7m1__outer04__inner01__aug02,20260711_202714_mwa7m1,user3,অ,train,4,1
20260711_202714_mwa7m1__outer04__inner01__aug03,20260711_202714_mwa7m1,user3,অ,train,4,1
20260711_202846_kmy51g__outer04__inner01__aug01,20260711_202846_kmy51g,user3,অ,train,4,1
20260711_202846_kmy51g__outer04__inner01__aug02,20260711_202846_kmy51g,user3,অ,train,4,1
20260711_202846_kmy51g__outer04__inner01__aug03,20260711_202846_kmy51g,user3,অ,train,4,1
20260711_203013_i4o0om__outer04__inner01__aug01,20260711_203013_i4o0om,user3,অ,train,4,1
20260711_203013_i4o0om__outer04__inner01__aug02,20260711_203013_i4o0om,user3,অ,train,4,1
20260711_203013_i4o0om__outer04__inner01__aug03,20260711_203013_i4o0om,user3,অ,train,4,1
20260711_203112_15gnzj__outer04__inner01__aug01,20260711_203112_15gnzj,user3,অ,train,4,1
20260711_203112_15gnzj__outer04__inner01__aug02,20260711_203112_15gnzj,user3,অ,train,4,1
20260711_203112_15gnzj__outer04__inner01__aug03,20260711_203112_15gnzj,user3,অ,train,4,1
20260711_205524_jbk5pv__outer04__inner01__aug01,20260711_205524_jbk5pv,user3,আ,train,4,1
20260711_205524_jbk5pv__outer04__inner01__aug02,20260711_205524_jbk5pv,user3,আ,train,4,1
20260711_205524_jbk5pv__outer04__inner01__aug03,20260711_205524_jbk5pv,user3,আ,train,4,1
20260711_205559_azslan__outer04__inner01__aug01,20260711_205559_azslan,user3,আ,train,4,1
20260711_205559_azslan__outer04__inner01__aug02,20260711_205559_azslan,user3,আ,train,4,1
20260711_205559_azslan__outer04__inner01__aug03,20260711_205559_azslan,user3,আ,train,4,1
20260711_205630_gydvnp__outer04__inner01__aug01,20260711_205630_gydvnp,user3,আ,train,4,1
20260711_205630_gydvnp__outer04__inner01__aug02,20260711_205630_gydvnp,user3,আ,train,4,1
20260711_205630_gydvnp__outer04__inner01__aug03,20260711_205630_gydvnp,user3,আ,train,4,1
20260711_205707_n57400__outer04__inner01__aug01,20260711_205707_n57400,user3,আ,train,4,1
20260711_205707_n57400__outer04__inner01__aug02,20260711_205707_n57400,user3,আ,train,4,1
20260711_205707_n57400__outer04__inner01__aug03,20260711_205707_n57400,user3,আ,train,4,1
20260711_205748_usnulf__outer04__inner01__aug01,20260711_205748_usnulf,user3,আ,train,4,1
20260711_205748_usnulf__outer04__inner01__aug02,20260711_205748_usnulf,user3,আ,train,4,1
20260711_205748_usnulf__outer04__inner01__aug03,20260711_205748_usnulf,user3,আ,train,4,1
20260711_220930_a944cy__outer04__inner02__aug01,20260711_220930_a944cy,for_bonhi,ঔ,train,4,2
20260711_220930_a944cy__outer04__inner02__aug02,20260711_220930_a944cy,for_bonhi,ঔ,train,4,2
20260711_220930_a944cy__outer04__inner02__aug03,20260711_220930_a944cy,for_bonhi,ঔ,train,4,2
20260703_231939_jmltkn__outer04__inner02__aug01,20260703_231939_jmltkn,user1,অ,train,4,2
20260703_231939_jmltkn__outer04__inner02__aug02,20260703_231939_jmltkn,user1,অ,train,4,2
20260703_231939_jmltkn__outer04__inner02__aug03,20260703_231939_jmltkn,user1,অ,train,4,2
20260704_230134_0i7e7o__outer04__inner02__aug01,20260704_230134_0i7e7o,user1,অ,train,4,2
20260704_230134_0i7e7o__outer04__inner02__aug02,20260704_230134_0i7e7o,user1,অ,train,4,2
20260704_230134_0i7e7o__outer04__inner02__aug03,20260704_230134_0i7e7o,user1,অ,train,4,2
20260704_230207_s0bru0__outer04__inner02__aug01,20260704_230207_s0bru0,user1,অ,train,4,2
20260704_230207_s0bru0__outer04__inner02__aug02,20260704_230207_s0bru0,user1,অ,train,4,2
20260704_230207_s0bru0__outer04__inner02__aug03,20260704_230207_s0bru0,user1,অ,train,4,2
20260704_230243_20ggrl__outer04__inner02__aug01,20260704_230243_20ggrl,user1,অ,train,4,2
20260704_230243_20ggrl__outer04__inner02__aug02,20260704_230243_20ggrl,user1,অ,train,4,2
20260704_230243_20ggrl__outer04__inner02__aug03,20260704_230243_20ggrl,user1,অ,train,4,2
20260704_230314_biogka__outer04__inner02__aug01,20260704_230314_biogka,user1,অ,train,4,2
20260704_230314_biogka__outer04__inner02__aug02,20260704_230314_biogka,user1,অ,train,4,2
20260704_230314_biogka__outer04__inner02__aug03,20260704_230314_biogka,user1,অ,train,4,2
20260704_230343_z76un4__outer04__inner02__aug01,20260704_230343_z76un4,user1,অ,train,4,2
20260704_230343_z76un4__outer04__inner02__aug02,20260704_230343_z76un4,user1,অ,train,4,2
20260704_230343_z76un4__outer04__inner02__aug03,20260704_230343_z76un4,user1,অ,train,4,2
20260704_230438_1by20a__outer04__inner02__aug01,20260704_230438_1by20a,user1,অ,train,4,2
20260704_230438_1by20a__outer04__inner02__aug02,20260704_230438_1by20a,user1,অ,train,4,2
20260704_230438_1by20a__outer04__inner02__aug03,20260704_230438_1by20a,user1,অ,train,4,2
20260704_230508_zz8agk__outer04__inner02__aug01,20260704_230508_zz8agk,user1,অ,train,4,2
20260704_230508_zz8agk__outer04__inner02__aug02,20260704_230508_zz8agk,user1,অ,train,4,2
20260704_230508_zz8agk__outer04__inner02__aug03,20260704_230508_zz8agk,user1,অ,train,4,2
20260704_230530_8783vw__outer04__inner02__aug01,20260704_230530_8783vw,user1,অ,train,4,2
20260704_230530_8783vw__outer04__inner02__aug02,20260704_230530_8783vw,user1,অ,train,4,2
20260704_230530_8783vw__outer04__inner02__aug03,20260704_230530_8783vw,user1,অ,train,4,2
20260704_230601_9fuwl5__outer04__inner02__aug01,20260704_230601_9fuwl5,user1,অ,train,4,2
20260704_230601_9fuwl5__outer04__inner02__aug02,20260704_230601_9fuwl5,user1,অ,train,4,2
20260704_230601_9fuwl5__outer04__inner02__aug03,20260704_230601_9fuwl5,user1,অ,train,4,2
20260704_230631_iep9zz__outer04__inner02__aug01,20260704_230631_iep9zz,user1,অ,train,4,2
20260704_230631_iep9zz__outer04__inner02__aug02,20260704_230631_iep9zz,user1,অ,train,4,2
20260704_230631_iep9zz__outer04__inner02__aug03,20260704_230631_iep9zz,user1,অ,train,4,2
20260709_222041_giojuy__outer04__inner02__aug01,20260709_222041_giojuy,user1,অ,train,4,2
20260709_222041_giojuy__outer04__inner02__aug02,20260709_222041_giojuy,user1,অ,train,4,2
20260709_222041_giojuy__outer04__inner02__aug03,20260709_222041_giojuy,user1,অ,train,4,2
20260704_230720_4nlmlz__outer04__inner02__aug01,20260704_230720_4nlmlz,user1,আ,train,4,2
20260704_230720_4nlmlz__outer04__inner02__aug02,20260704_230720_4nlmlz,user1,আ,train,4,2
20260704_230720_4nlmlz__outer04__inner02__aug03,20260704_230720_4nlmlz,user1,আ,train,4,2
20260704_230748_cofjqd__outer04__inner02__aug01,20260704_230748_cofjqd,user1,আ,train,4,2
20260704_230748_cofjqd__outer04__inner02__aug02,20260704_230748_cofjqd,user1,আ,train,4,2
20260704_230748_cofjqd__outer04__inner02__aug03,20260704_230748_cofjqd,user1,আ,train,4,2
20260704_230823_p4djtm__outer04__inner02__aug01,20260704_230823_p4djtm,user1,আ,train,4,2
20260704_230823_p4djtm__outer04__inner02__aug02,20260704_230823_p4djtm,user1,আ,train,4,2
20260704_230823_p4djtm__outer04__inner02__aug03,20260704_230823_p4djtm,user1,আ,train,4,2
20260704_230900_jm6b9y__outer04__inner02__aug01,20260704_230900_jm6b9y,user1,আ,train,4,2
20260704_230900_jm6b9y__outer04__inner02__aug02,20260704_230900_jm6b9y,user1,আ,train,4,2
20260704_230900_jm6b9y__outer04__inner02__aug03,20260704_230900_jm6b9y,user1,আ,train,4,2
20260704_230941_ogdcp4__outer04__inner02__aug01,20260704_230941_ogdcp4,user1,আ,train,4,2
20260704_230941_ogdcp4__outer04__inner02__aug02,20260704_230941_ogdcp4,user1,আ,train,4,2
20260704_230941_ogdcp4__outer04__inner02__aug03,20260704_230941_ogdcp4,user1,আ,train,4,2
20260704_231010_4ha6y7__outer04__inner02__aug01,20260704_231010_4ha6y7,user1,আ,train,4,2
20260704_231010_4ha6y7__outer04__inner02__aug02,20260704_231010_4ha6y7,user1,আ,train,4,2
20260704_231010_4ha6y7__outer04__inner02__aug03,20260704_231010_4ha6y7,user1,আ,train,4,2
20260728_232136_0wkg0v__outer04__inner02__aug01,20260728_232136_0wkg0v,user1,আ,train,4,2
20260728_232136_0wkg0v__outer04__inner02__aug02,20260728_232136_0wkg0v,user1,আ,train,4,2
20260728_232136_0wkg0v__outer04__inner02__aug03,20260728_232136_0wkg0v,user1,আ,train,4,2
20260728_232203_7c77zv__outer04__inner02__aug01,20260728_232203_7c77zv,user1,আ,train,4,2
20260728_232203_7c77zv__outer04__inner02__aug02,20260728_232203_7c77zv,user1,আ,train,4,2
20260728_232203_7c77zv__outer04__inner02__aug03,20260728_232203_7c77zv,user1,আ,train,4,2
20260728_232238_kgwkds__outer04__inner02__aug01,20260728_232238_kgwkds,user1,আ,train,4,2
20260728_232238_kgwkds__outer04__inner02__aug02,20260728_232238_kgwkds,user1,আ,train,4,2
20260728_232238_kgwkds__outer04__inner02__aug03,20260728_232238_kgwkds,user1,আ,train,4,2
20260728_232316_s2ep8l__outer04__inner02__aug01,20260728_232316_s2ep8l,user1,আ,train,4,2
20260728_232316_s2ep8l__outer04__inner02__aug02,20260728_232316_s2ep8l,user1,আ,train,4,2
20260728_232316_s2ep8l__outer04__inner02__aug03,20260728_232316_s2ep8l,user1,আ,train,4,2
20260705_210750_hp0ub6__outer04__inner02__aug01,20260705_210750_hp0ub6,user1,ই,train,4,2
20260705_210750_hp0ub6__outer04__inner02__aug02,20260705_210750_hp0ub6,user1,ই,train,4,2
20260705_210750_hp0ub6__outer04__inner02__aug03,20260705_210750_hp0ub6,user1,ই,train,4,2
20260705_210817_cpe63z__outer04__inner02__aug01,20260705_210817_cpe63z,user1,ই,train,4,2
20260705_210817_cpe63z__outer04__inner02__aug02,20260705_210817_cpe63z,user1,ই,train,4,2
20260705_210817_cpe63z__outer04__inner02__aug03,20260705_210817_cpe63z,user1,ই,train,4,2
20260705_210847_8d63gb__outer04__inner02__aug01,20260705_210847_8d63gb,user1,ই,train,4,2
20260705_210847_8d63gb__outer04__inner02__aug02,20260705_210847_8d63gb,user1,ই,train,4,2
20260705_210847_8d63gb__outer04__inner02__aug03,20260705_210847_8d63gb,user1,ই,train,4,2
20260705_210914_6z0wyv__outer04__inner02__aug01,20260705_210914_6z0wyv,user1,ই,train,4,2
20260705_210914_6z0wyv__outer04__inner02__aug02,20260705_210914_6z0wyv,user1,ই,train,4,2
20260705_210914_6z0wyv__outer04__inner02__aug03,20260705_210914_6z0wyv,user1,ই,train,4,2
20260705_211104_cee4mp__outer04__inner02__aug01,20260705_211104_cee4mp,user1,ই,train,4,2
20260705_211104_cee4mp__outer04__inner02__aug02,20260705_211104_cee4mp,user1,ই,train,4,2
20260705_211104_cee4mp__outer04__inner02__aug03,20260705_211104_cee4mp,user1,ই,train,4,2
20260705_211129_q9xd7j__outer04__inner02__aug01,20260705_211129_q9xd7j,user1,ই,train,4,2
20260705_211129_q9xd7j__outer04__inner02__aug02,20260705_211129_q9xd7j,user1,ই,train,4,2
20260705_211129_q9xd7j__outer04__inner02__aug03,20260705_211129_q9xd7j,user1,ই,train,4,2
20260705_211202_fwdefr__outer04__inner02__aug01,20260705_211202_fwdefr,user1,ই,train,4,2
20260705_211202_fwdefr__outer04__inner02__aug02,20260705_211202_fwdefr,user1,ই,train,4,2
20260705_211202_fwdefr__outer04__inner02__aug03,20260705_211202_fwdefr,user1,ই,train,4,2
20260705_211229_nco6f5__outer04__inner02__aug01,20260705_211229_nco6f5,user1,ই,train,4,2
20260705_211229_nco6f5__outer04__inner02__aug02,20260705_211229_nco6f5,user1,ই,train,4,2
20260705_211229_nco6f5__outer04__inner02__aug03,20260705_211229_nco6f5,user1,ই,train,4,2
20260705_211257_5zxk15__outer04__inner02__aug01,20260705_211257_5zxk15,user1,ই,train,4,2
20260705_211257_5zxk15__outer04__inner02__aug02,20260705_211257_5zxk15,user1,ই,train,4,2
20260705_211257_5zxk15__outer04__inner02__aug03,20260705_211257_5zxk15,user1,ই,train,4,2
20260705_211324_69n6hy__outer04__inner02__aug01,20260705_211324_69n6hy,user1,ই,train,4,2
20260705_211324_69n6hy__outer04__inner02__aug02,20260705_211324_69n6hy,user1,ই,train,4,2
20260705_211324_69n6hy__outer04__inner02__aug03,20260705_211324_69n6hy,user1,ই,train,4,2
20260705_213721_6edrqn__outer04__inner02__aug01,20260705_213721_6edrqn,user1,ঈ,train,4,2
20260705_213721_6edrqn__outer04__inner02__aug02,20260705_213721_6edrqn,user1,ঈ,train,4,2
20260705_213721_6edrqn__outer04__inner02__aug03,20260705_213721_6edrqn,user1,ঈ,train,4,2
20260705_213804_scynf9__outer04__inner02__aug01,20260705_213804_scynf9,user1,ঈ,train,4,2
20260705_213804_scynf9__outer04__inner02__aug02,20260705_213804_scynf9,user1,ঈ,train,4,2
20260705_213804_scynf9__outer04__inner02__aug03,20260705_213804_scynf9,user1,ঈ,train,4,2
20260705_213852_tuebtl__outer04__inner02__aug01,20260705_213852_tuebtl,user1,ঈ,train,4,2
20260705_213852_tuebtl__outer04__inner02__aug02,20260705_213852_tuebtl,user1,ঈ,train,4,2
20260705_213852_tuebtl__outer04__inner02__aug03,20260705_213852_tuebtl,user1,ঈ,train,4,2
20260705_213943_7qqvt7__outer04__inner02__aug01,20260705_213943_7qqvt7,user1,ঈ,train,4,2
20260705_213943_7qqvt7__outer04__inner02__aug02,20260705_213943_7qqvt7,user1,ঈ,train,4,2
20260705_213943_7qqvt7__outer04__inner02__aug03,20260705_213943_7qqvt7,user1,ঈ,train,4,2
20260705_214029_z7ddbl__outer04__inner02__aug01,20260705_214029_z7ddbl,user1,ঈ,train,4,2
20260705_214029_z7ddbl__outer04__inner02__aug02,20260705_214029_z7ddbl,user1,ঈ,train,4,2
20260705_214029_z7ddbl__outer04__inner02__aug03,20260705_214029_z7ddbl,user1,ঈ,train,4,2
20260705_214107_b894ld__outer04__inner02__aug01,20260705_214107_b894ld,user1,ঈ,train,4,2
20260705_214107_b894ld__outer04__inner02__aug02,20260705_214107_b894ld,user1,ঈ,train,4,2
20260705_214107_b894ld__outer04__inner02__aug03,20260705_214107_b894ld,user1,ঈ,train,4,2
20260705_215457_yruoxw__outer04__inner02__aug01,20260705_215457_yruoxw,user1,ঈ,train,4,2
20260705_215457_yruoxw__outer04__inner02__aug02,20260705_215457_yruoxw,user1,ঈ,train,4,2
20260705_215457_yruoxw__outer04__inner02__aug03,20260705_215457_yruoxw,user1,ঈ,train,4,2
20260705_215539_dr61qv__outer04__inner02__aug01,20260705_215539_dr61qv,user1,ঈ,train,4,2
20260705_215539_dr61qv__outer04__inner02__aug02,20260705_215539_dr61qv,user1,ঈ,train,4,2
20260705_215539_dr61qv__outer04__inner02__aug03,20260705_215539_dr61qv,user1,ঈ,train,4,2
20260705_215654_07cd7w__outer04__inner02__aug01,20260705_215654_07cd7w,user1,ঈ,train,4,2
20260705_215654_07cd7w__outer04__inner02__aug02,20260705_215654_07cd7w,user1,ঈ,train,4,2
20260705_215654_07cd7w__outer04__inner02__aug03,20260705_215654_07cd7w,user1,ঈ,train,4,2
20260705_215745_i5n9h7__outer04__inner02__aug01,20260705_215745_i5n9h7,user1,ঈ,train,4,2
20260705_215745_i5n9h7__outer04__inner02__aug02,20260705_215745_i5n9h7,user1,ঈ,train,4,2
20260705_215745_i5n9h7__outer04__inner02__aug03,20260705_215745_i5n9h7,user1,ঈ,train,4,2
20260704_232121_lcxi4y__outer04__inner02__aug01,20260704_232121_lcxi4y,user2,অ,train,4,2
20260704_232121_lcxi4y__outer04__inner02__aug02,20260704_232121_lcxi4y,user2,অ,train,4,2
20260704_232121_lcxi4y__outer04__inner02__aug03,20260704_232121_lcxi4y,user2,অ,train,4,2
20260728_232630_znnts0__outer04__inner02__aug01,20260728_232630_znnts0,user2,অ,train,4,2
20260728_232630_znnts0__outer04__inner02__aug02,20260728_232630_znnts0,user2,অ,train,4,2
20260728_232630_znnts0__outer04__inner02__aug03,20260728_232630_znnts0,user2,অ,train,4,2
20260728_232652_hdsmyh__outer04__inner02__aug01,20260728_232652_hdsmyh,user2,অ,train,4,2
20260728_232652_hdsmyh__outer04__inner02__aug02,20260728_232652_hdsmyh,user2,অ,train,4,2
20260728_232652_hdsmyh__outer04__inner02__aug03,20260728_232652_hdsmyh,user2,অ,train,4,2
20260728_232714_hincfq__outer04__inner02__aug01,20260728_232714_hincfq,user2,অ,train,4,2
20260728_232714_hincfq__outer04__inner02__aug02,20260728_232714_hincfq,user2,অ,train,4,2
20260728_232714_hincfq__outer04__inner02__aug03,20260728_232714_hincfq,user2,অ,train,4,2
20260728_232741_j1gvgu__outer04__inner02__aug01,20260728_232741_j1gvgu,user2,অ,train,4,2
20260728_232741_j1gvgu__outer04__inner02__aug02,20260728_232741_j1gvgu,user2,অ,train,4,2
20260728_232741_j1gvgu__outer04__inner02__aug03,20260728_232741_j1gvgu,user2,অ,train,4,2
20260704_232148_mqf5ea__outer04__inner02__aug01,20260704_232148_mqf5ea,user2,আ,train,4,2
20260704_232148_mqf5ea__outer04__inner02__aug02,20260704_232148_mqf5ea,user2,আ,train,4,2
20260704_232148_mqf5ea__outer04__inner02__aug03,20260704_232148_mqf5ea,user2,আ,train,4,2
20260728_232436_9i4gi8__outer04__inner02__aug01,20260728_232436_9i4gi8,user2,আ,train,4,2
20260728_232436_9i4gi8__outer04__inner02__aug02,20260728_232436_9i4gi8,user2,আ,train,4,2
20260728_232436_9i4gi8__outer04__inner02__aug03,20260728_232436_9i4gi8,user2,আ,train,4,2
20260728_232459_m6l3cf__outer04__inner02__aug01,20260728_232459_m6l3cf,user2,আ,train,4,2
20260728_232459_m6l3cf__outer04__inner02__aug02,20260728_232459_m6l3cf,user2,আ,train,4,2
20260728_232459_m6l3cf__outer04__inner02__aug03,20260728_232459_m6l3cf,user2,আ,train,4,2
20260728_232520_l4uaan__outer04__inner02__aug01,20260728_232520_l4uaan,user2,আ,train,4,2
20260728_232520_l4uaan__outer04__inner02__aug02,20260728_232520_l4uaan,user2,আ,train,4,2
20260728_232520_l4uaan__outer04__inner02__aug03,20260728_232520_l4uaan,user2,আ,train,4,2
20260728_232556_dwfz7c__outer04__inner02__aug01,20260728_232556_dwfz7c,user2,আ,train,4,2
20260728_232556_dwfz7c__outer04__inner02__aug02,20260728_232556_dwfz7c,user2,আ,train,4,2
20260728_232556_dwfz7c__outer04__inner02__aug03,20260728_232556_dwfz7c,user2,আ,train,4,2
20260704_232218_jf6rio__outer04__inner02__aug01,20260704_232218_jf6rio,user2,ই,train,4,2
20260704_232218_jf6rio__outer04__inner02__aug02,20260704_232218_jf6rio,user2,ই,train,4,2
20260704_232218_jf6rio__outer04__inner02__aug03,20260704_232218_jf6rio,user2,ই,train,4,2
20260728_232810_781yo6__outer04__inner02__aug01,20260728_232810_781yo6,user2,ই,train,4,2
20260728_232810_781yo6__outer04__inner02__aug02,20260728_232810_781yo6,user2,ই,train,4,2
20260728_232810_781yo6__outer04__inner02__aug03,20260728_232810_781yo6,user2,ই,train,4,2
20260728_232836_pvgrxn__outer04__inner02__aug01,20260728_232836_pvgrxn,user2,ই,train,4,2
20260728_232836_pvgrxn__outer04__inner02__aug02,20260728_232836_pvgrxn,user2,ই,train,4,2
20260728_232836_pvgrxn__outer04__inner02__aug03,20260728_232836_pvgrxn,user2,ই,train,4,2
20260728_233118_pcjncu__outer04__inner02__aug01,20260728_233118_pcjncu,user2,ই,train,4,2
20260728_233118_pcjncu__outer04__inner02__aug02,20260728_233118_pcjncu,user2,ই,train,4,2
20260728_233118_pcjncu__outer04__inner02__aug03,20260728_233118_pcjncu,user2,ই,train,4,2
20260728_233205_n417cm__outer04__inner02__aug01,20260728_233205_n417cm,user2,ই,train,4,2
20260728_233205_n417cm__outer04__inner02__aug02,20260728_233205_n417cm,user2,ই,train,4,2
20260728_233205_n417cm__outer04__inner02__aug03,20260728_233205_n417cm,user2,ই,train,4,2
20260704_232243_1fsapx__outer04__inner02__aug01,20260704_232243_1fsapx,user2,ঈ,train,4,2
20260704_232243_1fsapx__outer04__inner02__aug02,20260704_232243_1fsapx,user2,ঈ,train,4,2
20260704_232243_1fsapx__outer04__inner02__aug03,20260704_232243_1fsapx,user2,ঈ,train,4,2
20260728_233238_q39ioy__outer04__inner02__aug01,20260728_233238_q39ioy,user2,ঈ,train,4,2
20260728_233238_q39ioy__outer04__inner02__aug02,20260728_233238_q39ioy,user2,ঈ,train,4,2
20260728_233238_q39ioy__outer04__inner02__aug03,20260728_233238_q39ioy,user2,ঈ,train,4,2
20260728_233302_e8k0ge__outer04__inner02__aug01,20260728_233302_e8k0ge,user2,ঈ,train,4,2
20260728_233302_e8k0ge__outer04__inner02__aug02,20260728_233302_e8k0ge,user2,ঈ,train,4,2
20260728_233302_e8k0ge__outer04__inner02__aug03,20260728_233302_e8k0ge,user2,ঈ,train,4,2
20260728_233333_nvf18a__outer04__inner02__aug01,20260728_233333_nvf18a,user2,ঈ,train,4,2
20260728_233333_nvf18a__outer04__inner02__aug02,20260728_233333_nvf18a,user2,ঈ,train,4,2
20260728_233333_nvf18a__outer04__inner02__aug03,20260728_233333_nvf18a,user2,ঈ,train,4,2
20260728_233359_9wg8n4__outer04__inner02__aug01,20260728_233359_9wg8n4,user2,ঈ,train,4,2
20260728_233359_9wg8n4__outer04__inner02__aug02,20260728_233359_9wg8n4,user2,ঈ,train,4,2
20260728_233359_9wg8n4__outer04__inner02__aug03,20260728_233359_9wg8n4,user2,ঈ,train,4,2
