sample_id,user_id,label,created_at,device,image_path,ink_density,ink_intensity_mean,ink_intensity_std,ink_intensity_sum,image_centroid_x,image_centroid_y,image_std_x,image_std_y,image_bbox_width,image_bbox_height,image_bbox_aspect,proj_x_00,proj_x_01,proj_x_02,proj_x_03,proj_x_04,proj_x_05,proj_x_06,proj_x_07,proj_x_08,proj_x_09,proj_x_10,proj_x_11,proj_x_12,proj_x_13,proj_x_14,proj_x_15,proj_y_00,proj_y_01,proj_y_02,proj_y_03,proj_y_04,proj_y_05,proj_y_06,proj_y_07,proj_y_08,proj_y_09,proj_y_10,proj_y_11,proj_y_12,proj_y_13,proj_y_14,proj_y_15,zone_0_0,zone_0_1,zone_0_2,zone_0_3,zone_0_4,zone_0_5,zone_0_6,zone_1_0,zone_1_1,zone_1_2,zone_1_3,zone_1_4,zone_1_5,zone_1_6,zone_2_0,zone_2_1,zone_2_2,zone_2_3,zone_2_4,zone_2_5,zone_2_6,zone_3_0,zone_3_1,zone_3_2,zone_3_3,zone_3_4,zone_3_5,zone_3_6,zone_4_0,zone_4_1,zone_4_2,zone_4_3,zone_4_4,zone_4_5,zone_4_6,zone_5_0,zone_5_1,zone_5_2,zone_5_3,zone_5_4,zone_5_5,zone_5_6,zone_6_0,zone_6_1,zone_6_2,zone_6_3,zone_6_4,zone_6_5,zone_6_6
20260711_220930_a944cy,for_bonhi,ঔ,2026-07-11T16:09:30.070Z,macOS Chrome desktop,output/for_bonhi/ঔ/ঔ_20260711_220930_a944cy.png,0.071907,0.063783,0.237852,3200.36084,0.502604,0.268108,0.121352,0.167136,0.491071,0.919643,0.533981,0.0,0.0,0.0,0.012197,0.064721,0.067834,0.190108,0.127313,0.196099,0.146851,0.142989,0.051888,0.0,0.0,0.0,0.0,0.061212,0.200796,0.08363,0.157455,0.157458,0.109695,0.029791,0.071427,0.115482,0.0,0.0,0.0,0.0,1e-05,0.013044,0.0,0.0,0.169363,0.319998,0.272162,0.210317,0.0,0.0,0.0,0.0,0.262956,0.310459,0.278845,0.022763,0.0,0.0,0.0,0.077099,0.245247,0.318019,0.0,0.0,0.0,0.0,0.150479,0.271588,0.17526,0.0,0.0,0.0,0.0,0.0,0.0,0.0,0.0,0.0,0.0,0.0,0.0,0.0,0.0,0.0,0.0,0.0,0.0,0.000655,0.040142,0.0,0.0,0.0
20260703_231939_jmltkn,user1,অ,2026-07-03T17:19:39.900Z,Linux Chrome desktop,output/user1/অ/অ_20260703_231939_jmltkn.png,0.048469,0.043261,0.198245,2170.643066,0.564091,0.267225,0.113885,0.079688,0.419643,0.294643,1.424242,0.0,0.0,0.0,0.0,0.0,0.044006,0.147351,0.122951,0.139686,0.222421,0.146249,0.177121,0.000215,0.0,0.0,0.0,0.0,0.0,0.170077,0.334586,0.168362,0.19115,0.135209,0.000616,0.0,0.0,0.0,0.0,0.0,0.0,0.0,0.0,0.0,0.0,0.0,1.9e-05,4e-06,0.0,0.0,0.0,0.0,0.30535,0.345814,0.441678,0.142689,0.0,0.0,0.0,0.061033,0.291778,0.39259,0.119765,0.0,0.0,0.0,0.0,0.018704,0.000345,0.0,0.0,0.0,0.0,0.0,0.0,0.0,0.0,0.0,0.0,0.0,0.0,0.0,0.0,0.0,0.0,0.0,0.0,0.0,0.0,0.0,0.0,0.0
20260704_230134_0i7e7o,user1,অ,2026-07-04T17:01:34.908Z,Linux Chrome desktop,output/user1/অ/অ_20260704_230134_0i7e7o.png,0.043686,0.038598,0.187327,1936.694092,0.727483,0.427312,0.096478,0.082861,0.375,0.308036,1.217391,0.0,0.0,0.0,0.0,0.0,0.0,0.0,0.0,0.071359,0.11768,0.128112,0.24578,0.168184,0.25116,0.017726,0.0,0.0,0.0,0.0,0.0,0.089052,0.233347,0.20823,0.222684,0.223156,0.023531,0.0,0.0,0.0,0.0,0.0,0.0,0.0,0.0,0.0,0.0,0.0,0.0,0.0,0.0,0.0,0.0,0.002757,0.0,0.011278,0.000295,0.0,0.0,0.0,0.177332,0.27549,0.409252,0.074686,0.0,0.0,0.0,0.002551,0.381399,0.548089,0.000348,0.0,0.0,0.0,0.0,0.005511,0.002313,0.0,0.0,0.0,0.0,0.0,0.0,0.0,0.0,0.0,0.0,0.0,0.0,0.0,0.0,0.0
20260704_230207_s0bru0,user1,অ,2026-07-04T17:02:07.349Z,Linux Chrome desktop,output/user1/অ/অ_20260704_230207_s0bru0.png,0.053372,0.047535,0.207352,2385.11377,0.500001,0.285965,0.105847,0.075139,0.40625,0.272321,1.491803,0.0,0.0,0.0,0.0,0.028949,0.141979,0.107977,0.187098,0.249796,0.129019,0.155045,0.000136,0.0,0.0,0.0,0.0,0.0,0.0,0.095119,0.281318,0.205183,0.254924,0.163455,0.0,0.0,0.0,0.0,0.0,0.0,0.0,0.0,0.0,0.0,0.0,1.1e-05,0.0,0.0,0.0,0.0,0.0,8.8e-05,0.391253,0.564354,0.212925,0.0,0.0,0.0,0.0,0.223966,0.560118,0.376382,0.0,0.0,0.0,0.0,0.0,0.000115,0.0,0.0,0.0,0.0,0.0,0.0,0.0,0.0,0.0,0.0,0.0,0.0,0.0,0.0,0.0,0.0,0.0,0.0,0.0,0.0,0.0,0.0,0.0,0.0
20260704_230243_20ggrl,user1,অ,2026-07-04T17:02:43.933Z,Linux Chrome desktop,output/user1/অ/অ_20260704_230243_20ggrl.png,0.057079,0.051078,0.214871,2562.874512,0.537837,0.306092,0.105773,0.08751,0.424107,0.321429,1.319444,0.0,0.0,0.0,0.0,0.0,0.098763,0.117657,0.142386,0.164982,0.22524,0.186018,0.064932,2.1e-05,0.0,0.0,0.0,0.0,0.0,0.026407,0.335519,0.229503,0.119989,0.182819,0.105762,0.0,0.0,0.0,0.0,0.0,0.0,0.0,0.0,0.0,0.0,0.0,0.0,0.0,0.0,0.0,0.0,0.0,0.258245,0.469478,0.489782,0.073219,0.0,0.0,0.0,0.233935,0.183157,0.448698,0.0,0.0,0.0,0.0,0.01363,0.2517,0.080963,0.0,0.0,0.0,0.0,0.0,0.0,0.0,0.0,0.0,0.0,0.0,0.0,0.0,0.0,0.0,0.0,0.0,0.0,0.0,0.0,0.0,0.0,0.0
20260704_230314_biogka,user1,অ,2026-07-04T17:03:14.419Z,Linux Chrome desktop,output/user1/অ/অ_20260704_230314_biogka.png,0.052376,0.046499,0.205018,2333.141113,0.501113,0.387164,0.12614,0.114571,0.4375,0.53125,0.823529,0.0,0.0,0.0,0.000269,0.135179,0.104982,0.059909,0.069061,0.203318,0.267985,0.159279,1.8e-05,0.0,0.0,0.0,0.0,0.0,0.0,0.000894,0.136368,0.204676,0.122474,0.15216,0.176112,0.187938,0.001412,0.004968,0.012998,0.0,0.0,0.0,0.0,0.0,0.0,0.0,0.0,0.0,0.0,0.0,0.0,0.14437,0.027267,0.265097,0.152811,0.0,0.0,0.0,0.034394,0.208414,0.09383,0.411451,0.0,0.0,0.0,0.0,0.210934,0.356193,0.33274,0.0,0.0,0.0,0.0,0.040878,0.0,2.3e-05,0.0,0.0,0.0,0.0,5.7e-05,0.0,0.0,0.0,0.0,0.0,0.0,0.0,0.0,0.0,0.0,0.0
20260704_230343_z76un4,user1,অ,2026-07-04T17:03:43.455Z,Linux Chrome desktop,output/user1/অ/অ_20260704_230343_z76un4.png,0.069057,0.061307,0.233551,3076.152832,0.567549,0.330595,0.132073,0.112146,0.486607,0.446429,1.09,0.0,0.0,0.0,0.0,0.013752,0.081129,0.140977,0.092437,0.102696,0.158007,0.174709,0.202371,0.033922,0.0,0.0,0.0,0.0,0.0,0.023623,0.311569,0.194327,0.101104,0.132872,0.160286,0.062088,0.014131,0.0,0.0,0.0,0.0,0.0,0.0,0.0,0.0,0.0,0.0,0.0,0.0,0.0,0.0,6.9e-05,0.457855,0.326049,0.526026,0.053592,0.0,0.0,0.0,0.19547,0.10198,0.372894,0.200138,0.0,0.0,0.0,0.0,0.238549,0.215725,0.275019,0.0,0.0,0.0,0.0,0.040652,0.0,3.8e-05,0.0,0.0,0.0,0.0,0.0,0.0,0.0,0.0,0.0,0.0,0.0,0.0,0.0,0.0,0.0
20260704_230438_1by20a,user1,অ,2026-07-04T17:04:38.004Z,Linux Chrome desktop,output/user1/অ/অ_20260704_230438_1by20a.png,0.059411,0.052377,0.216798,2628.08252,0.579079,0.336613,0.116638,0.110303,0.424107,0.433036,0.979381,0.0,0.0,0.0,0.0,0.0,0.048136,0.110642,0.09649,0.191369,0.174261,0.123423,0.233983,0.021696,0.0,0.0,0.0,0.0,0.0,0.036564,0.272557,0.169943,0.116954,0.167196,0.150089,0.076516,0.010181,0.0,0.0,0.0,0.0,0.0,0.0,0.0,0.0,0.0,0.0,0.0,0.0,0.0,0.0,0.0,0.159647,0.447989,0.424403,0.065916,0.0,0.0,0.0,0.210807,0.030706,0.432954,0.136949,0.0,0.0,0.0,0.010183,0.325885,0.139629,0.167459,0.0,0.0,0.0,0.0,0.013959,0.0,0.0,0.0,0.0,0.0,0.0,0.0,0.0,0.0,0.0,0.0,0.0,0.0,0.0,0.0,0.0,0.0
20260704_230508_zz8agk,user1,অ,2026-07-04T17:05:08.436Z,Linux Chrome desktop,output/user1/অ/অ_20260704_230508_zz8agk.png,0.085619,0.075635,0.256957,3795.08252,0.49995,0.325714,0.154975,0.14206,0.553571,0.5,1.107143,0.0,0.0,0.006468,0.082966,0.052337,0.145277,0.061334,0.061313,0.160945,0.16443,0.171026,0.093905,0.0,0.0,0.0,0.0,0.0,0.005232,0.201462,0.198863,0.130514,0.071956,0.104109,0.12005,0.130912,0.036902,0.0,0.0,0.0,0.0,0.0,0.0,0.0,0.098487,0.104852,0.000103,0.002432,0.0,0.0,0.0,0.291487,0.31852,0.506093,0.505254,3.4e-05,0.0,0.0,0.038097,0.204837,0.057701,0.445186,0.0001,0.0,0.0,0.0,0.2161,0.363591,0.474219,0.000138,0.0,0.0,0.0,4e-06,0.016,0.055503,0.007395,0.0,0.0,0.0,0.0,0.0,0.0,0.0,0.0,0.0,0.0,0.0,0.0,0.0,0.0,0.0
20260704_230530_8783vw,user1,অ,2026-07-04T17:05:30.652Z,Linux Chrome desktop,output/user1/অ/অ_20260704_230530_8783vw.png,0.046337,0.040903,0.192877,2052.329346,0.449069,0.347223,0.108906,0.094137,0.433036,0.339286,1.276316,0.0,0.0,0.0,0.071721,0.100125,0.062661,0.13614,0.241403,0.272903,0.099181,0.015865,0.0,0.0,0.0,0.0,0.0,0.0,0.0,0.00389,0.190515,0.226553,0.154451,0.188106,0.214927,0.021558,0.0,0.0,0.0,0.0,0.0,0.0,0.0,0.0,0.0,0.0,0.0,0.0,0.0,0.0,0.0,0.034375,0.090265,0.356415,0.187492,0.0,0.0,0.0,0.220634,0.039476,0.549514,5e-05,0.0,0.0,0.0,0.01294,0.29141,0.220297,0.00136,0.0,0.0,0.0,0.0,0.0,0.0,0.0,0.0,0.0,0.0,0.0,0.0,0.0,0.0,0.0,0.0,0.0,0.0,0.0,0.0,0.0,0.0,0.0
20260704_230601_9fuwl5,user1,অ,2026-07-04T17:06:01.169Z,Linux Chrome desktop,output/user1/অ/অ_20260704_230601_9fuwl5.png,0.060328,0.052911,0.217592,2654.862549,0.561159,0.36879,0.125796,0.11507,0.455357,0.410714,1.108696,0.0,0.0,0.0,0.0,0.02574,0.084763,0.103688,0.056547,0.179731,0.195502,0.129164,0.224863,0.0,0.0,0.0,0.0,0.0,0.0,0.014381,0.195826,0.167132,0.129077,0.168403,0.146119,0.167342,0.01172,0.0,0.0,0.0,0.0,0.0,0.0,0.0,0.0,0.0,0.0,0.0,0.0,0.0,0.0,0.000111,0.213768,0.301712,0.306227,0.005047,0.0,0.0,0.0,0.220412,0.106024,0.459126,0.079362,0.0,0.0,0.0,0.096419,0.301662,0.370175,0.131101,0.0,0.0,0.0,0.0,0.000797,0.000257,0.00044,0.0,0.0,0.0,0.0,0.0,0.0,0.0,0.0,0.0,0.0,0.0,0.0,0.0,0.0,0.0
20260704_230631_iep9zz,user1,অ,2026-07-04T17:06:31.754Z,Linux Chrome desktop,output/user1/অ/অ_20260704_230631_iep9zz.png,0.058375,0.051686,0.215422,2593.372559,0.555733,0.300127,0.118723,0.104319,0.459821,0.366071,1.256098,0.0,0.0,0.0,0.0,0.005367,0.083014,0.127613,0.107919,0.156934,0.148132,0.227529,0.140055,0.003437,0.0,0.0,0.0,0.0,0.0,0.166374,0.251115,0.143458,0.11854,0.188964,0.127966,0.003582,0.0,0.0,0.0,0.0,0.0,0.0,0.0,0.0,0.0,5.7e-05,4.2e-05,0.0,0.0,0.0,0.0,0.0,0.384808,0.409478,0.500846,3.8e-05,0.0,0.0,0.0,0.11803,0.160179,0.415924,0.151769,0.0,0.0,0.0,0.0,0.205381,0.145247,0.04079,0.0,0.0,0.0,0.0,0.0,0.0,0.0,0.0,0.0,0.0,0.0,0.0,0.0,0.0,0.0,0.0,0.0,0.0,0.0,0.0,0.0,0.0
20260709_222041_giojuy,user1,অ,2026-07-09T16:20:41.439Z,Linux Chrome desktop,output/user1/অ/অ_20260709_222041_giojuy.png,0.102061,0.090557,0.279067,4543.800293,0.679671,0.420854,0.176296,0.15474,0.642857,0.5625,1.142857,0.0,0.0,0.0,0.0,0.020933,0.07891,0.030753,0.061363,0.059569,0.0901,0.088459,0.108859,0.174577,0.208272,0.078181,2.4e-05,0.0,6e-06,0.06998,0.072002,0.156768,0.132849,0.136722,0.07659,0.111455,0.104022,0.139004,0.000602,0.0,0.0,0.0,0.0,0.0,0.0,0.0,0.0,0.0,0.009877,0.0,0.0,0.0,0.096561,0.0,0.144202,0.458506,0.265951,0.0,0.0,0.326061,0.102757,0.433035,0.631882,0.000149,0.0,0.0,0.138584,0.34689,0.05136,0.321438,0.110405,0.0,0.0,0.0,0.162623,0.275203,0.345994,0.215828,0.0,0.0,0.0,0.0,0.0,0.0,0.0,0.0,0.0,0.0,0.0,0.0,0.0,0.0
20260704_230720_4nlmlz,user1,আ,2026-07-04T17:07:20.785Z,Linux Chrome desktop,output/user1/আ/আ_20260704_230720_4nlmlz.png,0.090222,0.080383,0.264664,4033.301758,0.472566,0.359862,0.136142,0.127191,0.522321,0.464286,1.125,0.0,0.0,0.011045,0.064344,0.110373,0.061238,0.10589,0.179402,0.140631,0.179657,0.147417,3e-06,0.0,0.0,0.0,0.0,0.0,0.0,0.007988,0.284076,0.160475,0.097519,0.137486,0.118513,0.134476,0.05596,0.003507,0.0,0.0,0.0,0.0,0.0,0.0,0.0,0.0,0.0,0.0,0.0,0.0,0.0,0.305879,0.366157,0.607724,0.291908,0.0,0.0,0.0,0.228696,0.030645,0.475774,0.296649,0.0,0.0,0.0,0.073361,0.313687,0.377259,0.363967,0.0,0.0,0.0,0.0,0.0,0.003983,0.203083,0.0,0.0,0.0,0.0,0.0,0.0,0.0,0.0,0.0,0.0,0.0,0.0,0.0,0.0,0.0,0.0
20260704_230748_cofjqd,user1,আ,2026-07-04T17:07:48.960Z,Linux Chrome desktop,output/user1/আ/আ_20260704_230748_cofjqd.png,0.057637,0.050895,0.2139,2553.717529,0.641256,0.325215,0.120255,0.077531,0.477679,0.276786,1.725806,0.0,0.0,0.0,0.0,0.0,0.0,0.027637,0.121181,0.145085,0.156329,0.181946,0.16754,0.08791,0.112316,5.5e-05,0.0,0.0,0.0,0.0,0.225953,0.279233,0.161433,0.241842,0.091539,0.0,0.0,0.0,0.0,0.0,0.0,0.0,0.0,0.0,0.0,0.0,0.0,0.0,0.0,0.0,0.0,0.0,0.049809,0.36762,0.406893,0.17307,0.0,0.0,0.0,0.0,0.33647,0.413492,0.419972,0.00998,0.0,0.0,0.0,0.040782,0.120761,0.125521,0.029496,0.0,0.0,0.0,0.0,0.0,0.0,0.0,0.0,0.0,0.0,0.0,0.0,0.0,0.0,0.0,0.0,0.0,0.0,0.0,0.0,0.0
20260704_230823_p4djtm,user1,আ,2026-07-04T17:08:23.458Z,Linux Chrome desktop,output/user1/আ/আ_20260704_230823_p4djtm.png,0.091079,0.080353,0.264213,4031.815674,0.619932,0.338177,0.165179,0.115191,0.611607,0.424107,1.442105,0.0,0.0,0.0,0.0,0.009581,0.09256,0.069959,0.089455,0.12451,0.114894,0.099292,0.169014,0.070475,0.131276,0.028985,0.0,0.0,0.0,0.01715,0.30791,0.167676,0.115094,0.118256,0.172983,0.086804,0.014127,0.0,0.0,0.0,0.0,0.0,0.0,0.0,0.0,0.0,0.0,0.0,0.0,0.0,0.0,3.8e-05,0.33601,0.473625,0.380695,0.471871,0.0,0.0,0.0,0.236255,0.13508,0.231936,0.454615,0.050574,0.0,0.0,0.0679,0.323212,0.312469,0.222254,0.211715,0.0,0.0,0.0,0.01134,0.0,0.0,0.017731,0.0,0.0,0.0,0.0,0.0,0.0,0.0,0.0,0.0,0.0,0.0,0.0,0.0,0.0
20260704_230900_jm6b9y,user1,আ,2026-07-04T17:09:00.548Z,Linux Chrome desktop,output/user1/আ/আ_20260704_230900_jm6b9y.png,0.108897,0.09676,0.287382,4855.007812,0.568458,0.336139,0.176959,0.15046,0.709821,0.526786,1.347458,0.0,0.0,0.01453,0.034192,0.056445,0.085362,0.070344,0.056995,0.100324,0.162068,0.11282,0.1478,0.108323,0.050797,0.0,0.0,0.0,4e-05,0.221968,0.201135,0.087599,0.07615,0.077019,0.122982,0.148972,0.05871,0.005426,0.0,0.0,0.0,0.0,0.0,0.0,3.8e-05,0.000103,0.022538,0.032939,0.013212,0.0,1.1e-05,0.341889,0.365338,0.496909,0.669543,0.323503,0.0,0.0,0.0,0.211918,6.1e-05,0.408697,0.207372,0.0,0.0,0.0,0.280852,0.328309,0.514258,0.290847,6.5e-05,0.0,0.0,0.0,0.004136,0.035892,0.192704,8.4e-05,0.0,0.0,0.0,0.0,0.0,0.0,0.0,0.0,0.0,0.0,0.0,0.0,0.0,0.0
20260704_230941_ogdcp4,user1,আ,2026-07-04T17:09:41.134Z,Linux Chrome desktop,output/user1/আ/আ_20260704_230941_ogdcp4.png,0.129145,0.115409,0.311281,5790.775879,0.491048,0.257637,0.199032,0.129015,0.8125,0.504464,1.610619,0.025111,0.037262,0.042221,0.041143,0.052716,0.079969,0.068104,0.097592,0.124046,0.129162,0.135102,0.098946,0.068603,2.3e-05,0.0,0.0,0.008981,0.181363,0.1493,0.194426,0.121141,0.105217,0.130633,0.080892,0.028047,0.0,0.0,0.0,0.0,0.0,0.0,0.0,0.327688,0.270749,0.268918,0.26893,0.125689,0.0,0.0,0.092996,0.272932,0.428711,0.630752,0.651643,0.101394,0.0,0.0,0.0,0.240476,0.332973,0.686746,0.216265,0.0,0.0,0.0,0.004301,0.187508,0.289131,0.257253,0.0,0.0,0.0,0.0,0.0,0.0,0.0,0.0,0.0,0.0,0.0,0.0,0.0,0.0,0.0,0.0,0.0,0.0,0.0,0.0,0.0,0.0
20260704_231010_4ha6y7,user1,আ,2026-07-04T17:10:10.093Z,Linux Chrome desktop,output/user1/আ/আ_20260704_231010_4ha6y7.png,0.092016,0.081814,0.26658,4105.11377,0.592344,0.32888,0.186416,0.120533,0.71875,0.46875,1.533333,0.0,0.0,0.0,0.023924,0.085437,0.068092,0.070243,0.058627,0.076959,0.13657,0.129771,0.124088,0.103954,0.069736,0.052598,0.0,0.0,0.0,0.10401,0.273098,0.1239,0.0944,0.115974,0.235683,0.042724,0.010202,9e-06,0.0,0.0,0.0,0.0,0.0,0.0,0.0,0.0,8e-06,0.0,0.0,0.0,0.0,0.244845,0.278428,0.363614,0.569026,0.380545,2.3e-05,0.0,0.021929,0.224138,2.3e-05,0.242785,0.320378,0.110256,0.0,0.0,0.14974,0.278968,0.353527,0.226708,0.203025,0.0,0.0,0.028405,0.012531,0.0,0.0,0.0,0.0,0.0,0.0,0.0,0.0,0.0,0.0,0.0,0.0,0.0,0.0,0.0,0.0,0.0
20260728_232136_0wkg0v,user1,আ,2026-07-28T17:21:36.892Z,Linux Chrome desktop,output/user1/আ/আ_20260728_232136_0wkg0v.png,0.087093,0.076723,0.258771,3849.651123,0.597013,0.373396,0.155122,0.118311,0.5625,0.424107,1.326316,0.0,0.0,0.0,0.0,0.025695,0.099902,0.069962,0.071335,0.114183,0.18215,0.126343,0.10976,0.119306,0.081363,0.0,0.0,0.0,0.0,0.0,0.179485,0.243515,0.127857,0.096562,0.125723,0.172839,0.054013,8e-06,0.0,0.0,0.0,0.0,0.0,0.0,0.0,0.0,0.0,0.0,0.0,0.0,0.0,0.004534,0.325965,0.385022,0.324705,0.223146,0.0,0.0,0.0,0.220565,0.099219,0.405932,0.39115,0.0,0.0,0.0,0.149004,0.300988,0.561202,0.20687,0.0,0.0,0.0,0.0,0.0,0.080545,0.080576,0.0,0.0,0.0,0.0,0.0,0.0,0.0,0.0,0.0,0.0,0.0,0.0,0.0,0.0,0.0
20260728_232203_7c77zv,user1,আ,2026-07-28T17:22:03.534Z,Linux Chrome desktop,output/user1/আ/আ_20260728_232203_7c77zv.png,0.084104,0.074877,0.256327,3757.027588,0.655776,0.324748,0.144863,0.104523,0.65625,0.370536,1.771084,0.0,0.0,0.0,2e-06,0.025973,0.031983,0.031944,0.032876,0.14419,0.122241,0.128496,0.165561,0.178332,0.121624,0.016777,0.0,0.0,0.0,0.008019,0.338799,0.205878,0.123497,0.108319,0.139859,0.075628,0.0,0.0,0.0,0.0,0.0,0.0,0.0,0.0,0.0,0.0,0.0,0.0,0.0,0.0,0.0,0.044543,0.268455,0.362228,0.504749,0.458318,0.112159,0.0,0.0,0.0,0.205921,0.348797,0.522652,0.0,0.0,0.0,0.0,0.157682,0.364698,0.318769,0.0,0.0,0.0,0.0,0.0,0.0,0.0,0.0,0.0,0.0,0.0,0.0,0.0,0.0,0.0,0.0,0.0,0.0,0.0,0.0,0.0,0.0
20260728_232238_kgwkds,user1,আ,2026-07-28T17:22:38.909Z,Linux Chrome desktop,output/user1/আ/আ_20260728_232238_kgwkds.png,0.109375,0.098014,0.28976,4917.933594,0.467751,0.333026,0.173053,0.13522,0.642857,0.504464,1.274336,0.0,1.7e-05,0.063465,0.087644,0.079531,0.055173,0.099245,0.161198,0.203867,0.038723,0.047731,0.143406,0.02,0.0,0.0,0.0,0.0,0.0,0.138078,0.253138,0.130901,0.094891,0.096764,0.128076,0.106188,0.049399,0.002564,0.0,0.0,0.0,0.0,0.0,0.0,0.0,0.0,0.000234,0.005266,0.0,0.0,0.023491,0.483134,0.591985,0.782613,0.418608,0.005729,0.0,0.000471,0.215165,6.5e-05,0.528692,0.165353,0.140939,0.0,0.0,0.231024,0.137408,0.556024,0.038545,0.280212,0.0,0.0,4e-06,0.069049,0.041636,0.0,0.087021,0.0,0.0,0.0,0.0,0.0,0.0,0.0,0.0,0.0,0.0,0.0,0.0,0.0,0.0,0.0
20260728_232316_s2ep8l,user1,আ,2026-07-28T17:23:16.011Z,Linux Chrome desktop,output/user1/আ/আ_20260728_232316_s2ep8l.png,0.09088,0.0814,0.266733,4084.325684,0.56455,0.358906,0.142102,0.128062,0.5,0.473214,1.056604,0.0,0.0,0.0,3e-06,0.057687,0.106197,0.063696,0.0869,0.103541,0.150784,0.20152,0.217046,0.012625,0.0,0.0,0.0,0.0,0.0,0.054085,0.233249,0.15562,0.09917,0.115455,0.136839,0.182914,0.022666,0.0,0.0,0.0,0.0,0.0,0.0,0.0,4.2e-05,0.0,0.0,0.0,0.0,0.0,0.0,0.079833,0.37883,0.499368,0.460823,0.11425,0.0,0.0,0.0,0.211474,0.058314,0.472499,0.258896,0.0,0.0,0.0,0.203516,0.269937,0.7178,0.208188,0.0,0.0,0.0,0.0,0.001723,0.053106,0.0,0.0,0.0,0.0,0.0,0.0,0.0,0.0,0.0,0.0,0.0,0.0,0.0,0.0,0.0,0.0
20260705_210750_hp0ub6,user1,ই,2026-07-05T15:07:50.100Z,Linux Chrome desktop,output/user1/ই/ই_20260705_210750_hp0ub6.png,0.081952,0.073001,0.253678,3662.913574,0.408266,0.218001,0.153934,0.156239,0.607143,0.700893,0.866242,0.0,0.027962,0.079268,0.122001,0.08076,0.050777,0.088778,0.232154,0.17155,0.079907,0.066831,1.2e-05,0.0,0.0,0.0,0.0,0.144904,0.100764,0.345432,0.123394,0.058931,0.031326,0.032193,0.084235,0.067344,6.5e-05,0.008911,0.002501,0.0,0.0,0.0,0.0,0.158938,0.313882,0.215326,0.379358,0.000172,0.0,0.0,0.009812,0.443754,0.284896,0.628895,0.254236,0.0,0.0,0.0,0.038599,0.000211,0.248614,0.0,0.0,0.0,0.0,0.0,0.028493,0.298192,0.232855,0.0,0.0,0.0,0.000199,0.040621,0.0,1.1e-05,0.0,0.0,0.0,0.0,0.0,0.0,0.0,0.0,0.0,0.0,0.0,0.0,0.0,0.0,0.0,0.0
20260705_210817_cpe63z,user1,ই,2026-07-05T15:08:17.145Z,Linux Chrome desktop,output/user1/ই/ই_20260705_210817_cpe63z.png,0.069535,0.062382,0.236243,3130.070557,0.353869,0.374569,0.110128,0.134031,0.450893,0.513393,0.878261,0.0,0.002013,0.088916,0.113011,0.109295,0.225199,0.260228,0.07643,0.123678,0.001228,0.0,0.0,0.0,0.0,0.0,0.0,0.0,0.0,0.064196,0.103561,0.143466,0.308751,0.135659,0.032179,0.033011,0.158189,0.020989,0.0,0.0,0.0,0.0,0.0,0.0,0.0,0.005633,0.0,0.0,0.0,0.0,0.058345,0.290736,0.381595,0.0,0.0,0.0,0.0,0.037615,0.427466,0.705538,0.380561,4.6e-05,0.0,0.0,0.0,0.0,0.231553,0.005699,0.0,0.0,0.0,0.0,0.0,0.253948,0.277907,6.9e-05,0.0,0.0,0.0,0.0,0.0,0.0,0.0,0.0,0.0,0.0,0.0,0.0,0.0,0.0,0.0,0.0
20260705_210847_8d63gb,user1,ই,2026-07-05T15:08:47.954Z,Linux Chrome desktop,output/user1/ই/ই_20260705_210847_8d63gb.png,0.071528,0.063596,0.237551,3191.003906,0.390873,0.336493,0.12518,0.182613,0.544643,0.571429,0.953125,0.0,0.042363,0.067398,0.037802,0.05039,0.169911,0.246701,0.212163,0.103693,0.064617,0.004961,0.0,0.0,0.0,0.0,0.0,0.0,0.107238,0.149518,0.132435,0.19467,0.071233,0.028944,0.03011,0.053823,0.195702,0.036326,0.0,0.0,0.0,0.0,0.0,0.11021,0.184421,0.267188,0.011807,0.0,0.0,0.0,0.131162,0.100597,0.388683,0.410792,0.013465,0.0,0.0,0.0,8e-06,0.231951,0.268585,0.0,0.0,0.0,0.0,0.0,0.126103,0.1865,0.001938,0.0,0.0,0.0,0.0,0.250172,0.267708,0.164924,0.0,0.0,0.0,0.0,0.0,0.0,0.0,0.0,0.0,0.0,0.0,0.0,0.0,0.0,0.0,0.0
20260705_210914_6z0wyv,user1,ই,2026-07-05T15:09:14.890Z,Linux Chrome desktop,output/user1/ই/ই_20260705_210914_6z0wyv.png,0.060607,0.054117,0.220475,2715.380371,0.470596,0.371631,0.102944,0.152131,0.46875,0.59375,0.789474,0.0,0.0,0.0,0.022563,0.053932,0.101897,0.162704,0.276402,0.197811,0.098337,0.086333,1.9e-05,0.0,0.0,0.0,0.0,0.0,0.007764,0.162339,0.055323,0.100005,0.271537,0.098964,0.049926,0.098866,0.087487,0.062369,0.005419,0.0,0.0,0.0,0.0,0.0,0.066433,0.000651,0.0,0.0,0.0,0.0,0.0,0.084681,0.271557,0.230189,0.0,0.0,0.0,0.0,0.0,0.306231,0.654285,0.218838,0.0,0.0,0.0,0.0,0.079488,0.364982,0.0,0.0,0.0,0.0,0.0,0.0,0.139591,0.234812,0.0,0.0,0.0,0.0,0.0,0.0,0.0,0.0,0.0,0.0,0.0,0.0,0.0,0.0,0.0,0.0
20260705_211104_cee4mp,user1,ই,2026-07-05T15:11:04.637Z,Linux Chrome desktop,output/user1/ই/ই_20260705_211104_cee4mp.png,0.068778,0.061806,0.235117,3101.172363,0.346261,0.369104,0.083964,0.177887,0.397321,0.589286,0.674242,0.0,0.0,0.048387,0.096863,0.160559,0.309023,0.263359,0.084793,0.037017,0.0,0.0,0.0,0.0,0.0,0.0,0.0,0.0,0.060826,0.141736,0.053413,0.225358,0.098881,0.062675,0.036772,0.079702,0.151647,0.088991,0.0,0.0,0.0,0.0,0.0,0.0,0.256545,0.077554,0.0,0.0,0.0,0.0,0.0,0.298771,0.542785,0.065537,0.0,0.0,0.0,0.0,0.086259,0.488051,0.11741,0.0,0.0,0.0,0.0,0.036026,0.346021,0.014886,0.0,0.0,0.0,0.0,8.4e-05,0.426861,0.271699,0.0,0.0,0.0,0.0,0.0,0.0,0.0,0.0,0.0,0.0,0.0,0.0,0.0,0.0,0.0,0.0,0.0
20260705_211129_q9xd7j,user1,ই,2026-07-05T15:11:29.635Z,Linux Chrome desktop,output/user1/ই/ই_20260705_211129_q9xd7j.png,0.052954,0.046847,0.205439,2350.595947,0.358684,0.307638,0.113549,0.153809,0.46875,0.5625,0.833333,0.0,0.023814,0.064042,0.127734,0.097078,0.159627,0.246292,0.202145,0.079224,4.3e-05,0.0,0.0,0.0,0.0,0.0,0.0,0.0,0.069179,0.224284,0.104968,0.194968,0.111241,0.040148,0.082536,0.099167,0.059674,0.013835,0.0,0.0,0.0,0.0,0.0,0.085413,0.214254,0.080813,0.0,0.0,0.0,0.0,0.009513,0.312297,0.444301,0.034034,0.0,0.0,0.0,0.0,0.043823,0.234624,0.235443,0.0,0.0,0.0,0.0,0.0,0.155737,0.312929,0.0,0.0,0.0,0.0,0.0,0.0,0.132322,0.0,0.0,0.0,0.0,0.0,0.0,0.0,0.0,0.0,0.0,0.0,0.0,0.0,0.0,0.0,0.0,0.0
20260705_211202_fwdefr,user1,ই,2026-07-05T15:12:02.571Z,Linux Chrome desktop,output/user1/ই/ই_20260705_211202_fwdefr.png,0.071528,0.063867,0.238227,3204.60791,0.408761,0.325688,0.140476,0.148311,0.535714,0.607143,0.882353,0.0,0.0,0.108887,0.079723,0.074304,0.092319,0.163406,0.198877,0.135339,0.107919,0.039225,0.0,0.0,0.0,0.0,0.0,1e-05,0.026419,0.147139,0.142975,0.281276,0.154443,0.034115,0.030619,0.047416,0.082293,0.053295,0.0,0.0,0.0,0.0,0.0,0.001448,0.114694,1.5e-05,0.0,0.0,0.0,0.0,0.000188,0.406775,0.347296,0.316674,0.303508,0.0,0.0,0.0,0.199556,0.422568,0.319504,0.016337,0.0,0.0,0.0,0.0,0.026206,0.254653,0.0,0.0,0.0,0.0,0.0,0.013614,0.304228,0.082234,0.0,0.0,0.0,0.0,0.0,0.0,0.0,0.0,0.0,0.0,0.0,0.0,0.0,0.0,0.0,0.0
20260705_211229_nco6f5,user1,ই,2026-07-05T15:12:29.901Z,Linux Chrome desktop,output/user1/ই/ই_20260705_211229_nco6f5.png,0.064493,0.057623,0.227188,2891.274414,0.452522,0.446538,0.119556,0.161277,0.5,0.629464,0.794326,0.0,0.0,0.0,0.056267,0.128792,0.085203,0.123895,0.192441,0.230624,0.127548,0.046961,0.00827,0.0,0.0,0.0,0.0,0.0,0.0,0.026283,0.094069,0.152483,0.033239,0.252522,0.104802,0.037034,0.113934,0.097645,0.079083,0.008906,0.0,0.0,0.0,0.0,3.1e-05,0.0,0.0,0.0,0.0,0.0,0.0,0.290671,0.280224,0.11916,0.0,0.0,0.0,0.0,0.082839,0.237504,0.453673,0.001045,0.0,0.0,0.0,0.020776,0.091709,0.305013,0.124016,0.0,0.0,0.0,0.0,0.050027,0.478324,0.167555,0.0,0.0,0.0,0.0,0.0,8e-06,0.120937,0.0,0.0,0.0,0.0,0.0,0.0,0.0,0.0,0.0
20260705_211257_5zxk15,user1,ই,2026-07-05T15:12:57.301Z,Linux Chrome desktop,output/user1/ই/ই_20260705_211257_5zxk15.png,0.062958,0.056076,0.224352,2813.682373,0.408889,0.397778,0.113206,0.141083,0.473214,0.513393,0.921739,0.0,0.0,0.019984,0.094496,0.099192,0.12197,0.240211,0.22849,0.086189,0.102972,0.006496,0.0,0.0,0.0,0.0,0.0,0.0,0.0,0.007224,0.113664,0.156646,0.317237,0.102673,0.033311,0.041766,0.120427,0.107037,1.4e-05,0.0,0.0,0.0,0.0,0.0,0.0,0.0,0.0,0.0,0.0,0.0,0.0,0.365119,0.269543,0.072698,0.0,0.0,0.0,0.0,0.117119,0.466789,0.464013,0.148372,0.0,0.0,0.0,0.0,0.057453,0.184904,0.0,0.0,0.0,0.0,0.0,0.204684,0.278588,0.118455,0.0,0.0,0.0,0.0,0.0,0.0,0.0,0.0,0.0,0.0,0.0,0.0,0.0,0.0,0.0,0.0
20260705_211324_69n6hy,user1,ই,2026-07-05T15:13:24.464Z,Linux Chrome desktop,output/user1/ই/ই_20260705_211324_69n6hy.png,0.081214,0.072797,0.253634,3652.650879,0.434487,0.376711,0.131936,0.162881,0.5625,0.598214,0.940299,0.0,3e-05,0.064294,0.067447,0.064953,0.072392,0.152812,0.240714,0.190334,0.07827,0.068738,1.6e-05,0.0,0.0,0.0,0.0,0.0,0.0,0.14561,0.070911,0.233106,0.148946,0.083556,0.050189,0.064363,0.098527,0.078465,0.026328,0.0,0.0,0.0,0.0,0.0,0.004952,0.00422,0.0,0.0,0.0,0.0,0.028791,0.493911,0.38647,0.171473,0.000199,0.0,0.0,0.0,0.074609,0.252302,0.714924,0.278274,0.0,0.0,0.0,0.0,0.032039,0.449854,0.0,0.0,0.0,0.0,0.0,0.117505,0.349866,0.185214,0.0,0.0,0.0,0.0,0.0,0.0,0.022438,0.0,0.0,0.0,0.0,0.0,0.0,0.0,0.0,0.0
20260705_213721_6edrqn,user1,ঈ,2026-07-05T15:37:21.634Z,Linux Chrome desktop,output/user1/ঈ/ঈ_20260705_213721_6edrqn.png,0.080018,0.071453,0.251196,3585.223633,0.505594,0.311007,0.148236,0.144591,0.575893,0.544643,1.057377,0.0,0.0,0.002051,0.083078,0.072312,0.067759,0.067425,0.102484,0.175735,0.175201,0.180077,0.073086,0.000792,0.0,0.0,0.0,0.0,0.08225,0.12972,0.119645,0.296128,0.090147,0.052828,0.066924,0.077516,0.08482,2.2e-05,0.0,0.0,0.0,0.0,0.0,0.0,0.058245,0.23804,0.174226,0.0,0.0,0.0,0.0,0.333494,0.303803,0.467766,0.348039,0.029979,0.0,0.0,0.056307,0.000965,0.206909,0.451589,2.3e-05,0.0,0.0,0.0,0.0,0.177562,0.363511,0.044305,0.0,0.0,0.0,0.0,0.040908,0.144646,0.060876,0.0,0.0,0.0,0.0,0.0,0.0,0.0,0.0,0.0,0.0,0.0,0.0,0.0,0.0,0.0
20260705_213804_scynf9,user1,ঈ,2026-07-05T15:38:04.513Z,Linux Chrome desktop,output/user1/ঈ/ঈ_20260705_213804_scynf9.png,0.062719,0.05601,0.224351,2810.349121,0.472808,0.310622,0.108679,0.147344,0.482143,0.522321,0.923077,0.0,0.0,0.0,0.042297,0.078239,0.082223,0.099485,0.218464,0.282178,0.148908,0.048201,4e-06,0.0,0.0,0.0,0.0,0.0,0.092697,0.179432,0.15309,0.118916,0.070395,0.122901,0.139974,0.08733,0.035265,0.0,0.0,0.0,0.0,0.0,0.0,0.0,0.016016,0.18336,0.179044,0.0,0.0,0.0,0.0,0.178941,0.265824,0.585976,0.011477,0.0,0.0,0.0,0.0,0.040851,0.312017,0.199008,0.0,0.0,0.0,0.0,0.069562,0.478431,0.173269,0.0,0.0,0.0,0.0,0.0,2.3e-05,0.050682,0.0,0.0,0.0,0.0,0.0,0.0,0.0,0.0,0.0,0.0,0.0,0.0,0.0,0.0,0.0,0.0
20260705_213852_tuebtl,user1,ঈ,2026-07-05T15:38:52.607Z,Linux Chrome desktop,output/user1/ঈ/ঈ_20260705_213852_tuebtl.png,0.09381,0.083435,0.269483,4186.411621,0.542794,0.325434,0.122785,0.179471,0.517857,0.642857,0.805556,0.0,0.0,0.0,0.000643,0.059458,0.067269,0.080449,0.120743,0.171946,0.199716,0.200781,0.091524,0.007472,0.0,0.0,0.0,0.005596,0.132263,0.091757,0.217598,0.12363,0.075166,0.079139,0.047437,0.061452,0.084742,0.080085,0.001134,0.0,0.0,0.0,0.0,0.0,0.048878,0.239392,0.268823,0.156641,0.0,0.0,0.0,0.047817,0.451486,0.452125,0.433931,0.034624,0.0,0.0,0.0,0.027083,0.329776,0.366912,0.080262,0.0,0.0,0.0,0.0,0.013408,0.49789,4.6e-05,0.0,0.0,0.0,0.0,0.259333,0.258747,0.121121,0.0,0.0,0.0,0.0,0.0,0.0,0.0,0.0,0.0,0.0,0.0,0.0,0.0,0.0,0.0
20260705_213943_7qqvt7,user1,ঈ,2026-07-05T15:39:43.527Z,Linux Chrome desktop,output/user1/ঈ/ঈ_20260705_213943_7qqvt7.png,0.058056,0.052092,0.216869,2613.764648,0.439261,0.422152,0.098003,0.155831,0.433036,0.566964,0.76378,0.0,0.0,0.0,0.033587,0.08581,0.104118,0.2972,0.19585,0.183474,0.074446,0.025515,0.0,0.0,0.0,0.0,0.0,0.0,3.9e-05,0.068983,0.134133,0.08018,0.096285,0.159408,0.077532,0.12437,0.168281,0.090759,2.9e-05,0.0,0.0,0.0,0.0,0.0,0.023204,0.0,0.0,0.0,0.0,0.0,0.0,0.192689,0.421676,0.010252,0.0,0.0,0.0,0.0,0.0,0.340391,0.339445,0.016268,0.0,0.0,0.0,0.0,0.086841,0.525682,6.9e-05,0.0,0.0,0.0,0.0,0.161769,0.246638,0.18758,0.0,0.0,0.0,0.0,0.0,0.0,0.0,0.0,0.0,0.0,0.0,0.0,0.0,0.0,0.0,0.0
20260705_214029_z7ddbl,user1,ঈ,2026-07-05T15:40:29.331Z,Linux Chrome desktop,output/user1/ঈ/ঈ_20260705_214029_z7ddbl.png,0.068638,0.061881,0.235375,3104.933105,0.55263,0.402632,0.098381,0.140965,0.446429,0.549107,0.813008,0.0,0.0,0.0,0.0,0.0,0.036112,0.111048,0.140875,0.25312,0.221277,0.143617,0.082673,0.011277,0.0,0.0,0.0,0.0,0.0,0.05057,0.096905,0.120177,0.238789,0.108483,0.121213,0.101896,0.059746,0.102117,0.000106,0.0,0.0,0.0,0.0,0.0,0.0,5.4e-05,0.0,0.0,0.0,0.0,0.0,0.0,0.218719,0.311075,0.014365,2.3e-05,0.0,0.0,0.0,0.122392,0.468884,0.545297,0.120975,0.0,0.0,0.0,0.025923,0.348491,0.366973,0.050199,0.0,0.0,0.0,0.021055,0.209095,0.20864,0.0,0.0,0.0,0.0,0.0,0.0,0.0,0.0,0.0,0.0,0.0,0.0,0.0,0.0,0.0,0.0
20260705_214107_b894ld,user1,ঈ,2026-07-05T15:41:07.880Z,Linux Chrome desktop,output/user1/ঈ/ঈ_20260705_214107_b894ld.png,0.077806,0.069049,0.247013,3464.623535,0.501331,0.460196,0.115464,0.157119,0.486607,0.651786,0.746575,0.0,0.0,0.0,0.005473,0.069146,0.088772,0.129375,0.180382,0.196686,0.14741,0.159259,0.023497,0.0,0.0,0.0,0.0,0.0,0.0,1e-05,0.11648,0.072753,0.135742,0.194525,0.092312,0.08203,0.108384,0.129626,0.03021,0.028001,0.009926,0.0,0.0,0.0,0.0,0.0,0.0,0.0,0.0,0.0,0.0,0.109547,0.309586,0.179653,0.0,0.0,0.0,0.0,7.3e-05,0.322296,0.522729,0.253274,0.0,0.0,0.0,0.0,0.046852,0.464231,0.190748,0.0,0.0,0.0,0.0,0.117092,0.266774,0.414476,0.005285,0.0,0.0,0.0,0.0,0.0,0.180806,0.0,0.0,0.0,0.0,0.0,0.0,0.0,0.0,0.0
20260705_215457_yruoxw,user1,ঈ,2026-07-05T15:54:57.909Z,Linux Chrome desktop,output/user1/ঈ/ঈ_20260705_215457_yruoxw.png,0.085758,0.076293,0.258589,3828.094238,0.430714,0.407651,0.131672,0.181941,0.558036,0.633929,0.880282,0.0,1.1e-05,0.058095,0.070752,0.064732,0.119316,0.150966,0.208255,0.165507,0.122325,0.040017,2.4e-05,0.0,0.0,0.0,0.0,0.0,0.001279,0.163029,0.068964,0.064751,0.229746,0.087739,0.057972,0.066964,0.079946,0.086982,0.09258,4.7e-05,0.0,0.0,0.0,0.008081,0.03133,0.035221,3.1e-05,0.0,0.0,0.0,0.006143,0.369581,0.236152,0.248035,0.000234,0.0,0.0,0.0,0.202888,0.518861,0.466988,0.139062,0.0,0.0,0.0,0.0,0.036037,0.34524,0.166039,0.0,0.0,0.0,0.0,0.219711,0.460972,0.096511,0.0,0.0,0.0,0.0,0.001287,0.020133,0.129837,0.0,0.0,0.0,0.0,0.0,0.0,0.0,0.0,0.0
20260705_215539_dr61qv,user1,ঈ,2026-07-05T15:55:39.424Z,Linux Chrome desktop,output/user1/ঈ/ঈ_20260705_215539_dr61qv.png,0.088967,0.079379,0.263487,3982.905762,0.449975,0.369921,0.111017,0.176377,0.508929,0.651786,0.780822,0.0,0.0,0.0,0.05268,0.074206,0.113354,0.214056,0.191388,0.192932,0.110194,0.044833,0.006357,0.0,0.0,0.0,0.0,7e-06,0.043984,0.156608,0.049724,0.217114,0.100472,0.079439,0.064554,0.092513,0.095544,0.066399,0.033642,0.0,0.0,0.0,0.0,0.0,0.191969,0.088561,0.072411,0.0,0.0,0.0,0.0,0.147139,0.383479,0.517563,0.15242,0.0,0.0,0.0,0.029331,0.545948,0.353091,0.006652,0.0,0.0,0.0,0.0,0.035857,0.543221,0.115702,0.0,0.0,0.0,0.0,0.222718,0.211508,0.267088,0.0,0.0,0.0,0.0,0.0,0.0,0.004898,0.0,0.0,0.0,0.0,0.0,0.0,0.0,0.0,0.0
20260705_215654_07cd7w,user1,ঈ,2026-07-05T15:56:54.824Z,Linux Chrome desktop,output/user1/ঈ/ঈ_20260705_215654_07cd7w.png,0.077866,0.069204,0.247378,3472.368408,0.552269,0.425638,0.104955,0.165941,0.455357,0.620536,0.733813,0.0,0.0,0.0,0.0,0.000681,0.066747,0.099063,0.1282,0.196233,0.24963,0.158798,0.096111,0.004538,0.0,0.0,0.0,0.0,3e-05,0.044857,0.127325,0.092261,0.238387,0.041155,0.07547,0.105216,0.120502,0.096478,0.058306,1.2e-05,0.0,0.0,0.0,0.0,0.0,0.028163,0.0,0.0,0.0,0.0,0.0,0.0,0.331599,0.294344,0.028133,0.0,0.0,0.0,0.0,0.169156,0.491701,0.394704,0.094336,0.0,0.0,0.0,0.0,0.112293,0.54411,0.027597,0.0,0.0,0.0,6.5e-05,0.357713,0.421932,0.005308,0.0,0.0,0.0,0.0,0.0,0.06155,0.028282,0.0,0.0,0.0,0.0,0.0,0.0,0.0,0.0
20260705_215745_i5n9h7,user1,ঈ,2026-07-05T15:57:45.837Z,Linux Chrome desktop,output/user1/ঈ/ঈ_20260705_215745_i5n9h7.png,0.074,0.066138,0.242241,3318.525635,0.555741,0.37431,0.120744,0.160003,0.526786,0.59375,0.887218,0.0,0.0,0.0,0.0,0.037806,0.063304,0.069712,0.122672,0.187299,0.241911,0.135988,0.096975,0.044333,0.0,0.0,0.0,0.0,0.026307,0.150047,0.073501,0.075897,0.255203,0.061793,0.067878,0.152286,0.047932,0.089135,2.1e-05,0.0,0.0,0.0,0.0,0.0,0.026061,0.153933,0.000134,0.0,0.0,0.0,0.0,0.001,0.247763,0.316,0.170374,0.0,0.0,0.0,0.0,0.084095,0.52891,0.416521,0.12544,0.0,0.0,0.0,0.0,0.292992,0.462561,0.000176,0.0,0.0,0.0,0.0,0.000237,0.242609,0.17194,0.0,0.0,0.0,0.0,0.0,0.0,0.0,0.0,0.0,0.0,0.0,0.0,0.0,0.0,0.0
20260704_232121_lcxi4y,user2,অ,2026-07-04T17:21:21.362Z,macOS Chrome desktop,output/user2/অ/অ_20260704_232121_lcxi4y.png,0.065788,0.05813,0.227687,2916.745117,0.660118,0.270008,0.127156,0.118866,0.459821,0.397321,1.157303,0.0,0.0,0.0,0.0,0.0,0.0,0.049964,0.093335,0.139585,0.098594,0.100929,0.23574,0.162544,0.11931,0.0,0.0,0.0,0.067892,0.276288,0.152636,0.126601,0.105366,0.154675,0.116533,8e-06,0.0,0.0,0.0,0.0,0.0,0.0,0.0,0.0,0.0,0.075797,0.253615,0.136661,0.03318,0.0,0.0,0.0,0.016238,0.361929,0.284969,0.486332,0.0,0.0,0.0,0.0,0.141042,0.135811,0.519968,0.0,0.0,0.0,0.0,0.0,0.193313,0.209528,0.0,0.0,0.0,0.0,0.0,0.0,0.0,0.0,0.0,0.0,0.0,0.0,0.0,0.0,0.0,0.0,0.0,0.0,0.0,0.0,0.0,0.0
20260728_232630_znnts0,user2,অ,2026-07-28T17:26:30.994Z,Linux Chrome desktop,output/user2/অ/অ_20260728_232630_znnts0.png,0.066984,0.059234,0.229587,2972.121582,0.376123,0.353791,0.140556,0.101166,0.513393,0.352679,1.455696,0.0,0.022585,0.086379,0.131032,0.128037,0.085134,0.134554,0.181721,0.124237,0.106321,0.0,0.0,0.0,0.0,0.0,0.0,0.0,0.0,0.0,0.199881,0.242551,0.132824,0.170086,0.139168,0.115485,5e-06,0.0,0.0,0.0,0.0,0.0,0.0,0.0,0.0,0.0,0.0,0.0,0.0,0.0,0.130258,0.34545,0.329262,0.228906,1.5e-05,0.0,0.0,0.014534,0.379588,0.072714,0.523334,0.059693,0.0,0.0,0.0,0.046385,0.312324,0.306553,0.153447,0.0,0.0,0.0,0.0,0.0,0.0,0.0,0.0,0.0,0.0,0.0,0.0,0.0,0.0,0.0,0.0,0.0,0.0,0.0,0.0,0.0,0.0,0.0
20260728_232652_hdsmyh,user2,অ,2026-07-28T17:26:52.983Z,Linux Chrome desktop,output/user2/অ/অ_20260728_232652_hdsmyh.png,0.062141,0.055161,0.222191,2767.75293,0.374497,0.413667,0.116536,0.112152,0.419643,0.383929,1.093023,0.0,0.0,0.039891,0.1762,0.123997,0.107137,0.213089,0.137545,0.202142,0.0,0.0,0.0,0.0,0.0,0.0,0.0,0.0,0.0,0.0,0.000939,0.264598,0.2022,0.122088,0.111524,0.161714,0.136812,0.000125,0.0,0.0,0.0,0.0,0.0,0.0,0.0,0.0,0.0,0.0,0.0,0.0,0.0,0.071729,0.127397,0.118459,0.0,0.0,0.0,0.007085,0.518072,0.392701,0.315518,0.0,0.0,0.0,0.0,0.206706,0.105871,0.523706,0.0,0.0,0.0,0.0,0.001134,0.241356,0.07315,0.0,0.0,0.0,0.0,0.0,0.0,0.0,0.0,0.0,0.0,0.0,0.0,0.0,0.0,0.0,0.0,0.0
20260728_232714_hincfq,user2,অ,2026-07-28T17:27:14.986Z,Linux Chrome desktop,output/user2/অ/অ_20260728_232714_hincfq.png,0.061464,0.054366,0.220629,2727.890137,0.371492,0.386043,0.108589,0.120601,0.4375,0.504464,0.867257,0.0,0.0,0.042854,0.128195,0.109739,0.213702,0.241547,0.0887,0.171054,0.004208,0.0,0.0,0.0,0.0,0.0,0.0,0.0,0.0,0.0,0.114127,0.255768,0.12059,0.16434,0.162532,0.101877,0.03578,0.033895,0.011091,0.0,0.0,0.0,0.0,0.0,0.0,0.0,0.0,0.0,0.0,0.0,0.010451,0.271289,0.290338,0.233234,0.0,0.0,0.0,0.000517,0.239442,0.301287,0.301543,0.0,0.0,0.0,0.0,0.110888,0.499682,0.203784,0.000123,0.0,0.0,0.0,0.0,0.201321,0.0,0.0,0.0,0.0,0.0,0.0,5.7e-05,0.0,0.0,0.0,0.0,0.0,0.0,0.0,0.0,0.0,0.0,0.0
20260728_232741_j1gvgu,user2,অ,2026-07-28T17:27:41.808Z,Linux Chrome desktop,output/user2/অ/অ_20260728_232741_j1gvgu.png,0.04827,0.042937,0.197422,2154.42334,0.615843,0.389218,0.083169,0.101303,0.299107,0.34375,0.87013,0.0,0.0,0.0,0.0,0.0,0.0,0.0,0.142141,0.149946,0.204282,0.26757,0.224408,0.011653,0.0,0.0,0.0,0.0,0.0,0.0,0.091234,0.208681,0.16925,0.130602,0.207764,0.192469,0.0,0.0,0.0,0.0,0.0,0.0,0.0,0.0,0.0,0.0,0.0,0.0,0.0,0.0,0.0,0.0,0.0,0.194164,0.262871,4.6e-05,0.0,0.0,0.0,0.0,0.203937,0.425253,0.136968,0.0,0.0,0.0,0.0,0.251011,0.436075,0.193604,0.0,0.0,0.0,0.0,0.0,0.0,0.0,0.0,0.0,0.0,0.0,0.0,0.0,0.0,0.0,0.0,0.0,0.0,0.0,0.0,0.0,0.0
20260704_232148_mqf5ea,user2,আ,2026-07-04T17:21:48.080Z,macOS Chrome desktop,output/user2/আ/আ_20260704_232148_mqf5ea.png,0.091558,0.081368,0.266016,4082.713623,0.496757,0.283402,0.157704,0.123377,0.584821,0.459821,1.271845,0.0,0.0,0.005938,0.080155,0.095025,0.066254,0.090208,0.150776,0.105914,0.163054,0.104566,0.134659,0.00345,0.0,0.0,0.0,0.0,0.095846,0.202589,0.139707,0.168108,0.094021,0.142477,0.140261,0.016989,0.0,0.0,0.0,0.0,0.0,0.0,0.0,0.0,0.115778,0.267854,0.205258,0.018187,0.0,0.0,0.0,0.330756,0.059076,0.39447,0.716923,0.05283,0.0,0.0,0.139702,0.119788,0.428121,0.314614,0.105591,0.0,0.0,0.0,0.241759,0.185061,0.128232,0.163025,0.0,0.0,0.0,0.0,0.0,0.0,0.0,0.0,0.0,0.0,0.0,0.0,0.0,0.0,0.0,0.0,0.0,0.0,0.0,0.0,0.0,0.0
20260728_232436_9i4gi8,user2,আ,2026-07-28T17:24:36.846Z,Linux Chrome desktop,output/user2/আ/আ_20260728_232436_9i4gi8.png,0.070731,0.063072,0.23691,3164.713623,0.501789,0.335876,0.145417,0.088372,0.580357,0.330357,1.756757,0.0,0.0,0.004216,0.048745,0.070374,0.113585,0.094981,0.111913,0.176951,0.133086,0.15776,0.087429,0.00096,0.0,0.0,0.0,0.0,0.0,1.6e-05,0.190149,0.295369,0.161214,0.168292,0.166338,0.018622,0.0,0.0,0.0,0.0,0.0,0.0,0.0,0.0,0.0,0.0,0.0,0.0,0.0,0.0,0.0,0.271592,0.330538,0.414698,0.278454,0.0,0.0,0.0,0.000146,0.236872,0.254389,0.499092,0.14254,0.0,0.0,0.0,0.137347,0.306514,0.182755,0.035604,0.0,0.0,0.0,0.0,0.0,0.0,0.0,0.0,0.0,0.0,0.0,0.0,0.0,0.0,0.0,0.0,0.0,0.0,0.0,0.0,0.0,0.0
20260728_232459_m6l3cf,user2,আ,2026-07-28T17:24:59.419Z,Linux Chrome desktop,output/user2/আ/আ_20260728_232459_m6l3cf.png,0.061623,0.053932,0.21913,2706.070557,0.609024,0.453612,0.147801,0.100286,0.5,0.379464,1.317647,0.0,0.0,0.0,0.0,0.0,0.098615,0.102267,0.056813,0.093883,0.152956,0.084585,0.222318,0.162374,0.026188,0.0,0.0,0.0,0.0,0.0,0.0,0.09277,0.182677,0.183655,0.14764,0.215705,0.169924,0.007627,0.0,0.0,0.0,0.0,0.0,0.0,0.0,0.0,0.0,0.0,0.0,0.0,0.0,0.0,0.022702,0.0,0.017708,0.019236,0.0,0.0,0.0,0.33192,0.14658,0.343256,0.272821,0.0,0.0,0.0,0.149563,0.105905,0.440242,0.38637,0.0,0.0,0.0,0.0,0.217574,0.028906,0.159861,0.0,0.0,0.0,0.0,0.0,0.0,0.0,0.0,0.0,0.0,0.0,0.0,0.0,0.0,0.0
20260728_232520_l4uaan,user2,আ,2026-07-28T17:25:20.068Z,Linux Chrome desktop,output/user2/আ/আ_20260728_232520_l4uaan.png,0.061603,0.055083,0.222628,2763.831299,0.31721,0.360989,0.116141,0.079902,0.424107,0.285714,1.484375,0.0,0.076431,0.104383,0.100432,0.160959,0.192048,0.198044,0.149869,0.017834,0.0,0.0,0.0,0.0,0.0,0.0,0.0,0.0,0.0,0.0,0.012893,0.353378,0.217998,0.170758,0.216808,0.028165,0.0,0.0,0.0,0.0,0.0,0.0,0.0,0.0,0.0,0.0,0.0,0.0,0.0,0.0,0.080917,0.260106,0.244194,0.053745,0.0,0.0,0.0,0.208502,0.137182,0.653412,0.329427,0.0,0.0,0.0,0.013611,0.283931,0.311236,0.12279,0.0,0.0,0.0,0.0,0.0,0.0,0.0,0.0,0.0,0.0,0.0,0.0,0.0,0.0,0.0,0.0,0.0,0.0,0.0,0.0,0.0,0.0,0.0,0.0
20260728_232556_dwfz7c,user2,আ,2026-07-28T17:25:56.282Z,Linux Chrome desktop,output/user2/আ/আ_20260728_232556_dwfz7c.png,0.088628,0.078055,0.260467,3916.466797,0.518428,0.382311,0.180313,0.12208,0.660714,0.71875,0.919255,0.0,0.0,0.026353,0.090574,0.041799,0.065996,0.125855,0.09925,0.092701,0.106729,0.14116,0.09827,0.107254,0.00406,0.0,0.0,0.0,0.0,0.005427,0.116352,0.237809,0.180642,0.128757,0.131679,0.138835,0.047802,0.002062,0.0,0.0,0.008924,0.001711,0.0,0.0,0.0,0.0,0.0,0.0,0.0,0.0,0.0,0.151329,0.211033,0.176,0.419458,0.048323,0.0,0.0,0.306258,0.217724,0.3367,0.396557,0.211389,0.0,0.0,0.087619,0.288944,0.282797,0.299184,0.21134,0.0,0.0,0.0,0.007709,0.003393,2.7e-05,0.128217,0.0,0.0,0.0,0.0,0.010593,0.0,0.0,0.0,0.0,0.0,0.0,0.030082,0.0,0.0,0.0
20260704_232218_jf6rio,user2,ই,2026-07-04T17:22:18.145Z,macOS Chrome desktop,output/user2/ই/ই_20260704_232218_jf6rio.png,0.049864,0.044587,0.201331,2237.18042,0.472219,0.24738,0.088574,0.116686,0.366071,0.5,0.732143,0.0,0.0,0.0,0.0,0.022455,0.163636,0.151318,0.213986,0.311208,0.099495,0.037903,0.0,0.0,0.0,0.0,0.0,0.069766,0.082604,0.182935,0.108643,0.278323,0.120923,0.094841,0.061949,1.6e-05,0.0,0.0,0.0,0.0,0.0,0.0,0.0,0.0,0.0,0.311554,0.149506,0.0,0.0,0.0,0.0,0.0,0.338974,0.478814,0.182062,0.0,0.0,0.0,0.0,0.028998,0.506556,0.037515,0.0,0.0,0.0,0.0,0.0,0.136049,0.014717,0.0,0.0,0.0,0.0,0.0,0.0,0.0,0.0,0.0,0.0,0.0,0.0,0.0,0.0,0.0,0.0,0.0,0.0,0.0,0.0,0.0,0.0,0.0
20260728_232810_781yo6,user2,ই,2026-07-28T17:28:10.461Z,Linux Chrome desktop,output/user2/ই/ই_20260728_232810_781yo6.png,0.068359,0.060209,0.231044,3021.03125,0.393795,0.350597,0.116511,0.195753,0.491071,0.6875,0.714286,0.0,0.0,0.012283,0.1701,0.080792,0.107931,0.227279,0.257276,0.074085,0.043352,0.026903,0.0,0.0,0.0,0.0,0.0,0.0,0.129536,0.122446,0.070728,0.206316,0.137703,0.031345,0.031466,0.042132,0.080574,0.093653,0.051676,0.002426,0.0,0.0,0.0,0.0,0.177095,0.27217,0.099445,0.0,0.0,0.0,0.0,0.264484,0.189802,0.191242,0.0,0.0,0.0,0.0,0.23053,0.30723,0.313817,0.0,0.0,0.0,0.0,0.0,0.028684,0.224966,0.0,0.0,0.0,0.0,0.0,0.175218,0.286022,0.113545,0.0,0.0,0.0,0.0,0.0,0.0,0.075977,0.0,0.0,0.0,0.0,0.0,0.0,0.0,0.0,0.0
20260728_232836_pvgrxn,user2,ই,2026-07-28T17:28:36.067Z,Linux Chrome desktop,output/user2/ই/ই_20260728_232836_pvgrxn.png,0.060467,0.053497,0.219041,2684.290039,0.450095,0.397019,0.107409,0.152908,0.464286,0.575893,0.806202,0.0,0.0,0.0,0.048388,0.091348,0.101649,0.155779,0.253796,0.205768,0.100438,0.042835,0.0,0.0,0.0,0.0,0.0,0.0,0.0,0.013522,0.222021,0.055432,0.293902,0.085205,0.036364,0.080351,0.107415,0.073184,0.032604,0.0,0.0,0.0,0.0,0.0,0.0,0.0,0.0,0.0,0.0,0.0,0.0,0.22613,0.274092,0.190031,0.0,0.0,0.0,0.0,0.029856,0.29275,0.562102,0.169213,0.0,0.0,0.0,0.0,0.08691,0.281262,0.0,0.0,0.0,0.0,0.0,0.055254,0.284785,0.143103,0.0,0.0,0.0,0.0,0.0,0.0,0.025888,0.0,0.0,0.0,0.0,0.0,0.0,0.0,0.0,0.0
20260728_233118_pcjncu,user2,ই,2026-07-28T17:31:18.504Z,Linux Chrome desktop,output/user2/ই/ই_20260728_233118_pcjncu.png,0.073501,0.065535,0.241378,3288.27832,0.460124,0.294593,0.10513,0.162829,0.455357,0.602679,0.755556,0.0,0.0,0.0,0.031322,0.093079,0.093169,0.153015,0.224033,0.256783,0.106275,0.042324,0.0,0.0,0.0,0.0,0.0,6.4e-05,0.182018,0.092337,0.217018,0.162161,0.075312,0.028423,0.067991,0.082454,0.069374,0.022846,0.0,0.0,0.0,0.0,0.0,0.0,0.167938,0.269903,0.250119,0.000452,0.0,0.0,0.0,0.079588,0.433977,0.522606,0.187979,0.0,0.0,0.0,0.0,0.074609,0.43115,0.000169,0.0,0.0,0.0,0.0,0.075781,0.456039,0.002474,0.0,0.0,0.0,0.0,0.0,0.061095,0.197331,0.0,0.0,0.0,0.0,0.0,0.0,0.0,0.0,0.0,0.0,0.0,0.0,0.0,0.0,0.0,0.0
20260728_233205_n417cm,user2,ই,2026-07-28T17:32:05.957Z,Linux Chrome desktop,output/user2/ই/ই_20260728_233205_n417cm.png,0.05957,0.052909,0.217877,2654.764648,0.487095,0.307783,0.12367,0.153803,0.477679,0.620536,0.769784,0.0,0.0,0.0,1.2e-05,0.106245,0.16331,0.089916,0.089782,0.215722,0.245763,0.052427,0.036825,0.0,0.0,0.0,0.0,0.005686,0.058499,0.190537,0.092486,0.309254,0.077771,0.034734,0.048596,0.087176,0.0715,0.02376,0.0,0.0,0.0,0.0,0.0,0.0,0.0001,0.25635,0.112737,0.0,0.0,0.0,0.0,0.021301,0.408797,0.50095,0.118068,0.0,0.0,0.0,0.030082,0.181874,0.136864,0.212048,0.0,0.0,0.0,0.0,0.0,0.16911,0.227137,0.0,0.0,0.0,0.0,0.0,0.0,0.18832,0.028807,0.0,0.0,0.0,0.0,0.0,0.0,0.0,0.0,0.0,0.0,0.0,0.0,0.0,0.0,0.0
20260704_232243_1fsapx,user2,ঈ,2026-07-04T17:22:43.813Z,macOS Chrome desktop,output/user2/ঈ/ঈ_20260704_232243_1fsapx.png,0.064453,0.057505,0.227081,2885.388184,0.462,0.437297,0.110145,0.116677,0.441964,0.517857,0.853448,0.0,0.0,0.0,0.031107,0.094863,0.085952,0.176092,0.21719,0.195431,0.142574,0.056791,0.0,0.0,0.0,0.0,0.0,0.0,0.0,0.010308,0.040693,0.093232,0.130013,0.287582,0.065222,0.242035,0.055952,0.074963,0.0,0.0,0.0,0.0,0.0,0.0,0.0,0.0,0.0,0.0,0.0,0.0,0.0,0.196048,0.00154,0.027531,0.0,0.0,0.0,0.0,0.087634,0.534375,0.512615,0.185011,0.0,0.0,0.0,0.0,0.190506,0.617302,0.128581,0.0,0.0,0.0,0.0,5e-05,0.157108,0.179462,0.0,0.0,0.0,0.0,0.0,0.0,0.0,0.0,0.0,0.0,0.0,0.0,0.0,0.0,0.0,0.0
20260728_233238_q39ioy,user2,ঈ,2026-07-28T17:32:38.672Z,Linux Chrome desktop,output/user2/ঈ/ঈ_20260728_233238_q39ioy.png,0.074617,0.066691,0.243523,3346.274414,0.381309,0.341953,0.124715,0.145462,0.504464,0.544643,0.92623,0.0,0.0,0.09475,0.122269,0.071763,0.115522,0.191746,0.234702,0.123126,0.040949,0.005174,0.0,0.0,0.0,0.0,0.0,0.0,0.043343,0.174374,0.056952,0.146783,0.228822,0.0736,0.068696,0.110462,0.096959,9e-06,0.0,0.0,0.0,0.0,0.0,0.011979,0.190058,0.03722,0.0,0.0,0.0,0.0,1.9e-05,0.294746,0.297457,0.181905,0.0,0.0,0.0,0.008628,0.337573,0.415832,0.559168,0.0,0.0,0.0,0.0,0.0,0.217984,0.456874,0.016092,0.0,0.0,0.0,0.0,0.038706,0.086432,0.117172,0.0,0.0,0.0,0.0,0.0,0.0,0.0,0.0,0.0,0.0,0.0,0.0,0.0,0.0,0.0,0.0
20260728_233302_e8k0ge,user2,ঈ,2026-07-28T17:33:02.980Z,Linux Chrome desktop,output/user2/ঈ/ঈ_20260728_233302_e8k0ge.png,0.074,0.065936,0.241805,3308.399902,0.432629,0.356341,0.107478,0.122839,0.464286,0.477679,0.971963,0.0,0.0,9e-06,0.045078,0.123516,0.121054,0.208997,0.217168,0.174847,0.071051,0.038279,0.0,0.0,0.0,0.0,0.0,0.0,0.008581,0.070093,0.133111,0.217137,0.146029,0.086648,0.158834,0.1694,0.010168,0.0,0.0,0.0,0.0,0.0,0.0,0.0,0.06762,0.0,0.0,0.0,0.0,0.0,0.0,0.159478,0.361665,0.358942,0.16384,0.0,0.0,0.0,0.035884,0.353516,0.600965,0.000123,0.0,0.0,0.0,0.096136,0.429649,0.44761,0.149154,0.0,0.0,0.0,0.0,0.0,0.000643,0.005633,0.0,0.0,0.0,0.0,0.0,0.0,0.0,0.0,0.0,0.0,0.0,0.0,0.0,0.0,0.0,0.0
20260728_233333_nvf18a,user2,ঈ,2026-07-28T17:33:33.051Z,Linux Chrome desktop,output/user2/ঈ/ঈ_20260728_233333_nvf18a.png,0.079181,0.0706,0.24946,3542.431641,0.414883,0.317755,0.138475,0.152289,0.566964,0.575893,0.984496,0.0,0.009817,0.075646,0.077607,0.068718,0.096846,0.176084,0.207361,0.151183,0.089902,0.046836,0.0,0.0,0.0,0.0,0.0,0.016329,0.079945,0.154048,0.040638,0.287549,0.089078,0.068408,0.080842,0.111819,0.071345,0.0,0.0,0.0,0.0,0.0,0.0,0.106545,0.219566,0.242708,0.0169,0.0,0.0,0.0,6.5e-05,0.336041,0.24223,0.432215,0.079523,0.0,0.0,0.0,0.036232,0.22914,0.46173,0.111987,0.0,0.0,0.0,0.0,0.141333,0.458069,0.180744,0.0,0.0,0.0,0.0,0.105867,0.00095,0.05756,0.0,0.0,0.0,0.0,0.0,0.0,0.0,0.0,0.0,0.0,0.0,0.0,0.0,0.0,0.0,0.0
20260728_233359_9wg8n4,user2,ঈ,2026-07-28T17:33:59.720Z,Linux Chrome desktop,output/user2/ঈ/ঈ_20260728_233359_9wg8n4.png,0.073023,0.065278,0.240401,3275.395752,0.464881,0.316052,0.132029,0.131139,0.526786,0.508929,1.035088,0.0,0.0,0.0,0.079594,0.109607,0.0752,0.120039,0.174438,0.191348,0.147322,0.07,0.032451,0.0,0.0,0.0,0.0,0.0,0.037802,0.171746,0.082604,0.257796,0.149294,0.080312,0.077918,0.134078,0.00845,0.0,0.0,0.0,0.0,0.0,0.0,0.0,0.15751,0.135995,0.040215,0.0,0.0,0.0,0.0,0.126394,0.291847,0.493336,0.138821,0.0,0.0,0.0,0.134199,0.265686,0.387757,0.283954,0.0,0.0,0.0,0.0,0.037534,0.377432,0.285041,0.030882,0.0,0.0,0.0,0.0,0.0,0.008881,0.003144,0.0,0.0,0.0,0.0,0.0,0.0,0.0,0.0,0.0,0.0,0.0,0.0,0.0,0.0,0.0
20260711_200812_18txgi,user3,অ,2026-07-11T14:08:12.108Z,Linux Chrome desktop,output/user3/অ/অ_20260711_200812_18txgi.png,0.042132,0.037978,0.187058,1905.592163,0.451407,0.435811,0.065716,0.07785,0.267857,0.366071,0.731707,0.0,0.0,0.0,0.0,0.004246,0.16924,0.222511,0.305649,0.292921,0.005433,0.0,0.0,0.0,0.0,0.0,0.0,0.0,0.0,0.0,0.0,0.022065,0.240549,0.267516,0.249089,0.156195,0.051426,0.01316,0.0,0.0,0.0,0.0,0.0,0.0,0.0,0.0,0.0,0.0,0.0,0.0,0.0,0.0,0.0,0.001003,0.0,0.0,0.0,0.0,0.0,0.392241,0.521511,0.0,0.0,0.0,0.0,0.0,0.259061,0.580844,0.0,0.0,0.0,0.0,0.0,0.0,0.106143,0.000126,0.0,0.0,0.0,0.0,0.0,0.0,0.0,0.0,0.0,0.0,0.0,0.0,0.0,0.0,0.0,0.0
20260711_200917_z1na4w,user3,অ,2026-07-11T14:09:17.809Z,Linux Chrome desktop,output/user3/অ/অ_20260711_200917_z1na4w.png,0.064872,0.05709,0.225403,2864.560547,0.450526,0.534217,0.096495,0.139519,0.433036,0.5,0.866071,0.0,0.0,0.0,0.01409,0.103254,0.097526,0.199671,0.198629,0.310262,0.049872,0.026697,0.0,0.0,0.0,0.0,0.0,0.0,0.0,0.0,0.0,0.051207,0.108396,0.137937,0.142377,0.115074,0.101373,0.173828,0.137558,0.032251,0.0,0.0,0.0,0.0,0.0,0.0,0.0,0.0,0.0,0.0,0.0,0.0,0.0,2.3e-05,0.000203,0.0,0.0,0.0,0.0,0.158636,0.440694,0.180082,0.0,0.0,0.0,0.197426,0.186447,0.428114,0.0,0.0,0.0,0.0,0.025521,0.360788,0.537163,0.0,0.0,0.0,0.0,0.0,0.165418,0.1169,8e-06,0.0,0.0,0.0,0.0,0.0,0.0,0.0,0.0,0.0
20260711_200954_0muns4,user3,অ,2026-07-11T14:09:54.248Z,Linux Chrome desktop,output/user3/অ/অ_20260711_200954_0muns4.png,0.05385,0.047994,0.208397,2408.133301,0.500648,0.494583,0.103095,0.086934,0.388393,0.34375,1.12987,0.0,0.0,0.0,0.0,0.015378,0.133674,0.14145,0.193817,0.211406,0.139641,0.164623,1e-05,0.0,0.0,0.0,0.0,0.0,0.0,0.0,0.0,0.0,0.063079,0.238447,0.240116,0.212349,0.138254,0.107756,0.0,0.0,0.0,0.0,0.0,0.0,0.0,0.0,0.0,0.0,0.0,0.0,0.0,0.0,0.0,0.0,0.0,0.0,0.0,0.0,0.0,0.066345,0.304584,0.245538,0.0,0.0,0.0,0.0,0.430572,0.465541,0.307943,0.0,0.0,0.0,0.0,0.128286,0.276321,0.126562,0.0,0.0,0.0,0.0,0.0,0.0,0.0,0.0,0.0,0.0,0.0,0.0,0.0,0.0,0.0,0.0
20260711_201110_jw6cqh,user3,অ,2026-07-11T14:11:10.932Z,Linux Chrome desktop,output/user3/অ/অ_20260711_201110_jw6cqh.png,0.051798,0.045971,0.203677,2306.635254,0.475326,0.371662,0.100112,0.111298,0.419643,0.459821,0.912621,0.0,0.0,0.0,0.002496,0.088075,0.107751,0.131088,0.171692,0.303882,0.163714,0.031303,0.0,0.0,0.0,0.0,0.0,0.0,0.0,0.047814,0.115459,0.163914,0.169332,0.148975,0.244624,0.075819,0.034062,0.0,0.0,0.0,0.0,0.0,0.0,0.0,0.0,0.0,0.0,8e-06,0.0,0.0,0.0,0.0,0.095293,0.283038,0.200724,0.0,0.0,0.0,0.099498,0.285826,0.415744,0.0,0.0,0.0,0.0,0.0,0.225632,0.482858,0.103351,0.0,0.0,0.0,0.0,0.0,0.003983,0.056618,0.0,0.0,0.0,0.0,0.0,0.0,0.0,0.0,0.0,0.0,0.0,0.0,0.0,0.0,0.0,0.0
20260711_201208_6ylgz1,user3,অ,2026-07-11T14:12:08.535Z,Linux Chrome desktop,output/user3/অ/অ_20260711_201208_6ylgz1.png,0.066406,0.058034,0.226947,2911.894043,0.418613,0.435075,0.136527,0.145289,0.508929,0.526786,0.966102,0.0,0.0,0.000104,0.158217,0.115363,0.112582,0.150432,0.145126,0.128742,0.132308,0.055639,0.001487,0.0,0.0,0.0,0.0,0.0,0.0,0.0765,0.070379,0.070487,0.13864,0.096381,0.135369,0.175486,0.161081,0.075676,0.0,0.0,0.0,0.0,0.0,0.0,0.0,0.0,0.0,0.0001,0.0,0.0,0.0,0.0,0.010754,0.201026,0.268784,0.0,0.0,0.0,0.197273,0.240636,0.33313,0.000559,0.0,0.0,0.0,0.385543,0.199472,0.355293,0.056595,0.0,0.0,0.0,0.076375,0.360317,0.053041,0.104749,0.0,0.0,0.0,0.0,0.0,0.0,0.0,0.0,0.0,0.0,0.0,0.0,0.0,0.0,0.0,0.0
20260711_201526_9elfv0,user3,অ,2026-07-11T14:15:26.348Z,Linux Chrome desktop,output/user3/অ/অ_20260711_201526_9elfv0.png,0.077248,0.068791,0.246415,3451.650879,0.433889,0.377794,0.122223,0.118576,0.486607,0.424107,1.147368,0.0,0.0,0.016131,0.0191,0.162575,0.145409,0.156614,0.208412,0.086779,0.15808,0.046901,0.0,0.0,0.0,0.0,0.0,0.0,0.0,0.00424,0.212811,0.145618,0.13307,0.114675,0.19319,0.152106,0.04429,0.0,0.0,0.0,0.0,0.0,0.0,0.0,0.0,0.0,0.0,0.0,0.0,0.0,0.0,0.228749,0.334,0.309544,0.172243,0.0,0.0,0.0,0.208058,0.25561,0.265181,0.201976,0.0,0.0,0.0,0.011397,0.501356,0.517908,0.278297,0.0,0.0,0.0,0.0,0.063174,0.021672,0.001589,0.0,0.0,0.0,0.0,0.0,0.0,0.0,0.0,0.0,0.0,0.0,0.0,0.0,0.0,0.0,0.0
20260711_201609_iv7642,user3,অ,2026-07-11T14:16:09.284Z,Linux Chrome desktop,output/user3/অ/অ_20260711_201609_iv7642.png,0.056421,0.050418,0.213331,2529.768555,0.453428,0.32575,0.09067,0.099755,0.34375,0.40625,0.846154,0.0,0.0,0.0,0.0,0.098589,0.140377,0.140504,0.2428,0.266088,0.111642,0.0,0.0,0.0,0.0,0.0,0.0,0.0,0.00922,0.122905,0.106196,0.193464,0.175811,0.249014,0.140811,0.002578,0.0,0.0,0.0,0.0,0.0,0.0,0.0,0.0,0.0,0.0,0.070546,0.0,0.0,0.0,0.0,0.072277,0.198667,0.506553,8.4e-05,0.0,0.0,0.0,0.00044,0.458854,0.629737,0.091249,0.0,0.0,0.0,0.0,0.130239,0.21083,0.101,0.0,0.0,0.0,0.0,0.0,0.0,0.0,0.0,0.0,0.0,0.0,0.0,0.0,0.0,0.0,0.0,0.0,0.0,0.0,0.0,0.0,0.0,0.0
20260711_201811_0znu6g,user3,অ,2026-07-11T14:18:11.166Z,Linux Chrome desktop,output/user3/অ/অ_20260711_201811_0znu6g.png,0.039501,0.03495,0.17876,1753.66272,0.4932,0.337115,0.090064,0.064087,0.325893,0.276786,1.177419,0.0,0.0,0.0,0.0,0.0,0.144299,0.140629,0.19318,0.274106,0.176071,0.071715,0.0,0.0,0.0,0.0,0.0,0.0,0.0,0.0,0.029538,0.408514,0.254938,0.234396,0.072592,2.2e-05,0.0,0.0,0.0,0.0,0.0,0.0,0.0,0.0,0.0,0.0,0.0,0.0,0.0,0.0,0.0,0.0,0.093815,0.291808,0.083613,0.0,0.0,0.0,0.0,0.323085,0.429121,0.303742,0.0,0.0,0.0,0.0,0.02222,0.163588,0.00157,0.0,0.0,0.0,0.0,0.0,0.0,0.0,0.0,0.0,0.0,0.0,0.0,0.0,0.0,0.0,0.0,0.0,0.0,0.0,0.0,0.0,0.0,0.0
20260711_201916_nc9ara,user3,অ,2026-07-11T14:19:16.889Z,Linux Chrome desktop,output/user3/অ/অ_20260711_201916_nc9ara.png,0.022301,0.01901,0.131846,953.835266,0.536248,0.350282,0.066803,0.067101,0.267857,0.272321,0.983607,0.0,0.0,0.0,0.0,0.0,0.0,0.094747,0.243841,0.188613,0.400702,0.072097,0.0,0.0,0.0,0.0,0.0,0.0,0.0,0.0,0.065009,0.239697,0.334855,0.231618,0.128822,0.0,0.0,0.0,0.0,0.0,0.0,0.0,0.0,0.0,0.0,0.0,0.0,0.0,0.0,0.0,0.0,0.0,0.0,0.021159,0.171274,0.0,0.0,0.0,0.0,0.042452,0.354419,0.181618,0.0,0.0,0.0,0.0,0.026708,0.09347,0.04038,0.0,0.0,0.0,0.0,0.0,0.0,0.0,0.0,0.0,0.0,0.0,0.0,0.0,0.0,0.0,0.0,0.0,0.0,0.0,0.0,0.0,0.0,0.0
20260711_201953_sai9ew,user3,অ,2026-07-11T14:19:53.452Z,Linux Chrome desktop,output/user3/অ/অ_20260711_201953_sai9ew.png,0.047533,0.042133,0.195758,2114.047119,0.544973,0.424466,0.10029,0.08876,0.410714,0.357143,1.15,0.0,0.0,0.0,0.0,6e-06,0.07797,0.09582,0.155937,0.19884,0.187853,0.246274,0.0373,0.0,0.0,0.0,0.0,0.0,0.0,0.0,0.010121,0.125857,0.188428,0.161302,0.26248,0.235936,0.015877,0.0,0.0,0.0,0.0,0.0,0.0,0.0,0.0,0.0,0.0,0.0,0.0,0.0,0.0,0.0,0.0,0.0,0.189798,0.017904,0.0,0.0,0.0,0.175019,0.30607,0.261386,0.0,0.0,0.0,0.0,0.158249,0.502865,0.435562,0.0,0.0,0.0,0.0,0.0,0.0,0.017647,0.0,0.0,0.0,0.0,0.0,0.0,0.0,0.0,0.0,0.0,0.0,0.0,0.0,0.0,0.0,0.0
20260711_202025_bntr0i,user3,অ,2026-07-11T14:20:25.830Z,Linux Chrome desktop,output/user3/অ/অ_20260711_202025_bntr0i.png,0.047573,0.041633,0.19423,2089.0,0.551171,0.391089,0.116014,0.086068,0.441964,0.383929,1.151163,0.0,0.0,0.0,0.0,0.000381,0.104452,0.085069,0.160125,0.164116,0.091084,0.307159,0.087579,3.4e-05,0.0,0.0,0.0,0.0,0.0,8e-06,0.039238,0.162536,0.263363,0.165018,0.264928,0.100868,0.004042,0.0,0.0,0.0,0.0,0.0,0.0,0.0,0.0,0.0,0.0,0.0,0.0,0.0,0.0,0.0,1.1e-05,5.4e-05,0.132927,0.10931,0.0,0.0,0.0,0.293723,0.365813,0.312201,0.001926,0.0,0.0,0.0,0.06947,0.37459,0.379799,0.0,0.0,0.0,0.0,0.0,0.0,0.000214,0.0,0.0,0.0,0.0,0.0,0.0,0.0,0.0,0.0,0.0,0.0,0.0,0.0,0.0,0.0,0.0
20260711_202714_mwa7m1,user3,অ,2026-07-11T14:27:14.175Z,Linux Chrome desktop,output/user3/অ/অ_20260711_202714_mwa7m1.png,0.036213,0.031504,0.169508,1580.756958,0.553975,0.401377,0.0878,0.079284,0.348214,0.294643,1.181818,0.0,0.0,0.0,0.0,0.0,0.0,0.118466,0.17076,0.28091,0.16035,0.197724,0.07179,0.0,0.0,0.0,0.0,0.0,0.0,0.0,0.0,0.160102,0.267846,0.204856,0.224209,0.142907,7.9e-05,0.0,0.0,0.0,0.0,0.0,0.0,0.0,0.0,0.0,0.0,0.0,0.0,0.0,0.0,0.0,0.0,0.0,0.055381,0.014346,0.0,0.0,0.0,0.150077,0.281484,0.393463,0.032881,0.0,0.0,0.0,0.007376,0.488293,0.120408,0.0,0.0,0.0,0.0,0.0,0.0,0.0,0.0,0.0,0.0,0.0,0.0,0.0,0.0,0.0,0.0,0.0,0.0,0.0,0.0,0.0,0.0,0.0
20260711_202846_kmy51g,user3,অ,2026-07-11T14:28:46.080Z,Linux Chrome desktop,output/user3/অ/অ_20260711_202846_kmy51g.png,0.03984,0.034413,0.176639,1726.725586,0.512294,0.429219,0.108315,0.085315,0.433036,0.303571,1.426471,0.0,0.0,0.0,0.0,0.002235,0.158782,0.080342,0.216318,0.183083,0.229704,0.07069,0.058847,0.0,0.0,0.0,0.0,0.0,0.0,0.0,0.0,0.163424,0.119564,0.209743,0.231278,0.275051,0.00094,0.0,0.0,0.0,0.0,0.0,0.0,0.0,0.0,0.0,0.0,0.0,0.0,0.0,0.0,0.0,0.0,0.0,0.071335,0.020301,0.0,0.0,0.0,0.090579,0.256629,0.33035,0.023736,0.0,0.0,0.0,0.288695,0.47135,0.133241,0.0,0.0,0.0,0.0,0.0,3.4e-05,4e-06,0.0,0.0,0.0,0.0,0.0,0.0,0.0,0.0,0.0,0.0,0.0,0.0,0.0,0.0,0.0,0.0
20260711_203013_i4o0om,user3,অ,2026-07-11T14:30:13.619Z,Linux Chrome desktop,output/user3/অ/অ_20260711_203013_i4o0om.png,0.035874,0.031062,0.168144,1558.564697,0.5025,0.463894,0.086464,0.081579,0.334821,0.348214,0.961538,0.0,0.0,0.0,0.0,0.001852,0.133056,0.082497,0.205143,0.233443,0.325797,0.018212,0.0,0.0,0.0,0.0,0.0,0.0,0.0,0.0,0.0,0.042314,0.107157,0.254548,0.174837,0.339073,0.082071,0.0,0.0,0.0,0.0,0.0,0.0,0.0,0.0,0.0,0.0,0.0,0.0,0.0,0.0,0.0,0.0,0.0,0.01965,0.0,0.0,0.0,0.0,0.072411,0.309812,0.169478,0.0,0.0,0.0,0.0,0.239867,0.432238,0.213419,0.0,0.0,0.0,0.0,3.1e-05,0.005151,0.05998,0.0,0.0,0.0,0.0,0.0,0.0,0.0,0.0,0.0,0.0,0.0,0.0,0.0,0.0,0.0,0.0
20260711_203112_15gnzj,user3,অ,2026-07-11T14:31:12.769Z,Linux Chrome desktop,output/user3/অ/অ_20260711_203112_15gnzj.png,0.030473,0.026594,0.156308,1334.356934,0.492652,0.415738,0.09382,0.065719,0.375,0.263393,1.423729,0.0,0.0,0.0,0.0,0.028428,0.113228,0.141606,0.248612,0.131649,0.272999,0.063478,0.0,0.0,0.0,0.0,0.0,0.0,0.0,0.0,0.0,0.094868,0.195368,0.25094,0.387664,0.07116,0.0,0.0,0.0,0.0,0.0,0.0,0.0,0.0,0.0,0.0,0.0,0.0,0.0,0.0,0.0,0.0,0.0,0.0,0.017678,0.0,0.0,0.0,6.5e-05,0.093719,0.263725,0.267318,0.0,0.0,0.0,0.0,0.236918,0.364936,0.058724,0.0,0.0,0.0,0.0,0.0,0.0,0.0,0.0,0.0,0.0,0.0,0.0,0.0,0.0,0.0,0.0,0.0,0.0,0.0,0.0,0.0,0.0,0.0
20260711_205524_jbk5pv,user3,আ,2026-07-11T14:55:24.081Z,Linux Chrome desktop,output/user3/আ/আ_20260711_205524_jbk5pv.png,0.043746,0.038538,0.187237,1933.658936,0.548089,0.441029,0.113678,0.065651,0.410714,0.276786,1.483871,0.0,0.0,0.0,0.0,0.001424,0.093568,0.09674,0.147505,0.159006,0.233099,0.11945,0.149208,0.0,0.0,0.0,0.0,0.0,0.0,0.0,0.0,0.000176,0.21948,0.225936,0.336564,0.205945,0.011899,0.0,0.0,0.0,0.0,0.0,0.0,0.0,0.0,0.0,0.0,0.0,0.0,0.0,0.0,0.0,0.0,0.0,0.0,0.0,0.0,0.0,0.0,0.068593,0.275582,0.437818,0.002367,0.0,0.0,0.0,0.261183,0.356418,0.471151,0.006913,0.0,0.0,0.0,0.0,0.0,0.008314,0.0,0.0,0.0,0.0,0.0,0.0,0.0,0.0,0.0,0.0,0.0,0.0,0.0,0.0,0.0,0.0
20260711_205559_azslan,user3,আ,2026-07-11T14:55:59.310Z,Linux Chrome desktop,output/user3/আ/আ_20260711_205559_azslan.png,0.051798,0.045694,0.203099,2292.760742,0.583308,0.398907,0.105349,0.079929,0.410714,0.361607,1.135802,0.0,0.0,0.0,0.0,0.0,0.043415,0.068336,0.121164,0.187023,0.128163,0.252281,0.199617,0.0,0.0,0.0,0.0,0.0,0.0,0.0,0.014084,0.160603,0.225497,0.228258,0.276813,0.083952,0.010793,0.0,0.0,0.0,0.0,0.0,0.0,0.0,0.0,0.0,0.0,0.0,0.0,0.0,0.0,0.0,0.0,0.016885,0.152669,0.004879,0.0,0.0,0.0,0.196906,0.314518,0.512753,0.114101,0.0,0.0,0.0,0.033716,0.397132,0.372813,0.113082,0.0,0.0,0.0,0.0,0.0,0.009532,3.8e-05,0.0,0.0,0.0,0.0,0.0,0.0,0.0,0.0,0.0,0.0,0.0,0.0,0.0,0.0,0.0
20260711_205630_gydvnp,user3,আ,2026-07-11T14:56:30.248Z,Linux Chrome desktop,output/user3/আ/আ_20260711_205630_gydvnp.png,0.057199,0.050556,0.213005,2536.678467,0.564274,0.378628,0.129069,0.093837,0.513393,0.375,1.369048,0.0,0.0,0.0,0.0,0.037653,0.062605,0.085352,0.122876,0.157891,0.200848,0.110847,0.180308,0.04162,0.0,0.0,0.0,0.0,0.0,9.7e-05,0.11754,0.171716,0.142714,0.230431,0.264196,0.073281,2.5e-05,0.0,0.0,0.0,0.0,0.0,0.0,0.0,0.0,0.0,0.0,0.0,0.0,0.0,0.0,0.0,0.004749,0.135386,0.369267,0.016893,0.0,0.0,0.032824,0.231353,0.314246,0.278539,0.156813,0.0,0.0,0.0,0.143241,0.316935,0.268819,0.208161,0.0,0.0,0.0,0.0,0.0,0.0,0.0,0.0,0.0,0.0,0.0,0.0,0.0,0.0,0.0,0.0,0.0,0.0,0.0,0.0,0.0,0.0
20260711_205707_n57400,user3,আ,2026-07-11T14:57:07.290Z,Linux Chrome desktop,output/user3/আ/আ_20260711_205707_n57400.png,0.038166,0.033806,0.175973,1696.262695,0.572399,0.370292,0.097162,0.062522,0.375,0.245536,1.527273,0.0,0.0,0.0,0.0,0.0,0.020093,0.084779,0.145654,0.219613,0.187136,0.170229,0.172497,0.0,0.0,0.0,0.0,0.0,0.0,0.0,0.019797,0.18579,0.270673,0.373772,0.149968,0.0,0.0,0.0,0.0,0.0,0.0,0.0,0.0,0.0,0.0,0.0,0.0,0.0,0.0,0.0,0.0,0.0,0.0,0.0,0.207744,0.018248,0.0,0.0,0.0,0.130476,0.408781,0.511374,0.032123,0.0,0.0,0.0,0.01934,0.276233,0.052171,1.5e-05,0.0,0.0,0.0,0.0,0.0,0.0,0.0,0.0,0.0,0.0,0.0,0.0,0.0,0.0,0.0,0.0,0.0,0.0,0.0,0.0,0.0,0.0
20260711_205748_usnulf,user3,আ,2026-07-11T14:57:48.897Z,Linux Chrome desktop,output/user3/আ/আ_20260711_205748_usnulf.png,0.044503,0.038795,0.187414,1946.576416,0.589256,0.409068,0.120214,0.075232,0.4375,0.294643,1.484848,0.0,0.0,0.0,0.0,0.0,0.055482,0.090042,0.093516,0.162042,0.13519,0.247278,0.148446,0.068005,0.0,0.0,0.0,0.0,0.0,0.0,8e-06,0.11978,0.243831,0.247314,0.242672,0.146395,0.0,0.0,0.0,0.0,0.0,0.0,0.0,0.0,0.0,0.0,0.0,0.0,0.0,0.0,0.0,0.0,0.0,0.0,0.036497,0.023905,0.0,0.0,0.0,0.132977,0.218195,0.40967,0.28282,0.0,0.0,0.0,0.126256,0.321917,0.320485,0.028232,0.0,0.0,0.0,0.0,0.0,0.0,0.0,0.0,0.0,0.0,0.0,0.0,0.0,0.0,0.0,0.0,0.0,0.0,0.0,0.0,0.0,0.0
20260711_211455_ab7vb3,user4,অ,2026-07-11T15:14:55.509Z,macOS Chrome desktop,output/user4/অ/অ_20260711_211455_ab7vb3.png,0.05116,0.045555,0.203118,2285.749023,0.556175,0.375558,0.102702,0.084008,0.40625,0.303571,1.338235,0.0,0.0,0.0,0.0,0.0,0.015848,0.165227,0.137232,0.183239,0.182246,0.240148,0.067763,0.008297,0.0,0.0,0.0,0.0,0.0,0.0,0.004082,0.307259,0.241375,0.140629,0.217638,0.089017,0.0,0.0,0.0,0.0,0.0,0.0,0.0,0.0,0.0,0.0,0.0,0.0,0.0,0.0,0.0,0.0,0.095098,0.205978,0.037998,0.005503,0.0,0.0,0.0,0.246128,0.288886,0.529875,0.093712,0.0,0.0,0.0,0.004929,0.362439,0.361631,0.0,0.0,0.0,0.0,0.0,0.0,0.0,0.0,0.0,0.0,0.0,0.0,0.0,0.0,0.0,0.0,0.0,0.0,0.0,0.0,0.0,0.0,0.0
20260711_214733_y28o8p,user4,অ,2026-07-11T15:47:33.695Z,macOS Chrome desktop,output/user4/অ/অ_20260711_214733_y28o8p.png,0.055744,0.049402,0.210988,2478.811768,0.571971,0.278692,0.113249,0.098983,0.415179,0.361607,1.148148,0.0,0.0,0.0,0.0,0.0,0.034463,0.140668,0.122524,0.138887,0.183875,0.136726,0.241765,0.001092,0.0,0.0,0.0,0.0,0.003972,0.265344,0.183309,0.15155,0.14525,0.214105,0.036471,0.0,0.0,0.0,0.0,0.0,0.0,0.0,0.0,0.0,0.0,2.7e-05,0.0,0.038649,0.016157,0.0,0.0,0.0,0.304956,0.361757,0.498078,0.100115,0.0,0.0,0.0,0.068516,0.360283,0.488691,0.031028,0.0,0.0,0.0,0.0,0.040234,0.102148,0.010076,0.0,0.0,0.0,0.0,0.0,0.0,0.0,0.0,0.0,0.0,0.0,0.0,0.0,0.0,0.0,0.0,0.0,0.0,0.0,0.0,0.0,0.0
20260711_214747_h8ad4n,user4,অ,2026-07-11T15:47:47.213Z,macOS Chrome desktop,output/user4/অ/অ_20260711_214747_h8ad4n.png,0.054149,0.047747,0.207502,2395.741211,0.517503,0.333001,0.115684,0.095303,0.415179,0.352679,1.177215,0.0,0.0,0.0,0.0,0.009032,0.138252,0.135376,0.181323,0.158482,0.114041,0.216459,0.047034,0.0,0.0,0.0,0.0,0.0,0.0,0.000273,0.297068,0.119518,0.207432,0.196263,0.156367,0.023079,0.0,0.0,0.0,0.0,0.0,0.0,0.0,0.0,0.0,0.0,0.0,0.0,0.0,0.0,0.0,0.0,0.328305,0.283804,0.205798,0.0,0.0,0.0,0.0,0.239338,0.419953,0.367406,0.0,0.0,0.0,0.0,0.058119,0.164499,0.272243,0.000126,0.0,0.0,0.0,0.0,0.0,0.0,0.0,0.0,0.0,0.0,0.0,0.0,0.0,0.0,0.0,0.0,0.0,0.0,0.0,0.0,0.0,0.0
20260711_214802_iotb3d,user4,অ,2026-07-11T15:48:02.538Z,macOS Chrome desktop,output/user4/অ/অ_20260711_214802_iotb3d.png,0.036671,0.032629,0.173247,1637.21167,0.466066,0.309536,0.121609,0.055171,0.455357,0.232143,1.961538,0.0,0.0,0.0,0.020671,0.137211,0.11139,0.11991,0.208001,0.087705,0.241724,0.073365,2.4e-05,0.0,0.0,0.0,0.0,0.0,0.0,0.0,0.174275,0.345782,0.324821,0.155123,0.0,0.0,0.0,0.0,0.0,0.0,0.0,0.0,0.0,0.0,0.0,0.0,0.0,0.0,0.0,0.0,0.0,0.140878,0.099648,0.089782,0.266586,0.0,0.0,0.0,0.007173,0.323127,0.457885,0.213722,0.0,0.0,0.0,0.0,0.0,0.0,3.8e-05,0.0,0.0,0.0,0.0,0.0,0.0,0.0,0.0,0.0,0.0,0.0,0.0,0.0,0.0,0.0,0.0,0.0,0.0,0.0,0.0,0.0,0.0,0.0
20260711_214818_1kqyjw,user4,অ,2026-07-11T15:48:18.989Z,macOS Chrome desktop,output/user4/অ/অ_20260711_214818_1kqyjw.png,0.044125,0.039154,0.189037,1964.576416,0.458649,0.275474,0.093816,0.073912,0.339286,0.263393,1.288136,0.0,0.0,0.0,0.0,0.047366,0.189504,0.193328,0.21295,0.135107,0.221745,0.0,0.0,0.0,0.0,0.0,0.0,0.0,0.0,0.156066,0.232377,0.253759,0.24623,0.111568,0.0,0.0,0.0,0.0,0.0,0.0,0.0,0.0,0.0,0.0,0.0,0.0,0.0,0.0,0.0,0.0,0.0,0.009145,0.444125,0.398043,0.138254,0.0,0.0,0.0,0.0,0.298702,0.40581,0.224414,0.0,0.0,0.0,0.0,0.0,0.0,3.8e-05,0.0,0.0,0.0,0.0,0.0,0.0,0.0,0.0,0.0,0.0,0.0,0.0,0.0,0.0,0.0,0.0,0.0,0.0,0.0,0.0,0.0,0.0,0.0
20260711_214838_nmfk2j,user4,অ,2026-07-11T15:48:38.039Z,macOS Chrome desktop,output/user4/অ/অ_20260711_214838_nmfk2j.png,0.042829,0.038021,0.186372,1907.729492,0.362692,0.314128,0.08218,0.0676,0.334821,0.236607,1.415094,0.0,0.0,0.0,0.093607,0.201533,0.286305,0.160252,0.220911,0.037392,0.0,0.0,0.0,0.0,0.0,0.0,0.0,0.0,0.0,0.0,0.24798,0.272031,0.219082,0.256163,0.004744,0.0,0.0,0.0,0.0,0.0,0.0,0.0,0.0,0.0,0.0,0.0,0.0,0.0,0.0,0.0,0.0,0.192145,0.315728,0.247572,0.0,0.0,0.0,0.0,0.198403,0.596515,0.258291,0.0,0.0,0.0,0.0,0.000241,0.043222,0.010899,0.0,0.0,0.0,0.0,0.0,0.0,0.0,0.0,0.0,0.0,0.0,0.0,0.0,0.0,0.0,0.0,0.0,0.0,0.0,0.0,0.0,0.0,0.0,0.0
20260711_214856_wh1jdl,user4,অ,2026-07-11T15:48:56.618Z,macOS Chrome desktop,output/user4/অ/অ_20260711_214856_wh1jdl.png,0.083207,0.072951,0.252716,3660.364502,0.440327,0.25492,0.159178,0.136615,0.647321,0.441964,1.464646,0.0,0.008576,0.044121,0.11119,0.09019,0.071766,0.160179,0.150567,0.077291,0.128688,0.122379,0.034695,0.000358,0.0,0.0,0.0,1e-06,0.292157,0.097926,0.126407,0.125914,0.089456,0.125494,0.13744,0.005206,0.0,0.0,0.0,0.0,0.0,0.0,0.0,0.039786,0.273932,0.270948,0.268168,0.291885,0.074203,0.0,0.033609,0.230882,0.222997,0.214526,0.21026,0.0,0.0,0.0,0.19529,0.088974,0.381507,0.206438,0.0,0.0,0.0,0.000222,0.293187,0.075,0.202761,0.0,0.0,0.0,0.0,0.0,0.0,0.0,0.0,0.0,0.0,0.0,0.0,0.0,0.0,0.0,0.0,0.0,0.0,0.0,0.0,0.0,0.0,0.0
20260711_214912_5jyzoq,user4,অ,2026-07-11T15:49:12.892Z,macOS Chrome desktop,output/user4/অ/অ_20260711_214912_5jyzoq.png,0.068439,0.060803,0.232572,3050.874512,0.438802,0.257342,0.128654,0.094773,0.53125,0.34375,1.545455,0.0,0.0,0.004489,0.071697,0.105079,0.174952,0.174117,0.102293,0.132271,0.162004,0.064315,0.008784,0.0,0.0,0.0,0.0,0.0,0.020077,0.311868,0.141496,0.19962,0.178866,0.142035,0.006039,0.0,0.0,0.0,0.0,0.0,0.0,0.0,0.0,0.0,0.00458,0.151405,0.156193,0.036696,0.0,0.0,0.0,0.281583,0.454044,0.286619,0.342601,0.0,0.0,0.0,0.093911,0.498288,0.447649,0.176298,0.0,0.0,0.0,0.0,0.015958,0.012714,0.02083,0.0,0.0,0.0,0.0,0.0,0.0,0.0,0.0,0.0,0.0,0.0,0.0,0.0,0.0,0.0,0.0,0.0,0.0,0.0,0.0,0.0,0.0,0.0
20260711_215025_9ahjj1,user4,অ,2026-07-11T15:50:25.341Z,macOS Chrome desktop,output/user4/অ/অ_20260711_215025_9ahjj1.png,0.060746,0.053712,0.219426,2695.078125,0.534203,0.274072,0.109201,0.103119,0.482143,0.40625,1.186813,0.0,0.0,0.0,0.0,0.030656,0.074934,0.081486,0.172978,0.240489,0.134751,0.211932,0.050592,0.002183,0.0,0.0,0.0,0.0,0.008064,0.312143,0.111138,0.194247,0.143793,0.18705,0.035207,0.008358,0.0,0.0,0.0,0.0,0.0,0.0,0.0,0.0,0.0,4e-06,0.11916,0.057724,0.0116,0.0,0.0,0.004998,0.220178,0.483601,0.457234,0.075417,0.0,0.0,0.0,0.225096,0.472292,0.333712,0.0,0.0,0.0,0.0,0.000647,0.125908,0.04434,0.0,0.0,0.0,0.0,0.0,0.0,0.0,0.0,0.0,0.0,0.0,0.0,0.0,0.0,0.0,0.0,0.0,0.0,0.0,0.0,0.0,0.0,0.0
20260711_215040_totmvz,user4,অ,2026-07-11T15:50:40.861Z,macOS Chrome desktop,output/user4/অ/অ_20260711_215040_totmvz.png,0.055186,0.04879,0.209504,2448.086182,0.478627,0.335566,0.106534,0.096528,0.446429,0.361607,1.234568,0.0,0.0,0.0,1.4e-05,0.075667,0.101637,0.200123,0.187801,0.120381,0.251691,0.056649,0.006038,0.0,0.0,0.0,0.0,0.0,0.0,0.012695,0.289662,0.127057,0.191804,0.182196,0.169443,0.027142,0.0,0.0,0.0,0.0,0.0,0.0,0.0,0.0,0.0,0.0,0.0,0.0,0.0,0.0,0.0,0.07436,0.145695,0.3036,0.336409,0.0,0.0,0.0,0.001547,0.416797,0.384467,0.198706,0.0,0.0,0.0,0.0,0.194221,0.20419,0.130718,0.0,0.0,0.0,0.0,0.0,0.0,0.0,0.0,0.0,0.0,0.0,0.0,0.0,0.0,0.0,0.0,0.0,0.0,0.0,0.0,0.0,0.0,0.0
20260711_215057_m3q3bw,user4,অ,2026-07-11T15:50:57.781Z,macOS Chrome desktop,output/user4/অ/অ_20260711_215057_m3q3bw.png,0.05409,0.047955,0.20829,2406.211914,0.423482,0.322503,0.103353,0.077704,0.397321,0.272321,1.459016,0.0,0.0,3.7e-05,0.055958,0.122179,0.144442,0.193898,0.222832,0.165012,0.095641,0.0,0.0,0.0,0.0,0.0,0.0,0.0,0.0,0.0,0.28151,0.195546,0.213263,0.232597,0.077083,0.0,0.0,0.0,0.0,0.0,0.0,0.0,0.0,0.0,0.0,0.0,0.0,0.0,0.0,0.0,0.0,0.246975,0.295439,0.349234,0.027776,0.0,0.0,0.0,0.025268,0.480737,0.59524,0.060535,0.0,0.0,0.0,0.0,0.081468,0.166517,0.020627,0.0,0.0,0.0,0.0,0.0,0.0,0.0,0.0,0.0,0.0,0.0,0.0,0.0,0.0,0.0,0.0,0.0,0.0,0.0,0.0,0.0,0.0,0.0
20260711_215120_wa3iw4,user4,অ,2026-07-11T15:51:20.891Z,macOS Chrome desktop,output/user4/অ/অ_20260711_215120_wa3iw4.png,0.059829,0.052438,0.216654,2631.141113,0.40543,0.364219,0.128879,0.111291,0.549107,0.366071,1.5,0.0,0.003853,0.046399,0.096211,0.124971,0.106652,0.201736,0.112148,0.233471,0.046111,0.028448,0.0,0.0,0.0,0.0,0.0,0.0,0.0,0.0,0.213239,0.208904,0.116799,0.132848,0.154996,0.165328,0.007887,0.0,0.0,0.0,0.0,0.0,0.0,0.0,0.0,0.0,0.0,0.0,0.0,0.0,0.04393,0.271132,0.270673,0.27446,0.170178,0.0,0.0,7.3e-05,0.213561,0.197767,0.238258,0.004611,0.0,0.0,0.0,0.03858,0.38287,0.458173,0.0,0.0,0.0,0.0,0.0,0.0,0.005208,0.0,0.0,0.0,0.0,0.0,0.0,0.0,0.0,0.0,0.0,0.0,0.0,0.0,0.0,0.0,0.0,0.0
20260711_215140_jzmdn9,user4,অ,2026-07-11T15:51:40.201Z,macOS Chrome desktop,output/user4/অ/অ_20260711_215140_jzmdn9.png,0.055824,0.049584,0.211475,2487.921387,0.460208,0.492978,0.099092,0.092941,0.410714,0.334821,1.226667,0.0,0.0,0.0,0.010009,0.083932,0.113682,0.179408,0.240527,0.170959,0.177398,0.024085,0.0,0.0,0.0,0.0,0.0,0.0,0.0,0.0,0.0,0.0,0.06895,0.299808,0.184755,0.155611,0.185776,0.105101,0.0,0.0,0.0,0.0,0.0,0.0,0.0,0.0,0.0,0.0,0.0,0.0,0.0,0.0,0.0,0.0,0.0,0.0,0.0,0.0,0.047001,0.199609,0.420002,0.172564,0.0,0.0,0.0,0.098526,0.305553,0.468643,0.076183,0.0,0.0,0.0,0.0,0.216238,0.314158,0.111133,0.0,0.0,0.0,0.0,0.0,0.0,0.0,0.0,0.0,0.0,0.0,0.0,0.0,0.0,0.0,0.0
20260711_215153_8dj6mi,user4,অ,2026-07-11T15:51:53.722Z,macOS Chrome desktop,output/user4/অ/অ_20260711_215153_8dj6mi.png,0.052455,0.046718,0.205716,2344.137207,0.424482,0.340896,0.109736,0.066968,0.415179,0.245536,1.690909,0.0,0.0,0.0,0.054922,0.131338,0.152604,0.225698,0.15602,0.115808,0.163609,0.0,0.0,0.0,0.0,0.0,0.0,0.0,0.0,0.0,0.041525,0.368996,0.231745,0.265222,0.092511,0.0,0.0,0.0,0.0,0.0,0.0,0.0,0.0,0.0,0.0,0.0,0.0,0.0,0.0,0.0,0.0,0.053332,0.30882,0.253171,0.085367,0.0,0.0,0.0,0.21006,0.445895,0.416039,0.207487,0.0,0.0,0.0,3.4e-05,0.201972,0.064675,0.042345,0.0,0.0,0.0,0.0,0.0,0.0,0.0,0.0,0.0,0.0,0.0,0.0,0.0,0.0,0.0,0.0,0.0,0.0,0.0,0.0,0.0,0.0,0.0
20260711_215210_14cuph,user4,অ,2026-07-11T15:52:10.848Z,macOS Chrome desktop,output/user4/অ/অ_20260711_215210_14cuph.png,0.070312,0.063135,0.23726,3167.858643,0.380601,0.295327,0.10778,0.102804,0.419643,0.375,1.119048,0.0,0.0,7.6e-05,0.142143,0.151427,0.219611,0.157513,0.110933,0.184145,0.034152,0.0,0.0,0.0,0.0,0.0,0.0,0.0,0.000326,0.235561,0.140064,0.180637,0.164851,0.170363,0.108177,2.2e-05,0.0,0.0,0.0,0.0,0.0,0.0,0.0,0.0,0.001291,0.00026,0.023545,4e-06,0.0,0.0,0.0,0.304029,0.580825,0.500605,0.071875,0.0,0.0,0.0,0.343658,0.524717,0.333192,0.0,0.0,0.0,0.0,0.0169,0.26101,0.131702,0.0,0.0,0.0,0.0,0.0,0.0,0.0,0.0,0.0,0.0,0.0,0.0,0.0,0.0,0.0,0.0,0.0,0.0,0.0,0.0,0.0,0.0,0.0,0.0
20260711_215224_s1nefb,user4,অ,2026-07-11T15:52:24.742Z,macOS Chrome desktop,output/user4/অ/অ_20260711_215224_s1nefb.png,0.036472,0.032713,0.173878,1641.423584,0.392006,0.38152,0.077294,0.058561,0.303571,0.241071,1.259259,0.0,0.0,0.0,0.046363,0.117906,0.248285,0.273359,0.237133,0.076954,0.0,0.0,0.0,0.0,0.0,0.0,0.0,0.0,0.0,0.0,0.0,0.153917,0.303763,0.33055,0.20719,0.00458,0.0,0.0,0.0,0.0,0.0,0.0,0.0,0.0,0.0,0.0,0.0,0.0,0.0,0.0,0.0,0.0,0.023074,0.003856,0.0,0.0,0.0,0.0,0.17708,0.637412,0.344313,0.0,0.0,0.0,0.0,8e-06,0.226796,0.190414,0.0,0.0,0.0,0.0,0.0,0.0,0.0,0.0,0.0,0.0,0.0,0.0,0.0,0.0,0.0,0.0,0.0,0.0,0.0,0.0,0.0,0.0,0.0,0.0
20260711_211553_8q738s,user4,আ,2026-07-11T15:15:53.117Z,macOS Chrome desktop,output/user4/আ/আ_20260711_211553_8q738s.png,0.065071,0.058018,0.227526,2911.098145,0.48132,0.434338,0.125159,0.091026,0.446429,0.348214,1.282051,0.0,0.0,0.0,0.006267,0.12528,0.096023,0.159059,0.1382,0.183692,0.107812,0.183645,2.3e-05,0.0,0.0,0.0,0.0,0.0,0.0,0.0,0.0,0.045414,0.291764,0.201559,0.157733,0.206542,0.09697,1.9e-05,0.0,0.0,0.0,0.0,0.0,0.0,0.0,0.0,0.0,0.0,0.0,0.0,0.0,0.0,0.0,0.003332,0.0,0.0,0.0,0.0,0.175548,0.360819,0.47531,0.431036,0.0,0.0,0.0,0.036267,0.41209,0.523143,0.228485,0.0,0.0,0.0,0.0,0.051402,0.045343,0.100096,0.0,0.0,0.0,0.0,0.0,0.0,0.0,0.0,0.0,0.0,0.0,0.0,0.0,0.0,0.0,0.0
20260711_215326_rdw0i7,user4,আ,2026-07-11T15:53:26.454Z,macOS Chrome desktop,output/user4/আ/আ_20260711_215326_rdw0i7.png,0.060706,0.053886,0.219995,2703.772461,0.553211,0.303742,0.120856,0.094142,0.446429,0.348214,1.282051,0.0,0.0,0.0,0.0,0.006829,0.095992,0.112736,0.124129,0.166024,0.106431,0.218921,0.168926,1.3e-05,0.0,0.0,0.0,0.0,0.0,0.133072,0.221299,0.16455,0.181942,0.224218,0.074915,4e-06,0.0,0.0,0.0,0.0,0.0,0.0,0.0,0.0,0.0,4.2e-05,4e-06,0.0,0.0,0.0,0.0,0.0,0.31849,0.274303,0.542651,0.014193,0.0,0.0,0.0,0.210551,0.479454,0.436462,0.082483,0.0,0.0,0.0,4e-06,0.08832,0.12379,0.069658,0.0,0.0,0.0,0.0,0.0,0.0,0.0,0.0,0.0,0.0,0.0,0.0,0.0,0.0,0.0,0.0,0.0,0.0,0.0,0.0,0.0,0.0
20260711_215355_gtir0d,user4,আ,2026-07-11T15:53:55.047Z,macOS Chrome desktop,output/user4/আ/আ_20260711_215355_gtir0d.png,0.056302,0.049954,0.211794,2506.506104,0.431592,0.32617,0.113171,0.124103,0.424107,0.848214,0.5,0.0,0.0,0.00012,0.095597,0.084231,0.1234,0.201574,0.176038,0.163541,0.155498,0.0,0.0,0.0,0.0,0.0,0.0,0.0,0.0,0.034774,0.226407,0.273594,0.161877,0.211749,0.071283,0.0,0.0,0.0,0.0,0.0,0.0,0.0,0.020317,0.0,0.0,0.0,0.0,0.0,0.0,0.0,0.0,0.2937,0.254316,0.465303,0.05468,0.0,0.0,0.0,0.065296,0.479163,0.342482,0.195087,0.0,0.0,0.0,0.0,0.02806,0.157778,0.062163,0.0,0.0,0.0,0.0,0.0,0.0,0.0,0.0,0.0,0.0,0.0,0.0,0.0,0.0,0.0,0.0,0.0,0.0,0.049732,0.0,0.0,0.0,0.0
20260711_215413_4z3pac,user4,আ,2026-07-11T15:54:13.989Z,macOS Chrome desktop,output/user4/আ/আ_20260711_215413_4z3pac.png,0.067602,0.060044,0.231251,3012.749023,0.383705,0.330175,0.114491,0.093843,0.441964,0.34375,1.285714,0.0,1e-06,0.054339,0.093347,0.135363,0.202222,0.141519,0.151818,0.214102,0.007289,0.0,0.0,0.0,0.0,0.0,0.0,0.0,0.0,0.002855,0.272559,0.208123,0.151868,0.187754,0.154568,0.022273,0.0,0.0,0.0,0.0,0.0,0.0,0.0,0.0,0.0,0.0,0.0,0.0,0.0,0.0,0.012236,0.285761,0.503523,0.356756,0.0,0.0,0.0,4e-06,0.283567,0.420351,0.480752,8.8e-05,0.0,0.0,0.0,0.019623,0.281828,0.295933,0.001716,0.0,0.0,0.0,0.0,0.0,0.0,0.0,0.0,0.0,0.0,0.0,0.0,0.0,0.0,0.0,0.0,0.0,0.0,0.0,0.0,0.0,0.0,0.0
20260711_215505_noe4fp,user4,আ,2026-07-11T15:55:05.229Z,macOS Chrome desktop,output/user4/আ/আ_20260711_215505_noe4fp.png,0.084602,0.074226,0.254785,3724.376221,0.486466,0.342665,0.150522,0.111729,0.5625,0.375,1.5,0.0,0.0,0.002445,0.075649,0.083684,0.068365,0.137533,0.198488,0.071206,0.166119,0.063317,0.133192,3e-06,0.0,0.0,0.0,0.0,0.0,0.053246,0.23254,0.142585,0.151893,0.142214,0.195169,0.082353,0.0,0.0,0.0,0.0,0.0,0.0,0.0,0.0,0.0,0.0,0.0,0.0,0.0,0.0,0.0,0.190074,0.316353,0.367096,0.421611,0.030308,0.0,0.0,0.231587,0.154982,0.400494,0.287462,0.126141,0.0,0.0,0.041245,0.304596,0.353956,0.335631,0.075551,0.0,0.0,0.0,0.0,0.0,0.0,0.0,0.0,0.0,0.0,0.0,0.0,0.0,0.0,0.0,0.0,0.0,0.0,0.0,0.0,0.0,0.0
20260711_215527_oaoi6c,user4,আ,2026-07-11T15:55:27.756Z,macOS Chrome desktop,output/user4/আ/আ_20260711_215527_oaoi6c.png,0.095803,0.085047,0.271315,4267.293945,0.477923,0.384325,0.140378,0.120272,0.513393,0.419643,1.223404,0.0,0.0,0.0,0.062505,0.085044,0.123883,0.135112,0.140814,0.10904,0.15544,0.148325,0.039837,0.0,0.0,0.0,0.0,0.0,0.0,0.0,0.152061,0.213901,0.163755,0.122339,0.112803,0.131034,0.104054,5.2e-05,0.0,0.0,0.0,0.0,0.0,0.0,0.0,0.0,0.0,0.0,0.0,0.0,0.0,0.086244,0.392172,0.352516,0.340839,1.9e-05,0.0,0.0,0.226409,0.415732,0.41939,0.431235,0.0,0.0,0.0,0.132571,0.114101,0.468409,0.433192,5e-05,0.0,0.0,0.0,0.231419,0.01973,0.103251,0.0,0.0,0.0,0.0,0.0,0.0,0.0,0.0,0.0,0.0,0.0,0.0,0.0,0.0,0.0,0.0
20260711_215554_41w3p4,user4,আ,2026-07-11T15:55:54.029Z,macOS Chrome desktop,output/user4/আ/আ_20260711_215554_41w3p4.png,0.093571,0.082738,0.267525,4151.470703,0.451007,0.42283,0.152207,0.133136,0.5625,0.459821,1.223301,0.0,0.0,0.037906,0.08322,0.067194,0.149173,0.159055,0.089469,0.118223,0.133086,0.132983,0.029691,0.0,0.0,0.0,0.0,0.0,0.0,0.0,0.095914,0.174457,0.143565,0.142668,0.102576,0.134985,0.13559,0.070245,0.0,0.0,0.0,0.0,0.0,0.0,0.0,0.0,0.0,0.0,0.0,0.0,8e-06,0.066073,0.323277,0.323564,0.199494,0.0,0.0,4e-06,0.228228,0.553075,0.222358,0.266709,0.0,0.0,0.0,0.229171,0.103068,0.460233,0.318873,0.0,0.0,0.0,0.103037,0.300188,0.112921,0.243815,7.7e-05,0.0,0.0,0.0,0.0,0.0,0.0,0.0,0.0,0.0,0.0,0.0,0.0,0.0,0.0,0.0
20260711_215623_q6sua3,user4,আ,2026-07-11T15:56:23.203Z,macOS Chrome desktop,output/user4/আ/আ_20260711_215623_q6sua3.png,0.072585,0.064345,0.238736,3228.584229,0.47259,0.425692,0.154545,0.092267,0.566964,0.348214,1.628205,0.0,0.0,0.03681,0.073353,0.090672,0.075664,0.091226,0.185901,0.083234,0.182077,0.130683,0.050381,0.0,0.0,0.0,0.0,0.0,0.0,0.0,0.0,0.054,0.356394,0.172207,0.128668,0.202244,0.086473,1.5e-05,0.0,0.0,0.0,0.0,0.0,0.0,0.0,0.0,0.0,0.0,0.0,0.0,0.0,0.011876,0.0,0.0,2.3e-05,0.0,0.0,1.5e-05,0.346159,0.331667,0.513584,0.571963,0.0,0.0,0.0,0.159375,0.203328,0.40499,0.427673,5e-05,0.0,0.0,0.0,0.034999,0.04357,0.103569,7.3e-05,0.0,0.0,0.0,0.0,0.0,0.0,0.0,0.0,0.0,0.0,0.0,0.0,0.0,0.0,0.0
20260711_215646_y25z4x,user4,আ,2026-07-11T15:56:46.439Z,macOS Chrome desktop,output/user4/আ/আ_20260711_215646_y25z4x.png,0.075415,0.067652,0.244843,3394.505859,0.540714,0.411947,0.137687,0.093415,0.504464,0.40625,1.241758,0.0,0.0,0.0,0.0,0.05965,0.092489,0.095974,0.152704,0.142855,0.096075,0.184296,0.148704,0.027255,0.0,0.0,0.0,0.0,0.0,0.0,0.012926,0.14426,0.264187,0.17956,0.173136,0.168348,0.057574,9e-06,0.0,0.0,0.0,0.0,0.0,0.0,0.0,0.0,0.0,0.0,0.0,0.0,0.0,0.020519,0.134191,0.007161,0.0,0.0,0.0,0.0,0.02482,0.434861,0.648916,0.534884,0.120324,0.0,0.0,0.0,0.166682,0.40257,0.434,0.236313,0.0,0.0,0.0,0.0,4e-06,0.082261,0.06744,0.0,0.0,0.0,0.0,0.0,0.0,0.0,0.0,0.0,0.0,0.0,0.0,0.0,0.0,0.0
20260711_215701_i0we24,user4,আ,2026-07-11T15:57:01.697Z,macOS Chrome desktop,output/user4/আ/আ_20260711_215701_i0we24.png,0.076471,0.068302,0.2462,3427.141113,0.536217,0.427628,0.132069,0.095837,0.504464,0.339286,1.486842,0.0,0.0,0.0,0.000766,0.05317,0.115817,0.086754,0.089864,0.20531,0.132031,0.167651,0.148528,0.000109,0.0,0.0,0.0,0.0,0.0,0.0,0.0,0.061626,0.357706,0.165687,0.121081,0.163601,0.1303,0.0,0.0,0.0,0.0,0.0,0.0,0.0,0.0,0.0,0.0,0.0,0.0,0.0,0.0,0.0,0.0,0.008287,0.007518,0.0,0.0,0.0,0.074648,0.43328,0.631878,0.603052,0.137653,0.0,0.0,0.0,0.304159,0.33007,0.325797,0.187561,0.0,0.0,0.0,0.01168,0.143176,0.123162,0.024897,0.0,0.0,0.0,0.0,0.0,0.0,0.0,0.0,0.0,0.0,0.0,0.0,0.0,0.0,0.0
20260711_215719_fym8k2,user4,আ,2026-07-11T15:57:19.563Z,macOS Chrome desktop,output/user4/আ/আ_20260711_215719_fym8k2.png,0.081732,0.072681,0.252637,3646.839111,0.487452,0.399414,0.145863,0.100929,0.566964,0.383929,1.476744,0.0,0.0,0.0,0.050069,0.079889,0.114147,0.160983,0.14413,0.082426,0.1613,0.082383,0.119853,0.00482,0.0,0.0,0.0,0.0,0.0,0.0,5.6e-05,0.273963,0.215494,0.142028,0.143641,0.165626,0.057767,0.001426,0.0,0.0,0.0,0.0,0.0,0.0,0.0,0.0,0.0,0.0,0.0,0.0,0.0,0.018451,0.173912,0.178822,0.053071,1.1e-05,0.0,0.0,0.253707,0.509589,0.374529,0.538549,0.093857,0.0,0.0,0.064786,0.306729,0.433238,0.39115,0.027244,0.0,0.0,0.0,0.020895,0.006752,0.060558,0.055515,0.0,0.0,0.0,0.0,0.0,0.0,0.0,0.0,0.0,0.0,0.0,0.0,0.0,0.0,0.0
20260711_215732_e3wli4,user4,আ,2026-07-11T15:57:32.879Z,macOS Chrome desktop,output/user4/আ/আ_20260711_215732_e3wli4.png,0.067403,0.058847,0.22843,2952.709961,0.476681,0.363086,0.173523,0.093834,0.616071,0.375,1.642857,0.0,0.0,0.06431,0.068681,0.04752,0.113573,0.158472,0.114342,0.050997,0.106403,0.128207,0.147434,6e-05,0.0,0.0,0.0,0.0,0.0,0.034085,0.096398,0.187566,0.201665,0.212426,0.215035,0.052825,0.0,0.0,0.0,0.0,0.0,0.0,0.0,0.0,0.0,0.0,0.0,0.0,0.0,0.0,0.004519,0.018348,0.174207,0.019589,0.389017,0.055603,0.0,0.010072,0.276379,0.298307,0.356338,0.263706,0.151444,0.0,0.0,0.153573,0.305534,0.184651,0.142195,0.080025,0.0,0.0,0.0,0.0,0.0,0.0,0.0,0.0,0.0,0.0,0.0,0.0,0.0,0.0,0.0,0.0,0.0,0.0,0.0,0.0,0.0,0.0
20260711_215746_pw5glc,user4,আ,2026-07-11T15:57:46.710Z,macOS Chrome desktop,output/user4/আ/আ_20260711_215746_pw5glc.png,0.058215,0.051508,0.215169,2584.443115,0.465543,0.346918,0.146625,0.077014,0.526786,0.316964,1.661972,0.0,0.0,0.009931,0.096129,0.065592,0.116583,0.187925,0.050741,0.171327,0.116603,0.175609,0.009561,0.0,0.0,0.0,0.0,0.0,0.0,3.3e-05,0.146493,0.189534,0.267202,0.263225,0.13321,0.000302,0.0,0.0,0.0,0.0,0.0,0.0,0.0,0.0,0.0,0.0,0.0,0.0,0.0,0.0,0.0,0.117203,0.069956,0.168068,0.253788,0.0,0.0,0.0,0.254929,0.525705,0.464828,0.239717,0.0,0.0,0.0,2.7e-05,0.186493,0.078309,0.164848,0.0,0.0,0.0,0.0,0.0,0.0,0.0,0.0,0.0,0.0,0.0,0.0,0.0,0.0,0.0,0.0,0.0,0.0,0.0,0.0,0.0,0.0,0.0
20260711_215803_gtb1nz,user4,আ,2026-07-11T15:58:03.072Z,macOS Chrome desktop,output/user4/আ/আ_20260711_215803_gtb1nz.png,0.065868,0.058465,0.228569,2933.521484,0.475388,0.307789,0.127118,0.086989,0.477679,0.303571,1.573529,0.0,0.0,0.0,0.040401,0.105239,0.091705,0.121588,0.20675,0.15995,0.115088,0.159228,5.1e-05,0.0,0.0,0.0,0.0,0.0,0.0,0.019016,0.32929,0.188671,0.184455,0.186509,0.092058,0.0,0.0,0.0,0.0,0.0,0.0,0.0,0.0,0.0,0.0,0.0,0.0,0.0,0.0,0.0,0.0,0.251049,0.309367,0.433471,0.326823,0.0,0.0,0.0,0.047097,0.303144,0.6402,0.215686,0.0,0.0,0.0,0.0,0.039288,0.148805,0.149835,0.0,0.0,0.0,0.0,0.0,0.0,0.0,0.0,0.0,0.0,0.0,0.0,0.0,0.0,0.0,0.0,0.0,0.0,0.0,0.0,0.0,0.0,0.0
20260711_215826_09me7o,user4,আ,2026-07-11T15:58:26.604Z,macOS Chrome desktop,output/user4/আ/আ_20260711_215826_09me7o.png,0.077348,0.069529,0.24833,3488.686035,0.493532,0.327308,0.147865,0.086078,0.5625,0.366071,1.536585,0.0,0.0,0.008672,0.060079,0.087264,0.078045,0.096482,0.161019,0.132651,0.153473,0.106101,0.116214,0.0,0.0,0.0,0.0,0.0,0.0,0.002906,0.248592,0.224399,0.19816,0.19275,0.11808,0.015113,0.0,0.0,0.0,0.0,0.0,0.0,0.0,0.0,0.0,0.0,0.0,0.0,0.0,0.0,0.0,0.328477,0.292115,0.372373,0.340104,9.2e-05,0.0,0.0,0.078347,0.282035,0.524299,0.620167,0.003248,0.0,0.0,0.0,0.06857,0.229324,0.21137,0.056399,0.0,0.0,0.0,0.0,0.0,0.0,0.0,0.0,0.0,0.0,0.0,0.0,0.0,0.0,0.0,0.0,0.0,0.0,0.0,0.0,0.0,0.0
20260711_215850_2a6qfe,user4,আ,2026-07-11T15:58:50.585Z,macOS Chrome desktop,output/user4/আ/আ_20260711_215850_2a6qfe.png,0.108937,0.098139,0.290121,4924.24707,0.571792,0.372022,0.167036,0.109137,0.629464,0.419643,1.5,0.0,0.0,0.0,0.036828,0.044883,0.068755,0.084634,0.119748,0.11394,0.062748,0.156193,0.131065,0.172664,0.008542,0.0,0.0,0.0,0.0,0.0,0.182427,0.174448,0.171703,0.141241,0.171255,0.128203,0.030714,1e-05,0.0,0.0,0.0,0.0,0.0,0.0,0.0,0.0,0.0,0.0,0.0,0.0,0.0,0.122725,0.233069,0.440265,0.38997,0.20638,0.0,0.0,0.183364,0.219416,0.459272,0.340464,0.544405,0.0,0.0,2.7e-05,0.283797,0.356055,0.443206,0.473602,0.0,0.0,0.0,0.0,0.0,0.047656,0.065162,0.0,0.0,0.0,0.0,0.0,0.0,0.0,0.0,0.0,0.0,0.0,0.0,0.0,0.0,0.0
20260711_211613_pni7yl,user4,ই,2026-07-11T15:16:13.617Z,macOS Chrome desktop,output/user4/ই/ই_20260711_211613_pni7yl.png,0.046437,0.041055,0.193168,2059.976562,0.453064,0.379646,0.088358,0.119676,0.379464,0.522321,0.726496,0.0,0.0,0.0,0.0,0.051472,0.171696,0.172218,0.325568,0.170643,0.06301,0.045392,0.0,0.0,0.0,0.0,0.0,0.0,0.0,0.04629,0.08552,0.199722,0.110757,0.287468,0.104897,0.075413,0.061859,0.028074,0.0,0.0,0.0,0.0,0.0,0.0,0.0,0.001474,0.0,0.0,0.0,0.0,0.0,0.000149,0.469202,0.089468,0.0,0.0,0.0,0.0,0.0,0.191709,0.50823,0.180116,0.0,0.0,0.0,0.0,0.077788,0.309528,0.020711,0.0,0.0,0.0,0.0,0.0,0.16332,0.0,0.0,0.0,0.0,0.0,0.0,0.0,0.0,0.0,0.0,0.0,0.0,0.0,0.0,0.0,0.0,0.0
20260711_211631_omhqof,user4,ই,2026-07-11T15:16:31.202Z,macOS Chrome desktop,output/user4/ই/ই_20260711_211631_omhqof.png,0.063536,0.056487,0.224997,2834.286377,0.448017,0.426915,0.125521,0.120114,0.508929,0.53125,0.957983,0.0,0.0,0.00013,0.117291,0.045355,0.093254,0.165656,0.186238,0.198571,0.137652,0.055098,0.000754,0.0,0.0,0.0,0.0,0.0,0.0,0.022482,0.040681,0.149454,0.083648,0.285461,0.113114,0.180397,0.044746,0.080016,0.0,0.0,0.0,0.0,0.0,0.0,1.9e-05,0.0,0.0,0.0,0.0,0.0,0.0,0.225816,0.061466,0.001685,0.0,0.0,0.0,0.0,0.173897,0.379841,0.480959,0.195125,0.0,0.0,0.0,0.0,0.246527,0.517057,0.154289,0.0,0.0,0.0,0.0,4.6e-05,0.200383,0.130748,0.0,0.0,0.0,0.0,0.0,0.0,0.0,0.0,0.0,0.0,0.0,0.0,0.0,0.0,0.0,0.0
20260711_215916_5xq3ym,user4,ই,2026-07-11T15:59:16.067Z,macOS Chrome desktop,output/user4/ই/ই_20260711_215916_5xq3ym.png,0.072923,0.065126,0.240492,3267.768311,0.430064,0.343329,0.122612,0.133427,0.517857,0.620536,0.834532,0.0,0.0,0.0,0.122935,0.079325,0.101534,0.186851,0.210797,0.166406,0.069811,0.047941,0.014402,0.0,0.0,0.0,0.0,1e-05,0.026777,0.072608,0.116669,0.283491,0.204517,0.042726,0.082989,0.079609,0.058986,0.031612,5e-06,0.0,0.0,0.0,0.0,0.0,0.114484,0.0,0.0,0.0,0.0,0.0,0.0,0.24833,0.362481,0.268658,0.020175,0.0,0.0,0.0,0.154044,0.35036,0.51528,0.322698,0.000115,0.0,0.0,0.0,0.254665,0.324046,0.0,0.0,0.0,0.0,0.0,0.0,0.221435,0.034409,0.0,0.0,0.0,0.0,0.0,0.0,0.0,0.0,0.0,0.0,0.0,0.0,0.0,0.0,0.0,0.0
20260711_215928_ckxbi5,user4,ই,2026-07-11T15:59:28.475Z,macOS Chrome desktop,output/user4/ই/ই_20260711_215928_ckxbi5.png,0.066227,0.05934,0.230377,2977.431152,0.415957,0.308524,0.112038,0.141251,0.459821,0.625,0.735714,0.0,0.0,0.001034,0.119538,0.108034,0.08394,0.171777,0.293128,0.145169,0.068918,0.008461,0.0,0.0,0.0,0.0,0.0,0.0199,0.061397,0.162515,0.069023,0.240789,0.189156,0.053117,0.088011,0.053335,0.051367,0.01139,0.0,0.0,0.0,0.0,0.0,0.0,0.265893,0.064882,0.002535,0.0,0.0,0.0,0.0,0.181357,0.275804,0.298568,0.015828,0.0,0.0,0.0,0.109605,0.276176,0.639051,0.168555,0.0,0.0,0.0,0.0,0.134463,0.315146,0.0,0.0,0.0,0.0,0.0,0.0,0.159612,0.000172,0.0,0.0,0.0,0.0,0.0,0.0,0.0,0.0,0.0,0.0,0.0,0.0,0.0,0.0,0.0,0.0
20260711_215945_ovgs11,user4,ই,2026-07-11T15:59:45.425Z,macOS Chrome desktop,output/user4/ই/ই_20260711_215945_ovgs11.png,0.067144,0.060094,0.232034,3015.298096,0.419663,0.322651,0.095298,0.128819,0.4375,0.53125,0.823529,0.0,0.0,0.0,0.018935,0.139405,0.144249,0.272326,0.275149,0.055083,0.064045,0.030809,0.0,0.0,0.0,0.0,0.0,0.0,0.019373,0.158547,0.142818,0.148128,0.249753,0.085584,0.063781,0.081576,0.047919,0.00252,0.0,0.0,0.0,0.0,0.0,0.0,0.0401,0.13866,0.0,0.0,0.0,0.0,0.0,0.190139,0.535623,0.139717,0.0,0.0,0.0,0.0,0.057261,0.392279,0.599966,0.246274,0.0,0.0,0.0,0.0,0.218907,0.256901,0.0,0.0,0.0,0.0,0.0,8e-06,0.128791,0.0,0.0,0.0,0.0,0.0,0.0,0.0,0.0,0.0,0.0,0.0,0.0,0.0,0.0,0.0,0.0,0.0
20260711_215959_axw0jl,user4,ই,2026-07-11T15:59:59.543Z,macOS Chrome desktop,output/user4/ই/ই_20260711_215959_axw0jl.png,0.07109,0.063214,0.237166,3171.807861,0.412772,0.3417,0.122377,0.170592,0.517857,0.638393,0.811189,0.0,0.0,0.058156,0.080058,0.086727,0.112949,0.140029,0.274368,0.153079,0.079618,0.015016,0.0,0.0,0.0,0.0,0.0,4.5e-05,0.106005,0.183968,0.045308,0.028931,0.252824,0.099852,0.048943,0.111537,0.064434,0.054338,0.003815,0.0,0.0,0.0,0.0,0.004998,0.338634,0.165093,0.0,0.0,0.0,0.0,0.000444,0.196569,0.218547,0.165491,0.0,0.0,0.0,0.0,0.001677,0.279063,0.61633,0.194991,0.0,0.0,0.0,0.0,0.190008,0.375115,0.0,0.0,0.0,0.0,0.0,0.004986,0.282207,0.063316,0.0,0.0,0.0,0.0,0.0,0.0,0.0,0.0,0.0,0.0,0.0,0.0,0.0,0.0,0.0,0.0
20260711_220013_x16qxh,user4,ই,2026-07-11T16:00:13.923Z,macOS Chrome desktop,output/user4/ই/ই_20260711_220013_x16qxh.png,0.060029,0.05341,0.219034,2679.878662,0.442197,0.38463,0.110367,0.11721,0.504464,0.486607,1.036697,0.0,0.0,3.1e-05,0.068928,0.062458,0.112036,0.212241,0.298919,0.112311,0.062492,0.068004,0.00258,0.0,0.0,0.0,0.0,0.0,0.0,3.1e-05,0.133723,0.135578,0.31978,0.126911,0.07412,0.110186,0.064734,0.034937,0.0,0.0,0.0,0.0,0.0,0.0,0.0,0.0,0.0,0.0,0.0,0.0,0.0,0.246504,0.272652,0.134907,0.0,0.0,0.0,0.0,0.004615,0.340127,0.4992,0.331882,0.0,0.0,0.0,0.0,0.241567,0.316245,0.0,0.0,0.0,0.0,0.0,0.003018,0.226352,0.0,0.0,0.0,0.0,0.0,0.0,0.0,0.0,0.0,0.0,0.0,0.0,0.0,0.0,0.0,0.0,0.0
20260711_220027_1j40u6,user4,ই,2026-07-11T16:00:27.650Z,macOS Chrome desktop,output/user4/ই/ই_20260711_220027_1j40u6.png,0.061703,0.054632,0.22136,2741.239258,0.402447,0.381941,0.105882,0.130655,0.455357,0.522321,0.871795,0.0,0.0,0.04652,0.073628,0.063489,0.171879,0.207379,0.252478,0.147947,0.036682,0.0,0.0,0.0,0.0,0.0,0.0,0.0,0.0,0.025004,0.179671,0.099996,0.247034,0.154131,0.054505,0.126097,0.076646,0.036915,0.0,0.0,0.0,0.0,0.0,0.0,0.0,0.0,0.0,0.0,0.0,0.0,0.0,0.328355,0.285834,0.121086,0.0,0.0,0.0,0.0,0.075911,0.398663,0.553267,0.07734,0.0,0.0,0.0,0.0,0.27958,0.299089,0.0,0.0,0.0,0.0,0.0,0.027194,0.230672,0.0,0.0,0.0,0.0,0.0,0.0,0.0,0.0,0.0,0.0,0.0,0.0,0.0,0.0,0.0,0.0,0.0
20260711_220043_yyhe4o,user4,ই,2026-07-11T16:00:43.271Z,macOS Chrome desktop,output/user4/ই/ই_20260711_220043_yyhe4o.png,0.061922,0.055303,0.223005,2774.882324,0.443801,0.35946,0.095971,0.137923,0.415179,0.580357,0.715385,0.0,0.0,0.0,0.00471,0.141584,0.097498,0.153049,0.286917,0.241535,0.053914,0.020793,0.0,0.0,0.0,0.0,0.0,0.0,0.026986,0.07164,0.188703,0.036248,0.272269,0.115129,0.079489,0.125993,0.060508,0.023036,0.0,0.0,0.0,0.0,0.0,0.0,0.084701,0.037657,0.0,0.0,0.0,0.0,0.0,0.141031,0.356985,0.216659,0.0,0.0,0.0,0.0,0.0,0.232571,0.630656,0.181981,0.0,0.0,0.0,0.0,0.150724,0.477455,0.0,0.0,0.0,0.0,0.0,0.003328,0.196098,0.0,0.0,0.0,0.0,0.0,0.0,0.0,0.0,0.0,0.0,0.0,0.0,0.0,0.0,0.0,0.0,0.0
20260711_220058_6cy90j,user4,ই,2026-07-11T16:00:58.080Z,macOS Chrome desktop,output/user4/ই/ই_20260711_220058_6cy90j.png,0.064732,0.058148,0.228415,2917.643311,0.392161,0.36453,0.113851,0.125261,0.482143,0.580357,0.830769,0.0,0.0,0.000755,0.153812,0.114854,0.148538,0.215757,0.203571,0.089226,0.047247,0.026239,0.0,0.0,0.0,0.0,0.0,0.0,0.00423,0.072087,0.084577,0.184277,0.29391,0.114616,0.067097,0.094772,0.052415,0.031575,0.000444,0.0,0.0,0.0,0.0,0.0,0.056403,2.7e-05,0.0,0.0,0.0,0.0,0.0,0.450643,0.266253,0.017459,0.0,0.0,0.0,0.0,0.143493,0.495018,0.49923,0.186788,0.0,0.0,0.0,0.0,0.28094,0.234976,0.0,0.0,0.0,0.0,0.0,0.000184,0.217777,6.9e-05,0.0,0.0,0.0,0.0,0.0,0.0,0.0,0.0,0.0,0.0,0.0,0.0,0.0,0.0,0.0,0.0
20260711_220112_94lc88,user4,ই,2026-07-11T16:01:12.998Z,macOS Chrome desktop,output/user4/ই/ই_20260711_220112_94lc88.png,0.061125,0.054424,0.221148,2730.776367,0.449824,0.401007,0.103246,0.13829,0.464286,0.566964,0.818898,0.0,0.0,0.0,0.063965,0.06657,0.096386,0.122242,0.313687,0.244435,0.062268,0.030447,0.0,0.0,0.0,0.0,0.0,0.0,0.0,0.016621,0.176864,0.091606,0.140872,0.221267,0.09757,0.110736,0.06131,0.064046,0.019107,0.0,0.0,0.0,0.0,0.0,0.0,0.0,0.0,0.0,0.0,0.0,0.0,0.26232,0.28673,0.161355,0.0,0.0,0.0,0.0,0.011374,0.249131,0.526674,0.19722,0.0,0.0,0.0,0.0,0.0606,0.547733,0.0,0.0,0.0,0.0,0.0,0.000345,0.350287,0.009498,0.0,0.0,0.0,0.0,0.0,0.003175,0.000333,0.0,0.0,0.0,0.0,0.0,0.0,0.0,0.0,0.0
20260711_220132_3b6d70,user4,ই,2026-07-11T16:01:32.328Z,macOS Chrome desktop,output/user4/ই/ই_20260711_220132_3b6d70.png,0.064114,0.057428,0.22714,2881.517822,0.464739,0.379837,0.104753,0.168217,0.446429,0.647321,0.689655,0.0,0.0,2.7e-05,0.067213,0.060031,0.042595,0.144171,0.227097,0.317333,0.136953,0.004581,0.0,0.0,0.0,0.0,0.0,0.0,0.020248,0.198509,0.082443,0.038772,0.112219,0.210717,0.068986,0.119843,0.051439,0.052468,0.044356,0.0,0.0,0.0,0.0,0.0,0.11142,0.000119,0.0,0.0,0.0,0.0,0.0,0.196504,0.267479,0.310038,0.021906,0.0,0.0,0.0,0.0,0.151505,0.595175,0.147855,0.0,0.0,0.0,0.0,0.071438,0.540859,0.003795,0.0,0.0,0.0,0.0,0.0,0.26443,0.080924,0.0,0.0,0.0,0.0,0.0,0.009229,0.041307,0.0,0.0,0.0,0.0,0.0,0.0,0.0,0.0,0.0
20260711_220151_kjuuzh,user4,ই,2026-07-11T16:01:51.689Z,macOS Chrome desktop,output/user4/ই/ই_20260711_220151_kjuuzh.png,0.058076,0.05178,0.216006,2598.121582,0.336793,0.287368,0.108354,0.155941,0.46875,0.611607,0.766423,0.0,0.076155,0.058468,0.049179,0.130945,0.294342,0.216532,0.139885,0.034494,0.0,0.0,0.0,0.0,0.0,0.0,0.0,0.042761,0.118965,0.152878,0.164768,0.129365,0.052048,0.126526,0.092719,0.071314,0.048657,0.0,0.0,0.0,0.0,0.0,0.0,0.247989,0.123227,0.186052,0.0,0.0,0.0,0.0,0.00134,0.17168,0.606127,0.074387,0.0,0.0,0.0,0.0,0.034643,0.28912,0.196347,0.0,0.0,0.0,0.0,0.016046,0.343597,0.149743,0.0,0.0,0.0,0.0,0.0,0.0,0.096929,0.0,0.0,0.0,0.0,0.0,0.0,0.0,0.0,0.0,0.0,0.0,0.0,0.0,0.0,0.0,0.0,0.0
20260711_220205_cr3boy,user4,ই,2026-07-11T16:02:05.156Z,macOS Chrome desktop,output/user4/ই/ই_20260711_220205_cr3boy.png,0.054847,0.048975,0.210394,2457.388428,0.325726,0.277787,0.081821,0.119521,0.366071,0.5,0.732143,0.0,3.8e-05,0.090076,0.101078,0.165211,0.317704,0.278371,0.047521,0.0,0.0,0.0,0.0,0.0,0.0,0.0,0.0,0.001211,0.067946,0.204694,0.188509,0.195179,0.106643,0.107934,0.079281,0.048596,8e-06,0.0,0.0,0.0,0.0,0.0,0.0,0.029599,0.144432,0.139162,0.0,0.0,0.0,0.0,0.003669,0.437519,0.578604,0.113465,0.0,0.0,0.0,0.0,0.032648,0.5669,0.000165,0.0,0.0,0.0,0.0,0.010968,0.304454,0.038208,0.0,0.0,0.0,0.0,0.0,0.0,0.0,0.0,0.0,0.0,0.0,0.0,0.0,0.0,0.0,0.0,0.0,0.0,0.0,0.0,0.0,0.0,0.0,0.0
20260711_220217_85rgxu,user4,ই,2026-07-11T16:02:17.888Z,macOS Chrome desktop,output/user4/ই/ই_20260711_220217_85rgxu.png,0.049984,0.044099,0.199795,2212.729492,0.400293,0.334604,0.106043,0.130302,0.433036,0.495536,0.873874,0.0,0.0,0.028314,0.126319,0.063173,0.100944,0.246408,0.280387,0.125132,0.029324,0.0,0.0,0.0,0.0,0.0,0.0,0.0,8.5e-05,0.1343,0.220003,0.030602,0.284608,0.121415,0.036945,0.116795,0.055247,0.0,0.0,0.0,0.0,0.0,0.0,0.0,0.034348,0.0,0.0,0.0,0.0,0.0,0.0,0.381055,0.302363,0.09779,0.0,0.0,0.0,0.0,0.0,0.274678,0.543516,0.043765,0.0,0.0,0.0,0.0,0.121687,0.26865,0.0,0.0,0.0,0.0,0.0,4.2e-05,0.092973,0.0,0.0,0.0,0.0,0.0,0.0,0.0,0.0,0.0,0.0,0.0,0.0,0.0,0.0,0.0,0.0,0.0
20260711_220235_4uai7u,user4,ই,2026-07-11T16:02:35.471Z,macOS Chrome desktop,output/user4/ই/ই_20260711_220235_4uai7u.png,0.055564,0.04932,0.210883,2474.662598,0.370828,0.350458,0.111574,0.154012,0.513393,0.625,0.821429,0.000414,0.054268,0.048724,0.049057,0.049873,0.206444,0.275798,0.257512,0.055995,0.001916,0.0,0.0,0.0,0.0,0.0,0.0,0.0,0.0,0.248194,0.06859,0.039654,0.25678,0.131295,0.080783,0.052136,0.085682,0.00125,0.032971,0.002665,0.0,0.0,0.0,0.006476,0.024184,0.001337,0.0,0.0,0.0,0.0,0.158801,0.246281,0.286504,0.095473,0.0,0.0,0.0,0.0,0.0,0.427321,0.492819,5.7e-05,0.0,0.0,0.0,0.0,0.227106,0.200693,0.0,0.0,0.0,0.0,0.0,0.158268,0.027688,0.0,0.0,0.0,0.0,0.0,0.0,0.063653,0.0,0.0,0.0,0.0,0.0,0.0,0.0,0.0,0.0,0.0
20260711_220308_e7l7wm,user4,ই,2026-07-11T16:03:08.513Z,macOS Chrome desktop,output/user4/ই/ই_20260711_220308_e7l7wm.png,0.088748,0.079316,0.263397,3979.741211,0.364558,0.349687,0.117074,0.190546,0.553571,0.794643,0.696629,2e-06,0.062478,0.031856,0.040406,0.155039,0.197642,0.224544,0.186287,0.068718,0.033003,2.5e-05,0.0,0.0,0.0,0.0,0.0,0.026185,0.116637,0.087752,0.078581,0.212745,0.06155,0.087511,0.05167,0.129955,0.050899,0.041322,0.038394,0.016799,0.0,0.0,0.0,0.270347,0.251605,0.248353,0.00656,0.0,0.0,0.0,0.013327,0.118042,0.398334,0.443528,0.08187,0.0,0.0,0.0,0.058349,0.425414,0.243643,0.025379,0.0,0.0,0.0,0.107636,0.46224,0.18971,0.0,0.0,0.0,0.0,0.003347,0.262416,0.126099,0.0,0.0,0.0,0.0,0.0,0.0,0.150268,0.0,0.0,0.0,0.0,0.0,0.0,0.0,0.0,0.0,0.0
20260711_220404_itceug,user4,ঈ,2026-07-11T16:04:04.111Z,macOS Chrome desktop,output/user4/ঈ/ঈ_20260711_220404_itceug.png,0.089485,0.080065,0.264907,4017.356934,0.40976,0.394079,0.117329,0.181049,0.535714,0.691964,0.774194,0.0,6e-05,0.06054,0.066989,0.059647,0.139676,0.220657,0.236243,0.130828,0.073098,0.012261,0.0,0.0,0.0,0.0,0.0,5.4e-05,0.050032,0.150358,0.047759,0.047426,0.230954,0.085627,0.048726,0.094041,0.126334,0.067414,0.051254,2e-05,0.0,0.0,0.0,0.019868,0.230407,0.0285,0.0,0.0,0.0,0.0,0.02204,0.296094,0.248794,0.184222,0.0,0.0,0.0,0.0,0.038002,0.519619,0.584666,0.177409,0.0,0.0,0.0,0.0,0.35427,0.347369,0.025705,0.0,0.0,0.0,0.0,0.240908,0.49828,0.020512,0.0,0.0,0.0,0.0,0.0,0.036688,0.049847,0.0,0.0,0.0,0.0,0.0,0.0,0.0,0.0,0.0
20260711_220444_r35mfs,user4,ঈ,2026-07-11T16:04:44.146Z,macOS Chrome desktop,output/user4/ঈ/ঈ_20260711_220444_r35mfs.png,0.082031,0.073366,0.254365,3681.196045,0.450933,0.343964,0.114845,0.164351,0.535714,0.674107,0.794702,0.0,0.0,0.015935,0.054084,0.066168,0.103437,0.144564,0.269367,0.189261,0.108024,0.047245,0.001915,0.0,0.0,0.0,0.0,0.003325,0.115894,0.095485,0.025127,0.266053,0.103959,0.03722,0.19937,0.052917,0.036807,0.041715,0.022128,0.0,0.0,0.0,0.0,0.0,0.260482,0.236171,0.110735,0.0,0.0,0.0,0.0,0.068298,0.222246,0.359467,0.090422,0.0,0.0,0.0,0.032315,0.177577,0.52914,0.213048,0.0,0.0,0.0,0.0,0.285084,0.536692,0.130496,0.0,0.0,0.0,0.0,0.0,0.278098,0.060198,0.0,0.0,0.0,0.0,0.0,0.003098,0.001352,0.0,0.0,0.0,0.0,0.0,0.0,0.0,0.0,0.0
20260711_220519_ila5ji,user4,ঈ,2026-07-11T16:05:19.321Z,macOS Chrome desktop,output/user4/ঈ/ঈ_20260711_220519_ila5ji.png,0.049924,0.044867,0.201968,2251.235352,0.572194,0.651989,0.078346,0.114096,0.361607,0.455357,0.794118,0.0,0.0,0.0,0.0,0.0,0.005944,0.075718,0.090676,0.203956,0.379426,0.192964,0.051316,0.0,0.0,0.0,0.0,0.0,0.0,0.0,0.0,0.0,0.0,0.0,0.094951,0.164483,0.214497,0.114754,0.196638,0.125002,0.060464,0.029213,0.0,0.0,0.0,0.0,0.0,0.0,0.0,0.0,0.0,0.0,0.0,0.0,0.0,0.0,0.0,0.0,0.0,0.0,0.0,0.0,0.0,0.0,0.0,0.0,0.158402,0.283211,0.129082,0.0,0.0,0.0,0.0,0.0,0.238381,0.620366,0.008781,0.0,0.0,0.0,0.0,0.238768,0.413545,0.000417,0.0,0.0,0.0,0.0,0.0,0.107518,0.0,0.0
20260711_220543_7o5bd0,user4,ঈ,2026-07-11T16:05:43.470Z,macOS Chrome desktop,output/user4/ঈ/ঈ_20260711_220543_7o5bd0.png,0.091279,0.082436,0.26853,4136.325195,0.487304,0.446005,0.127135,0.20256,0.575893,0.763393,0.754386,0.0,0.0,0.016132,0.047756,0.050848,0.079753,0.094554,0.15496,0.309407,0.113976,0.089409,0.043205,0.0,0.0,0.0,0.0,0.0,0.0001,0.145702,0.095524,0.027109,0.097601,0.18749,0.044747,0.038927,0.165384,0.07328,0.039569,0.0526,0.028728,0.00324,0.0,0.0,0.082207,0.028872,0.0,0.0,0.0,0.0,0.0,0.292073,0.37765,0.26461,2.7e-05,0.0,0.0,0.0,0.0,0.242268,0.555036,0.340123,0.02523,0.0,0.0,0.0,0.0,0.386167,0.00203,1.9e-05,0.0,0.0,0.0,0.080044,0.597335,0.298303,0.029776,0.0,0.0,0.0,0.0,0.247335,0.137814,0.0,0.0,0.0,0.0,0.0,0.0,0.052462,0.0,0.0
20260711_220606_essesa,user4,ঈ,2026-07-11T16:06:06.936Z,macOS Chrome desktop,output/user4/ঈ/ঈ_20260711_220606_essesa.png,0.096181,0.086194,0.273577,4324.882324,0.441237,0.324832,0.161898,0.171432,0.651786,0.696429,0.935897,0.002322,0.06545,0.053547,0.03629,0.061792,0.056555,0.085415,0.158965,0.259225,0.142009,0.072676,0.005755,0.0,0.0,0.0,0.0,0.050445,0.087479,0.093252,0.106905,0.227339,0.082545,0.028222,0.113986,0.126489,0.036862,0.035302,0.011173,0.0,0.0,0.0,0.0,0.002627,0.118363,0.275977,0.262944,0.0,0.0,0.0,0.36587,0.251911,0.085405,0.42181,0.220267,0.0,0.0,5e-05,0.080407,0.187508,0.501888,0.04771,0.0,0.0,0.0,0.0,0.100023,0.544623,0.430476,0.0,0.0,0.0,0.0,5e-05,0.220401,0.099475,0.0,0.0,0.0,0.0,0.0,0.0,0.005733,0.0,0.0,0.0,0.0,0.0,0.0,0.0,0.0,0.0
20260711_220641_ufswp1,user4,ঈ,2026-07-11T16:06:41.236Z,macOS Chrome desktop,output/user4/ঈ/ঈ_20260711_220641_ufswp1.png,0.086336,0.077328,0.260559,3880.023682,0.520175,0.383865,0.109765,0.164411,0.482143,0.834821,0.57754,0.0,0.0,0.0,4e-06,0.054148,0.067381,0.096822,0.15861,0.246602,0.200423,0.126227,0.049782,0.0,0.0,0.0,0.0,0.0,0.013674,0.104158,0.094247,0.222507,0.088925,0.056213,0.143059,0.150587,0.046949,0.04462,0.024255,0.0,0.0,0.010805,0.0,0.0,0.05885,0.026383,0.044045,0.0,0.0,0.0,0.0,0.04447,0.370822,0.495443,0.287534,0.003274,0.0,0.0,0.0,0.176945,0.540671,0.133594,1.5e-05,0.0,0.0,0.0,0.092938,0.571714,0.44267,0.042264,0.0,0.0,0.0,0.0,0.094964,0.296438,0.0,0.0,0.0,0.0,0.0,0.0,0.025107,0.0,0.0,0.0,0.0,0.0,6.1e-05,0.040882,0.0,0.0
20260711_220701_y1rftt,user4,ঈ,2026-07-11T16:07:01.071Z,macOS Chrome desktop,output/user4/ঈ/ঈ_20260711_220701_y1rftt.png,0.069914,0.061855,0.234525,3103.63916,0.485636,0.395297,0.110281,0.153341,0.46875,0.660714,0.709459,0.0,0.0,0.0,0.02751,0.089039,0.044194,0.102847,0.217758,0.28014,0.159992,0.072907,0.005613,0.0,0.0,0.0,0.0,0.0,0.019303,0.052389,0.124893,0.105387,0.236004,0.090294,0.054591,0.153366,0.087677,0.044835,0.031261,0.0,0.0,0.0,0.0,0.0,0.088304,1.1e-05,0.0,0.0,0.0,0.0,0.0,0.210375,0.268922,0.2812,0.0,0.0,0.0,0.0,0.002608,0.146772,0.593884,0.27572,0.0,0.0,0.0,0.0,0.018064,0.533402,0.20257,0.0,0.0,0.0,0.0,0.009218,0.274552,0.089794,0.0,0.0,0.0,0.0,0.0,1.9e-05,0.035482,0.0,0.0,0.0,0.0,0.0,0.0,0.0,0.0,0.0
20260711_220721_h9k2mi,user4,ঈ,2026-07-11T16:07:21.353Z,macOS Chrome desktop,output/user4/ঈ/ঈ_20260711_220721_h9k2mi.png,0.068399,0.061065,0.233472,3064.015625,0.520726,0.46791,0.103639,0.16528,0.477679,0.65625,0.727891,0.0,0.0,0.0,0.005361,0.056873,0.055577,0.081645,0.110738,0.27981,0.30675,0.088216,0.015031,0.0,0.0,0.0,0.0,0.0,0.0,4e-06,0.04502,0.174446,0.104963,0.207431,0.09166,0.043142,0.083876,0.155224,0.033381,0.041048,0.019806,0.0,0.0,0.0,0.0,0.0,0.0,0.0,0.0,0.0,0.0,0.084486,0.295221,0.12706,0.0,0.0,0.0,0.0,0.031158,0.150881,0.530461,0.339204,9.6e-05,0.0,0.0,0.0,0.0,0.222373,0.23066,0.0,0.0,0.0,0.0,0.0,0.372365,0.374096,0.0,0.0,0.0,0.0,0.0,0.127145,0.106997,0.0,0.0,0.0,0.0,0.0,0.0,0.0,0.0,0.0
20260711_220738_j2qzn6,user4,ঈ,2026-07-11T16:07:38.461Z,macOS Chrome desktop,output/user4/ঈ/ঈ_20260711_220738_j2qzn6.png,0.073362,0.066301,0.243132,3326.725098,0.512902,0.25036,0.132979,0.145971,0.522321,0.607143,0.860294,0.0,0.0,0.0,0.067508,0.052589,0.041572,0.085597,0.144365,0.150569,0.264455,0.154492,0.038854,0.0,0.0,0.0,0.0,0.050857,0.14164,0.265023,0.125007,0.049338,0.199695,0.05044,0.028713,0.041641,0.047646,0.0,0.0,0.0,0.0,0.0,0.0,0.0,0.333839,0.260103,0.210489,0.0394,0.0,0.0,0.0,1.5e-05,0.171607,0.53341,0.408525,0.0,0.0,0.0,0.0,7.3e-05,0.308801,0.5857,0.000368,0.0,0.0,0.0,0.0,9.2e-05,0.283322,0.002068,0.0,0.0,0.0,0.0,0.0,0.110038,0.000908,0.0,0.0,0.0,0.0,0.0,0.0,0.0,0.0,0.0,0.0,0.0,0.0,0.0,0.0,0.0
20260711_220751_axw80l,user4,ঈ,2026-07-11T16:07:51.851Z,macOS Chrome desktop,output/user4/ঈ/ঈ_20260711_220751_axw80l.png,0.060049,0.053748,0.219768,2696.835449,0.466503,0.380445,0.125949,0.145043,0.540179,0.571429,0.945312,0.0,0.0,0.015558,0.085995,0.050335,0.054268,0.107183,0.243318,0.241596,0.122699,0.067145,0.011904,0.0,0.0,0.0,0.0,0.0,0.000916,0.093135,0.178825,0.068625,0.143091,0.09572,0.181913,0.137654,0.04369,0.056316,0.000115,0.0,0.0,0.0,0.0,0.0,0.033697,0.0,0.0,0.0,0.0,0.0,0.0,0.309888,0.307445,0.204086,0.0,0.0,0.0,0.0,0.0,0.053627,0.559088,0.015617,0.0,0.0,0.0,0.0,0.066701,0.48598,0.347331,4e-06,0.0,0.0,0.0,0.0,0.15072,0.099445,0.0,0.0,0.0,0.0,0.0,0.0,0.0,0.0,0.0,0.0,0.0,0.0,0.0,0.0,0.0,0.0
20260711_220807_mldxj2,user4,ঈ,2026-07-11T16:08:07.321Z,macOS Chrome desktop,output/user4/ঈ/ঈ_20260711_220807_mldxj2.png,0.072146,0.064747,0.240187,3248.745117,0.529207,0.358464,0.108055,0.143576,0.5,0.589286,0.848485,0.0,0.0,0.0,0.005678,0.057232,0.040504,0.078722,0.119315,0.27112,0.272048,0.103447,0.051932,0.0,0.0,0.0,0.0,0.0,0.021018,0.134548,0.094264,0.166013,0.173172,0.056007,0.116131,0.176387,0.034994,0.027466,0.0,0.0,0.0,0.0,0.0,0.0,0.101731,0.004393,0.008326,0.0,0.0,0.0,0.0,0.028343,0.308824,0.418183,0.086585,0.0,0.0,0.0,0.0,0.09848,0.501275,0.472059,0.000735,0.0,0.0,0.0,5.4e-05,0.452007,0.469815,0.037519,0.0,0.0,0.0,0.0,0.074904,0.109371,0.0,0.0,0.0,0.0,0.0,0.0,0.0,0.0,0.0,0.0,0.0,0.0,0.0,0.0,0.0,0.0
20260711_220822_wgaxvc,user4,ঈ,2026-07-11T16:08:22.237Z,macOS Chrome desktop,output/user4/ঈ/ঈ_20260711_220822_wgaxvc.png,0.06814,0.06084,0.232963,3052.709961,0.530749,0.366088,0.115694,0.167293,0.504464,0.660714,0.763514,0.0,0.0,0.0,0.032564,0.046907,0.040066,0.073985,0.106219,0.204514,0.315385,0.153116,0.027244,0.0,0.0,0.0,0.0,0.0,0.031298,0.178629,0.03684,0.219441,0.102736,0.071908,0.053608,0.179001,0.051554,0.046713,0.028271,0.0,0.0,0.0,0.0,0.0,0.142379,0.021481,0.05293,0.0,0.0,0.0,0.0,0.03866,0.268807,0.404243,0.12451,4e-06,0.0,0.0,0.0,0.071538,0.315855,0.45648,5.7e-05,0.0,0.0,0.0,0.0,0.253393,0.480323,5.4e-05,0.0,0.0,0.0,0.0,0.033689,0.29267,0.0,0.0,0.0,0.0,0.0,0.0,0.024089,0.0,0.0,0.0,0.0,0.0,0.0,0.0,0.0,0.0
20260711_220837_dby4gx,user4,ঈ,2026-07-11T16:08:37.425Z,macOS Chrome desktop,output/user4/ঈ/ঈ_20260711_220837_dby4gx.png,0.067861,0.060667,0.23281,3044.046875,0.537008,0.386003,0.117105,0.146395,0.459821,0.616071,0.746377,0.0,0.0,0.0,0.0,0.049639,0.115855,0.042872,0.102722,0.189012,0.247149,0.199458,0.053293,0.0,0.0,0.0,0.0,0.0,2.2e-05,0.054198,0.140318,0.15955,0.215093,0.0895,0.041686,0.183216,0.047917,0.035191,0.03331,0.0,0.0,0.0,0.0,0.0,0.001344,0.023177,0.0,0.0,0.0,0.0,0.0,0.017345,0.433176,0.262691,0.00036,0.0,0.0,0.0,0.0,0.119773,0.472281,0.597767,8.4e-05,0.0,0.0,0.0,0.0,0.226716,0.492368,0.021442,0.0,0.0,0.0,0.0,0.004201,0.26093,1.5e-05,0.0,0.0,0.0,0.0,0.0,0.038997,3.4e-05,0.0,0.0,0.0,0.0,0.0,0.0,0.0,0.0
20260711_220850_xo5kch,user4,ঈ,2026-07-11T16:08:50.437Z,macOS Chrome desktop,output/user4/ঈ/ঈ_20260711_220850_xo5kch.png,0.07398,0.066159,0.242213,3319.580322,0.493695,0.287016,0.122937,0.13099,0.53125,0.580357,0.915385,0.0,0.0,0.000103,0.064699,0.039367,0.071451,0.104853,0.156316,0.24855,0.190393,0.107023,0.017246,0.0,0.0,0.0,0.0,1.5e-05,0.049025,0.167381,0.302502,0.120621,0.07089,0.174392,0.027903,0.031543,0.04559,0.010136,0.0,0.0,0.0,0.0,0.0,0.0,0.141077,0.02135,0.144845,0.0,0.0,0.0,0.0,0.146948,0.470236,0.606978,0.427049,9.2e-05,0.0,0.0,0.0,0.075161,0.536753,0.28408,0.0,0.0,0.0,0.0,0.0,0.201911,0.02047,0.0,0.0,0.0,0.0,0.0,0.016004,0.148824,0.0,0.0,0.0,0.0,0.0,0.0,0.0,0.0,0.0,0.0,0.0,0.0,0.0,0.0,0.0,0.0
20260711_220906_ehc737,user4,ঈ,2026-07-11T16:09:06.720Z,macOS Chrome desktop,output/user4/ঈ/ঈ_20260711_220906_ehc737.png,0.066606,0.059276,0.230002,2974.250977,0.546537,0.297411,0.119019,0.153501,0.517857,0.616071,0.84058,0.0,0.0,0.0,0.0,0.054577,0.067896,0.085878,0.091263,0.158264,0.264429,0.203559,0.049551,0.024582,0.0,0.0,0.0,0.01047,0.143867,0.116663,0.230056,0.10259,0.044924,0.061053,0.204188,0.0313,0.039843,0.015045,0.0,0.0,0.0,0.0,0.0,0.0,0.027233,0.282357,0.269022,0.023503,0.0,0.0,0.0,8e-06,0.261952,0.329553,0.448698,0.0,0.0,0.0,0.0,0.0,0.068191,0.272239,0.006476,0.0,0.0,0.0,0.0,0.190165,0.444279,0.135409,0.0,0.0,0.0,0.0,0.0,0.145458,0.0,0.0,0.0,0.0,0.0,0.0,0.0,0.0,0.0,0.0,0.0,0.0,0.0,0.0,0.0,0.0
