sample_id,user_id,label,created_at,device,json_path,image_path,video_path,num_points,num_strokes,bbox_width,bbox_height,bbox_area,bbox_aspect,centroid_x,centroid_y,std_x,std_y,start_x,start_y,end_x,end_y,delta_x,delta_y,path_length,straight_line_distance,straightness,stroke_transition_count,longest_stroke_ratio,single_point_strokes,dwell_step_ratio,step_mean,step_std,step_min,step_max,step_median,step_q25,step_q75,same_stroke_step_mean,same_stroke_step_std,same_stroke_step_min,same_stroke_step_max,same_stroke_step_median,same_stroke_step_q25,same_stroke_step_q75,acceleration_mean,acceleration_std,acceleration_min,acceleration_max,acceleration_median,acceleration_q25,acceleration_q75,curvature_mean,curvature_std,curvature_min,curvature_max,curvature_median,curvature_q25,curvature_q75,stroke_duration_points_mean,stroke_duration_points_std,stroke_duration_points_min,stroke_duration_points_max,stroke_duration_points_median,stroke_duration_points_q25,stroke_duration_points_q75,feature8d_0_mean,feature8d_0_std,feature8d_0_min,feature8d_0_max,feature8d_0_median,feature8d_0_q25,feature8d_0_q75,feature8d_1_mean,feature8d_1_std,feature8d_1_min,feature8d_1_max,feature8d_1_median,feature8d_1_q25,feature8d_1_q75,feature8d_2_mean,feature8d_2_std,feature8d_2_min,feature8d_2_max,feature8d_2_median,feature8d_2_q25,feature8d_2_q75,feature8d_3_mean,feature8d_3_std,feature8d_3_min,feature8d_3_max,feature8d_3_median,feature8d_3_q25,feature8d_3_q75,feature8d_4_mean,feature8d_4_std,feature8d_4_min,feature8d_4_max,feature8d_4_median,feature8d_4_q25,feature8d_4_q75,feature8d_5_mean,feature8d_5_std,feature8d_5_min,feature8d_5_max,feature8d_5_median,feature8d_5_q25,feature8d_5_q75,feature8d_6_mean,feature8d_6_std,feature8d_6_min,feature8d_6_max,feature8d_6_median,feature8d_6_q25,feature8d_6_q75,feature8d_7_mean,feature8d_7_std,feature8d_7_min,feature8d_7_max,feature8d_7_median,feature8d_7_q25,feature8d_7_q75
20260711_220930_a944cy,for_bonhi,ঔ,2026-07-11T16:09:30.070Z,macOS Chrome desktop,output/for_bonhi/ঔ/ঔ_20260711_220930_a944cy.json,output/for_bonhi/ঔ/ঔ_20260711_220930_a944cy.png,output/for_bonhi/ঔ/ঔ_20260711_220930_a944cy.mp4,601.0,8.0,0.507962,1.0,0.507962,0.507962,-0.001195,-0.224185,0.144815,0.172563,-0.117888,-0.194725,-0.044783,0.5,0.073105,0.694725,3.928077,0.698561,0.177838,7.0,0.485857,5.0,0.681282,0.006547,0.03959,9e-06,0.929951,0.000768,0.000226,0.003523,0.004601,0.008224,9e-06,0.044903,0.000753,0.000223,0.003445,0.001497,0.041861,-0.215254,0.929662,-0.000218,-0.002042,0.00017,1.810726,1.002538,0.006383,3.140147,1.955158,0.917885,2.761488,75.125,114.432772,1.0,292.0,1.0,1.0,104.0,-0.000439,0.006397,-0.032952,0.035183,2e-06,-0.000395,0.00028,-0.000142,0.006818,-0.033228,0.044903,-6e-06,-0.000651,0.000374,-0.023398,0.737252,-0.99994,1.0,-0.042473,-0.776609,0.764627,0.006918,0.67517,-0.999964,1.0,0.030037,-0.629982,0.63756,0.007354,0.629315,-0.999996,0.999994,0.0,-0.504413,0.547775,-0.161113,0.760219,-0.999998,1.0,-0.367338,-0.924699,0.666825,0.986689,0.114603,0.0,1.0,1.0,1.0,1.0,0.013311,0.114603,0.0,1.0,0.0,0.0,0.0
20260703_231939_jmltkn,user1,অ,2026-07-03T17:19:39.900Z,Linux Chrome desktop,output/user1/অ/অ_20260703_231939_jmltkn.json,output/user1/অ/অ_20260703_231939_jmltkn.png,output/user1/অ/অ_20260703_231939_jmltkn.mp4,102.0,1.0,1.0,0.648342,0.648342,1.542396,0.113168,-0.077567,0.275884,0.192411,0.070492,-0.324171,0.179009,0.208806,0.108517,0.532977,4.057812,0.543912,0.134041,0.0,1.0,0.0,0.0,0.040176,0.031471,0.002138,0.153783,0.034851,0.015107,0.059538,0.040176,0.031471,0.002138,0.153783,0.034851,0.015107,0.059538,0.000699,0.040489,-0.114932,0.147123,-0.004204,-0.02359,0.019003,0.67704,0.766697,0.007088,3.139588,0.309885,0.137426,1.054012,102.0,0.0,102.0,102.0,102.0,102.0,102.0,0.001064,0.036679,-0.105364,0.10229,8.8e-05,-0.016445,0.016553,0.005225,0.034717,-0.1402,0.083812,0.004159,-0.006358,0.019832,0.239232,0.689527,-0.999018,1.0,0.345715,-0.286303,0.929706,0.103543,0.675722,-0.997958,1.0,0.029107,-0.494453,0.847367,0.095874,0.515237,-0.999106,0.999875,0.038274,-0.165589,0.398349,0.655517,0.543724,-0.999998,1.0,0.955288,0.565918,0.991876,0.990196,0.098528,0.0,1.0,1.0,1.0,1.0,0.009804,0.098528,0.0,1.0,0.0,0.0,0.0
20260704_230134_0i7e7o,user1,অ,2026-07-04T17:01:34.908Z,Linux Chrome desktop,output/user1/অ/অ_20260704_230134_0i7e7o.json,output/user1/অ/অ_20260704_230134_0i7e7o.png,output/user1/অ/অ_20260704_230134_0i7e7o.mp4,143.0,2.0,1.0,0.77459,0.77459,1.291006,0.085934,-0.101049,0.314,0.261676,-0.022886,0.115574,0.375676,-0.267315,0.398562,-0.382889,5.058557,0.55268,0.109257,1.0,0.545455,0.0,0.028369,0.035624,0.067914,0.000745,0.776251,0.022283,0.010605,0.043996,0.030371,0.026965,0.000745,0.127774,0.021959,0.010553,0.043598,-0.000265,0.089951,-0.759688,0.686231,-0.001266,-0.01326,0.008176,0.659624,0.798607,0.002351,3.101409,0.279578,0.114257,0.920625,71.5,6.5,65.0,78.0,71.5,68.25,74.75,-0.001721,0.01867,-0.06513,0.050887,-0.000568,-0.010264,0.007855,-0.005701,0.035248,-0.126329,0.086166,-9.7e-05,-0.018716,0.009888,-0.036927,0.763343,-0.999997,0.999997,-0.069501,-0.895711,0.765907,0.061388,0.642008,-0.997582,1.0,-0.023999,-0.435757,0.669102,0.088136,0.475902,-0.999538,0.992059,0.082756,-0.136929,0.302908,0.664018,0.569938,-0.999192,1.0,0.965261,0.605438,0.994333,0.986014,0.117433,0.0,1.0,1.0,1.0,1.0,0.013986,0.117433,0.0,1.0,0.0,0.0,0.0
20260704_230207_s0bru0,user1,অ,2026-07-04T17:02:07.349Z,Linux Chrome desktop,output/user1/অ/অ_20260704_230207_s0bru0.json,output/user1/অ/অ_20260704_230207_s0bru0.png,output/user1/অ/অ_20260704_230207_s0bru0.mp4,131.0,4.0,1.0,0.62541,0.62541,1.598951,0.042279,-0.002186,0.296465,0.194398,-0.010955,0.043645,0.093086,0.285339,0.104041,0.241694,4.264547,0.263136,0.061703,3.0,0.80916,1.0,0.015748,0.032804,0.025485,0.001561,0.10811,0.024971,0.013327,0.044974,0.033045,0.025683,0.001561,0.10811,0.024982,0.013529,0.046358,-0.000409,0.028907,-0.086584,0.093714,-0.00081,-0.013762,0.009756,0.675334,0.824877,0.002083,3.14082,0.322415,0.120519,0.774693,32.75,42.675373,1.0,106.0,12.0,5.5,39.25,0.000627,0.030708,-0.0763,0.099163,0.001433,-0.013261,0.010462,0.001428,0.027435,-0.107836,0.089368,0.002481,-0.005894,0.015641,0.186254,0.674311,-0.997477,0.999987,0.207652,-0.325079,0.889617,0.128676,0.702891,-0.999994,1.0,0.193637,-0.546778,0.859344,0.036991,0.446152,-0.992025,0.962708,0.02895,-0.130854,0.306443,0.67929,0.581502,-1.0,1.0,0.956713,0.739919,0.994363,0.969466,0.172052,0.0,1.0,1.0,1.0,1.0,0.030534,0.172052,0.0,1.0,0.0,0.0,0.0
20260704_230243_20ggrl,user1,অ,2026-07-04T17:02:43.933Z,Linux Chrome desktop,output/user1/অ/অ_20260704_230243_20ggrl.json,output/user1/অ/অ_20260704_230243_20ggrl.png,output/user1/অ/অ_20260704_230243_20ggrl.mp4,218.0,5.0,1.0,0.7128,0.7128,1.402918,0.00819,-0.083123,0.291743,0.217463,-0.443242,-0.006019,0.430738,-0.26238,0.87398,-0.256361,5.903478,0.910803,0.154282,4.0,0.587156,1.0,0.028169,0.027205,0.034298,0.000736,0.331106,0.019101,0.008352,0.038147,0.024219,0.020804,0.000736,0.141849,0.018763,0.008147,0.036827,-0.000152,0.040102,-0.275954,0.240664,-0.001235,-0.01058,0.007458,0.701025,0.804047,0.001099,3.130687,0.332376,0.121188,1.027081,43.6,51.925331,1.0,128.0,6.0,2.0,81.0,0.001965,0.020635,-0.104692,0.078143,0.000726,-0.006587,0.010568,-0.002517,0.023664,-0.095711,0.084186,0.0,-0.010169,0.008353,0.016654,0.707454,-0.999984,0.999992,0.0,-0.72393,0.685552,0.144979,0.691529,-0.999615,1.0,0.11881,-0.494575,0.885012,0.059029,0.484897,-0.999985,0.999577,0.06766,-0.183442,0.35173,0.656248,0.575091,-0.99994,1.0,0.951404,0.621159,0.99453,0.977064,0.149699,0.0,1.0,1.0,1.0,1.0,0.022936,0.149699,0.0,1.0,0.0,0.0,0.0
20260704_230314_biogka,user1,অ,2026-07-04T17:03:14.419Z,Linux Chrome desktop,output/user1/অ/অ_20260704_230314_biogka.json,output/user1/অ/অ_20260704_230314_biogka.png,output/user1/অ/অ_20260704_230314_biogka.mp4,169.0,3.0,0.817526,1.0,0.817526,0.817526,0.083048,-0.219504,0.260488,0.231332,-0.237958,0.5,0.236121,-0.390613,0.474079,-0.890613,5.047075,1.008931,0.199904,2.0,0.621302,1.0,0.048193,0.030042,0.085421,0.000745,0.918789,0.01731,0.006788,0.029185,0.021034,0.018145,0.000745,0.084455,0.016865,0.006765,0.028586,-0.005139,0.099185,-0.89024,0.624611,-0.000435,-0.008976,0.0082,0.652105,0.888949,0.002851,3.075026,0.262746,0.107518,0.694844,56.333333,42.718718,1.0,105.0,63.0,32.0,84.0,-0.002409,0.012877,-0.051467,0.036352,-0.000707,-0.007984,0.004107,-0.001972,0.024135,-0.083675,0.059213,0.000367,-0.009913,0.011918,0.023962,0.797284,-0.999968,0.999995,0.042228,-0.876949,0.902511,0.002929,0.603121,-0.998519,1.0,-0.078494,-0.394717,0.463345,0.063168,0.393629,-0.999977,0.999774,0.045063,-0.110645,0.303748,0.685302,0.609449,-0.997778,1.0,0.970444,0.848636,0.996082,0.982249,0.132047,0.0,1.0,1.0,1.0,1.0,0.017751,0.132047,0.0,1.0,0.0,0.0,0.0
20260704_230343_z76un4,user1,অ,2026-07-04T17:03:43.455Z,Linux Chrome desktop,output/user1/অ/অ_20260704_230343_z76un4.json,output/user1/অ/অ_20260704_230343_z76un4.png,output/user1/অ/অ_20260704_230343_z76un4.mp4,219.0,4.0,1.0,0.888894,0.888894,1.124994,0.045946,-0.219364,0.311512,0.221452,0.09257,-0.342948,-0.307412,-0.220322,-0.399982,0.122626,6.208863,0.418357,0.067381,3.0,0.525114,2.0,0.046512,0.028481,0.064356,0.000458,0.73932,0.016016,0.006505,0.03525,0.022568,0.021167,0.000458,0.132518,0.015612,0.006325,0.034867,-6.6e-05,0.067462,-0.556053,0.723199,-0.000409,-0.011112,0.009082,0.718936,0.832685,0.000968,3.137101,0.389767,0.117413,0.979289,54.75,53.946154,1.0,115.0,51.5,1.0,105.25,-0.00477,0.016807,-0.065805,0.043193,-0.001829,-0.01053,0.003865,-0.000346,0.02519,-0.110567,0.13029,0.000809,-0.00523,0.008526,0.083847,0.725596,-0.99916,0.999445,0.118618,-0.632281,0.837606,-0.085854,0.677576,-0.999993,1.0,-0.15151,-0.765053,0.514491,0.060616,0.485518,-0.996561,0.999378,0.06404,-0.205719,0.374189,0.640263,0.592166,-0.99999,1.0,0.944967,0.575179,0.994236,0.981735,0.133908,0.0,1.0,1.0,1.0,1.0,0.018265,0.133908,0.0,1.0,0.0,0.0,0.0
20260704_230438_1by20a,user1,অ,2026-07-04T17:04:38.004Z,Linux Chrome desktop,output/user1/অ/অ_20260704_230438_1by20a.json,output/user1/অ/অ_20260704_230438_1by20a.png,output/user1/অ/অ_20260704_230438_1by20a.mp4,173.0,4.0,1.0,0.995404,0.995404,1.004617,0.047505,-0.190015,0.293341,0.27988,-0.066885,0.497702,0.300937,-0.336625,0.367822,-0.834327,6.683222,0.911808,0.136432,3.0,0.624277,1.0,0.017751,0.038856,0.090769,0.000787,0.871805,0.026653,0.011399,0.040182,0.029241,0.023768,0.000787,0.126003,0.025577,0.011319,0.03905,-0.005039,0.111246,-0.857397,0.775998,-0.001896,-0.016089,0.012021,0.695944,0.84876,4.8e-05,3.122345,0.310792,0.117546,0.950208,43.25,43.842759,1.0,108.0,32.0,4.0,71.25,-0.002129,0.018749,-0.04977,0.052646,-0.000437,-0.012965,0.006373,-0.002193,0.032036,-0.122851,0.068811,0.003035,-0.010839,0.01525,0.124511,0.769233,-0.999843,0.999954,0.279777,-0.740604,0.906307,-0.014568,0.62655,-0.999834,1.0,-0.06902,-0.524941,0.461561,0.049142,0.45442,-0.981909,0.999686,0.030872,-0.174426,0.302063,0.65644,0.600145,-0.999813,1.0,0.956509,0.682755,0.994592,0.976879,0.150289,0.0,1.0,1.0,1.0,1.0,0.023121,0.150289,0.0,1.0,0.0,0.0,0.0
20260704_230508_zz8agk,user1,অ,2026-07-04T17:05:08.436Z,Linux Chrome desktop,output/user1/অ/অ_20260704_230508_zz8agk.json,output/user1/অ/অ_20260704_230508_zz8agk.png,output/user1/অ/অ_20260704_230508_zz8agk.mp4,206.0,6.0,1.0,0.880482,0.880482,1.135742,0.136221,-0.118821,0.293877,0.267389,0.121209,-0.200041,-0.382146,-0.129721,-0.503355,0.07032,5.840999,0.508243,0.087013,5.0,0.441748,1.0,0.06,0.028493,0.044556,0.000449,0.562569,0.020234,0.008172,0.035435,0.025032,0.023315,0.000449,0.14458,0.019628,0.007534,0.033591,0.000289,0.055614,-0.532959,0.473094,-0.001008,-0.009802,0.009629,0.743896,0.845569,0.000416,3.102649,0.400554,0.128563,1.037163,34.333333,33.003367,1.0,91.0,19.5,10.25,55.75,-0.004121,0.018094,-0.093676,0.029885,-0.000337,-0.009158,0.006023,-0.001613,0.028091,-0.144372,0.109158,0.000545,-0.008994,0.01098,0.061159,0.764382,-0.999985,1.0,0.101696,-0.826037,0.846826,0.026681,0.641301,-0.99998,1.0,-0.040287,-0.435038,0.590686,0.066305,0.492552,-0.999922,0.999995,0.059273,-0.181762,0.395416,0.619319,0.607815,-0.999238,1.0,0.933388,0.54273,0.99396,0.970874,0.16816,0.0,1.0,1.0,1.0,1.0,0.029126,0.16816,0.0,1.0,0.0,0.0,0.0
20260704_230530_8783vw,user1,অ,2026-07-04T17:05:30.652Z,Linux Chrome desktop,output/user1/অ/অ_20260704_230530_8783vw.json,output/user1/অ/অ_20260704_230530_8783vw.png,output/user1/অ/অ_20260704_230530_8783vw.mp4,167.0,3.0,1.0,0.787928,0.787928,1.269151,0.10768,-0.061816,0.296614,0.246189,-0.477047,-0.056236,0.16565,0.099121,0.642697,0.155357,4.363583,0.661207,0.151529,2.0,0.682635,1.0,0.04878,0.026287,0.036703,0.000286,0.424138,0.020763,0.009984,0.032239,0.023111,0.017206,0.000286,0.100808,0.020417,0.009682,0.032025,0.002299,0.033702,-0.122588,0.345356,-0.000196,-0.009851,0.006414,0.616338,0.742789,0.000184,3.122862,0.332475,0.138322,0.669772,55.666667,46.204858,1.0,114.0,52.0,26.5,83.0,0.005166,0.01531,-0.072089,0.049322,0.003908,-0.001941,0.012848,-0.000403,0.023537,-0.099433,0.050063,0.003117,-0.007252,0.014577,0.13826,0.742377,-0.999997,1.0,0.345107,-0.56323,0.852912,0.248941,0.606456,-0.997954,1.0,0.410591,-0.200279,0.79767,-0.013362,0.466389,-0.999117,0.999141,0.0,-0.300548,0.267389,0.698517,0.542565,-0.999824,1.0,0.952653,0.784001,0.991689,0.982036,0.132821,0.0,1.0,1.0,1.0,1.0,0.017964,0.132821,0.0,1.0,0.0,0.0,0.0
20260704_230601_9fuwl5,user1,অ,2026-07-04T17:06:01.169Z,Linux Chrome desktop,output/user1/অ/অ_20260704_230601_9fuwl5.json,output/user1/অ/অ_20260704_230601_9fuwl5.png,output/user1/অ/অ_20260704_230601_9fuwl5.mp4,183.0,2.0,1.0,0.868818,0.868818,1.150989,0.129622,-0.11309,0.294681,0.280341,-0.436671,-0.304853,0.297751,-0.295892,0.734422,0.008961,4.57895,0.734477,0.160403,1.0,0.584699,0.0,0.033149,0.025159,0.028952,0.000194,0.271079,0.017518,0.00824,0.031006,0.0238,0.022514,0.000194,0.116785,0.01747,0.008142,0.030903,0.000386,0.034176,-0.248559,0.203941,-0.001334,-0.009916,0.008326,0.673231,0.794184,0.001272,3.087657,0.340235,0.136991,0.920361,91.5,15.5,76.0,107.0,91.5,83.75,99.25,0.003026,0.013737,-0.055775,0.052207,0.001503,-0.004558,0.009654,-0.001056,0.029371,-0.107482,0.102606,0.001296,-0.011017,0.011972,0.047555,0.789528,-0.999969,0.999964,0.228038,-0.865969,0.861031,0.17084,0.587535,-0.999206,1.0,0.218328,-0.197614,0.680056,-0.032136,0.47768,-0.996802,0.997002,-0.033124,-0.334898,0.192341,0.673144,0.563618,-0.99854,1.0,0.948237,0.661219,0.99169,0.989071,0.103969,0.0,1.0,1.0,1.0,1.0,0.010929,0.103969,0.0,1.0,0.0,0.0,0.0
20260704_230631_iep9zz,user1,অ,2026-07-04T17:06:31.754Z,Linux Chrome desktop,output/user1/অ/অ_20260704_230631_iep9zz.json,output/user1/অ/অ_20260704_230631_iep9zz.png,output/user1/অ/অ_20260704_230631_iep9zz.mp4,186.0,2.0,1.0,0.760058,0.760058,1.315689,0.122822,-0.076521,0.266326,0.240847,0.053613,-0.22173,-0.038979,0.380029,-0.092592,0.601759,4.522451,0.608841,0.134626,1.0,0.994624,1.0,0.016304,0.024446,0.024931,0.001208,0.289585,0.019862,0.011491,0.03192,0.023005,0.015517,0.001208,0.070756,0.019839,0.011457,0.03176,0.001518,0.023299,-0.053927,0.220178,-0.001354,-0.010518,0.008766,0.592868,0.700229,0.000345,3.132326,0.273889,0.092416,0.866148,93.0,92.0,1.0,185.0,93.0,47.0,139.0,0.000961,0.0186,-0.044264,0.057481,0.000867,-0.010936,0.008942,0.002693,0.020189,-0.069569,0.068521,0.003754,-0.004218,0.012945,0.237256,0.667494,-0.997837,0.999983,0.293776,-0.269342,0.899401,0.053581,0.703768,-0.999874,1.0,0.107139,-0.565354,0.797776,0.030113,0.496679,-0.999856,1.0,0.017608,-0.221439,0.322632,0.712831,0.494242,-0.999956,1.0,0.964722,0.70536,0.996298,0.989247,0.103136,0.0,1.0,1.0,1.0,1.0,0.010753,0.103136,0.0,1.0,0.0,0.0,0.0
20260709_222041_giojuy,user1,অ,2026-07-09T16:20:41.439Z,Linux Chrome desktop,output/user1/অ/অ_20260709_222041_giojuy.json,output/user1/অ/অ_20260709_222041_giojuy.png,output/user1/অ/অ_20260709_222041_giojuy.mp4,163.0,8.0,1.0,0.852656,0.852656,1.172806,0.131396,0.013028,0.307453,0.286986,-0.176871,-0.12666,0.343486,-0.146143,0.520357,-0.019483,7.381453,0.520722,0.070545,7.0,0.638037,3.0,0.03871,0.045565,0.088239,0.000974,0.866473,0.021054,0.009392,0.044302,0.03342,0.037732,0.000974,0.19457,0.020221,0.008748,0.043751,-0.001209,0.103548,-0.769562,0.677191,-0.000891,-0.011213,0.00981,0.694098,0.79562,0.00381,3.093072,0.374788,0.18098,0.830237,20.375,32.618773,1.0,104.0,6.5,1.0,21.25,0.005988,0.030057,-0.188078,0.116737,0.002329,-0.002781,0.016952,0.002779,0.038326,-0.087378,0.190877,0.000891,-0.009189,0.012359,0.06479,0.72377,-0.999946,0.999176,0.105954,-0.675105,0.785154,0.30661,0.614776,-0.999536,1.0,0.458139,-0.159257,0.874386,0.022211,0.465939,-0.995585,0.999975,0.0,-0.244712,0.316737,0.7083,0.529828,-0.99565,1.0,0.952764,0.761712,0.993503,0.95092,0.216035,0.0,1.0,1.0,1.0,1.0,0.04908,0.216035,0.0,1.0,0.0,0.0,0.0
20260704_230720_4nlmlz,user1,আ,2026-07-04T17:07:20.785Z,Linux Chrome desktop,output/user1/আ/আ_20260704_230720_4nlmlz.json,output/user1/আ/আ_20260704_230720_4nlmlz.png,output/user1/আ/আ_20260704_230720_4nlmlz.mp4,223.0,5.0,1.0,0.863636,0.863636,1.157895,0.132448,-0.172946,0.282176,0.246365,-0.466444,-0.331801,0.157718,0.285311,0.624162,0.617112,7.080868,0.877727,0.123958,4.0,0.434978,1.0,0.045872,0.031896,0.036382,0.000449,0.397935,0.024559,0.010588,0.04128,0.029011,0.023246,0.000449,0.105136,0.023986,0.010291,0.04047,0.000875,0.042174,-0.323516,0.306278,-0.001775,-0.015583,0.011757,0.602454,0.736358,0.00138,3.048466,0.268492,0.107849,0.785984,44.6,38.144987,1.0,97.0,39.0,7.0,79.0,0.002664,0.023435,-0.084213,0.092944,0.001085,-0.005777,0.009073,0.002579,0.028073,-0.078297,0.087372,0.001813,-0.00916,0.017272,0.110052,0.761986,-1.0,0.999992,0.226468,-0.756424,0.85999,0.089836,0.631819,-0.999517,1.0,0.096005,-0.298972,0.651754,0.025055,0.473237,-0.999739,0.99663,0.053115,-0.189779,0.254331,0.709576,0.52146,-0.995658,1.0,0.970951,0.710036,0.99519,0.977578,0.14805,0.0,1.0,1.0,1.0,1.0,0.022422,0.14805,0.0,1.0,0.0,0.0,0.0
20260704_230748_cofjqd,user1,আ,2026-07-04T17:07:48.960Z,Linux Chrome desktop,output/user1/আ/আ_20260704_230748_cofjqd.json,output/user1/আ/আ_20260704_230748_cofjqd.png,output/user1/আ/আ_20260704_230748_cofjqd.mp4,197.0,2.0,1.0,0.528336,0.528336,1.892735,0.032457,-0.043599,0.274032,0.185831,-0.230764,-0.155167,0.48036,0.234673,0.711124,0.38984,4.697801,0.81097,0.172628,1.0,0.786802,0.0,0.025641,0.023968,0.039488,0.00095,0.531067,0.017798,0.008796,0.032258,0.021368,0.015551,0.00095,0.08964,0.017565,0.008795,0.032194,5e-06,0.051996,-0.50746,0.441427,-0.002718,-0.012409,0.00798,0.674601,0.81685,0.004831,2.986724,0.332765,0.115731,0.816012,98.5,56.5,42.0,155.0,98.5,70.25,126.75,0.002099,0.01612,-0.038823,0.050105,0.00104,-0.007779,0.009609,0.004211,0.020232,-0.063776,0.082243,0.001633,-0.005005,0.013114,0.167838,0.707276,-0.99956,0.999984,0.17853,-0.412272,0.905485,0.063383,0.683794,-0.999957,1.0,0.153425,-0.618757,0.662629,0.020559,0.464764,-0.999274,0.997626,0.04038,-0.178738,0.337774,0.665152,0.584076,-0.98805,1.0,0.947124,0.743112,0.9946,0.989848,0.100246,0.0,1.0,1.0,1.0,1.0,0.010152,0.100246,0.0,1.0,0.0,0.0,0.0
20260704_230823_p4djtm,user1,আ,2026-07-04T17:08:23.458Z,Linux Chrome desktop,output/user1/আ/আ_20260704_230823_p4djtm.json,output/user1/আ/আ_20260704_230823_p4djtm.png,output/user1/আ/আ_20260704_230823_p4djtm.mp4,264.0,4.0,1.0,0.658202,0.658202,1.51929,0.08443,-0.095069,0.291695,0.210046,-0.115374,-0.198201,-0.16707,0.322735,-0.051696,0.520936,5.564735,0.523495,0.094074,3.0,0.931818,1.0,0.057692,0.021159,0.022858,0.000366,0.286615,0.01644,0.008097,0.028971,0.019844,0.015637,0.000366,0.08321,0.016094,0.007948,0.028276,0.001029,0.023767,-0.057729,0.267328,-0.000224,-0.008834,0.006816,0.597073,0.746228,0.000655,3.05357,0.274429,0.136721,0.657631,66.0,104.040857,1.0,246.0,8.5,2.5,72.0,0.000797,0.015445,-0.037954,0.071761,-0.000116,-0.007261,0.005999,0.001594,0.019669,-0.062985,0.081989,0.00255,-0.004118,0.012668,0.151066,0.742195,-0.999995,0.999825,0.294056,-0.638336,0.921434,0.002501,0.652931,-0.999953,1.0,-0.009942,-0.565324,0.519242,0.024214,0.445762,-0.999992,0.999433,0.027012,-0.243019,0.264282,0.711003,0.543309,-0.996128,1.0,0.964832,0.806375,0.992339,0.984848,0.122155,0.0,1.0,1.0,1.0,1.0,0.015152,0.122155,0.0,1.0,0.0,0.0,0.0
20260704_230900_jm6b9y,user1,আ,2026-07-04T17:09:00.548Z,Linux Chrome desktop,output/user1/আ/আ_20260704_230900_jm6b9y.json,output/user1/আ/আ_20260704_230900_jm6b9y.png,output/user1/আ/আ_20260704_230900_jm6b9y.mp4,299.0,4.0,1.0,0.709386,0.709386,1.40967,0.103582,-0.107283,0.263018,0.235465,-0.168866,0.225306,0.416977,0.354693,0.585843,0.129387,6.151256,0.599961,0.097535,3.0,0.548495,1.0,0.057627,0.020642,0.036204,0.000157,0.451562,0.015494,0.007471,0.0249,0.017965,0.014503,0.000157,0.101701,0.015362,0.007482,0.024816,-0.000314,0.04665,-0.423208,0.34986,-0.001163,-0.007333,0.007107,0.605987,0.803857,0.000575,3.115855,0.225868,0.10567,0.715885,74.75,74.119414,1.0,164.0,67.0,1.75,140.0,0.001482,0.012273,-0.058656,0.052184,0.000412,-0.004786,0.007289,0.000518,0.01931,-0.101692,0.066939,0.0,-0.006455,0.011056,0.056789,0.760811,-1.0,0.999981,0.0,-0.804229,0.833881,0.102092,0.638372,-0.999363,1.0,0.092289,-0.420281,0.696033,0.023462,0.437042,-0.995041,0.998863,0.013758,-0.188195,0.210597,0.688903,0.577803,-0.999669,1.0,0.978745,0.770305,0.996193,0.986622,0.114887,0.0,1.0,1.0,1.0,1.0,0.013378,0.114887,0.0,1.0,0.0,0.0,0.0
20260704_230941_ogdcp4,user1,আ,2026-07-04T17:09:41.134Z,Linux Chrome desktop,output/user1/আ/আ_20260704_230941_ogdcp4.json,output/user1/আ/আ_20260704_230941_ogdcp4.png,output/user1/আ/আ_20260704_230941_ogdcp4.mp4,277.0,3.0,1.0,0.583186,0.583186,1.714719,0.224374,-0.004549,0.223356,0.167509,0.06739,-0.136483,0.201607,0.078885,0.134217,0.215368,5.611421,0.253767,0.045223,2.0,0.451264,0.0,0.120438,0.020331,0.029614,0.000248,0.309397,0.012141,0.004161,0.024042,0.018761,0.022434,0.000248,0.15111,0.012119,0.004122,0.023942,0.000215,0.034315,-0.283113,0.267445,-0.000848,-0.008187,0.005366,0.633103,0.792009,0.003034,3.118115,0.256767,0.087666,0.873455,92.333333,29.261275,54.0,125.0,98.0,76.0,111.5,-5.8e-05,0.024048,-0.146833,0.111096,0.000559,-0.0026,0.006966,0.000553,0.016353,-0.062591,0.070173,0.001682,-0.003988,0.007801,0.195887,0.724575,-0.999737,0.999996,0.39614,-0.495054,0.879309,0.115667,0.650569,-0.999938,1.0,0.174861,-0.42468,0.725618,0.055235,0.480651,-0.999421,0.999982,0.03732,-0.112246,0.274969,0.673085,0.559357,-0.99972,1.0,0.973583,0.662459,0.99652,0.98917,0.103504,0.0,1.0,1.0,1.0,1.0,0.01083,0.103504,0.0,1.0,0.0,0.0,0.0
20260704_231010_4ha6y7,user1,আ,2026-07-04T17:10:10.093Z,Linux Chrome desktop,output/user1/আ/আ_20260704_231010_4ha6y7.json,output/user1/আ/আ_20260704_231010_4ha6y7.png,output/user1/আ/আ_20260704_231010_4ha6y7.mp4,266.0,3.0,1.0,0.62752,0.62752,1.593575,0.058539,-0.11718,0.282545,0.171847,-0.202657,0.31376,0.473128,0.212348,0.675785,-0.101412,5.021257,0.683352,0.136092,2.0,0.763158,1.0,0.079848,0.018948,0.044472,0.000145,0.60211,0.011892,0.005039,0.022874,0.015323,0.012852,0.000145,0.066433,0.011836,0.005011,0.022576,-0.002234,0.049852,-0.580117,0.379694,-0.00117,-0.006556,0.004504,0.658706,0.816376,0.001758,3.133083,0.282308,0.125404,0.79266,88.666667,84.594457,1.0,203.0,62.0,31.5,132.5,0.001049,0.014104,-0.050602,0.059851,0.001373,-0.003894,0.006383,0.002988,0.013656,-0.05189,0.063779,0.001419,-0.003032,0.010105,0.210932,0.692978,-0.999405,0.999987,0.346769,-0.399671,0.903738,0.103938,0.681532,-0.999982,1.0,0.195619,-0.512061,0.727498,0.033539,0.45961,-0.999502,0.999991,0.045461,-0.208638,0.278812,0.668964,0.583199,-0.999963,1.0,0.963825,0.72749,0.993064,0.988722,0.105598,0.0,1.0,1.0,1.0,1.0,0.011278,0.105598,0.0,1.0,0.0,0.0,0.0
20260728_232136_0wkg0v,user1,আ,2026-07-28T17:21:36.892Z,Linux Chrome desktop,output/user1/আ/আ_20260728_232136_0wkg0v.json,output/user1/আ/আ_20260728_232136_0wkg0v.png,output/user1/আ/আ_20260728_232136_0wkg0v.mp4,215.0,3.0,1.0,0.713872,0.713872,1.400811,0.129716,-0.094495,0.278686,0.229405,-0.107929,-0.276943,0.085476,0.342388,0.193405,0.619331,6.03502,0.648827,0.10751,2.0,0.646512,0.0,0.042453,0.028201,0.044979,0.000205,0.520935,0.018969,0.011228,0.034623,0.024275,0.018367,0.000205,0.098811,0.018776,0.011063,0.034226,0.000343,0.061448,-0.514375,0.487514,-0.001476,-0.013007,0.011542,0.499609,0.597459,0.001485,3.133855,0.281413,0.108274,0.593989,71.666667,55.954346,2.0,139.0,74.0,38.0,106.5,0.000917,0.018204,-0.054168,0.097413,4.9e-05,-0.006954,0.00575,0.005033,0.023582,-0.063753,0.090189,0.003785,-0.008424,0.016879,0.176115,0.77096,-0.999922,0.999995,0.300842,-0.667257,0.97201,0.053854,0.609675,-0.999981,1.0,0.023678,-0.391171,0.659801,0.04476,0.456913,-0.999579,0.999324,0.033438,-0.196933,0.313155,0.79092,0.404565,-0.999969,1.0,0.96616,0.843766,0.996046,0.986047,0.117298,0.0,1.0,1.0,1.0,1.0,0.013953,0.117298,0.0,1.0,0.0,0.0,0.0
20260728_232203_7c77zv,user1,আ,2026-07-28T17:22:03.534Z,Linux Chrome desktop,output/user1/আ/আ_20260728_232203_7c77zv.json,output/user1/আ/আ_20260728_232203_7c77zv.png,output/user1/আ/আ_20260728_232203_7c77zv.mp4,236.0,9.0,1.0,0.530336,0.530336,1.885597,0.168624,-0.080239,0.189788,0.164146,-0.5,-0.1783,0.314618,-0.199423,0.814618,-0.021123,4.968249,0.814892,0.16402,8.0,0.542373,5.0,0.017621,0.021141,0.01702,0.000466,0.115099,0.01603,0.009869,0.028362,0.020266,0.016253,0.000466,0.115099,0.015733,0.009815,0.027809,-7.6e-05,0.021226,-0.091529,0.101478,-0.000355,-0.010662,0.0087,0.64898,0.678322,0.002597,3.125956,0.383337,0.16549,0.887135,26.222222,41.43208,1.0,128.0,1.0,1.0,42.0,0.003657,0.015864,-0.095567,0.091308,0.003257,-0.002124,0.009964,-0.000307,0.019597,-0.062721,0.064147,0.000116,-0.009935,0.008687,0.017328,0.741056,-0.999966,0.999919,0.017974,-0.801872,0.794718,0.246672,0.62425,-0.999984,1.0,0.337917,-0.147105,0.834555,0.061268,0.512145,-0.9993,0.999908,0.095246,-0.222424,0.394217,0.706171,0.485053,-0.999879,1.0,0.936091,0.671126,0.989037,0.961864,0.191524,0.0,1.0,1.0,1.0,1.0,0.038136,0.191524,0.0,1.0,0.0,0.0,0.0
20260728_232238_kgwkds,user1,আ,2026-07-28T17:22:38.909Z,Linux Chrome desktop,output/user1/আ/আ_20260728_232238_kgwkds.json,output/user1/আ/আ_20260728_232238_kgwkds.png,output/user1/আ/আ_20260728_232238_kgwkds.mp4,334.0,9.0,1.0,0.756728,0.756728,1.321479,-0.009642,-0.13492,0.283196,0.212604,-0.298776,-0.211146,0.140671,0.150688,0.439447,0.361834,7.674759,0.569243,0.074171,8.0,0.335329,2.0,0.098462,0.023047,0.03827,0.000402,0.55089,0.014262,0.005461,0.027201,0.019715,0.019765,0.000402,0.100068,0.013943,0.005373,0.025796,-0.000123,0.052049,-0.541269,0.535187,-0.000676,-0.012393,0.009625,0.853508,0.934439,0.000451,3.134141,0.3925,0.121308,1.392555,37.111111,43.81386,1.0,112.0,3.0,2.0,72.0,0.001379,0.014463,-0.048993,0.080567,-0.000336,-0.005109,0.005034,-0.0007,0.023383,-0.094382,0.100067,-0.000559,-0.007372,0.00506,-0.029492,0.743881,-0.999999,0.999986,-0.079181,-0.77415,0.761535,0.051127,0.6657,-0.999969,1.0,-0.072913,-0.460238,0.764037,0.028218,0.503242,-0.998726,0.999985,0.0,-0.25341,0.314131,0.544073,0.670772,-0.99997,1.0,0.935527,0.249265,0.995559,0.973054,0.161926,0.0,1.0,1.0,1.0,1.0,0.026946,0.161926,0.0,1.0,0.0,0.0,0.0
20260728_232316_s2ep8l,user1,আ,2026-07-28T17:23:16.011Z,Linux Chrome desktop,output/user1/আ/আ_20260728_232316_s2ep8l.json,output/user1/আ/আ_20260728_232316_s2ep8l.png,output/user1/আ/আ_20260728_232316_s2ep8l.mp4,281.0,5.0,1.0,0.918746,0.918746,1.08844,0.186859,-0.056822,0.294573,0.272809,-0.087328,-0.356588,0.213333,0.459373,0.300661,0.815961,9.340327,0.869592,0.093101,4.0,0.708185,2.0,0.025362,0.033358,0.052383,0.000721,0.633587,0.020262,0.009438,0.037029,0.02963,0.034995,0.000721,0.293047,0.02007,0.009266,0.035832,1.5e-05,0.063468,-0.625705,0.627492,-0.001077,-0.012378,0.010315,0.701704,0.89533,0.000912,3.12488,0.257627,0.109233,0.848571,56.2,77.328908,1.0,199.0,2.0,1.0,78.0,0.001287,0.025286,-0.189121,0.107125,0.000574,-0.003826,0.006628,0.004225,0.037501,-0.223852,0.177551,0.004617,-0.004891,0.020134,0.259887,0.766671,-0.999682,0.999999,0.619646,-0.546643,0.969658,0.087208,0.580576,-0.99974,1.0,0.043525,-0.304403,0.536515,-0.011996,0.434672,-0.999997,0.999106,0.0,-0.196674,0.221792,0.644145,0.62928,-0.99986,1.0,0.971717,0.706062,0.994844,0.982206,0.132201,0.0,1.0,1.0,1.0,1.0,0.017794,0.132201,0.0,1.0,0.0,0.0,0.0
20260705_210750_hp0ub6,user1,ই,2026-07-05T15:07:50.100Z,Linux Chrome desktop,output/user1/ই/ই_20260705_210750_hp0ub6.json,output/user1/ই/ই_20260705_210750_hp0ub6.png,output/user1/ই/ই_20260705_210750_hp0ub6.mp4,189.0,6.0,0.842236,1.0,0.842236,0.842236,0.102543,-0.145135,0.22985,0.218228,0.10555,-0.230519,-0.117853,0.5,-0.223403,0.730519,5.611801,0.763916,0.136127,5.0,0.507937,3.0,0.054645,0.02985,0.076203,0.000798,0.869073,0.015503,0.008457,0.031301,0.021239,0.019077,0.000798,0.106168,0.015144,0.008325,0.030712,0.002724,0.099673,-0.834601,0.851141,-0.001126,-0.011053,0.010551,0.772473,0.882282,0.003352,3.133177,0.358911,0.157409,1.085094,31.5,42.843708,1.0,96.0,1.5,1.0,66.5,0.001857,0.02327,-0.087085,0.063719,0.000364,-0.006748,0.014383,0.004204,0.015052,-0.039505,0.097403,0.001062,-0.003167,0.009723,0.136333,0.59787,-0.999228,1.0,0.148002,-0.294125,0.707107,0.106617,0.782686,-1.0,1.0,0.203063,-0.706998,0.93868,0.005003,0.469895,-0.999931,0.994226,0.011313,-0.271962,0.297617,0.619925,0.628384,-0.999963,1.0,0.952597,0.659576,0.992604,0.968254,0.175323,0.0,1.0,1.0,1.0,1.0,0.031746,0.175323,0.0,1.0,0.0,0.0,0.0
20260705_210817_cpe63z,user1,ই,2026-07-05T15:08:17.145Z,Linux Chrome desktop,output/user1/ই/ই_20260705_210817_cpe63z.json,output/user1/ই/ই_20260705_210817_cpe63z.png,output/user1/ই/ই_20260705_210817_cpe63z.mp4,245.0,8.0,0.88708,1.0,0.88708,0.88708,0.030809,0.002975,0.257631,0.264943,-0.017006,-0.005766,0.383314,0.038854,0.40032,0.04462,6.780427,0.402799,0.059406,7.0,0.408163,1.0,0.021097,0.027789,0.061408,0.000351,0.913383,0.018665,0.009861,0.031841,0.022564,0.017465,0.000351,0.09381,0.018099,0.009533,0.031424,0.000279,0.079105,-0.708432,0.906182,0.000205,-0.013085,0.01147,0.894205,0.863758,0.002763,3.136729,0.522196,0.245855,1.390429,30.625,38.229365,1.0,100.0,2.5,2.0,64.75,0.002218,0.021155,-0.051001,0.086668,0.000302,-0.006173,0.011301,0.002188,0.018175,-0.057108,0.091942,0.0,-0.006517,0.009724,0.055026,0.673115,-0.999998,0.999913,0.0,-0.54168,0.72875,0.110775,0.729121,-0.999999,1.0,0.130248,-0.62681,0.888247,0.051101,0.541064,-0.999883,0.999943,0.01351,-0.350427,0.438054,0.553534,0.631061,-0.999987,1.0,0.900275,0.406194,0.980324,0.967347,0.177727,0.0,1.0,1.0,1.0,1.0,0.032653,0.177727,0.0,1.0,0.0,0.0,0.0
20260705_210847_8d63gb,user1,ই,2026-07-05T15:08:47.954Z,Linux Chrome desktop,output/user1/ই/ই_20260705_210847_8d63gb.json,output/user1/ই/ই_20260705_210847_8d63gb.png,output/user1/ই/ই_20260705_210847_8d63gb.mp4,230.0,5.0,0.97118,1.0,0.97118,0.97118,0.063806,-0.062037,0.249948,0.321153,0.047458,-0.051545,0.256013,-0.117939,0.208555,-0.066394,5.032812,0.218868,0.043488,4.0,0.547826,1.0,0.026667,0.021977,0.053742,0.000522,0.734354,0.013344,0.005707,0.026198,0.017464,0.014515,0.000522,0.090559,0.013152,0.005597,0.026064,-0.000221,0.07632,-0.727529,0.714046,-7.8e-05,-0.008148,0.006437,0.732221,0.81886,0.000828,3.12495,0.385518,0.149635,0.937501,46.0,45.930382,1.0,126.0,39.0,3.0,61.0,0.000892,0.016736,-0.056494,0.04945,0.001051,-0.004204,0.00696,0.002141,0.014799,-0.053624,0.088382,0.001564,-0.002793,0.006928,0.139788,0.653972,-0.999952,0.999511,0.179589,-0.335169,0.756337,0.113311,0.734807,-0.999965,1.0,0.179198,-0.637732,0.915576,0.051383,0.493247,-0.999919,0.999661,0.040483,-0.228656,0.35799,0.636775,0.59041,-0.999862,1.0,0.938692,0.681988,0.991507,0.978261,0.145831,0.0,1.0,1.0,1.0,1.0,0.021739,0.145831,0.0,1.0,0.0,0.0,0.0
20260705_210914_6z0wyv,user1,ই,2026-07-05T15:09:14.890Z,Linux Chrome desktop,output/user1/ই/ই_20260705_210914_6z0wyv.json,output/user1/ই/ই_20260705_210914_6z0wyv.png,output/user1/ই/ই_20260705_210914_6z0wyv.mp4,171.0,2.0,0.783066,1.0,0.783066,0.783066,0.043852,-0.059358,0.203752,0.269208,-0.326984,-0.426365,0.283354,-0.116646,0.610338,0.309719,4.006786,0.684426,0.170817,1.0,0.701754,0.0,0.04142,0.023569,0.063809,0.000376,0.835243,0.015812,0.009534,0.025317,0.018767,0.013203,0.000376,0.083835,0.015674,0.009512,0.025302,-2.9e-05,0.087825,-0.751408,0.825834,-0.00115,-0.012397,0.011425,0.597371,0.720934,0.00379,3.059233,0.311783,0.13693,0.710989,85.5,34.5,51.0,120.0,85.5,68.25,102.75,0.007044,0.01597,-0.034621,0.058645,0.006018,-0.001978,0.017581,0.005244,0.013717,-0.081647,0.049433,0.003714,-0.000878,0.011793,0.199218,0.584397,-0.999727,0.999741,0.282136,-0.147746,0.678593,0.331025,0.713593,-0.998886,1.0,0.697954,-0.304627,0.953048,0.033502,0.464322,-0.990967,0.999154,0.019494,-0.216231,0.317674,0.716092,0.520091,-0.996597,1.0,0.956664,0.768621,0.991276,0.988304,0.107513,0.0,1.0,1.0,1.0,1.0,0.011696,0.107513,0.0,1.0,0.0,0.0,0.0
20260705_211104_cee4mp,user1,ই,2026-07-05T15:11:04.637Z,Linux Chrome desktop,output/user1/ই/ই_20260705_211104_cee4mp.json,output/user1/ই/ই_20260705_211104_cee4mp.png,output/user1/ই/ই_20260705_211104_cee4mp.mp4,222.0,6.0,0.669006,1.0,0.669006,0.669006,-0.000185,-0.017335,0.176275,0.33656,-0.306244,-0.158326,0.014923,0.5,0.321167,0.658326,4.576677,0.73249,0.160048,5.0,0.68018,2.0,0.037037,0.020709,0.014814,0.000493,0.090497,0.017526,0.010389,0.028498,0.020027,0.013734,0.000493,0.090497,0.017194,0.010214,0.028228,0.000369,0.01795,-0.060757,0.058977,0.0003,-0.011167,0.010627,0.730453,0.817159,0.00186,3.086656,0.362155,0.13925,1.061975,37.0,54.793552,1.0,151.0,5.5,2.0,45.0,0.000693,0.018004,-0.043909,0.054354,0.000293,-0.009978,0.010557,0.002779,0.015538,-0.051786,0.087385,0.00143,-0.005196,0.009892,0.088961,0.648148,-0.999724,0.999998,0.161666,-0.398073,0.639152,0.046451,0.754872,-0.999998,1.0,0.160701,-0.757165,0.853911,0.047872,0.491592,-0.999584,0.999924,0.048956,-0.224012,0.36044,0.623657,0.605885,-0.998495,1.0,0.943505,0.564209,0.992234,0.972973,0.162162,0.0,1.0,1.0,1.0,1.0,0.027027,0.162162,0.0,1.0,0.0,0.0,0.0
20260705_211129_q9xd7j,user1,ই,2026-07-05T15:11:29.635Z,Linux Chrome desktop,output/user1/ই/ই_20260705_211129_q9xd7j.json,output/user1/ই/ই_20260705_211129_q9xd7j.png,output/user1/ই/ই_20260705_211129_q9xd7j.mp4,158.0,5.0,0.837328,1.0,0.837328,0.837328,0.030059,-0.106115,0.237323,0.30544,0.345416,0.363537,-0.106721,-0.133319,-0.452137,-0.496856,3.167494,0.671784,0.212087,4.0,0.924051,1.0,0.039216,0.020175,0.020926,0.001065,0.178581,0.01497,0.009867,0.025167,0.018877,0.016606,0.001065,0.140188,0.014763,0.009719,0.023971,0.00072,0.023597,-0.161932,0.122914,-0.000122,-0.008183,0.00857,0.615473,0.729319,0.010658,3.013758,0.329996,0.133341,0.689631,31.6,57.238449,1.0,146.0,2.0,2.0,7.0,-0.002185,0.016405,-0.050881,0.058552,-0.001703,-0.010648,0.006046,-0.002735,0.018186,-0.055162,0.127375,-0.003331,-0.010715,0.002733,-0.217383,0.661096,-0.999996,0.999693,-0.411498,-0.773151,0.263906,-0.110598,0.709552,-0.999922,1.0,-0.277323,-0.787195,0.647192,-0.040891,0.468405,-0.997467,0.999883,-0.055991,-0.357861,0.211196,0.715882,0.516175,-0.986584,1.0,0.961394,0.782969,0.992693,0.968354,0.175055,0.0,1.0,1.0,1.0,1.0,0.031646,0.175055,0.0,1.0,0.0,0.0,0.0
20260705_211202_fwdefr,user1,ই,2026-07-05T15:12:02.571Z,Linux Chrome desktop,output/user1/ই/ই_20260705_211202_fwdefr.json,output/user1/ই/ই_20260705_211202_fwdefr.png,output/user1/ই/ই_20260705_211202_fwdefr.mp4,238.0,3.0,0.89023,1.0,0.89023,0.89023,0.032236,-0.010474,0.236887,0.305033,0.155732,0.454696,0.263863,-0.228046,0.108131,-0.682742,4.274059,0.691252,0.161732,2.0,0.991597,2.0,0.038298,0.018034,0.015954,0.000565,0.160483,0.013573,0.008417,0.024519,0.017229,0.012664,0.000565,0.068277,0.013536,0.008397,0.024156,-0.000101,0.020823,-0.158791,0.095616,-0.000654,-0.010353,0.009233,0.649677,0.783321,0.008061,3.128554,0.347441,0.129477,0.761069,79.333333,110.780062,1.0,236.0,1.0,1.0,118.5,0.000813,0.016373,-0.059246,0.053231,-0.000112,-0.008114,0.008399,-0.002572,0.01327,-0.05128,0.04561,-0.002204,-0.009955,0.003539,-0.134617,0.661153,-0.999729,0.999978,-0.233733,-0.748309,0.404289,0.02261,0.737729,-0.999927,1.0,0.003115,-0.765969,0.807238,-0.008234,0.474542,-0.999998,0.999731,-0.018703,-0.275966,0.263614,0.6858,0.551743,-0.999911,1.0,0.947745,0.735858,0.99351,0.987395,0.111562,0.0,1.0,1.0,1.0,1.0,0.012605,0.111562,0.0,1.0,0.0,0.0,0.0
20260705_211229_nco6f5,user1,ই,2026-07-05T15:12:29.901Z,Linux Chrome desktop,output/user1/ই/ই_20260705_211229_nco6f5.json,output/user1/ই/ই_20260705_211229_nco6f5.png,output/user1/ই/ই_20260705_211229_nco6f5.mp4,192.0,4.0,0.800836,1.0,0.800836,0.800836,7.6e-05,-0.018331,0.191234,0.263683,-0.297794,-0.289039,0.38457,0.490433,0.682364,0.779472,4.25905,1.035952,0.243236,3.0,0.8125,1.0,0.042553,0.022299,0.018509,0.000378,0.146584,0.018187,0.010119,0.030899,0.021284,0.015905,0.000378,0.127909,0.017859,0.009852,0.030018,-2.9e-05,0.025456,-0.101612,0.14293,-0.000176,-0.013355,0.012517,0.623183,0.788488,0.000637,3.104712,0.32368,0.117581,0.646967,48.0,63.2416,1.0,156.0,17.5,4.75,60.75,0.002491,0.020067,-0.060092,0.051013,0.002269,-0.007981,0.014762,0.003258,0.016485,-0.112914,0.054439,0.002704,-0.002708,0.011012,0.158638,0.60097,-0.999551,0.999899,0.163069,-0.309081,0.691937,0.138211,0.771081,-0.999996,1.0,0.372598,-0.743279,0.914718,0.071217,0.431294,-0.999709,0.999133,0.053767,-0.162467,0.34402,0.71301,0.548206,-0.999315,1.0,0.953473,0.822429,0.994156,0.979167,0.142826,0.0,1.0,1.0,1.0,1.0,0.020833,0.142826,0.0,1.0,0.0,0.0,0.0
20260705_211257_5zxk15,user1,ই,2026-07-05T15:12:57.301Z,Linux Chrome desktop,output/user1/ই/ই_20260705_211257_5zxk15.json,output/user1/ই/ই_20260705_211257_5zxk15.png,output/user1/ই/ই_20260705_211257_5zxk15.mp4,193.0,3.0,0.935522,1.0,0.935522,0.935522,0.058244,-0.020216,0.273919,0.314038,-0.350864,-0.325034,0.44223,-0.11704,0.793094,0.207994,4.795498,0.819914,0.170976,2.0,0.73057,0.0,0.057895,0.024977,0.069022,0.00025,0.953945,0.0181,0.007799,0.025866,0.020157,0.015749,0.00025,0.107258,0.0181,0.007764,0.025786,6e-05,0.098963,-0.946692,0.945985,-0.001085,-0.011822,0.009336,0.7976,0.829634,0.004555,3.115428,0.457066,0.172708,1.303186,64.333333,57.37208,3.0,141.0,49.0,26.0,95.0,0.00795,0.018561,-0.066048,0.059209,0.004424,-0.001879,0.018235,0.004285,0.014768,-0.084509,0.055909,0.002107,-0.002096,0.00924,0.166878,0.607907,-0.997605,1.0,0.269255,-0.213086,0.690385,0.305039,0.713829,-0.9996,1.0,0.627489,-0.372244,0.948217,0.039657,0.539983,-0.999748,0.999954,0.08392,-0.26054,0.360125,0.583948,0.604856,-0.999654,1.0,0.930182,0.281933,0.987024,0.984456,0.123703,0.0,1.0,1.0,1.0,1.0,0.015544,0.123703,0.0,1.0,0.0,0.0,0.0
20260705_211324_69n6hy,user1,ই,2026-07-05T15:13:24.464Z,Linux Chrome desktop,output/user1/ই/ই_20260705_211324_69n6hy.json,output/user1/ই/ই_20260705_211324_69n6hy.png,output/user1/ই/ই_20260705_211324_69n6hy.mp4,240.0,10.0,0.952038,1.0,0.952038,0.952038,0.080577,-0.031489,0.235855,0.2997,0.065139,-0.159443,0.433284,-0.13317,0.368145,0.026273,5.070178,0.369081,0.072795,9.0,0.695833,3.0,0.021739,0.021214,0.017756,0.001057,0.11537,0.017879,0.008785,0.028328,0.019776,0.014863,0.001057,0.072546,0.017083,0.008305,0.027852,0.000256,0.022308,-0.071225,0.097353,0.000129,-0.01154,0.010552,0.712861,0.815142,0.002948,3.137318,0.331954,0.133794,1.046789,24.0,50.109879,1.0,167.0,2.5,1.25,5.25,0.000373,0.019111,-0.069768,0.063859,0.0,-0.008135,0.010276,-0.000669,0.014855,-0.044741,0.06664,0.0,-0.007997,0.007468,-0.026786,0.663292,-0.999245,0.999931,0.0,-0.696812,0.603204,0.044433,0.74656,-0.999961,1.0,0.113802,-0.71255,0.793121,0.023262,0.493406,-0.999502,0.996803,0.0,-0.267305,0.322793,0.641807,0.586594,-0.999991,1.0,0.94949,0.555138,0.993947,0.958333,0.199826,0.0,1.0,1.0,1.0,1.0,0.041667,0.199826,0.0,1.0,0.0,0.0,0.0
20260705_213721_6edrqn,user1,ঈ,2026-07-05T15:37:21.634Z,Linux Chrome desktop,output/user1/ঈ/ঈ_20260705_213721_6edrqn.json,output/user1/ঈ/ঈ_20260705_213721_6edrqn.png,output/user1/ঈ/ঈ_20260705_213721_6edrqn.mp4,224.0,3.0,1.0,0.920002,0.920002,1.086954,0.127016,-0.028394,0.272811,0.26424,0.019391,-0.122153,0.342601,-0.19655,0.32321,-0.074397,5.767418,0.331662,0.057506,2.0,0.59375,0.0,0.040724,0.025863,0.051418,0.000417,0.746982,0.019394,0.009829,0.029054,0.022127,0.015855,0.000417,0.068782,0.019357,0.00974,0.027998,0.000226,0.072899,-0.716685,0.745108,-0.000199,-0.012596,0.010243,0.63243,0.73716,0.000667,3.111634,0.327848,0.148018,0.809415,74.666667,41.249916,45.0,133.0,46.0,45.5,89.5,0.003251,0.019244,-0.067092,0.063139,0.000277,-0.004129,0.012921,0.001891,0.018618,-0.057511,0.055167,0.000879,-0.008659,0.012342,0.066344,0.736738,-0.999973,0.999986,0.109842,-0.684469,0.866538,0.127176,0.660789,-0.999571,1.0,0.118217,-0.410881,0.776477,-0.028421,0.483685,-0.999972,0.999703,-0.020893,-0.302156,0.239404,0.696499,0.529274,-0.999549,1.0,0.953299,0.724858,0.989869,0.986607,0.11495,0.0,1.0,1.0,1.0,1.0,0.013393,0.11495,0.0,1.0,0.0,0.0,0.0
20260705_213804_scynf9,user1,ঈ,2026-07-05T15:38:04.513Z,Linux Chrome desktop,output/user1/ঈ/ঈ_20260705_213804_scynf9.json,output/user1/ঈ/ঈ_20260705_213804_scynf9.png,output/user1/ঈ/ঈ_20260705_213804_scynf9.mp4,215.0,4.0,0.946536,1.0,0.946536,0.946536,0.113634,0.013044,0.229174,0.291882,-0.162115,0.072753,-0.264827,-0.141489,-0.102712,-0.214242,5.202203,0.237591,0.045671,3.0,0.739535,2.0,0.028436,0.024309,0.043011,0.000528,0.380603,0.01557,0.009849,0.027212,0.019668,0.018166,0.000528,0.194552,0.015445,0.009756,0.026504,-0.00058,0.045725,-0.348467,0.350658,0.000698,-0.009747,0.008959,0.596333,0.66372,0.00077,3.101441,0.349791,0.14355,0.803731,53.75,64.503391,1.0,159.0,27.5,1.0,80.25,0.000431,0.017455,-0.069336,0.040162,0.001771,-0.008696,0.010795,0.003164,0.019713,-0.060024,0.193937,0.002275,-0.006457,0.011796,0.121262,0.661547,-0.999999,0.999993,0.292249,-0.517234,0.72877,0.113577,0.731266,-0.999238,1.0,0.278339,-0.665657,0.857896,0.016402,0.505074,-0.999993,0.999345,0.0,-0.280251,0.35963,0.734377,0.453124,-0.999182,1.0,0.953071,0.717891,0.991345,0.981395,0.135124,0.0,1.0,1.0,1.0,1.0,0.018605,0.135124,0.0,1.0,0.0,0.0,0.0
20260705_213852_tuebtl,user1,ঈ,2026-07-05T15:38:52.607Z,Linux Chrome desktop,output/user1/ঈ/ঈ_20260705_213852_tuebtl.json,output/user1/ঈ/ঈ_20260705_213852_tuebtl.png,output/user1/ঈ/ঈ_20260705_213852_tuebtl.mp4,289.0,2.0,0.8066,1.0,0.8066,0.8066,0.107211,0.045111,0.228106,0.303096,-0.03599,-0.134344,-0.314668,-0.217538,-0.278678,-0.083194,6.06332,0.290831,0.047966,1.0,0.66782,0.0,0.080139,0.021053,0.047182,0.000339,0.76209,0.012879,0.005354,0.025127,0.018471,0.017717,0.000339,0.102282,0.012861,0.005334,0.024818,0.000273,0.061757,-0.678259,0.711476,-0.000613,-0.010867,0.008407,0.709626,0.811844,9.6e-05,3.134693,0.323809,0.144102,0.986804,144.5,48.5,96.0,193.0,144.5,120.25,168.75,0.000615,0.02031,-0.094888,0.072709,0.000659,-0.005879,0.0088,0.001824,0.015309,-0.080362,0.092142,0.001345,-0.003415,0.007961,0.144926,0.653492,-0.999998,0.9999,0.212518,-0.406261,0.799161,0.080837,0.738519,-0.999997,1.0,0.222538,-0.710851,0.790444,-0.006274,0.508232,-0.999964,0.999447,-0.001932,-0.27443,0.254771,0.628896,0.588345,-0.999976,1.0,0.952022,0.556558,0.990257,0.99308,0.082901,0.0,1.0,1.0,1.0,1.0,0.00692,0.082901,0.0,1.0,0.0,0.0,0.0
20260705_213943_7qqvt7,user1,ঈ,2026-07-05T15:39:43.527Z,Linux Chrome desktop,output/user1/ঈ/ঈ_20260705_213943_7qqvt7.json,output/user1/ঈ/ঈ_20260705_213943_7qqvt7.png,output/user1/ঈ/ঈ_20260705_213943_7qqvt7.mp4,200.0,1.0,0.772766,1.0,0.772766,0.772766,0.018091,0.015909,0.193734,0.280947,-0.055581,-0.133569,0.360679,0.430162,0.41626,0.563731,3.892292,0.70076,0.180038,0.0,1.0,0.0,0.035176,0.019559,0.01651,0.000781,0.090672,0.015036,0.006139,0.02894,0.019559,0.01651,0.000781,0.090672,0.015036,0.006139,0.02894,-7e-06,0.022111,-0.066425,0.087591,-0.00149,-0.012153,0.00814,0.701883,0.868875,0.003442,3.128284,0.313181,0.12006,1.011843,200.0,0.0,200.0,200.0,200.0,200.0,200.0,0.002081,0.015325,-0.050112,0.049544,0.000668,-0.004471,0.008235,0.002819,0.020118,-0.084949,0.083822,0.000888,-0.007173,0.013059,0.044105,0.758596,-0.999792,0.999995,0.109506,-0.774008,0.770882,0.072954,0.64596,-0.998158,1.0,0.109445,-0.52056,0.683215,0.011156,0.466811,-0.999695,0.999951,-0.007622,-0.251835,0.237794,0.626204,0.624364,-0.999911,1.0,0.954724,0.559263,0.992852,0.995,0.070534,0.0,1.0,1.0,1.0,1.0,0.005,0.070534,0.0,1.0,0.0,0.0,0.0
20260705_214029_z7ddbl,user1,ঈ,2026-07-05T15:40:29.331Z,Linux Chrome desktop,output/user1/ঈ/ঈ_20260705_214029_z7ddbl.json,output/user1/ঈ/ঈ_20260705_214029_z7ddbl.png,output/user1/ঈ/ঈ_20260705_214029_z7ddbl.mp4,344.0,1.0,0.815996,1.0,0.815996,0.815996,0.015122,-0.055857,0.202531,0.274603,0.214669,0.451749,0.243946,0.033497,0.029277,-0.418252,5.805746,0.419275,0.072217,0.0,1.0,0.0,0.037901,0.016926,0.012756,0.00081,0.070622,0.01391,0.006513,0.023583,0.016926,0.012756,0.00081,0.070622,0.01391,0.006513,0.023583,0.000122,0.01635,-0.044688,0.065248,0.000541,-0.010041,0.008608,0.659829,0.738775,0.000535,3.128403,0.371845,0.160404,0.80734,344.0,0.0,344.0,344.0,344.0,344.0,344.0,8.5e-05,0.017136,-0.065445,0.060563,-0.00109,-0.010296,0.007055,-0.001216,0.01236,-0.051557,0.039915,-0.001364,-0.007341,0.005339,-0.069472,0.655386,-0.999483,0.99995,-0.166363,-0.633019,0.533568,-0.077513,0.748087,-0.999798,1.0,-0.234476,-0.849626,0.718017,0.026015,0.504612,-0.998905,0.999713,0.003629,-0.33117,0.374829,0.669096,0.544976,-0.999913,1.0,0.933376,0.691946,0.987646,0.997093,0.053838,0.0,1.0,1.0,1.0,1.0,0.002907,0.053838,0.0,1.0,0.0,0.0,0.0
20260705_214107_b894ld,user1,ঈ,2026-07-05T15:41:07.880Z,Linux Chrome desktop,output/user1/ঈ/ঈ_20260705_214107_b894ld.json,output/user1/ঈ/ঈ_20260705_214107_b894ld.png,output/user1/ঈ/ঈ_20260705_214107_b894ld.mp4,238.0,4.0,0.746106,1.0,0.746106,0.746106,0.039523,-0.097668,0.202179,0.230283,-0.284617,-0.40582,0.278243,-0.208968,0.56286,0.196852,4.977156,0.59629,0.119805,3.0,0.735294,1.0,0.055556,0.021001,0.044845,0.000485,0.541471,0.013714,0.008074,0.024466,0.017096,0.014735,0.000485,0.118438,0.01359,0.007976,0.023808,-1.7e-05,0.042125,-0.3998,0.424878,-0.000826,-0.010045,0.008511,0.703306,0.863325,0.002832,3.135888,0.334156,0.134225,0.833492,59.5,69.722665,1.0,175.0,31.0,6.25,84.25,0.004602,0.014064,-0.037777,0.051382,0.003217,-0.003946,0.013132,0.003818,0.016349,-0.037464,0.114265,0.000937,-0.0032,0.008266,0.15552,0.646474,-0.999999,0.99997,0.139724,-0.291523,0.808528,0.263295,0.698971,-0.999849,1.0,0.501661,-0.404579,0.953632,0.02888,0.441279,-0.996448,0.99883,0.038399,-0.247443,0.29993,0.64568,0.622524,-0.999984,1.0,0.951327,0.725573,0.992641,0.983193,0.128547,0.0,1.0,1.0,1.0,1.0,0.016807,0.128547,0.0,1.0,0.0,0.0,0.0
20260705_215457_yruoxw,user1,ঈ,2026-07-05T15:54:57.909Z,Linux Chrome desktop,output/user1/ঈ/ঈ_20260705_215457_yruoxw.json,output/user1/ঈ/ঈ_20260705_215457_yruoxw.png,output/user1/ঈ/ঈ_20260705_215457_yruoxw.mp4,246.0,5.0,0.884462,1.0,0.884462,0.884462,0.04035,-0.042114,0.238314,0.299979,-0.124601,-0.144048,-0.376089,-0.368775,-0.251488,-0.224727,5.83149,0.337266,0.057835,4.0,0.715447,0.0,0.06639,0.023802,0.049854,0.000247,0.7575,0.016547,0.007797,0.030358,0.020855,0.016806,0.000247,0.104247,0.016547,0.007797,0.030358,6e-05,0.071202,-0.74768,0.752792,-0.001395,-0.011595,0.010164,0.757762,0.862064,0.003422,3.105947,0.349467,0.1415,1.21255,49.2,66.372886,2.0,176.0,11.0,2.0,55.0,-1.5e-05,0.021238,-0.056975,0.10126,-8.3e-05,-0.010784,0.007847,0.00194,0.015747,-0.035257,0.063217,0.001057,-0.006595,0.009253,0.114864,0.680321,-0.999972,0.999982,0.143715,-0.508859,0.829762,-0.029082,0.723273,-0.99999,1.0,-0.008124,-0.765368,0.614599,0.017445,0.494838,-0.999438,0.999401,0.0,-0.234033,0.297842,0.623332,0.605217,-0.999329,1.0,0.951615,0.532189,0.993781,0.979675,0.14111,0.0,1.0,1.0,1.0,1.0,0.020325,0.14111,0.0,1.0,0.0,0.0,0.0
20260705_215539_dr61qv,user1,ঈ,2026-07-05T15:55:39.424Z,Linux Chrome desktop,output/user1/ঈ/ঈ_20260705_215539_dr61qv.json,output/user1/ঈ/ঈ_20260705_215539_dr61qv.png,output/user1/ঈ/ঈ_20260705_215539_dr61qv.mp4,236.0,5.0,0.779392,1.0,0.779392,0.779392,-0.004428,-0.033665,0.200253,0.288323,-0.091891,-0.01927,-0.260506,-0.348818,-0.168615,-0.329548,5.62441,0.37018,0.065817,4.0,0.529661,1.0,0.04329,0.023934,0.055348,0.000388,0.841282,0.017181,0.010104,0.029329,0.020201,0.014239,0.000388,0.061391,0.016609,0.00983,0.02922,0.000163,0.079552,-0.827521,0.835147,-0.000505,-0.013846,0.01365,0.609125,0.743581,0.001736,3.12321,0.297115,0.138735,0.691513,47.2,54.645768,1.0,125.0,6.0,2.0,102.0,0.001356,0.019681,-0.061344,0.059821,0.000695,-0.008582,0.012325,0.001185,0.014397,-0.033951,0.044146,0.00024,-0.005396,0.00856,0.073335,0.66046,-0.996634,0.9997,0.026292,-0.505499,0.775579,0.084232,0.742508,-0.999999,1.0,0.160977,-0.639562,0.866811,0.007263,0.445992,-0.999855,0.999392,0.00626,-0.248573,0.271899,0.719246,0.532657,-0.999832,1.0,0.962884,0.811848,0.991749,0.978814,0.144005,0.0,1.0,1.0,1.0,1.0,0.021186,0.144005,0.0,1.0,0.0,0.0,0.0
20260705_215654_07cd7w,user1,ঈ,2026-07-05T15:56:54.824Z,Linux Chrome desktop,output/user1/ঈ/ঈ_20260705_215654_07cd7w.json,output/user1/ঈ/ঈ_20260705_215654_07cd7w.png,output/user1/ঈ/ঈ_20260705_215654_07cd7w.mp4,249.0,11.0,0.725846,1.0,0.725846,0.725846,0.057513,0.014334,0.178266,0.274719,-0.245144,-0.295258,0.30812,-0.163978,0.553264,0.13128,5.26313,0.568626,0.10804,10.0,0.349398,7.0,0.046218,0.021222,0.034104,0.000699,0.465747,0.014124,0.006964,0.027322,0.017596,0.014062,0.000699,0.083971,0.013344,0.00667,0.024889,-0.00022,0.041897,-0.43118,0.33515,-0.00026,-0.013352,0.008862,0.791977,0.869084,0.00032,3.122782,0.415327,0.150212,1.119919,22.636364,30.091596,1.0,87.0,1.0,1.0,50.5,0.003628,0.01464,-0.042015,0.050213,0.001021,-0.003759,0.010324,0.001722,0.015952,-0.072704,0.051456,0.000365,-0.004565,0.009699,0.015968,0.691566,-0.999941,0.999983,0.042609,-0.692246,0.693128,0.229909,0.68456,-0.99645,1.0,0.354925,-0.439496,0.919802,0.034373,0.505611,-0.998415,0.999869,0.003625,-0.254707,0.332832,0.619505,0.599491,-0.999812,1.0,0.938638,0.631522,0.992362,0.955823,0.205488,0.0,1.0,1.0,1.0,1.0,0.044177,0.205488,0.0,1.0,0.0,0.0,0.0
20260705_215745_i5n9h7,user1,ঈ,2026-07-05T15:57:45.837Z,Linux Chrome desktop,output/user1/ঈ/ঈ_20260705_215745_i5n9h7.json,output/user1/ঈ/ঈ_20260705_215745_i5n9h7.png,output/user1/ঈ/ঈ_20260705_215745_i5n9h7.mp4,322.0,3.0,0.889138,1.0,0.889138,0.889138,0.063104,0.052652,0.218998,0.275658,-0.086653,-0.026655,0.357271,-0.085467,0.443924,-0.058812,5.4183,0.447803,0.082646,2.0,0.645963,0.0,0.056426,0.016879,0.044683,0.000106,0.741582,0.011356,0.005858,0.018933,0.013747,0.010788,0.000106,0.069799,0.011259,0.005856,0.018701,7.6e-05,0.06296,-0.733625,0.738316,-0.000429,-0.008253,0.007483,0.805388,0.831656,0.009227,3.127397,0.46451,0.197868,1.158179,107.333333,72.094074,43.0,208.0,71.0,57.0,139.5,0.002105,0.013872,-0.06686,0.055311,0.000851,-0.003556,0.008908,0.001014,0.010228,-0.030582,0.051221,0.000316,-0.00417,0.005389,0.092144,0.661841,-0.999992,1.0,0.035602,-0.455609,0.764967,0.110378,0.735726,-1.0,1.0,0.217879,-0.636006,0.877063,0.013135,0.540356,-0.999988,0.999681,0.004553,-0.373115,0.366653,0.574736,0.614427,-0.999896,1.0,0.899668,0.408103,0.983481,0.990683,0.096073,0.0,1.0,1.0,1.0,1.0,0.009317,0.096073,0.0,1.0,0.0,0.0,0.0
20260704_232121_lcxi4y,user2,অ,2026-07-04T17:21:21.362Z,macOS Chrome desktop,output/user2/অ/অ_20260704_232121_lcxi4y.json,output/user2/অ/অ_20260704_232121_lcxi4y.png,output/user2/অ/অ_20260704_232121_lcxi4y.mp4,1033.0,3.0,1.0,0.828112,0.828112,1.207566,0.195066,-0.059915,0.264625,0.250393,0.226205,-0.066988,-0.408923,-0.229883,-0.635128,-0.162895,6.561722,0.655685,0.099926,2.0,0.501452,1.0,0.613592,0.006358,0.024227,5e-06,0.654102,0.001216,0.000403,0.004339,0.005735,0.013428,5e-06,0.202926,0.001216,0.000403,0.004321,-6e-06,0.034556,-0.653088,0.648255,-0.000252,-0.002672,0.000395,1.807991,0.964358,0.00061,3.140504,1.986124,0.964594,2.683072,344.333333,242.77882,1.0,518.0,514.0,257.5,516.0,-0.00115,0.007985,-0.080225,0.036311,-1.6e-05,-0.000594,0.000484,-0.000497,0.012135,-0.083632,0.202924,0.0,-0.000913,0.000688,-0.027939,0.748068,-1.0,0.999998,0.0,-0.833315,0.743761,-0.003015,0.663024,-0.999996,1.0,-0.022763,-0.602598,0.622596,-0.021868,0.648814,-0.999987,0.999955,-0.024951,-0.602156,0.55376,-0.178814,0.73931,-0.999999,1.0,-0.399159,-0.896569,0.595401,0.997096,0.053812,0.0,1.0,1.0,1.0,1.0,0.002904,0.053812,0.0,1.0,0.0,0.0,0.0
20260728_232630_znnts0,user2,অ,2026-07-28T17:26:30.994Z,Linux Chrome desktop,output/user2/অ/অ_20260728_232630_znnts0.json,output/user2/অ/অ_20260728_232630_znnts0.png,output/user2/অ/অ_20260728_232630_znnts0.mp4,187.0,3.0,1.0,0.637438,0.637438,1.56878,0.071432,-0.062028,0.294399,0.19919,0.086041,-0.172124,-0.303573,-0.046873,-0.389614,0.125251,4.841241,0.409252,0.084534,2.0,0.502674,0.0,0.027174,0.026028,0.03573,0.000359,0.420416,0.018435,0.008182,0.032124,0.023488,0.020241,0.000359,0.105722,0.018288,0.008092,0.031701,-0.000162,0.048529,-0.399061,0.415393,-0.001085,-0.012136,0.011368,0.546888,0.73767,0.002667,3.111271,0.213791,0.077906,0.662825,62.333333,42.679686,2.0,94.0,91.0,46.5,92.5,-0.004719,0.018943,-0.086902,0.038056,-0.00095,-0.010436,0.004254,-1.6e-05,0.023766,-0.086994,0.09994,0.000755,-0.006535,0.009074,0.088925,0.748338,-0.999889,0.999995,0.047584,-0.753897,0.863606,-0.054631,0.655056,-0.999998,1.0,-0.078103,-0.625957,0.506913,0.014817,0.43651,-0.999564,0.999661,0.037497,-0.145758,0.212766,0.726173,0.530955,-0.999542,1.0,0.980623,0.800399,0.997489,0.983957,0.12564,0.0,1.0,1.0,1.0,1.0,0.016043,0.12564,0.0,1.0,0.0,0.0,0.0
20260728_232652_hdsmyh,user2,অ,2026-07-28T17:26:52.983Z,Linux Chrome desktop,output/user2/অ/অ_20260728_232652_hdsmyh.json,output/user2/অ/অ_20260728_232652_hdsmyh.png,output/user2/অ/অ_20260728_232652_hdsmyh.mp4,180.0,2.0,1.0,0.880918,0.880918,1.135179,0.107704,-0.066107,0.291931,0.281995,-0.287061,-0.206036,-0.232108,-0.166211,0.054953,0.039825,5.594609,0.067867,0.012131,1.0,0.994444,1.0,0.011236,0.031255,0.025655,0.001202,0.147691,0.024758,0.010379,0.041424,0.030749,0.024819,0.001202,0.147691,0.024466,0.010284,0.041257,-0.000294,0.036119,-0.102818,0.140084,-0.003791,-0.021332,0.014901,0.791348,0.957325,0.00283,3.137267,0.303547,0.094543,1.230429,90.0,89.0,1.0,179.0,90.0,45.5,134.5,0.000802,0.022904,-0.059606,0.088946,0.000258,-0.008654,0.006208,0.000677,0.031913,-0.08362,0.145266,-0.001456,-0.015802,0.015021,-0.018731,0.788146,-1.0,0.999901,-0.102817,-0.886822,0.88444,0.034444,0.614238,-0.999609,1.0,0.019887,-0.464407,0.456324,-0.002776,0.465706,-0.999671,0.99991,0.003982,-0.226101,0.249613,0.560367,0.684907,-0.99999,1.0,0.957256,0.377873,0.995939,0.988889,0.104822,0.0,1.0,1.0,1.0,1.0,0.011111,0.104822,0.0,1.0,0.0,0.0,0.0
20260728_232714_hincfq,user2,অ,2026-07-28T17:27:14.986Z,Linux Chrome desktop,output/user2/অ/অ_20260728_232714_hincfq.json,output/user2/অ/অ_20260728_232714_hincfq.png,output/user2/অ/অ_20260728_232714_hincfq.mp4,141.0,2.0,0.881348,1.0,0.881348,0.881348,0.02229,-0.187121,0.253578,0.233783,-0.02764,-0.299396,-0.026241,0.5,0.001399,0.799396,4.071921,0.799397,0.196319,1.0,0.93617,0.0,0.028777,0.029085,0.027061,0.000387,0.155119,0.020788,0.010717,0.039448,0.029121,0.027155,0.000387,0.155119,0.020652,0.010615,0.039704,0.00032,0.033182,-0.082832,0.140015,-0.000621,-0.017564,0.011177,0.708405,0.843385,6.6e-05,3.114652,0.314705,0.110946,0.864339,70.5,61.5,9.0,132.0,70.5,39.75,101.25,0.000175,0.025618,-0.049895,0.141974,-0.001754,-0.011347,0.007495,0.005711,0.029563,-0.053033,0.147315,0.000358,-0.007935,0.013654,0.093244,0.730581,-0.99997,0.99999,0.047383,-0.658652,0.935509,-0.111437,0.667187,-0.999985,1.0,-0.190605,-0.752448,0.322447,0.057701,0.468875,-0.999538,0.99901,0.046638,-0.177522,0.326371,0.643894,0.601853,-0.999633,1.0,0.954224,0.688198,0.994766,0.985816,0.118251,0.0,1.0,1.0,1.0,1.0,0.014184,0.118251,0.0,1.0,0.0,0.0,0.0
20260728_232741_j1gvgu,user2,অ,2026-07-28T17:27:41.808Z,Linux Chrome desktop,output/user2/অ/অ_20260728_232741_j1gvgu.json,output/user2/অ/অ_20260728_232741_j1gvgu.png,output/user2/অ/অ_20260728_232741_j1gvgu.mp4,207.0,2.0,0.88476,1.0,0.88476,0.88476,0.060314,0.03819,0.23454,0.356903,0.022822,-0.061693,-0.247066,0.49522,-0.269888,0.556913,5.388596,0.618863,0.114847,1.0,0.980676,0.0,0.02439,0.026158,0.02458,0.0008,0.172875,0.018949,0.009436,0.033056,0.025443,0.022396,0.0008,0.15968,0.018846,0.009407,0.032863,-0.000423,0.031455,-0.158658,0.151316,-0.001233,-0.015148,0.012357,0.740446,0.819905,0.004661,3.076038,0.403003,0.153086,1.120192,103.5,99.5,4.0,203.0,103.5,53.75,153.25,-0.000481,0.016913,-0.056724,0.061653,0.000625,-0.008775,0.008026,0.002832,0.029043,-0.147298,0.091701,0.003396,-0.008002,0.015528,0.175624,0.763723,-0.999982,1.0,0.417396,-0.623638,0.929995,-0.002691,0.621189,-0.99999,1.0,0.055141,-0.514513,0.46676,0.014806,0.510675,-0.999927,0.998654,0.046206,-0.309095,0.350305,0.615093,0.600544,-0.99785,1.0,0.924541,0.563762,0.99103,0.990338,0.097819,0.0,1.0,1.0,1.0,1.0,0.009662,0.097819,0.0,1.0,0.0,0.0,0.0
20260704_232148_mqf5ea,user2,আ,2026-07-04T17:21:48.080Z,macOS Chrome desktop,output/user2/আ/আ_20260704_232148_mqf5ea.json,output/user2/আ/আ_20260704_232148_mqf5ea.png,output/user2/আ/আ_20260704_232148_mqf5ea.mp4,1137.0,4.0,1.0,0.75128,0.75128,1.331062,0.070319,-0.076858,0.263349,0.201377,-0.061406,-0.055091,0.496405,0.373159,0.557811,0.42825,7.805833,0.703243,0.090092,3.0,0.334213,0.0,0.679612,0.006871,0.031013,1.8e-05,0.651801,0.000817,0.000268,0.003122,0.005447,0.011695,1.8e-05,0.080215,0.000814,0.000267,0.003101,-4e-06,0.04447,-0.649062,0.650671,-0.000226,-0.00237,0.000213,1.727993,0.953527,0.000171,3.134625,1.81004,0.883001,2.615186,284.25,59.449033,218.0,380.0,269.5,250.25,303.5,0.000958,0.007748,-0.053625,0.078105,1.1e-05,-0.000315,0.000393,-8.8e-05,0.010242,-0.077276,0.07912,5e-06,-0.000461,0.000514,0.000995,0.750143,-1.0,0.999997,0.021698,-0.812517,0.796969,0.04367,0.659826,-0.999979,1.0,0.039452,-0.515778,0.664745,0.022246,0.667333,-0.999993,0.999994,0.015714,-0.583281,0.677766,-0.110092,0.736233,-0.999969,1.0,-0.223041,-0.861546,0.642409,0.996482,0.059209,0.0,1.0,1.0,1.0,1.0,0.003518,0.059209,0.0,1.0,0.0,0.0,0.0
20260728_232436_9i4gi8,user2,আ,2026-07-28T17:24:36.846Z,Linux Chrome desktop,output/user2/আ/আ_20260728_232436_9i4gi8.json,output/user2/আ/আ_20260728_232436_9i4gi8.png,output/user2/আ/আ_20260728_232436_9i4gi8.mp4,256.0,5.0,1.0,0.528648,0.528648,1.891618,0.032049,-0.073795,0.261044,0.150543,-0.054454,-0.185232,0.246988,0.033341,0.301442,0.218573,4.722393,0.372346,0.078847,4.0,0.53125,1.0,0.071713,0.018519,0.028658,0.000424,0.371991,0.012795,0.004875,0.02169,0.016765,0.017962,0.000424,0.139877,0.012763,0.004842,0.021134,-5.5e-05,0.032675,-0.232114,0.324176,-0.000164,-0.008382,0.008293,0.710162,0.762194,0.0032,3.057184,0.382983,0.14307,0.996345,51.2,50.435702,1.0,136.0,43.0,2.0,74.0,9.9e-05,0.01599,-0.06197,0.075034,-0.000806,-0.005656,0.004881,0.001187,0.018298,-0.134948,0.093982,0.000428,-0.004688,0.007595,0.074076,0.705416,-0.998428,0.999987,0.051738,-0.59053,0.823567,-0.054277,0.702819,-0.999897,1.0,-0.161013,-0.725322,0.601317,0.054515,0.522626,-0.99999,0.999868,0.071828,-0.2455,0.415021,0.644732,0.555167,-0.996417,1.0,0.939329,0.569637,0.991038,0.980469,0.138383,0.0,1.0,1.0,1.0,1.0,0.019531,0.138383,0.0,1.0,0.0,0.0,0.0
20260728_232459_m6l3cf,user2,আ,2026-07-28T17:24:59.419Z,Linux Chrome desktop,output/user2/আ/আ_20260728_232459_m6l3cf.json,output/user2/আ/আ_20260728_232459_m6l3cf.png,output/user2/আ/আ_20260728_232459_m6l3cf.mp4,161.0,3.0,1.0,0.723754,0.723754,1.381685,0.111328,-0.027775,0.308381,0.24708,-0.087217,-0.149738,0.479272,0.361877,0.566489,0.511615,4.619942,0.763321,0.165223,2.0,0.602484,1.0,0.037975,0.028875,0.052017,0.000789,0.611056,0.018935,0.006955,0.033455,0.025275,0.024098,0.000789,0.16237,0.018935,0.006698,0.033354,0.000116,0.073808,-0.5956,0.599062,-9.8e-05,-0.01083,0.011553,0.618069,0.747656,0.000946,2.979728,0.306563,0.114543,0.773283,53.666667,39.743623,1.0,97.0,63.0,32.0,80.0,-7.3e-05,0.013568,-0.054545,0.041234,0.000977,-0.004499,0.006038,0.001752,0.031775,-0.113419,0.161013,0.001342,-0.009822,0.017166,0.088406,0.806978,-1.0,0.999993,0.256356,-0.834967,0.934486,0.06426,0.580381,-0.999307,1.0,0.083343,-0.310846,0.459177,0.014329,0.458836,-0.999748,0.990809,0.046363,-0.223984,0.301784,0.704421,0.541345,-0.986935,1.0,0.964672,0.740427,0.994564,0.981366,0.135227,0.0,1.0,1.0,1.0,1.0,0.018634,0.135227,0.0,1.0,0.0,0.0,0.0
20260728_232520_l4uaan,user2,আ,2026-07-28T17:25:20.068Z,Linux Chrome desktop,output/user2/আ/আ_20260728_232520_l4uaan.json,output/user2/আ/আ_20260728_232520_l4uaan.png,output/user2/আ/আ_20260728_232520_l4uaan.mp4,169.0,2.0,1.0,0.621592,0.621592,1.608772,0.115513,-0.042756,0.284638,0.204407,0.030518,-0.004139,0.482344,0.291533,0.451826,0.295672,5.634104,0.539971,0.09584,1.0,0.508876,0.0,0.02994,0.033536,0.035731,0.000752,0.243462,0.024313,0.010171,0.048437,0.032346,0.032347,0.000752,0.243462,0.024162,0.010126,0.048122,-0.000685,0.039367,-0.180906,0.235549,-0.001236,-0.016571,0.01711,0.695094,0.759207,0.001299,2.870714,0.297137,0.161411,1.00517,84.5,1.5,83.0,86.0,84.5,83.75,85.25,0.003356,0.028758,-0.069472,0.163843,0.001074,-0.005081,0.009692,0.000556,0.03506,-0.156295,0.23334,0.002348,-0.007742,0.014683,0.112153,0.714466,-0.999937,0.999994,0.135627,-0.531473,0.823537,0.122138,0.679737,-0.999883,1.0,0.088288,-0.41203,0.86544,0.017581,0.52194,-1.0,0.994784,0.056416,-0.250442,0.311579,0.64662,0.556014,-0.963503,1.0,0.957227,0.552361,0.990107,0.988166,0.10814,0.0,1.0,1.0,1.0,1.0,0.011834,0.10814,0.0,1.0,0.0,0.0,0.0
20260728_232556_dwfz7c,user2,আ,2026-07-28T17:25:56.282Z,Linux Chrome desktop,output/user2/আ/আ_20260728_232556_dwfz7c.json,output/user2/আ/আ_20260728_232556_dwfz7c.png,output/user2/আ/আ_20260728_232556_dwfz7c.mp4,168.0,3.0,0.921616,1.0,0.921616,0.921616,0.076879,-0.228512,0.254385,0.186648,-0.201927,-0.37196,-0.02899,0.5,0.172937,0.87196,5.124844,0.888944,0.173458,2.0,0.589286,1.0,0.054545,0.030688,0.058169,0.000442,0.57288,0.02146,0.010148,0.037378,0.024625,0.018276,0.000442,0.080324,0.021411,0.009932,0.037092,0.003259,0.071533,-0.481041,0.531989,-0.001823,-0.018327,0.015928,0.743091,0.951915,0.002611,3.118696,0.25816,0.093598,0.979846,56.0,40.898248,1.0,99.0,68.0,34.5,83.5,0.000883,0.015204,-0.05258,0.041931,6.8e-05,-0.005469,0.008896,0.002067,0.026218,-0.06774,0.064935,0.001681,-0.013815,0.017381,0.087168,0.811342,-0.999909,0.999967,0.435313,-0.899655,0.889155,0.057754,0.575144,-0.999941,1.0,0.070491,-0.384415,0.521324,0.043044,0.424772,-0.998656,0.973745,0.029656,-0.117248,0.259332,0.589033,0.686116,-0.999743,1.0,0.967596,0.635895,0.996394,0.982143,0.132432,0.0,1.0,1.0,1.0,1.0,0.017857,0.132432,0.0,1.0,0.0,0.0,0.0
20260704_232218_jf6rio,user2,ই,2026-07-04T17:22:18.145Z,macOS Chrome desktop,output/user2/ই/ই_20260704_232218_jf6rio.json,output/user2/ই/ই_20260704_232218_jf6rio.png,output/user2/ই/ই_20260704_232218_jf6rio.mp4,575.0,8.0,0.700698,1.0,0.700698,0.700698,0.010803,0.041763,0.179757,0.210636,-0.129815,0.068605,-0.294219,-0.363311,-0.164404,-0.431916,4.639925,0.462147,0.099602,7.0,0.48,3.0,0.59612,0.008083,0.025733,3e-05,0.469061,0.001261,0.000379,0.004778,0.006831,0.014203,3e-05,0.10342,0.001253,0.000379,0.004742,-4e-06,0.03724,-0.46871,0.468986,-0.000348,-0.00316,0.000501,1.794004,0.904795,0.0,3.141593,1.878921,1.082023,2.600801,71.875,98.26296,1.0,276.0,2.5,1.0,143.25,0.000136,0.011008,-0.062174,0.085131,-6e-06,-0.000705,0.000542,-4.7e-05,0.011123,-0.075556,0.103036,-1.7e-05,-0.001143,0.000422,-0.071351,0.713905,-0.999962,0.999849,-0.095045,-0.81848,0.633985,0.005126,0.696575,-1.0,1.0,-0.019547,-0.662636,0.713842,-0.006969,0.687544,-0.999968,0.99997,0.0,-0.661305,0.683806,-0.143547,0.711772,-0.999998,1.0,-0.273502,-0.852942,0.524135,0.986087,0.11713,0.0,1.0,1.0,1.0,1.0,0.013913,0.11713,0.0,1.0,0.0,0.0,0.0
20260728_232810_781yo6,user2,ই,2026-07-28T17:28:10.461Z,Linux Chrome desktop,output/user2/ই/ই_20260728_232810_781yo6.json,output/user2/ই/ই_20260728_232810_781yo6.png,output/user2/ই/ই_20260728_232810_781yo6.mp4,137.0,4.0,0.704398,1.0,0.704398,0.704398,0.000752,-0.050703,0.20657,0.328893,-0.285854,-0.10829,-0.122731,0.321147,0.163123,0.429437,4.338921,0.459375,0.105873,3.0,0.715328,2.0,0.052632,0.031904,0.087253,0.000398,0.860815,0.017171,0.007455,0.030263,0.021378,0.017926,0.000398,0.093373,0.016564,0.007449,0.029413,0.003745,0.114321,-0.841867,0.858765,-0.000478,-0.013053,0.010438,0.633784,0.740971,0.001248,3.068904,0.30236,0.142575,0.795065,34.25,39.6319,1.0,98.0,19.0,1.0,52.25,0.002726,0.020391,-0.058334,0.068766,0.000731,-0.005457,0.012708,0.005275,0.017453,-0.046673,0.092677,0.002276,-0.003678,0.012998,0.216647,0.640668,-0.999395,0.999914,0.326883,-0.282753,0.829972,0.135073,0.72413,-0.999633,1.0,0.259175,-0.641641,0.873968,0.034846,0.488383,-0.998907,0.997829,0.021942,-0.222769,0.297741,0.69894,0.521297,-0.99665,1.0,0.962078,0.723298,0.992516,0.970803,0.168359,0.0,1.0,1.0,1.0,1.0,0.029197,0.168359,0.0,1.0,0.0,0.0,0.0
20260728_232836_pvgrxn,user2,ই,2026-07-28T17:28:36.067Z,Linux Chrome desktop,output/user2/ই/ই_20260728_232836_pvgrxn.json,output/user2/ই/ই_20260728_232836_pvgrxn.png,output/user2/ই/ই_20260728_232836_pvgrxn.mp4,156.0,4.0,0.807972,1.0,0.807972,0.807972,0.030577,-0.16718,0.19986,0.238767,-0.345295,-0.393516,0.265268,-0.215664,0.610563,0.177852,4.305181,0.635939,0.147715,3.0,0.730769,1.0,0.059211,0.027775,0.076315,0.000559,0.95733,0.018683,0.011805,0.031469,0.021374,0.014232,0.000559,0.057623,0.018485,0.011674,0.030231,-6.3e-05,0.106204,-0.948601,0.889331,-0.001157,-0.012786,0.013043,0.670533,0.831024,0.00465,3.132612,0.285339,0.135645,0.847077,39.0,45.73292,1.0,114.0,20.5,2.5,57.0,0.007837,0.019392,-0.051963,0.05089,0.004896,-0.002224,0.019547,0.005196,0.013341,-0.048796,0.046676,0.002994,-0.002769,0.013282,0.173244,0.618723,-0.999996,1.0,0.26026,-0.202789,0.719967,0.312575,0.699618,-0.99935,1.0,0.626921,-0.291735,0.944018,0.034185,0.449863,-0.998088,0.999399,0.035591,-0.207032,0.291384,0.683878,0.57338,-0.999948,1.0,0.963626,0.695533,0.993155,0.974359,0.158062,0.0,1.0,1.0,1.0,1.0,0.025641,0.158062,0.0,1.0,0.0,0.0,0.0
20260728_233118_pcjncu,user2,ই,2026-07-28T17:31:18.504Z,Linux Chrome desktop,output/user2/ই/ই_20260728_233118_pcjncu.json,output/user2/ই/ই_20260728_233118_pcjncu.png,output/user2/ই/ই_20260728_233118_pcjncu.mp4,221.0,2.0,0.75222,1.0,0.75222,0.75222,0.077209,-0.030756,0.176994,0.28526,0.006702,-0.119949,0.016744,-0.042177,0.010042,0.077772,4.99834,0.078418,0.015689,1.0,0.597285,0.0,0.091324,0.02272,0.063482,0.000175,0.910913,0.012768,0.006355,0.023563,0.018664,0.02073,0.000175,0.152898,0.012615,0.006352,0.023441,5.8e-05,0.089603,-0.9013,0.910328,-0.001367,-0.010046,0.007532,0.826998,0.905331,0.00017,3.13049,0.394571,0.134559,1.315317,110.5,21.5,89.0,132.0,110.5,99.75,121.25,0.002722,0.021331,-0.067107,0.108082,0.000863,-0.005516,0.011332,0.003487,0.017218,-0.058311,0.123987,0.001042,-0.002721,0.007739,0.122353,0.590564,-0.999786,1.0,0.140851,-0.324455,0.598231,0.056033,0.795691,-0.999016,1.0,0.280447,-0.898739,0.842029,0.04041,0.519624,-0.999628,0.999031,0.035856,-0.253157,0.401242,0.546124,0.655825,-0.999941,1.0,0.928607,0.309399,0.992327,0.99095,0.094699,0.0,1.0,1.0,1.0,1.0,0.00905,0.094699,0.0,1.0,0.0,0.0,0.0
20260728_233205_n417cm,user2,ই,2026-07-28T17:32:05.957Z,Linux Chrome desktop,output/user2/ই/ই_20260728_233205_n417cm.json,output/user2/ই/ই_20260728_233205_n417cm.png,output/user2/ই/ই_20260728_233205_n417cm.mp4,176.0,2.0,0.76953,1.0,0.76953,0.76953,0.04731,-0.074016,0.208448,0.273241,-0.345792,-0.079212,-0.295514,-0.048448,0.050278,0.030764,3.996236,0.058943,0.01475,1.0,0.698864,0.0,0.074713,0.022836,0.06242,0.000436,0.800987,0.013508,0.00605,0.025313,0.018363,0.020462,0.000436,0.196756,0.013502,0.006038,0.025165,0.000905,0.086488,-0.79117,0.783537,-0.000103,-0.009052,0.007538,0.559837,0.70369,0.004344,3.105456,0.302421,0.099794,0.656633,88.0,35.0,53.0,123.0,88.0,70.5,105.5,0.001778,0.01685,-0.056383,0.073755,0.000749,-0.005165,0.007608,0.004474,0.020981,-0.037869,0.196209,0.001742,-0.002494,0.008692,0.168994,0.651316,-0.999506,0.999999,0.182532,-0.31518,0.777042,0.104042,0.732396,-0.999167,1.0,0.105823,-0.63026,0.884458,0.060831,0.445032,-0.999562,0.998457,0.046679,-0.193215,0.36185,0.756742,0.47496,-0.999339,1.0,0.961774,0.813044,0.995287,0.988636,0.105993,0.0,1.0,1.0,1.0,1.0,0.011364,0.105993,0.0,1.0,0.0,0.0,0.0
20260704_232243_1fsapx,user2,ঈ,2026-07-04T17:22:43.813Z,macOS Chrome desktop,output/user2/ঈ/ঈ_20260704_232243_1fsapx.json,output/user2/ঈ/ঈ_20260704_232243_1fsapx.png,output/user2/ঈ/ঈ_20260704_232243_1fsapx.mp4,1051.0,25.0,0.859866,1.0,0.859866,0.859866,0.065638,0.097076,0.202012,0.205599,-0.287427,-0.024841,-0.390508,-0.453319,-0.103081,-0.428478,7.275923,0.440703,0.06057,24.0,0.288297,3.0,0.580897,0.006929,0.028019,5e-06,0.660816,0.001596,0.000588,0.004733,0.00527,0.010196,5e-06,0.097073,0.001518,0.000574,0.004295,-1e-06,0.039873,-0.658869,0.660745,-0.000355,-0.003047,0.000631,1.740786,0.938041,0.003457,3.141226,1.848362,0.969448,2.567535,42.04,75.763569,1.0,303.0,5.0,3.0,27.0,0.000528,0.00954,-0.071966,0.097067,1.9e-05,-0.000719,0.00099,-0.000103,0.006106,-0.059196,0.047859,-4.7e-05,-0.000891,0.000681,-0.061995,0.666383,-1.0,1.0,-0.069164,-0.691669,0.552728,0.075544,0.739175,-0.999989,1.0,0.133855,-0.694254,0.847476,-0.001513,0.662758,-0.999988,0.999986,0.0,-0.628849,0.602697,-0.082304,0.744291,-0.999998,1.0,-0.179952,-0.836024,0.69178,0.976213,0.152385,0.0,1.0,1.0,1.0,1.0,0.023787,0.152385,0.0,1.0,0.0,0.0,0.0
20260728_233238_q39ioy,user2,ঈ,2026-07-28T17:32:38.672Z,Linux Chrome desktop,output/user2/ঈ/ঈ_20260728_233238_q39ioy.json,output/user2/ঈ/ঈ_20260728_233238_q39ioy.png,output/user2/ঈ/ঈ_20260728_233238_q39ioy.mp4,144.0,2.0,0.937878,1.0,0.937878,0.937878,0.030509,0.036038,0.261508,0.301202,-0.379236,0.017635,-0.311341,-0.255746,0.067895,-0.273381,5.240003,0.281686,0.053757,1.0,0.770833,0.0,0.028169,0.036643,0.057733,0.00097,0.669703,0.02695,0.015007,0.048615,0.032185,0.022681,0.00097,0.094664,0.026498,0.014651,0.048249,0.000199,0.083128,-0.664981,0.650192,-0.001294,-0.018987,0.01836,0.633128,0.75267,0.000548,3.10068,0.273086,0.125007,0.810208,72.0,39.0,33.0,111.0,72.0,52.5,91.5,0.00271,0.026315,-0.06331,0.092726,0.001106,-0.010659,0.01792,0.002178,0.028709,-0.082869,0.08384,0.001619,-0.010558,0.016254,0.128613,0.704083,-0.998533,0.999677,0.172984,-0.495524,0.859576,0.073473,0.694498,-0.999915,1.0,0.146591,-0.548713,0.850275,0.029629,0.477001,-0.996463,0.994612,0.000267,-0.239447,0.259253,0.701254,0.528994,-0.999165,1.0,0.967388,0.735456,0.993718,0.986111,0.11703,0.0,1.0,1.0,1.0,1.0,0.013889,0.11703,0.0,1.0,0.0,0.0,0.0
20260728_233302_e8k0ge,user2,ঈ,2026-07-28T17:33:02.980Z,Linux Chrome desktop,output/user2/ঈ/ঈ_20260728_233302_e8k0ge.json,output/user2/ঈ/ঈ_20260728_233302_e8k0ge.png,output/user2/ঈ/ঈ_20260728_233302_e8k0ge.mp4,186.0,6.0,0.990092,1.0,0.990092,0.990092,0.034117,0.051772,0.27298,0.271514,-0.409924,-0.346261,0.481803,-0.176951,0.891727,0.16931,6.241393,0.907658,0.145426,5.0,0.736559,1.0,0.038889,0.033737,0.070267,0.000328,0.950616,0.025746,0.013437,0.040178,0.028287,0.018965,0.000328,0.081671,0.025189,0.013275,0.038503,-0.000253,0.101487,-0.937873,0.942461,-0.002638,-0.016876,0.017038,0.723404,0.857905,0.000889,3.114499,0.362574,0.131224,0.839642,31.0,48.542078,1.0,137.0,7.0,2.75,26.25,0.008344,0.023642,-0.046418,0.075633,0.003895,-0.006419,0.023778,0.003856,0.021886,-0.069852,0.068813,0.001257,-0.006207,0.016106,0.117589,0.662282,-0.999988,0.999854,0.105619,-0.408781,0.725267,0.213231,0.708582,-0.999984,1.0,0.425619,-0.424041,0.925164,0.036427,0.471358,-0.99997,0.999884,0.0,-0.234221,0.311545,0.65846,0.585598,-0.999635,1.0,0.945724,0.715225,0.994396,0.967742,0.176685,0.0,1.0,1.0,1.0,1.0,0.032258,0.176685,0.0,1.0,0.0,0.0,0.0
20260728_233333_nvf18a,user2,ঈ,2026-07-28T17:33:33.051Z,Linux Chrome desktop,output/user2/ঈ/ঈ_20260728_233333_nvf18a.json,output/user2/ঈ/ঈ_20260728_233333_nvf18a.png,output/user2/ঈ/ঈ_20260728_233333_nvf18a.mp4,258.0,2.0,1.0,0.996222,0.996222,1.003792,0.098259,0.132729,0.228525,0.253851,0.018785,0.101862,-0.431544,-0.283053,-0.450329,-0.384915,6.089463,0.592415,0.097285,1.0,0.705426,0.0,0.101562,0.023694,0.063705,0.00046,0.984304,0.013174,0.005554,0.0263,0.019942,0.021343,0.00046,0.147414,0.013078,0.005546,0.026,0.000543,0.088964,-0.965083,0.965794,-0.000781,-0.010755,0.009745,0.830861,0.84437,0.000236,3.139828,0.496423,0.208043,1.234752,129.0,53.0,76.0,182.0,129.0,102.5,155.5,0.001461,0.022573,-0.092371,0.097561,0.000753,-0.00277,0.009349,0.000576,0.018292,-0.070369,0.144829,0.00077,-0.004425,0.008693,0.097145,0.711448,-0.999978,0.999986,0.124886,-0.584735,0.808098,0.121639,0.685279,-0.999997,1.0,0.18442,-0.509926,0.768623,0.008694,0.545987,-0.997124,0.999996,-0.024375,-0.392218,0.424163,0.558517,0.624404,-0.999998,1.0,0.893166,0.359957,0.982209,0.992248,0.087703,0.0,1.0,1.0,1.0,1.0,0.007752,0.087703,0.0,1.0,0.0,0.0,0.0
20260728_233359_9wg8n4,user2,ঈ,2026-07-28T17:33:59.720Z,Linux Chrome desktop,output/user2/ঈ/ঈ_20260728_233359_9wg8n4.json,output/user2/ঈ/ঈ_20260728_233359_9wg8n4.png,output/user2/ঈ/ঈ_20260728_233359_9wg8n4.mp4,218.0,3.0,1.0,0.950452,0.950452,1.052131,0.035298,0.008791,0.271775,0.270027,-0.412157,-0.02188,-0.339896,0.003911,0.072261,0.025791,6.025871,0.076726,0.012733,2.0,0.821101,0.0,0.046512,0.027769,0.058073,0.000334,0.799597,0.016449,0.008096,0.033924,0.023531,0.022907,0.000334,0.168247,0.01614,0.008064,0.033281,0.000382,0.07851,-0.760122,0.758395,-0.000967,-0.013701,0.011579,0.757702,0.836469,0.001198,3.128672,0.396346,0.129015,1.120804,72.666667,76.386444,3.0,179.0,36.0,19.5,107.5,0.001799,0.022474,-0.098935,0.105156,0.000299,-0.006587,0.009782,0.002642,0.023415,-0.083791,0.168098,0.00086,-0.006867,0.010575,0.112619,0.70244,-0.999812,0.999955,0.123461,-0.491173,0.830982,0.032835,0.702009,-0.99981,1.0,0.045234,-0.627775,0.721606,0.007192,0.518715,-0.998379,0.999998,-0.004783,-0.288056,0.337883,0.600361,0.608645,-0.999917,1.0,0.941113,0.544346,0.993787,0.986239,0.116499,0.0,1.0,1.0,1.0,1.0,0.013761,0.116499,0.0,1.0,0.0,0.0,0.0
20260711_200812_18txgi,user3,অ,2026-07-11T14:08:12.108Z,Linux Chrome desktop,output/user3/অ/অ_20260711_200812_18txgi.json,output/user3/অ/অ_20260711_200812_18txgi.png,output/user3/অ/অ_20260711_200812_18txgi.mp4,187.0,14.0,0.7184,1.0,0.7184,0.7184,0.04395,-0.080214,0.192976,0.225223,-0.055106,-0.120299,-0.357342,-0.323898,-0.302236,-0.203599,5.736196,0.364416,0.063529,13.0,0.31016,3.0,0.040462,0.03084,0.033521,0.000577,0.364318,0.024837,0.011957,0.041382,0.027861,0.021288,0.000577,0.132637,0.023818,0.009911,0.040785,-0.000593,0.045505,-0.313636,0.335876,-0.001329,-0.012212,0.015017,0.898596,0.798106,0.008458,3.10522,0.632706,0.293195,1.25589,13.357143,18.305374,1.0,58.0,3.0,2.0,18.25,-0.000921,0.017876,-0.069593,0.056079,0.0,-0.007544,0.006693,-0.000856,0.02857,-0.131597,0.084503,0.000961,-0.011633,0.014849,0.111103,0.755236,-0.999992,0.999998,0.220044,-0.697643,0.866715,0.142573,0.630038,-0.996286,1.0,0.150411,-0.379405,0.70481,-0.018971,0.565491,-0.99987,0.999993,0.0,-0.464377,0.411409,0.599531,0.566059,-0.9945,1.0,0.868899,0.504724,0.9873,0.925134,0.263176,0.0,1.0,1.0,1.0,1.0,0.074866,0.263176,0.0,1.0,0.0,0.0,0.0
20260711_200917_z1na4w,user3,অ,2026-07-11T14:09:17.809Z,Linux Chrome desktop,output/user3/অ/অ_20260711_200917_z1na4w.json,output/user3/অ/অ_20260711_200917_z1na4w.png,output/user3/অ/অ_20260711_200917_z1na4w.mp4,240.0,25.0,0.88467,1.0,0.88467,0.88467,-0.002985,-0.00406,0.207785,0.31144,-0.124603,-0.213667,0.188657,-0.279396,0.31326,-0.065729,5.842821,0.320081,0.054782,24.0,0.445833,6.0,0.055814,0.024447,0.037592,0.000391,0.456545,0.019551,0.007808,0.028764,0.020641,0.019588,0.000391,0.153402,0.019184,0.007185,0.028499,-0.0001,0.046494,-0.402727,0.426393,0.000255,-0.009283,0.008346,1.040035,1.039122,0.003187,3.128951,0.513619,0.186039,1.778799,9.6,22.310536,1.0,107.0,2.0,2.0,4.0,0.002097,0.011103,-0.059054,0.0425,0.000134,-0.002596,0.006277,0.000633,0.02444,-0.153401,0.130073,0.0,-0.007162,0.014066,0.05057,0.773825,-0.999997,0.999981,0.0,-0.865491,0.888421,0.192838,0.601208,-0.997202,1.0,0.167156,-0.211739,0.800388,0.004664,0.48331,-0.999824,0.999996,0.0,-0.19741,0.208444,0.555828,0.676346,-0.99992,1.0,0.960585,0.285051,0.998926,0.895833,0.305477,0.0,1.0,1.0,1.0,1.0,0.104167,0.305477,0.0,1.0,0.0,0.0,0.0
20260711_200954_0muns4,user3,অ,2026-07-11T14:09:54.248Z,Linux Chrome desktop,output/user3/অ/অ_20260711_200954_0muns4.json,output/user3/অ/অ_20260711_200954_0muns4.png,output/user3/অ/অ_20260711_200954_0muns4.mp4,229.0,7.0,1.0,0.84931,0.84931,1.177426,0.041711,-0.03753,0.293056,0.239909,-0.201113,0.412925,-0.065181,-0.160449,0.135932,-0.573374,6.070558,0.589267,0.09707,6.0,0.694323,3.0,0.054054,0.026625,0.03312,0.000334,0.41575,0.022608,0.011236,0.032298,0.023515,0.015749,0.000334,0.077454,0.022439,0.010252,0.031564,-0.000324,0.042028,-0.360959,0.338296,-0.001485,-0.013384,0.013565,0.9078,0.905358,0.002849,3.133047,0.560777,0.188308,1.495316,32.714286,54.144553,1.0,159.0,2.0,1.0,32.5,0.001668,0.017678,-0.06192,0.064593,0.000322,-0.004902,0.012539,0.000544,0.021469,-0.066807,0.062905,-0.000578,-0.010291,0.010635,-0.007998,0.726787,-0.999674,0.999999,-0.061453,-0.754391,0.796962,0.134182,0.673581,-0.999656,1.0,0.1771,-0.398173,0.828496,-0.031666,0.547951,-0.999764,0.999999,-0.002832,-0.384997,0.305806,0.509305,0.662839,-0.999963,1.0,0.897756,0.160786,0.986816,0.969432,0.172143,0.0,1.0,1.0,1.0,1.0,0.030568,0.172143,0.0,1.0,0.0,0.0,0.0
20260711_201110_jw6cqh,user3,অ,2026-07-11T14:11:10.932Z,Linux Chrome desktop,output/user3/অ/অ_20260711_201110_jw6cqh.json,output/user3/অ/অ_20260711_201110_jw6cqh.png,output/user3/অ/অ_20260711_201110_jw6cqh.mp4,181.0,24.0,0.916284,1.0,0.916284,0.916284,0.081643,-0.018078,0.239656,0.281743,-0.172926,-0.145213,0.274254,-0.433963,0.44718,-0.28875,5.370112,0.532303,0.099123,23.0,0.381215,14.0,0.050955,0.029834,0.04219,0.000609,0.395726,0.02144,0.008671,0.034005,0.021262,0.017023,0.000609,0.089003,0.020396,0.007065,0.029124,3.9e-05,0.049185,-0.241114,0.359851,0.00083,-0.012319,0.012494,1.002171,0.910384,7.1e-05,3.09842,0.633159,0.233813,1.635873,7.541667,17.114758,1.0,69.0,1.0,1.0,2.25,0.003545,0.017005,-0.088999,0.051016,0.00134,-0.001235,0.011594,-0.001889,0.01839,-0.075811,0.070463,0.0,-0.012229,0.005233,-0.064441,0.683421,-0.999957,0.999914,0.0,-0.817633,0.517694,0.361441,0.630986,-0.999956,1.0,0.575153,-0.168702,0.958948,0.02213,0.541255,-0.989851,0.998253,0.0,-0.236456,0.411247,0.561139,0.62584,-0.998613,1.0,0.912915,0.296983,0.997056,0.867403,0.339138,0.0,1.0,1.0,1.0,1.0,0.132597,0.339138,0.0,1.0,0.0,0.0,0.0
20260711_201208_6ylgz1,user3,অ,2026-07-11T14:12:08.535Z,Linux Chrome desktop,output/user3/অ/অ_20260711_201208_6ylgz1.json,output/user3/অ/অ_20260711_201208_6ylgz1.png,output/user3/অ/অ_20260711_201208_6ylgz1.mp4,226.0,8.0,0.982468,1.0,0.982468,0.982468,-0.019075,0.046987,0.275175,0.295616,0.085243,0.00222,0.390694,-0.464935,0.305451,-0.467155,5.605937,0.558152,0.099565,7.0,0.579646,2.0,0.082569,0.024915,0.035614,0.000309,0.393373,0.019563,0.005275,0.032383,0.02087,0.017863,0.000309,0.135769,0.018952,0.005191,0.031059,-0.000286,0.048336,-0.388422,0.362286,0.001041,-0.010961,0.008041,0.755471,0.780126,0.002555,3.132321,0.453129,0.175919,1.081899,28.25,41.330225,1.0,131.0,9.5,1.75,33.5,0.002571,0.012777,-0.045878,0.034303,0.001439,-0.001663,0.009952,-0.000632,0.023615,-0.069321,0.135517,2.1e-05,-0.008824,0.010437,0.033527,0.774104,-0.999948,0.999945,0.008643,-0.818242,0.826426,0.262506,0.575091,-0.997425,1.0,0.307036,-0.143551,0.793845,0.043376,0.53017,-0.999964,0.999741,0.031876,-0.295607,0.357082,0.627639,0.568425,-0.999957,1.0,0.931237,0.508765,0.993494,0.964602,0.184784,0.0,1.0,1.0,1.0,1.0,0.035398,0.184784,0.0,1.0,0.0,0.0,0.0
20260711_201526_9elfv0,user3,অ,2026-07-11T14:15:26.348Z,Linux Chrome desktop,output/user3/অ/অ_20260711_201526_9elfv0.json,output/user3/অ/অ_20260711_201526_9elfv0.png,output/user3/অ/অ_20260711_201526_9elfv0.mp4,218.0,13.0,1.0,0.837354,0.837354,1.194238,0.069468,-0.002538,0.259613,0.24887,-0.060534,-0.116833,-0.275103,-0.317709,-0.214569,-0.200876,6.326825,0.293923,0.046457,12.0,0.518349,4.0,0.053659,0.029156,0.027982,0.000178,0.198462,0.026011,0.009243,0.038794,0.026019,0.020326,0.000178,0.139745,0.023373,0.008849,0.037996,0.000684,0.03255,-0.177604,0.162079,0.001015,-0.009835,0.012863,0.9047,0.936532,0.002623,3.066825,0.478144,0.146086,1.58742,16.769231,32.125125,1.0,113.0,3.0,1.0,6.0,-0.000782,0.017529,-0.066236,0.05879,4.1e-05,-0.00499,0.007704,-0.001764,0.026724,-0.124874,0.121806,0.0,-0.012246,0.012763,-0.069567,0.766134,-0.999985,0.999948,0.0,-0.897899,0.75419,0.108837,0.629566,-0.995854,1.0,0.123034,-0.327887,0.661956,0.017241,0.519863,-0.997441,0.999806,0.0,-0.259702,0.259103,0.522028,0.675967,-0.997206,1.0,0.944381,0.244628,0.995633,0.940367,0.236806,0.0,1.0,1.0,1.0,1.0,0.059633,0.236806,0.0,1.0,0.0,0.0,0.0
20260711_201609_iv7642,user3,অ,2026-07-11T14:16:09.284Z,Linux Chrome desktop,output/user3/অ/অ_20260711_201609_iv7642.json,output/user3/অ/অ_20260711_201609_iv7642.png,output/user3/অ/অ_20260711_201609_iv7642.mp4,201.0,8.0,0.851252,1.0,0.851252,0.851252,0.040955,0.048618,0.233313,0.269677,0.004492,0.033087,-0.093416,-0.331988,-0.097908,-0.365075,5.522083,0.377976,0.068448,7.0,0.303483,2.0,0.031088,0.02761,0.021934,0.000531,0.201804,0.024759,0.010879,0.039162,0.026501,0.01809,0.000531,0.074261,0.023755,0.010859,0.039155,0.000142,0.027711,-0.197964,0.151888,-0.000989,-0.010385,0.011096,0.947106,0.971049,0.006825,3.136182,0.420223,0.170457,1.761728,25.125,21.350864,1.0,61.0,26.5,2.5,39.5,0.000179,0.016495,-0.048605,0.03451,0.000165,-0.007532,0.010768,-0.001314,0.026734,-0.073181,0.060151,3.3e-05,-0.013019,0.016013,-0.025205,0.782254,-0.999971,0.999998,0.002905,-0.917674,0.775121,0.12049,0.610677,-0.999829,1.0,0.150112,-0.303317,0.628288,0.016004,0.51836,-0.999694,0.999988,0.025439,-0.231344,0.342074,0.476137,0.710169,-0.999575,1.0,0.933963,-0.130515,0.990289,0.960199,0.195491,0.0,1.0,1.0,1.0,1.0,0.039801,0.195491,0.0,1.0,0.0,0.0,0.0
20260711_201811_0znu6g,user3,অ,2026-07-11T14:18:11.166Z,Linux Chrome desktop,output/user3/অ/অ_20260711_201811_0znu6g.json,output/user3/অ/অ_20260711_201811_0znu6g.png,output/user3/অ/অ_20260711_201811_0znu6g.mp4,199.0,28.0,1.0,0.794138,0.794138,1.259227,0.080766,-0.14387,0.285761,0.201131,-0.138726,-0.202393,0.101856,0.397069,0.240582,0.599462,5.656669,0.645937,0.11419,27.0,0.20603,8.0,0.064327,0.028569,0.042856,0.000469,0.431338,0.021197,0.006921,0.032512,0.020734,0.016443,0.000469,0.087427,0.019793,0.005967,0.029776,0.001746,0.051802,-0.282513,0.426289,-0.000235,-0.012555,0.010393,1.168522,1.007495,0.005772,3.131493,0.771018,0.245737,2.111298,7.107143,9.759023,1.0,41.0,3.0,1.0,7.75,-0.001039,0.016876,-0.060012,0.050026,0.0,-0.007301,0.00462,-0.001767,0.017684,-0.083794,0.071133,-0.000285,-0.006812,0.002821,-0.065105,0.645438,-0.999328,0.999998,-0.035229,-0.711855,0.492244,0.059156,0.75873,-0.999991,1.0,0.036648,-0.682172,0.92244,-0.061635,0.524211,-0.999505,0.998302,0.0,-0.359561,0.229195,0.417339,0.73975,-0.999949,1.0,0.91331,-0.289934,0.999896,0.859296,0.347715,0.0,1.0,1.0,1.0,1.0,0.140704,0.347715,0.0,1.0,0.0,0.0,0.0
20260711_201916_nc9ara,user3,অ,2026-07-11T14:19:16.889Z,Linux Chrome desktop,output/user3/অ/অ_20260711_201916_nc9ara.json,output/user3/অ/অ_20260711_201916_nc9ara.png,output/user3/অ/অ_20260711_201916_nc9ara.mp4,126.0,10.0,1.0,0.979154,0.979154,1.02129,0.07686,0.029991,0.229231,0.296252,-0.22466,-0.013774,0.370577,-0.392554,0.595237,-0.37878,4.096578,0.705536,0.172226,9.0,0.373016,2.0,0.025862,0.032773,0.056906,0.001004,0.620006,0.024229,0.009565,0.040983,0.026674,0.019553,0.001004,0.088614,0.023484,0.009101,0.038108,0.000512,0.078074,-0.610441,0.552465,0.002874,-0.014817,0.013466,1.060609,0.947683,0.002795,3.128552,0.662288,0.232644,1.836039,12.6,14.09397,1.0,47.0,7.0,2.25,18.0,-0.001589,0.019335,-0.075936,0.051252,0.0,-0.00674,0.007234,-0.004161,0.024766,-0.070909,0.053,0.0,-0.020522,0.009482,-0.053643,0.753326,-0.999892,0.999985,0.0,-0.876888,0.724329,0.103012,0.647311,-0.99929,1.0,0.083312,-0.386516,0.722854,0.027711,0.553817,-0.994667,0.999826,0.0,-0.344857,0.480062,0.446659,0.702149,-0.999914,1.0,0.854693,-0.148221,0.985934,0.920635,0.270308,0.0,1.0,1.0,1.0,1.0,0.079365,0.270308,0.0,1.0,0.0,0.0,0.0
20260711_201953_sai9ew,user3,অ,2026-07-11T14:19:53.452Z,Linux Chrome desktop,output/user3/অ/অ_20260711_201953_sai9ew.json,output/user3/অ/অ_20260711_201953_sai9ew.png,output/user3/অ/অ_20260711_201953_sai9ew.mp4,244.0,16.0,1.0,0.83535,0.83535,1.197103,0.078155,0.058127,0.232777,0.213746,-0.154455,-0.133923,-0.053673,0.241347,0.100782,0.37527,6.4763,0.388567,0.059998,15.0,0.180328,4.0,0.074561,0.026651,0.051785,0.000139,0.548884,0.018567,0.007811,0.030765,0.020342,0.015718,0.000139,0.07794,0.017615,0.007172,0.029387,3.3e-05,0.068906,-0.51525,0.501126,-0.000266,-0.00883,0.010186,0.925264,0.933789,5.6e-05,3.091079,0.506622,0.195331,1.502995,15.25,14.863966,1.0,44.0,7.5,2.5,32.0,0.001839,0.013897,-0.050445,0.037619,0.001337,-0.00422,0.010125,0.000986,0.020495,-0.07468,0.057704,0.0,-0.007951,0.00989,0.012715,0.7132,-0.999957,0.999998,0.0,-0.690602,0.771277,0.201237,0.671333,-0.999062,1.0,0.322108,-0.377566,0.86168,0.028625,0.510334,-0.99938,0.999203,0.0,-0.250898,0.359236,0.549504,0.660897,-0.998729,1.0,0.925649,0.289469,0.993291,0.934426,0.247536,0.0,1.0,1.0,1.0,1.0,0.065574,0.247536,0.0,1.0,0.0,0.0,0.0
20260711_202025_bntr0i,user3,অ,2026-07-11T14:20:25.830Z,Linux Chrome desktop,output/user3/অ/অ_20260711_202025_bntr0i.json,output/user3/অ/অ_20260711_202025_bntr0i.png,output/user3/অ/অ_20260711_202025_bntr0i.mp4,199.0,9.0,1.0,0.831508,0.831508,1.202634,0.019078,0.02276,0.256591,0.213464,-0.11209,-0.047919,0.361585,-0.149751,0.473675,-0.101832,4.587792,0.484497,0.105606,8.0,0.542714,1.0,0.068421,0.023171,0.021322,0.000643,0.148252,0.01776,0.007201,0.032422,0.020495,0.015443,0.000643,0.06433,0.017056,0.006729,0.031631,0.000391,0.025259,-0.114026,0.132048,0.000617,-0.008989,0.009433,0.971933,0.940906,0.004677,2.988199,0.510263,0.226098,1.808203,22.111111,33.217948,1.0,108.0,5.0,3.0,23.0,0.002754,0.014338,-0.046681,0.039057,0.00174,-0.002491,0.011412,-0.00164,0.02032,-0.060606,0.045604,0.0,-0.012386,0.008533,-0.040598,0.747598,-1.0,0.999999,0.0,-0.820203,0.734216,0.184545,0.636704,-0.999989,1.0,0.259435,-0.299685,0.756145,-0.001346,0.519757,-0.996765,0.99627,0.0,-0.378335,0.336276,0.459384,0.720289,-0.988242,1.0,0.907683,-0.213026,0.988119,0.954774,0.2078,0.0,1.0,1.0,1.0,1.0,0.045226,0.2078,0.0,1.0,0.0,0.0,0.0
20260711_202714_mwa7m1,user3,অ,2026-07-11T14:27:14.175Z,Linux Chrome desktop,output/user3/অ/অ_20260711_202714_mwa7m1.json,output/user3/অ/অ_20260711_202714_mwa7m1.png,output/user3/অ/অ_20260711_202714_mwa7m1.mp4,172.0,34.0,1.0,0.795268,0.795268,1.257438,0.023611,-0.101263,0.270653,0.235921,-0.213001,-0.200763,0.091203,-0.249005,0.304204,-0.048242,6.080904,0.308005,0.050651,33.0,0.30814,18.0,0.043478,0.035561,0.055951,0.000435,0.475899,0.020107,0.009031,0.035005,0.019411,0.015285,0.000435,0.074288,0.015059,0.007887,0.026514,0.001683,0.066447,-0.330113,0.463897,0.001543,-0.014129,0.012123,1.047281,0.96081,0.009511,3.130671,0.622752,0.245404,1.693785,5.058824,9.692147,1.0,53.0,1.0,1.0,4.75,0.000556,0.012465,-0.062429,0.048267,0.0,-0.002838,0.006085,0.001416,0.018223,-0.042875,0.062571,0.0,-0.00729,0.004709,-0.067419,0.707977,-0.999713,0.999556,0.0,-0.799762,0.61339,0.234011,0.66292,-0.999665,1.0,0.292914,-0.325456,0.969118,0.034509,0.501295,-0.999969,0.999468,0.0,-0.218467,0.409694,0.504115,0.70241,-0.99994,1.0,0.910505,0.05872,1.0,0.802326,0.398245,0.0,1.0,1.0,1.0,1.0,0.197674,0.398245,0.0,1.0,0.0,0.0,0.0
20260711_202846_kmy51g,user3,অ,2026-07-11T14:28:46.080Z,Linux Chrome desktop,output/user3/অ/অ_20260711_202846_kmy51g.json,output/user3/অ/অ_20260711_202846_kmy51g.png,output/user3/অ/অ_20260711_202846_kmy51g.mp4,124.0,18.0,1.0,0.649506,0.649506,1.539632,-0.059999,0.039196,0.256996,0.20407,-0.147309,-0.085356,0.397201,-0.313706,0.54451,-0.22835,4.939598,0.590453,0.119535,17.0,0.217742,5.0,0.075472,0.040159,0.066004,0.00025,0.525678,0.017509,0.008401,0.050582,0.024651,0.029021,0.00025,0.177837,0.014627,0.006854,0.028559,0.00034,0.085787,-0.50123,0.444875,0.002246,-0.012635,0.014061,1.193959,1.007288,0.008478,3.136365,0.940057,0.287162,2.087001,6.888889,7.210246,1.0,27.0,4.0,1.25,11.0,0.002995,0.024665,-0.141641,0.138563,0.00164,-0.000576,0.010973,0.000645,0.024933,-0.103329,0.111474,2.1e-05,-0.004014,0.006085,0.042265,0.652634,-0.999885,0.998227,0.006182,-0.520356,0.593635,0.34091,0.675324,-0.999792,1.0,0.56007,-0.090986,0.977032,-0.04794,0.489869,-0.998189,0.984088,0.0,-0.317821,0.113064,0.480118,0.726096,-0.999972,1.0,0.928781,0.227263,0.999973,0.854839,0.352263,0.0,1.0,1.0,1.0,1.0,0.145161,0.352263,0.0,1.0,0.0,0.0,0.0
20260711_203013_i4o0om,user3,অ,2026-07-11T14:30:13.619Z,Linux Chrome desktop,output/user3/অ/অ_20260711_203013_i4o0om.json,output/user3/অ/অ_20260711_203013_i4o0om.png,output/user3/অ/অ_20260711_203013_i4o0om.mp4,179.0,27.0,1.0,0.996252,0.996252,1.003762,0.072101,0.094692,0.264167,0.272629,-0.062386,-0.106575,0.456725,-0.442621,0.519111,-0.336046,4.879468,0.618388,0.126733,26.0,0.256983,8.0,0.032895,0.027413,0.038021,0.00047,0.383028,0.018479,0.009752,0.033365,0.018475,0.012731,0.00047,0.059692,0.016065,0.008783,0.025151,0.000384,0.04865,-0.362171,0.271,-0.000236,-0.011826,0.014462,1.09131,0.983386,0.004876,3.103917,0.752769,0.236465,1.843404,6.62963,9.93739,1.0,46.0,2.0,1.0,6.5,0.002361,0.01216,-0.035782,0.049551,0.0,-0.005259,0.008137,-0.001434,0.016492,-0.05224,0.051487,0.0,-0.00804,0.003954,-0.097319,0.659907,-0.999567,0.997316,0.0,-0.810121,0.466404,0.255916,0.699685,-1.0,1.0,0.450872,-0.378331,0.983945,0.041523,0.513386,-0.992191,1.0,0.0,-0.206017,0.320637,0.527888,0.67531,-0.999293,1.0,0.948341,0.219886,1.0,0.849162,0.357891,0.0,1.0,1.0,1.0,1.0,0.150838,0.357891,0.0,1.0,0.0,0.0,0.0
20260711_203112_15gnzj,user3,অ,2026-07-11T14:31:12.769Z,Linux Chrome desktop,output/user3/অ/অ_20260711_203112_15gnzj.json,output/user3/অ/অ_20260711_203112_15gnzj.png,output/user3/অ/অ_20260711_203112_15gnzj.mp4,157.0,19.0,1.0,0.642478,0.642478,1.556474,0.049264,-0.021904,0.267288,0.186969,-0.16146,-0.09391,0.439166,-0.318788,0.600626,-0.224878,3.371983,0.641344,0.190198,18.0,0.152866,6.0,0.050725,0.021615,0.029757,0.000365,0.29978,0.01514,0.006818,0.026614,0.016593,0.012185,0.000365,0.058092,0.014046,0.00635,0.025342,-0.000106,0.037386,-0.267465,0.230353,5.8e-05,-0.009285,0.007973,1.115073,0.94306,0.004298,3.114939,0.828071,0.308982,1.850696,8.263158,8.502892,1.0,24.0,3.0,1.0,15.5,0.004105,0.011089,-0.033598,0.051263,0.001617,-0.001241,0.008731,0.000292,0.015252,-0.057918,0.032775,0.0,-0.005887,0.007783,-0.029255,0.696233,-0.998832,0.998775,0.0,-0.700872,0.713714,0.268371,0.665117,-0.99946,1.0,0.368352,-0.201187,0.916537,0.116159,0.529747,-0.998361,0.999971,0.031088,-0.05027,0.583437,0.472959,0.694395,-0.999643,1.0,0.848302,0.116907,0.999139,0.878981,0.326149,0.0,1.0,1.0,1.0,1.0,0.121019,0.326149,0.0,1.0,0.0,0.0,0.0
20260711_205524_jbk5pv,user3,আ,2026-07-11T14:55:24.081Z,Linux Chrome desktop,output/user3/আ/আ_20260711_205524_jbk5pv.json,output/user3/আ/আ_20260711_205524_jbk5pv.png,output/user3/আ/আ_20260711_205524_jbk5pv.mp4,197.0,5.0,1.0,0.606548,0.606548,1.648674,0.067989,-0.013477,0.307483,0.178569,-0.170383,-0.209104,0.496889,0.211949,0.667272,0.421053,4.347072,0.78901,0.181504,4.0,0.583756,1.0,0.057292,0.022179,0.017658,0.001258,0.121701,0.020985,0.005593,0.031736,0.021385,0.016077,0.001258,0.080932,0.020397,0.005523,0.031482,-0.000133,0.022523,-0.087544,0.063438,0.000654,-0.013103,0.013276,0.897162,0.8866,0.002285,3.135163,0.553802,0.173473,1.275157,39.4,45.38546,1.0,115.0,7.0,5.0,69.0,0.002527,0.013203,-0.043932,0.027061,0.001715,-0.002044,0.010959,0.002056,0.022643,-0.078008,0.072544,0.00044,-0.010759,0.014829,0.049808,0.788173,-0.999987,0.999998,0.132841,-0.833425,0.870135,0.19958,0.58006,-0.999216,1.0,0.21881,-0.233792,0.732195,0.03714,0.560087,-0.999952,0.999393,0.048796,-0.295308,0.413726,0.548961,0.619326,-0.999978,1.0,0.879062,0.389765,0.988547,0.974619,0.157279,0.0,1.0,1.0,1.0,1.0,0.025381,0.157279,0.0,1.0,0.0,0.0,0.0
20260711_205559_azslan,user3,আ,2026-07-11T14:55:59.310Z,Linux Chrome desktop,output/user3/আ/আ_20260711_205559_azslan.json,output/user3/আ/আ_20260711_205559_azslan.png,output/user3/আ/আ_20260711_205559_azslan.mp4,252.0,19.0,1.0,0.83288,0.83288,1.200653,0.103471,-0.065201,0.260896,0.220014,-0.158909,-0.198666,0.5,0.375141,0.658909,0.573807,6.161618,0.873737,0.141803,18.0,0.25,4.0,0.111588,0.024548,0.026641,0.000508,0.236145,0.020017,0.005454,0.03531,0.020299,0.016824,0.000508,0.073106,0.01876,0.004511,0.032003,0.00028,0.029771,-0.167895,0.165544,-0.000241,-0.011569,0.011593,0.972895,0.899469,0.002227,3.12528,0.616585,0.223462,1.589079,13.263158,18.887038,1.0,63.0,3.0,2.0,11.0,0.002261,0.013412,-0.047726,0.049737,0.000884,-0.001747,0.00625,0.001241,0.021357,-0.071745,0.055336,0.0,-0.007572,0.011719,0.025498,0.748179,-0.999999,0.999999,0.0,-0.779608,0.824043,0.203378,0.631042,-0.9987,1.0,0.268391,-0.228259,0.77565,-0.043595,0.581555,-0.99996,0.999913,0.0,-0.489906,0.322876,0.460066,0.669501,-0.999866,1.0,0.837403,0.012368,0.990633,0.924603,0.264031,0.0,1.0,1.0,1.0,1.0,0.075397,0.264031,0.0,1.0,0.0,0.0,0.0
20260711_205630_gydvnp,user3,আ,2026-07-11T14:56:30.248Z,Linux Chrome desktop,output/user3/আ/আ_20260711_205630_gydvnp.json,output/user3/আ/আ_20260711_205630_gydvnp.png,output/user3/আ/আ_20260711_205630_gydvnp.mp4,198.0,14.0,1.0,0.694438,0.694438,1.440013,0.060156,0.010557,0.275105,0.215523,-0.183466,-0.179074,0.435216,0.26342,0.618682,0.442494,4.099755,0.760637,0.185532,13.0,0.222222,4.0,0.086957,0.020811,0.016622,0.000529,0.09933,0.021016,0.005016,0.030887,0.019556,0.014757,0.000529,0.06158,0.019767,0.004722,0.029965,0.000153,0.020201,-0.070027,0.056429,0.000865,-0.009127,0.010757,0.898296,0.894377,0.000823,3.13026,0.446957,0.176937,1.60957,14.142857,14.574229,1.0,44.0,7.0,1.5,21.75,0.003084,0.014149,-0.045723,0.038205,0.001386,-0.002227,0.012361,0.001799,0.018569,-0.046351,0.059954,0.0,-0.005204,0.011776,0.022368,0.709093,-0.999979,0.999973,0.0,-0.688253,0.697858,0.246297,0.660321,-1.0,1.0,0.37381,-0.249607,0.852695,0.022234,0.549073,-0.999377,0.999696,0.0,-0.267009,0.387109,0.506245,0.664636,-0.999933,1.0,0.919219,-0.032604,0.996351,0.929293,0.256335,0.0,1.0,1.0,1.0,1.0,0.070707,0.256335,0.0,1.0,0.0,0.0,0.0
20260711_205707_n57400,user3,আ,2026-07-11T14:57:07.290Z,Linux Chrome desktop,output/user3/আ/আ_20260711_205707_n57400.json,output/user3/আ/আ_20260711_205707_n57400.png,output/user3/আ/আ_20260711_205707_n57400.mp4,157.0,9.0,1.0,0.594146,0.594146,1.683088,0.089102,0.037992,0.259747,0.18717,-0.168366,-0.059261,0.416956,0.028083,0.585322,0.087344,4.073362,0.591803,0.145286,8.0,0.312102,2.0,0.027027,0.026111,0.024593,0.000917,0.190646,0.022557,0.009114,0.035779,0.02355,0.016268,0.000917,0.073111,0.021595,0.008913,0.032957,-0.000105,0.030644,-0.146007,0.14015,0.000174,-0.01327,0.012485,1.207464,1.031919,0.019949,3.130607,0.830699,0.262195,2.23379,17.444444,19.189761,1.0,49.0,7.0,2.0,40.0,0.004513,0.017291,-0.055906,0.062091,0.001724,-0.003172,0.015119,-0.000161,0.021282,-0.061295,0.067838,0.0,-0.009779,0.008124,-0.045483,0.691532,-0.999861,0.999815,0.0,-0.655195,0.60127,0.242549,0.678885,-0.997199,1.0,0.395682,-0.226871,0.849265,0.018117,0.541753,-0.992488,0.999831,0.0,-0.330143,0.423457,0.339633,0.768651,-0.999938,1.0,0.806307,-0.522322,0.982904,0.942675,0.232462,0.0,1.0,1.0,1.0,1.0,0.057325,0.232462,0.0,1.0,0.0,0.0,0.0
20260711_205748_usnulf,user3,আ,2026-07-11T14:57:48.897Z,Linux Chrome desktop,output/user3/আ/আ_20260711_205748_usnulf.json,output/user3/আ/আ_20260711_205748_usnulf.png,output/user3/আ/আ_20260711_205748_usnulf.mp4,235.0,39.0,1.0,0.613658,0.613658,1.629572,0.156079,-0.002311,0.287076,0.169479,-0.141999,-0.065629,0.489615,0.07552,0.631614,0.141149,5.830627,0.647193,0.110999,38.0,0.208511,16.0,0.076531,0.024917,0.035711,0.000159,0.283488,0.015779,0.005594,0.02917,0.014893,0.0119,0.000159,0.056556,0.012224,0.004907,0.022749,2e-05,0.046998,-0.265638,0.232328,-0.000185,-0.010852,0.009289,1.092758,0.948271,0.000746,3.130724,0.706012,0.236129,1.892532,6.025641,10.194235,1.0,49.0,2.0,1.0,4.5,0.000534,0.009284,-0.04374,0.03584,0.0,-0.002531,0.003869,3e-05,0.014718,-0.041155,0.056556,0.0,-0.004185,0.00471,-0.014716,0.695453,-0.999986,0.999996,0.0,-0.675673,0.708727,0.218203,0.684482,-0.999843,1.0,0.268914,-0.353768,0.949083,0.044332,0.55959,-0.999808,0.999973,0.0,-0.252229,0.447021,0.469891,0.681246,-0.999948,1.0,0.894415,0.005805,1.0,0.834043,0.372042,0.0,1.0,1.0,1.0,1.0,0.165957,0.372042,0.0,1.0,0.0,0.0,0.0
20260711_211455_ab7vb3,user4,অ,2026-07-11T15:14:55.509Z,macOS Chrome desktop,output/user4/অ/অ_20260711_211455_ab7vb3.json,output/user4/অ/অ_20260711_211455_ab7vb3.png,output/user4/অ/অ_20260711_211455_ab7vb3.mp4,535.0,3.0,1.0,0.700986,0.700986,1.426562,0.041526,-0.042938,0.246056,0.220062,-0.057583,-0.078255,0.493287,-0.222779,0.55087,-0.144524,5.871015,0.569513,0.097004,2.0,0.383178,0.0,0.434211,0.010994,0.03772,2.9e-05,0.659778,0.002911,0.000851,0.012596,0.00886,0.013668,2.9e-05,0.109993,0.002902,0.000844,0.012294,4e-06,0.054172,-0.634195,0.659014,-0.00071,-0.009776,0.010065,1.682966,0.932384,0.000571,3.140716,1.737774,0.899793,2.539271,178.333333,34.237731,130.0,205.0,200.0,165.0,202.5,0.001466,0.009805,-0.06191,0.057131,0.000129,-0.00077,0.001551,-0.000648,0.012849,-0.082391,0.090914,4.6e-05,-0.001054,0.002238,0.017744,0.741346,-0.999996,0.999951,0.061373,-0.831697,0.776188,0.115914,0.660796,-0.999994,1.0,0.129142,-0.436368,0.748354,0.049353,0.684057,-0.99993,0.999652,0.074453,-0.60044,0.69947,-0.073812,0.724001,-0.999998,1.0,-0.14973,-0.824071,0.659058,0.994393,0.074673,0.0,1.0,1.0,1.0,1.0,0.005607,0.074673,0.0,1.0,0.0,0.0,0.0
20260711_214733_y28o8p,user4,অ,2026-07-11T15:47:33.695Z,macOS Chrome desktop,output/user4/অ/অ_20260711_214733_y28o8p.json,output/user4/অ/অ_20260711_214733_y28o8p.png,output/user4/অ/অ_20260711_214733_y28o8p.mp4,651.0,8.0,1.0,0.832888,0.832888,1.200642,0.074305,-0.06699,0.29531,0.243413,-0.00408,-0.095943,0.308088,-0.266962,0.312168,-0.171019,5.741217,0.355944,0.061998,7.0,0.669739,3.0,0.595645,0.008833,0.027467,1.6e-05,0.58223,0.001241,0.000392,0.005696,0.007844,0.015777,1.6e-05,0.129459,0.001215,0.000386,0.005103,-6e-06,0.039805,-0.579524,0.57823,-0.000352,-0.003495,0.00035,1.694891,0.953705,0.011214,3.14002,1.736637,0.865641,2.549777,81.375,141.454001,1.0,436.0,2.5,1.0,89.75,0.000929,0.011083,-0.065374,0.080131,2.6e-05,-0.000521,0.000634,-0.001033,0.013485,-0.089094,0.111739,-3.4e-05,-0.000746,0.000581,-0.017656,0.741408,-0.999982,0.999992,-0.052168,-0.790704,0.753913,0.070288,0.667127,-0.999895,1.0,0.088522,-0.547075,0.70206,-0.035747,0.665505,-0.999982,0.999848,-0.001774,-0.695941,0.565357,-0.078643,0.741371,-0.999998,1.0,-0.15214,-0.826175,0.689277,0.987711,0.110172,0.0,1.0,1.0,1.0,1.0,0.012289,0.110172,0.0,1.0,0.0,0.0,0.0
20260711_214747_h8ad4n,user4,অ,2026-07-11T15:47:47.213Z,macOS Chrome desktop,output/user4/অ/অ_20260711_214747_h8ad4n.json,output/user4/অ/অ_20260711_214747_h8ad4n.png,output/user4/অ/অ_20260711_214747_h8ad4n.mp4,556.0,1.0,1.0,0.805794,0.805794,1.241012,0.01614,-0.101897,0.334233,0.259012,-0.120474,-0.118657,-0.0452,-0.093573,0.075274,0.025084,4.655929,0.079343,0.017041,0.0,1.0,0.0,0.623423,0.008389,0.017747,1.1e-05,0.113493,0.001179,0.0004,0.004134,0.008389,0.017747,1.1e-05,0.113493,0.001179,0.0004,0.004134,-5e-06,0.026387,-0.106412,0.113228,-0.000324,-0.002789,0.000234,1.760218,0.9423,0.020785,3.1358,1.829224,0.912415,2.647081,556.0,0.0,556.0,556.0,556.0,556.0,556.0,0.000135,0.01298,-0.065633,0.094338,9e-06,-0.000501,0.000586,4.5e-05,0.014702,-0.103262,0.093576,-1.6e-05,-0.000721,0.000548,-0.021346,0.731637,-0.999994,0.999999,-0.058215,-0.767872,0.750888,0.003523,0.681348,-0.999969,1.0,0.012049,-0.624701,0.659606,0.023962,0.671596,-0.999991,0.999969,0.042436,-0.598007,0.638912,-0.132864,0.728508,-0.999983,1.0,-0.24795,-0.87696,0.612877,0.998201,0.042371,0.0,1.0,1.0,1.0,1.0,0.001799,0.042371,0.0,1.0,0.0,0.0,0.0
20260711_214802_iotb3d,user4,অ,2026-07-11T15:48:02.538Z,macOS Chrome desktop,output/user4/অ/অ_20260711_214802_iotb3d.json,output/user4/অ/অ_20260711_214802_iotb3d.png,output/user4/অ/অ_20260711_214802_iotb3d.mp4,459.0,5.0,1.0,0.441166,0.441166,2.26672,0.07703,-0.040203,0.280154,0.128362,-0.030274,-0.096683,0.377272,-0.079055,0.407546,0.017628,3.886867,0.407927,0.10495,4.0,0.522876,1.0,0.629956,0.008487,0.026948,1.5e-05,0.450816,0.001149,0.000312,0.005136,0.007219,0.016794,1.5e-05,0.19211,0.001115,0.00031,0.004811,-1e-05,0.038895,-0.449235,0.447752,-0.000358,-0.003535,0.000306,1.780809,0.922684,0.002223,3.140587,1.839718,1.060608,2.633934,91.8,88.413574,1.0,240.0,96.0,2.0,120.0,0.000255,0.009907,-0.054907,0.070585,1e-05,-0.000402,0.000522,-0.000476,0.015233,-0.091868,0.178673,-3.1e-05,-0.001008,0.000483,-0.059356,0.747852,-0.999996,0.999959,-0.107073,-0.846623,0.737472,0.012725,0.661079,-0.999999,1.0,0.041673,-0.595514,0.621677,0.087133,0.670769,-0.999939,0.999974,0.128414,-0.530236,0.725845,-0.135812,0.723892,-0.999998,1.0,-0.257655,-0.867162,0.553694,0.989107,0.103801,0.0,1.0,1.0,1.0,1.0,0.010893,0.103801,0.0,1.0,0.0,0.0,0.0
20260711_214818_1kqyjw,user4,অ,2026-07-11T15:48:18.989Z,macOS Chrome desktop,output/user4/অ/অ_20260711_214818_1kqyjw.json,output/user4/অ/অ_20260711_214818_1kqyjw.png,output/user4/অ/অ_20260711_214818_1kqyjw.mp4,540.0,1.0,1.0,0.71624,0.71624,1.39618,0.088749,-0.069287,0.317399,0.23724,-0.101798,-0.037064,-0.01581,0.035508,0.085988,0.072572,5.037547,0.112519,0.022336,0.0,1.0,0.0,0.604824,0.009346,0.01879,3.2e-05,0.12584,0.001131,0.000387,0.00631,0.009346,0.01879,3.2e-05,0.12584,0.001131,0.000387,0.00631,-8e-06,0.028072,-0.123948,0.125738,-0.000403,-0.004814,0.000199,1.759489,0.91928,0.011985,3.139327,1.894257,0.988728,2.565884,540.0,0.0,540.0,540.0,540.0,540.0,540.0,0.000159,0.013589,-0.075407,0.086826,-5.2e-05,-0.000769,0.000419,0.000134,0.015965,-0.119402,0.103458,-7.3e-05,-0.001274,0.000483,-0.060581,0.735297,-0.999767,0.999998,-0.134748,-0.801421,0.738122,-0.036881,0.674021,-0.999988,1.0,-0.086445,-0.640442,0.58458,0.072584,0.683415,-0.999828,0.999998,0.104142,-0.567552,0.733543,-0.139984,0.712792,-0.999988,1.0,-0.314947,-0.837357,0.560615,0.998148,0.042993,0.0,1.0,1.0,1.0,1.0,0.001852,0.042993,0.0,1.0,0.0,0.0,0.0
20260711_214838_nmfk2j,user4,অ,2026-07-11T15:48:38.039Z,macOS Chrome desktop,output/user4/অ/অ_20260711_214838_nmfk2j.json,output/user4/অ/অ_20260711_214838_nmfk2j.png,output/user4/অ/অ_20260711_214838_nmfk2j.mp4,760.0,3.0,1.0,0.62952,0.62952,1.588512,-0.047642,-0.076964,0.305962,0.209818,-0.146369,0.030755,0.471127,-0.237932,0.617496,-0.268687,6.550223,0.67342,0.102809,2.0,0.385526,0.0,0.615588,0.00863,0.037385,2.2e-05,0.761947,0.001193,0.000407,0.004098,0.006898,0.015428,2.2e-05,0.142102,0.001186,0.000407,0.00409,-2e-06,0.053614,-0.759864,0.761654,-0.000263,-0.00251,0.000272,1.766907,0.961851,0.001227,3.139806,1.882987,0.896765,2.67132,253.333333,30.136725,220.0,293.0,247.0,233.5,270.0,0.001253,0.009551,-0.057096,0.061544,6.3e-05,-0.00044,0.000714,-0.000731,0.013825,-0.115854,0.1408,-4.9e-05,-0.000989,0.000466,-0.093694,0.711167,-0.999996,0.999953,-0.123514,-0.829566,0.57782,0.07214,0.693004,-0.999999,1.0,0.11853,-0.555303,0.7658,-0.016981,0.653063,-0.999999,0.999999,-0.001401,-0.623464,0.581298,-0.130803,0.745723,-0.999995,1.0,-0.298086,-0.891269,0.631942,0.996053,0.062704,0.0,1.0,1.0,1.0,1.0,0.003947,0.062704,0.0,1.0,0.0,0.0,0.0
20260711_214856_wh1jdl,user4,অ,2026-07-11T15:48:56.618Z,macOS Chrome desktop,output/user4/অ/অ_20260711_214856_wh1jdl.json,output/user4/অ/অ_20260711_214856_wh1jdl.png,output/user4/অ/অ_20260711_214856_wh1jdl.mp4,641.0,8.0,1.0,0.645246,0.645246,1.549797,0.018658,-0.074519,0.281184,0.217851,-0.017673,-0.073752,0.496036,-0.298736,0.513709,-0.224984,5.469211,0.560816,0.102541,7.0,0.324493,2.0,0.672986,0.008546,0.039398,3e-06,0.782758,0.000885,0.000241,0.003468,0.006384,0.013091,3e-06,0.076841,0.000872,0.000231,0.00328,-9e-06,0.056538,-0.780405,0.782684,-0.000215,-0.00245,0.000265,1.62631,0.931145,0.004039,3.135468,1.72168,0.792772,2.447634,80.125,81.760989,1.0,208.0,58.5,1.75,144.0,0.001397,0.009477,-0.049471,0.063082,1.6e-05,-0.000303,0.000527,-0.001012,0.010803,-0.076606,0.069865,0.0,-0.000547,0.000425,-0.002715,0.722461,-0.999997,0.99998,0.0,-0.739369,0.742082,0.106616,0.68313,-0.999998,1.0,0.13278,-0.496352,0.782113,0.000943,0.681454,-0.999961,0.999996,0.0,-0.6764,0.654063,-0.024704,0.731431,-0.999964,1.0,-0.114505,-0.763661,0.71666,0.98752,0.111017,0.0,1.0,1.0,1.0,1.0,0.01248,0.111017,0.0,1.0,0.0,0.0,0.0
20260711_214912_5jyzoq,user4,অ,2026-07-11T15:49:12.892Z,macOS Chrome desktop,output/user4/অ/অ_20260711_214912_5jyzoq.json,output/user4/অ/অ_20260711_214912_5jyzoq.png,output/user4/অ/অ_20260711_214912_5jyzoq.mp4,688.0,3.0,1.0,0.605992,0.605992,1.650187,-0.039235,-0.064279,0.281607,0.194366,-0.153124,-0.014872,0.388415,-0.175177,0.541539,-0.160305,5.636798,0.564767,0.100193,2.0,0.406977,0.0,0.705109,0.008205,0.033833,1.7e-05,0.599584,0.000723,0.000238,0.003058,0.00657,0.015078,1.7e-05,0.133701,0.000707,0.000237,0.002968,1e-06,0.048699,-0.595081,0.598733,-0.000205,-0.002103,0.000213,1.74609,0.941563,0.001841,3.130566,1.816371,0.912766,2.612458,229.333333,60.692302,144.0,280.0,264.0,204.0,272.0,0.000879,0.010929,-0.098619,0.099318,2e-06,-0.000292,0.000386,-0.000843,0.012183,-0.07527,0.090278,-1.3e-05,-0.000559,0.00033,-0.062004,0.734169,-0.999996,0.999996,-0.042283,-0.841557,0.681122,0.033727,0.675283,-0.999982,1.0,0.017154,-0.611222,0.67698,0.058102,0.6722,-0.999998,0.999991,0.065491,-0.562872,0.733056,-0.128781,0.726756,-0.999939,1.0,-0.237069,-0.852489,0.630981,0.99564,0.06589,0.0,1.0,1.0,1.0,1.0,0.00436,0.06589,0.0,1.0,0.0,0.0,0.0
20260711_215025_9ahjj1,user4,অ,2026-07-11T15:50:25.341Z,macOS Chrome desktop,output/user4/অ/অ_20260711_215025_9ahjj1.json,output/user4/অ/অ_20260711_215025_9ahjj1.png,output/user4/অ/অ_20260711_215025_9ahjj1.mp4,782.0,10.0,1.0,0.815778,0.815778,1.225824,0.050321,-0.171635,0.25193,0.212538,0.083418,0.407889,0.463536,-0.361616,0.380118,-0.769505,6.020387,0.85827,0.142561,9.0,0.563939,4.0,0.630829,0.007709,0.032068,1e-05,0.647036,0.000943,0.000229,0.003988,0.005952,0.011571,1e-05,0.071275,0.000938,0.000225,0.003884,-0.00068,0.042079,-0.646634,0.646894,-0.000307,-0.002871,0.000141,1.728604,0.921975,0.003697,3.13932,1.810086,0.97166,2.539863,78.2,149.141409,1.0,441.0,2.5,1.0,23.25,-0.000206,0.008912,-0.052974,0.058665,-1.5e-05,-0.000392,0.000517,-0.000893,0.009321,-0.064453,0.059336,-3.9e-05,-0.000689,0.000273,-0.079886,0.696829,-0.999998,0.999319,-0.099467,-0.798422,0.577622,0.018278,0.712535,-0.999995,1.0,-0.047924,-0.671843,0.780001,0.000281,0.685572,-0.999989,0.999983,0.0,-0.662162,0.672095,-0.09883,0.721255,-0.999996,1.0,-0.211974,-0.819534,0.602929,0.987212,0.112357,0.0,1.0,1.0,1.0,1.0,0.012788,0.112357,0.0,1.0,0.0,0.0,0.0
20260711_215040_totmvz,user4,অ,2026-07-11T15:50:40.861Z,macOS Chrome desktop,output/user4/অ/অ_20260711_215040_totmvz.json,output/user4/অ/অ_20260711_215040_totmvz.png,output/user4/অ/অ_20260711_215040_totmvz.mp4,516.0,8.0,1.0,0.772892,0.772892,1.293842,0.01137,-0.037522,0.269557,0.239134,-0.163312,-0.041017,0.448512,-0.309381,0.611824,-0.268364,5.598717,0.668093,0.11933,7.0,0.333333,2.0,0.57874,0.010871,0.035657,2.4e-05,0.583816,0.001351,0.000476,0.005576,0.008813,0.017612,2.4e-05,0.111129,0.00132,0.000474,0.005456,-6e-06,0.051518,-0.573742,0.583415,-0.000459,-0.004135,0.000506,1.723804,0.963616,0.005512,3.13788,1.802843,0.836925,2.628189,64.5,59.65526,1.0,172.0,58.5,7.0,102.0,0.001198,0.010745,-0.050883,0.086508,1.7e-05,-0.000626,0.000749,-0.001286,0.016226,-0.096489,0.107739,-6.1e-05,-0.001146,0.000439,-0.094302,0.728844,-0.999986,0.999952,-0.101195,-0.863072,0.666867,0.040694,0.676929,-0.999986,1.0,0.076215,-0.581697,0.690427,-4.7e-05,0.651106,-0.999999,0.999998,0.0,-0.568889,0.604157,-0.090243,0.753597,-0.999993,1.0,-0.199321,-0.862536,0.71667,0.984496,0.123546,0.0,1.0,1.0,1.0,1.0,0.015504,0.123546,0.0,1.0,0.0,0.0,0.0
20260711_215057_m3q3bw,user4,অ,2026-07-11T15:50:57.781Z,macOS Chrome desktop,output/user4/অ/অ_20260711_215057_m3q3bw.json,output/user4/অ/অ_20260711_215057_m3q3bw.png,output/user4/অ/অ_20260711_215057_m3q3bw.mp4,942.0,3.0,1.0,0.6308,0.6308,1.585289,0.077103,-0.078531,0.2958,0.217944,0.098942,-0.099402,-0.489449,-0.249448,-0.588391,-0.150046,5.970606,0.607221,0.101702,2.0,0.875796,0.0,0.611289,0.006345,0.0151,1.2e-05,0.300851,0.001226,0.000397,0.004895,0.005983,0.011567,1.2e-05,0.087914,0.001217,0.000396,0.004815,-1.4e-05,0.021683,-0.29076,0.29671,-0.000305,-0.003262,0.00031,1.762539,0.945398,0.006438,3.133962,1.881266,0.953956,2.607123,314.0,361.930933,33.0,825.0,84.0,58.5,454.5,-0.000258,0.007423,-0.037862,0.052304,-3e-06,-0.000602,0.000556,-8.8e-05,0.010671,-0.080233,0.080093,1e-05,-0.000689,0.000701,0.024099,0.723442,-0.999999,0.999998,0.014305,-0.723346,0.770384,-0.032161,0.689211,-0.999991,1.0,-0.002259,-0.72153,0.620467,-0.025651,0.668394,-0.99999,0.999991,-0.020025,-0.667269,0.587633,-0.139122,0.730224,-0.99996,1.0,-0.302986,-0.860153,0.595585,0.996815,0.056343,0.0,1.0,1.0,1.0,1.0,0.003185,0.056343,0.0,1.0,0.0,0.0,0.0
20260711_215120_wa3iw4,user4,অ,2026-07-11T15:51:20.891Z,macOS Chrome desktop,output/user4/অ/অ_20260711_215120_wa3iw4.json,output/user4/অ/অ_20260711_215120_wa3iw4.png,output/user4/অ/অ_20260711_215120_wa3iw4.mp4,801.0,5.0,1.0,0.62667,0.62667,1.595736,0.028922,-0.008161,0.240171,0.189934,-0.009988,-0.049973,0.487747,-0.244516,0.497735,-0.194543,5.06733,0.534404,0.105461,4.0,0.474407,0.0,0.663317,0.006334,0.033901,1.9e-05,0.791306,0.00099,0.000339,0.003326,0.00473,0.00979,1.9e-05,0.087447,0.000984,0.000336,0.003188,0.0,0.048413,-0.789858,0.791024,-0.000202,-0.002077,0.000286,1.814332,0.939294,0.002256,3.138705,1.970062,0.933197,2.67616,160.2,117.661209,50.0,380.0,144.0,68.0,159.0,0.001087,0.008223,-0.027011,0.087357,1.6e-05,-0.000361,0.000497,-0.000481,0.006961,-0.049121,0.041287,-5.4e-05,-0.000794,0.000478,-0.088378,0.746579,-0.999991,0.999998,-0.175789,-0.860638,0.699647,0.049486,0.657537,-0.999999,1.0,0.038059,-0.534797,0.684108,0.036598,0.661932,-0.999992,0.999998,0.04304,-0.596907,0.665839,-0.165265,0.730194,-0.999991,1.0,-0.363529,-0.888468,0.627828,0.993758,0.078761,0.0,1.0,1.0,1.0,1.0,0.006242,0.078761,0.0,1.0,0.0,0.0,0.0
20260711_215140_jzmdn9,user4,অ,2026-07-11T15:51:40.201Z,macOS Chrome desktop,output/user4/অ/অ_20260711_215140_jzmdn9.json,output/user4/অ/অ_20260711_215140_jzmdn9.png,output/user4/অ/অ_20260711_215140_jzmdn9.mp4,960.0,2.0,1.0,0.76725,0.76725,1.303356,0.034351,-0.101896,0.255154,0.234027,-0.088494,-0.121846,0.493294,-0.255549,0.581788,-0.133703,7.396524,0.596954,0.080707,1.0,0.6125,0.0,0.465553,0.007713,0.022096,3e-05,0.589345,0.00228,0.000859,0.007403,0.007106,0.01163,3e-05,0.07733,0.002277,0.000859,0.007348,-0.0,0.031489,-0.585584,0.588215,-0.000475,-0.004304,0.000648,1.844827,0.956493,0.001878,3.140993,1.983188,1.013623,2.728136,480.0,108.0,372.0,588.0,480.0,426.0,534.0,7.9e-05,0.008557,-0.053748,0.049856,-2.3e-05,-0.001146,0.001041,-0.000453,0.01058,-0.070748,0.071846,-9.1e-05,-0.001721,0.001155,-0.04633,0.745039,-0.999997,0.999996,-0.113507,-0.816279,0.732674,0.008326,0.665356,-0.999961,1.0,-0.020341,-0.585762,0.662569,-0.075308,0.64687,-0.999994,0.999989,-0.099385,-0.669927,0.463992,-0.199478,0.732183,-0.999999,1.0,-0.398555,-0.914738,0.534319,0.997917,0.045596,0.0,1.0,1.0,1.0,1.0,0.002083,0.045596,0.0,1.0,0.0,0.0,0.0
20260711_215153_8dj6mi,user4,অ,2026-07-11T15:51:53.722Z,macOS Chrome desktop,output/user4/অ/অ_20260711_215153_8dj6mi.json,output/user4/অ/অ_20260711_215153_8dj6mi.png,output/user4/অ/অ_20260711_215153_8dj6mi.mp4,570.0,3.0,1.0,0.525186,0.525186,1.904087,-0.013044,-0.034729,0.303763,0.177938,-0.02859,-0.060611,-0.128647,-0.11704,-0.100057,-0.056429,5.534814,0.114872,0.020754,2.0,0.880702,0.0,0.552028,0.009727,0.025006,2.2e-05,0.398007,0.001565,0.000468,0.005599,0.008898,0.018685,2.2e-05,0.148661,0.001539,0.000468,0.005574,-1e-06,0.03652,-0.384437,0.397366,-0.000503,-0.003717,0.000162,1.832228,0.942306,0.002515,3.136627,2.009459,1.045253,2.656916,190.0,220.913256,20.0,502.0,48.0,34.0,275.0,0.000613,0.01284,-0.099308,0.06049,2.9e-05,-0.000536,0.001109,-0.000427,0.016143,-0.087658,0.147297,-3.8e-05,-0.001247,0.000702,-0.045591,0.71737,-0.999839,0.999997,-0.092323,-0.793783,0.710186,0.019955,0.694909,-0.999989,1.0,0.062672,-0.619279,0.70395,0.048898,0.655291,-0.999965,0.999976,0.041322,-0.501191,0.664579,-0.189272,0.729637,-0.999986,1.0,-0.409461,-0.884007,0.534433,0.994737,0.072356,0.0,1.0,1.0,1.0,1.0,0.005263,0.072356,0.0,1.0,0.0,0.0,0.0
20260711_215210_14cuph,user4,অ,2026-07-11T15:52:10.848Z,macOS Chrome desktop,output/user4/অ/অ_20260711_215210_14cuph.json,output/user4/অ/অ_20260711_215210_14cuph.png,output/user4/অ/অ_20260711_215210_14cuph.mp4,840.0,1.0,1.0,0.860062,0.860062,1.162707,-0.078751,-0.060514,0.276487,0.282588,-0.148543,-0.086392,0.416538,-0.242901,0.565081,-0.156509,7.684577,0.586355,0.076303,0.0,1.0,0.0,0.561383,0.009159,0.018438,6e-06,0.143386,0.001414,0.000451,0.006054,0.009159,0.018438,6e-06,0.143386,0.001414,0.000451,0.006054,0.0,0.027483,-0.135006,0.143217,-0.000511,-0.004543,0.000222,1.826348,0.956363,0.003693,3.141577,1.958743,1.03025,2.711514,840.0,0.0,840.0,840.0,840.0,840.0,840.0,0.000673,0.01171,-0.07617,0.08144,3e-06,-0.000635,0.000648,-0.000186,0.016903,-0.104357,0.142519,-2e-06,-0.00084,0.000962,-0.027658,0.749015,-0.999986,0.999997,-0.005121,-0.843887,0.756027,0.001097,0.661971,-0.999997,1.0,0.006631,-0.582927,0.581928,-0.02134,0.655584,-0.999996,0.999985,-0.041152,-0.62641,0.558566,-0.190552,0.730366,-0.999992,1.0,-0.378037,-0.907952,0.517489,0.99881,0.034483,0.0,1.0,1.0,1.0,1.0,0.00119,0.034483,0.0,1.0,0.0,0.0,0.0
20260711_215224_s1nefb,user4,অ,2026-07-11T15:52:24.742Z,macOS Chrome desktop,output/user4/অ/অ_20260711_215224_s1nefb.json,output/user4/অ/অ_20260711_215224_s1nefb.png,output/user4/অ/অ_20260711_215224_s1nefb.mp4,576.0,2.0,1.0,0.732934,0.732934,1.364379,0.041289,-0.039782,0.286323,0.20954,0.034923,-0.1463,-0.045371,-0.213615,-0.080294,-0.067315,5.837881,0.104778,0.017948,1.0,0.763889,0.0,0.567944,0.010153,0.022846,1.6e-05,0.283136,0.001573,0.000513,0.006261,0.009677,0.019819,1.6e-05,0.143572,0.001567,0.000513,0.006211,0.0,0.03382,-0.27185,0.282402,-0.000526,-0.004017,0.000273,1.760475,0.942003,0.002654,3.141167,1.862437,0.960371,2.634538,288.0,152.0,136.0,440.0,288.0,212.0,364.0,0.000325,0.011844,-0.080122,0.065827,-7e-06,-0.000623,0.000886,4.4e-05,0.018557,-0.122054,0.143567,-2.9e-05,-0.000973,0.000912,-0.036445,0.738345,-0.999998,0.999972,-0.075826,-0.807316,0.731911,-0.035526,0.672497,-1.0,1.0,-0.007824,-0.680239,0.579966,0.00786,0.670982,-0.999963,0.999995,0.004589,-0.612082,0.64827,-0.129157,0.730091,-1.0,1.0,-0.281535,-0.875761,0.583252,0.996528,0.058823,0.0,1.0,1.0,1.0,1.0,0.003472,0.058823,0.0,1.0,0.0,0.0,0.0
20260711_211553_8q738s,user4,আ,2026-07-11T15:15:53.117Z,macOS Chrome desktop,output/user4/আ/আ_20260711_211553_8q738s.json,output/user4/আ/আ_20260711_211553_8q738s.png,output/user4/আ/আ_20260711_211553_8q738s.mp4,655.0,4.0,1.0,0.737866,0.737866,1.35526,0.080401,-0.08451,0.310654,0.206424,-0.164812,-0.001506,0.450724,-0.020618,0.615536,-0.019112,7.357576,0.615833,0.0837,3.0,0.381679,0.0,0.456221,0.01125,0.044107,2.5e-05,0.714254,0.002453,0.00068,0.011434,0.008409,0.01314,2.5e-05,0.080728,0.002437,0.000679,0.011157,-9e-06,0.063503,-0.711398,0.709425,-0.000695,-0.009316,0.009954,1.696424,0.9178,3.5e-05,3.137662,1.758393,0.885294,2.527553,163.75,59.617007,83.0,250.0,161.0,133.25,191.5,0.00169,0.009287,-0.060216,0.051294,6.6e-05,-0.000614,0.001779,0.000231,0.012359,-0.077744,0.05925,1.9e-05,-0.001097,0.001658,0.048681,0.755023,-0.999999,0.999999,0.062378,-0.759438,0.840886,0.074673,0.649608,-0.999659,1.0,0.094487,-0.473007,0.690175,0.001995,0.691212,-0.999992,0.999772,0.017922,-0.703408,0.649042,-0.086216,0.717483,-0.99999,1.0,-0.182072,-0.809268,0.647703,0.993893,0.077907,0.0,1.0,1.0,1.0,1.0,0.006107,0.077907,0.0,1.0,0.0,0.0,0.0
20260711_215326_rdw0i7,user4,আ,2026-07-11T15:53:26.454Z,macOS Chrome desktop,output/user4/আ/আ_20260711_215326_rdw0i7.json,output/user4/আ/আ_20260711_215326_rdw0i7.png,output/user4/আ/আ_20260711_215326_rdw0i7.mp4,875.0,9.0,1.0,0.731848,0.731848,1.366404,0.104573,-0.057369,0.298206,0.214911,-0.052998,0.016334,0.347151,-0.06703,0.400149,-0.083364,7.070118,0.40874,0.057812,8.0,0.350857,4.0,0.642032,0.008089,0.039775,2e-06,0.659439,0.001001,0.000283,0.004008,0.005774,0.011295,2e-06,0.069725,0.000995,0.000281,0.003793,-2e-06,0.056647,-0.656612,0.659061,-0.000259,-0.002676,0.000196,1.658134,0.960287,0.003882,3.139328,1.681952,0.778158,2.540766,97.222222,116.11563,1.0,307.0,19.0,1.0,164.0,0.00096,0.007745,-0.03797,0.065372,1.5e-05,-0.00038,0.000593,9.6e-05,0.009917,-0.069593,0.054769,-1.2e-05,-0.000695,0.000545,-0.047636,0.7394,-0.999998,0.999997,-0.079744,-0.81682,0.742545,0.047667,0.66988,-0.999961,1.0,0.054029,-0.574175,0.673252,-0.0041,0.658102,-0.999641,0.99998,0.0,-0.62974,0.605254,-0.047144,0.751431,-0.999996,1.0,-0.088675,-0.818246,0.730552,0.989714,0.100896,0.0,1.0,1.0,1.0,1.0,0.010286,0.100896,0.0,1.0,0.0,0.0,0.0
20260711_215355_gtir0d,user4,আ,2026-07-11T15:53:55.047Z,macOS Chrome desktop,output/user4/আ/আ_20260711_215355_gtir0d.json,output/user4/আ/আ_20260711_215355_gtir0d.png,output/user4/আ/আ_20260711_215355_gtir0d.mp4,760.0,8.0,0.481548,1.0,0.481548,0.481548,0.065326,-0.338724,0.132313,0.133556,-0.000995,-0.359178,-0.025625,0.495955,-0.02463,0.855133,3.611095,0.855488,0.236905,7.0,0.451316,2.0,0.772606,0.004758,0.028339,5e-06,0.698889,0.000506,0.000154,0.001798,0.003287,0.007688,5e-06,0.068271,0.00049,0.000154,0.001749,-0.0,0.040396,-0.695867,0.697528,-0.000106,-0.00124,0.000178,1.787807,0.972141,0.003691,3.137223,1.885977,0.893304,2.697257,95.0,112.474442,1.0,343.0,60.5,1.75,143.0,8.4e-05,0.003493,-0.035389,0.01805,-1.1e-05,-0.000266,0.000218,3.5e-05,0.007548,-0.054842,0.065892,-1.7e-05,-0.000428,0.000156,-0.064154,0.73925,-0.99999,0.999976,-0.095851,-0.824122,0.714994,-0.016399,0.670158,-0.999987,1.0,-0.042184,-0.641491,0.610478,-0.00586,0.642414,-0.999973,0.999977,0.003751,-0.594639,0.569967,-0.130927,0.755052,-0.999982,1.0,-0.256634,-0.889906,0.686029,0.989474,0.102056,0.0,1.0,1.0,1.0,1.0,0.010526,0.102056,0.0,1.0,0.0,0.0,0.0
20260711_215413_4z3pac,user4,আ,2026-07-11T15:54:13.989Z,macOS Chrome desktop,output/user4/আ/আ_20260711_215413_4z3pac.json,output/user4/আ/আ_20260711_215413_4z3pac.png,output/user4/আ/আ_20260711_215413_4z3pac.mp4,732.0,4.0,1.0,0.73669,0.73669,1.357423,0.066159,-0.104018,0.300684,0.236507,0.021927,0.356224,0.46954,0.252504,0.447613,-0.10372,7.474157,0.459473,0.061475,3.0,0.415301,1.0,0.648352,0.010225,0.042939,2.2e-05,0.690791,0.000956,0.000346,0.004144,0.007681,0.016223,2.2e-05,0.101837,0.000952,0.000345,0.003981,-0.000762,0.058168,-0.683218,0.690637,-0.000289,-0.003114,0.000248,1.74372,0.958187,0.000757,3.137353,1.88631,0.898948,2.63937,183.0,113.452633,1.0,304.0,213.5,137.5,259.0,0.000901,0.009609,-0.061032,0.068223,1e-05,-0.000508,0.000515,0.000218,0.015074,-0.082201,0.101792,8e-06,-0.000524,0.000553,0.021577,0.73526,-0.999987,0.999997,0.021319,-0.748743,0.806934,0.037069,0.676422,-0.999989,1.0,0.037092,-0.579044,0.663445,-0.00315,0.656653,-0.999856,0.999941,-0.034891,-0.594832,0.593085,-0.122841,0.744108,-0.999988,1.0,-0.292165,-0.876099,0.655543,0.994536,0.07372,0.0,1.0,1.0,1.0,1.0,0.005464,0.07372,0.0,1.0,0.0,0.0,0.0
20260711_215505_noe4fp,user4,আ,2026-07-11T15:55:05.229Z,macOS Chrome desktop,output/user4/আ/আ_20260711_215505_noe4fp.json,output/user4/আ/আ_20260711_215505_noe4fp.png,output/user4/আ/আ_20260711_215505_noe4fp.mp4,840.0,3.0,1.0,0.625016,0.625016,1.599959,0.072496,-0.021142,0.296259,0.207938,-0.088405,-0.104576,0.375176,0.310207,0.463581,0.414783,6.598626,0.622055,0.09427,2.0,0.404762,0.0,0.678614,0.007865,0.03277,1.2e-05,0.651535,0.000809,0.000285,0.00354,0.006399,0.013141,1.2e-05,0.081956,0.000806,0.000285,0.003469,-1e-05,0.047061,-0.642512,0.651479,-0.000254,-0.002436,0.000226,1.78046,0.961076,0.000941,3.141187,1.968526,0.944035,2.669542,280.0,48.989795,220.0,340.0,280.0,250.0,310.0,0.000736,0.008863,-0.047577,0.077898,2e-05,-0.000284,0.000436,-7.7e-05,0.011566,-0.076603,0.072385,-5e-06,-0.000503,0.000529,-0.03321,0.761236,-0.999995,1.0,-0.044843,-0.84071,0.782342,0.033722,0.646741,-0.999995,1.0,0.047997,-0.538235,0.615049,0.030094,0.652815,-0.999986,0.999995,-0.003081,-0.541639,0.646925,-0.154632,0.740948,-1.0,1.0,-0.387041,-0.890454,0.613008,0.996429,0.059655,0.0,1.0,1.0,1.0,1.0,0.003571,0.059655,0.0,1.0,0.0,0.0,0.0
20260711_215527_oaoi6c,user4,আ,2026-07-11T15:55:27.756Z,macOS Chrome desktop,output/user4/আ/আ_20260711_215527_oaoi6c.json,output/user4/আ/আ_20260711_215527_oaoi6c.png,output/user4/আ/আ_20260711_215527_oaoi6c.mp4,1234.0,8.0,1.0,0.787806,0.787806,1.269348,0.082618,-0.079538,0.305245,0.259695,-0.246403,-0.141058,0.429787,-0.075843,0.67619,0.065215,9.277955,0.679328,0.07322,7.0,0.388979,3.0,0.637847,0.007525,0.031805,4e-06,0.70601,0.001073,0.000367,0.003563,0.006011,0.012415,4e-06,0.09181,0.001064,0.000366,0.003479,-1e-06,0.045543,-0.703944,0.704587,-0.000249,-0.002592,0.000238,1.874424,0.911954,0.003451,3.140368,2.077259,1.122602,2.677758,154.25,179.342375,1.0,480.0,56.0,1.0,307.25,0.000753,0.007974,-0.058872,0.067693,2.3e-05,-0.000445,0.000678,0.000173,0.011173,-0.070348,0.091358,-6e-06,-0.000643,0.000514,-0.004518,0.727195,-0.99999,0.999994,-0.018174,-0.751903,0.737954,0.047075,0.684796,-0.999989,1.0,0.067437,-0.592368,0.711384,0.01766,0.668683,-0.999981,0.999999,0.025303,-0.624937,0.67135,-0.219,0.710337,-0.999988,1.0,-0.472879,-0.891047,0.461481,0.993517,0.080256,0.0,1.0,1.0,1.0,1.0,0.006483,0.080256,0.0,1.0,0.0,0.0,0.0
20260711_215554_41w3p4,user4,আ,2026-07-11T15:55:54.029Z,macOS Chrome desktop,output/user4/আ/আ_20260711_215554_41w3p4.json,output/user4/আ/আ_20260711_215554_41w3p4.png,output/user4/আ/আ_20260711_215554_41w3p4.mp4,1344.0,3.0,1.0,0.793558,0.793558,1.260147,0.077876,-0.109207,0.295141,0.261523,-0.200297,-0.131054,0.47642,0.354366,0.676717,0.48542,7.570647,0.832814,0.110006,2.0,0.640625,0.0,0.672632,0.005637,0.02046,1.6e-05,0.629642,0.000863,0.000263,0.003087,0.005164,0.011339,1.6e-05,0.093272,0.000855,0.000262,0.003081,-2e-06,0.029356,-0.625003,0.628497,-0.000214,-0.001897,0.000242,1.802629,0.943834,0.001962,3.141525,1.919288,0.991412,2.669411,448.0,351.007122,3.0,861.0,480.0,241.5,670.5,0.000144,0.007263,-0.061713,0.072781,-2e-06,-0.000459,0.0003,7.1e-05,0.010105,-0.079293,0.093169,1.5e-05,-0.000485,0.000562,0.028056,0.735488,-1.0,0.999984,0.041869,-0.744598,0.790797,0.00982,0.67688,-0.999991,1.0,-0.007014,-0.615854,0.666929,0.022041,0.665901,-0.999958,0.999997,0.003742,-0.583026,0.660685,-0.168049,0.726524,-0.999998,1.0,-0.332021,-0.887746,0.554459,0.997768,0.047193,0.0,1.0,1.0,1.0,1.0,0.002232,0.047193,0.0,1.0,0.0,0.0,0.0
20260711_215623_q6sua3,user4,আ,2026-07-11T15:56:23.203Z,macOS Chrome desktop,output/user4/আ/আ_20260711_215623_q6sua3.json,output/user4/আ/আ_20260711_215623_q6sua3.png,output/user4/আ/আ_20260711_215623_q6sua3.mp4,828.0,8.0,1.0,0.573724,0.573724,1.742998,0.067979,-0.097427,0.299549,0.161131,-0.285528,-0.184563,0.5,0.274274,0.785528,0.458837,5.939942,0.909717,0.153153,7.0,0.311594,3.0,0.641463,0.007183,0.028709,7e-06,0.658589,0.000992,0.000365,0.004043,0.005727,0.012057,7e-06,0.09119,0.000989,0.000356,0.003633,2.5e-05,0.041042,-0.657173,0.658444,-0.000238,-0.002511,0.000406,1.746684,0.934159,0.00261,3.139058,1.876002,0.944724,2.593494,103.5,107.774069,1.0,258.0,65.0,1.0,213.75,0.000911,0.007622,-0.060725,0.061664,1.1e-05,-0.000479,0.000542,6.8e-05,0.01084,-0.079847,0.083744,-8e-06,-0.000695,0.000535,-0.038104,0.727012,-0.999997,0.999999,-0.030478,-0.80278,0.696799,0.03606,0.684613,-0.999993,1.0,0.049037,-0.599606,0.707101,-0.04254,0.670657,-0.999997,0.999996,-0.04458,-0.676916,0.576328,-0.120501,0.73067,-0.999989,1.0,-0.287837,-0.848,0.624403,0.990338,0.097819,0.0,1.0,1.0,1.0,1.0,0.009662,0.097819,0.0,1.0,0.0,0.0,0.0
20260711_215646_y25z4x,user4,আ,2026-07-11T15:56:46.439Z,macOS Chrome desktop,output/user4/আ/আ_20260711_215646_y25z4x.json,output/user4/আ/আ_20260711_215646_y25z4x.png,output/user4/আ/আ_20260711_215646_y25z4x.mp4,818.0,8.0,1.0,0.779124,0.779124,1.283493,0.089657,-0.043812,0.280761,0.186953,-0.499742,-0.172424,0.453069,0.097949,0.952811,0.270373,8.413718,0.990429,0.117716,7.0,0.314181,1.0,0.555556,0.010298,0.038573,1.5e-05,0.724157,0.001618,0.000479,0.004978,0.007959,0.015387,1.5e-05,0.111249,0.001569,0.000478,0.00487,-1e-06,0.055086,-0.718867,0.72334,-0.000381,-0.003378,0.000494,1.832702,0.944779,0.009634,3.137135,2.013191,1.035627,2.698163,102.25,91.102621,1.0,257.0,99.0,2.0,173.0,0.001237,0.010426,-0.069237,0.070011,2.6e-05,-0.000516,0.000833,0.000183,0.013671,-0.104963,0.095969,3.3e-05,-0.000814,0.001067,0.02763,0.752969,-0.999999,0.999997,0.073653,-0.766769,0.805739,0.033987,0.656594,-0.999958,1.0,0.067239,-0.597115,0.637345,-0.01132,0.654335,-0.999994,0.999986,0.0,-0.645371,0.582289,-0.175284,0.735517,-0.999983,1.0,-0.389485,-0.897132,0.573137,0.99022,0.098409,0.0,1.0,1.0,1.0,1.0,0.00978,0.098409,0.0,1.0,0.0,0.0,0.0
20260711_215701_i0we24,user4,আ,2026-07-11T15:57:01.697Z,macOS Chrome desktop,output/user4/আ/আ_20260711_215701_i0we24.json,output/user4/আ/আ_20260711_215701_i0we24.png,output/user4/আ/আ_20260711_215701_i0we24.mp4,682.0,12.0,1.0,0.6274,0.6274,1.59388,0.077292,-0.058816,0.281729,0.20217,-0.5,-0.215624,0.433994,0.240948,0.933994,0.456572,6.839184,1.039617,0.152009,11.0,0.382698,3.0,0.564179,0.010043,0.022,2.1e-05,0.271824,0.001563,0.000474,0.006036,0.009114,0.01895,2.1e-05,0.151865,0.001454,0.00046,0.005775,-3e-06,0.03237,-0.258449,0.271614,-0.000376,-0.004158,0.000375,1.752935,0.967582,0.000412,3.141123,1.900867,0.871557,2.643077,56.833333,81.799382,1.0,261.0,7.0,1.75,117.0,0.001569,0.014559,-0.082746,0.135905,5e-06,-0.000599,0.000876,0.000569,0.01482,-0.104198,0.145261,0.0,-0.000883,0.000809,-0.002769,0.725799,-0.999848,0.999997,0.0,-0.760532,0.7468,0.032614,0.687125,-0.999957,1.0,0.056907,-0.626733,0.705232,-0.061968,0.646072,-0.999997,0.999997,-0.061243,-0.677496,0.510806,-0.112902,0.752327,-0.999998,1.0,-0.288419,-0.873315,0.697776,0.982405,0.131475,0.0,1.0,1.0,1.0,1.0,0.017595,0.131475,0.0,1.0,0.0,0.0,0.0
20260711_215719_fym8k2,user4,আ,2026-07-11T15:57:19.563Z,macOS Chrome desktop,output/user4/আ/আ_20260711_215719_fym8k2.json,output/user4/আ/আ_20260711_215719_fym8k2.png,output/user4/আ/আ_20260711_215719_fym8k2.mp4,928.0,3.0,1.0,0.636578,0.636578,1.570899,0.028733,-0.118146,0.26688,0.185413,-0.260946,-0.137675,0.343883,-0.232817,0.604829,-0.095142,7.781286,0.612266,0.078684,2.0,0.357759,0.0,0.665946,0.008394,0.040436,9e-06,1.02284,0.000856,0.000259,0.003318,0.006691,0.013525,9e-06,0.098413,0.000855,0.000258,0.003263,-6e-06,0.05806,-1.02214,1.022781,-0.000267,-0.002364,0.000148,1.761149,0.96153,7.9e-05,3.139472,1.884752,0.921293,2.647181,309.333333,29.272665,268.0,332.0,328.0,298.0,330.0,0.001077,0.011002,-0.067131,0.098408,2e-06,-0.000376,0.000416,0.000146,0.010234,-0.064688,0.072562,1.7e-05,-0.000602,0.000538,0.01247,0.734003,-0.999999,1.0,0.026259,-0.718142,0.795208,0.022297,0.678661,-0.99998,1.0,0.004775,-0.614462,0.707098,0.007377,0.656483,-0.999982,0.999998,0.000566,-0.605615,0.618972,-0.134706,0.74217,-0.999993,1.0,-0.301901,-0.879865,0.615464,0.996767,0.056765,0.0,1.0,1.0,1.0,1.0,0.003233,0.056765,0.0,1.0,0.0,0.0,0.0
20260711_215732_e3wli4,user4,আ,2026-07-11T15:57:32.879Z,macOS Chrome desktop,output/user4/আ/আ_20260711_215732_e3wli4.json,output/user4/আ/আ_20260711_215732_e3wli4.png,output/user4/আ/আ_20260711_215732_e3wli4.mp4,585.0,6.0,1.0,0.565946,0.565946,1.766953,-0.000905,0.011881,0.309653,0.158534,-0.145115,-0.039468,0.5,0.223947,0.645115,0.263415,4.688006,0.696822,0.148639,5.0,0.437607,0.0,0.642487,0.008027,0.021761,1.4e-05,0.393804,0.001061,0.000311,0.003956,0.006909,0.013552,1.4e-05,0.100862,0.001042,0.000308,0.003872,-4e-06,0.032015,-0.391594,0.393238,-0.000368,-0.00318,0.000196,1.743881,0.985386,0.000357,3.141052,1.957604,0.862617,2.638959,97.5,93.5,3.0,256.0,70.0,15.25,159.25,0.0017,0.007437,-0.02223,0.047225,3.3e-05,-0.000274,0.000598,0.000123,0.013069,-0.071039,0.100314,0.0,-0.000706,0.000654,0.004811,0.773832,-0.999916,0.999998,0.0,-0.858678,0.810945,0.063548,0.630172,-0.999895,1.0,0.098394,-0.472861,0.628335,0.022826,0.631621,-0.999964,0.99977,0.0,-0.537284,0.607895,-0.112289,0.766755,-0.999999,1.0,-0.313996,-0.873028,0.702347,0.989744,0.100753,0.0,1.0,1.0,1.0,1.0,0.010256,0.100753,0.0,1.0,0.0,0.0,0.0
20260711_215746_pw5glc,user4,আ,2026-07-11T15:57:46.710Z,macOS Chrome desktop,output/user4/আ/আ_20260711_215746_pw5glc.json,output/user4/আ/আ_20260711_215746_pw5glc.png,output/user4/আ/আ_20260711_215746_pw5glc.mp4,827.0,1.0,1.0,0.547126,0.547126,1.827733,0.020074,-0.016018,0.306346,0.166864,-0.168932,-0.052762,0.468589,0.222311,0.637521,0.275073,5.115824,0.694333,0.135723,0.0,1.0,0.0,0.636804,0.006193,0.011993,1.9e-05,0.084459,0.000993,0.000329,0.004304,0.006193,0.011993,1.9e-05,0.084459,0.000993,0.000329,0.004304,-3e-06,0.017868,-0.082792,0.083715,-0.0003,-0.003004,0.000194,1.790083,0.944775,0.006745,3.141541,1.909037,0.998954,2.654608,827.0,0.0,827.0,827.0,827.0,827.0,827.0,0.000771,0.007285,-0.061097,0.045238,4e-05,-0.000444,0.000714,0.000333,0.011322,-0.073302,0.078933,-3.4e-05,-0.000697,0.000404,-0.058521,0.728082,-0.999983,1.0,-0.103811,-0.819813,0.678541,0.066041,0.679783,-0.999986,1.0,0.117669,-0.550063,0.721987,0.022876,0.665097,-0.999966,0.999969,0.046196,-0.570424,0.666187,-0.164899,0.727956,-1.0,1.0,-0.325318,-0.884165,0.544048,0.998791,0.034752,0.0,1.0,1.0,1.0,1.0,0.001209,0.034752,0.0,1.0,0.0,0.0,0.0
20260711_215803_gtb1nz,user4,আ,2026-07-11T15:58:03.072Z,macOS Chrome desktop,output/user4/আ/আ_20260711_215803_gtb1nz.json,output/user4/আ/আ_20260711_215803_gtb1nz.png,output/user4/আ/আ_20260711_215803_gtb1nz.mp4,964.0,2.0,1.0,0.595844,0.595844,1.678292,0.034892,-0.075095,0.304411,0.186087,0.348055,-0.155675,0.395129,0.294676,0.047074,0.450351,5.73998,0.452805,0.078886,1.0,0.987552,0.0,0.598753,0.005961,0.012249,7e-06,0.096706,0.001278,0.000441,0.003948,0.005925,0.012205,7e-06,0.096706,0.001277,0.000441,0.003942,-2e-06,0.017874,-0.089124,0.096686,-0.000294,-0.002227,0.000387,1.806978,0.966569,0.000117,3.141496,1.89904,0.975748,2.712241,482.0,470.0,12.0,952.0,482.0,247.0,717.0,5.6e-05,0.008772,-0.096294,0.041145,5e-05,-0.000435,0.000761,0.000426,0.010322,-0.071453,0.089329,2.3e-05,-0.000682,0.000934,0.026148,0.754021,-1.0,0.999998,0.078807,-0.78187,0.807678,0.053989,0.654102,-1.0,1.0,0.092131,-0.516787,0.662936,-0.000365,0.651946,-0.999982,0.999997,0.001569,-0.576369,0.599678,-0.166236,0.739813,-0.999999,1.0,-0.318276,-0.908961,0.580962,0.997925,0.045501,0.0,1.0,1.0,1.0,1.0,0.002075,0.045501,0.0,1.0,0.0,0.0,0.0
20260711_215826_09me7o,user4,আ,2026-07-11T15:58:26.604Z,macOS Chrome desktop,output/user4/আ/আ_20260711_215826_09me7o.json,output/user4/আ/আ_20260711_215826_09me7o.png,output/user4/আ/আ_20260711_215826_09me7o.mp4,1680.0,2.0,1.0,0.605872,0.605872,1.650514,0.139168,-0.039198,0.258398,0.150527,0.37996,-0.16952,0.238407,-0.141767,-0.141553,0.027753,7.026484,0.144248,0.020529,1.0,0.809524,0.0,0.670441,0.004185,0.008409,1.1e-05,0.074957,0.000985,0.000326,0.003147,0.004177,0.008406,1.1e-05,0.074957,0.000985,0.000325,0.003141,-3e-06,0.012209,-0.072464,0.074835,-0.000242,-0.002014,0.000267,1.807488,0.946854,0.001853,3.14107,1.950498,0.980373,2.662199,840.0,520.0,320.0,1360.0,840.0,580.0,1100.0,-8.3e-05,0.006254,-0.074086,0.047025,2e-06,-0.000423,0.00042,6e-06,0.006991,-0.050298,0.05373,-2.5e-05,-0.000688,0.000605,-0.02752,0.780395,-0.999998,0.999995,-0.072474,-0.866153,0.807844,-0.003075,0.624669,-0.999993,1.0,0.016152,-0.557742,0.534753,0.029501,0.664661,-0.999985,0.999977,0.045976,-0.592669,0.653527,-0.175351,0.72567,-1.0,1.0,-0.368155,-0.88659,0.557385,0.99881,0.034483,0.0,1.0,1.0,1.0,1.0,0.00119,0.034483,0.0,1.0,0.0,0.0,0.0
20260711_215850_2a6qfe,user4,আ,2026-07-11T15:58:50.585Z,macOS Chrome desktop,output/user4/আ/আ_20260711_215850_2a6qfe.json,output/user4/আ/আ_20260711_215850_2a6qfe.png,output/user4/আ/আ_20260711_215850_2a6qfe.mp4,1385.0,13.0,1.0,0.632966,0.632966,1.579864,0.166483,-0.084316,0.284613,0.188911,-0.138368,-0.113268,0.322154,0.092241,0.460522,0.205509,8.446043,0.504296,0.059708,12.0,0.364621,5.0,0.672012,0.006103,0.016853,5e-06,0.34693,0.000803,0.000261,0.003382,0.005364,0.011539,5e-06,0.085795,0.000797,0.000258,0.003256,-1e-06,0.024413,-0.345018,0.346409,-0.000265,-0.002356,0.000185,1.808692,0.938594,0.003468,3.141078,1.971852,0.987879,2.667537,106.538462,177.950994,1.0,505.0,3.0,1.0,80.0,3.9e-05,0.00755,-0.060566,0.067961,-1.7e-05,-0.000399,0.000298,-0.000206,0.010167,-0.083239,0.074135,-7e-06,-0.000616,0.000401,-0.037618,0.758298,-0.999999,0.999996,-0.034462,-0.83555,0.778018,-0.022628,0.650423,-0.999999,1.0,-0.043249,-0.599444,0.5547,0.010413,0.663507,-0.999997,0.999996,0.0,-0.615255,0.636854,-0.164733,0.729725,-0.999998,1.0,-0.374925,-0.887743,0.585584,0.990614,0.096427,0.0,1.0,1.0,1.0,1.0,0.009386,0.096427,0.0,1.0,0.0,0.0,0.0
20260711_211613_pni7yl,user4,ই,2026-07-11T15:16:13.617Z,macOS Chrome desktop,output/user4/ই/ই_20260711_211613_pni7yl.json,output/user4/ই/ই_20260711_211613_pni7yl.png,output/user4/ই/ই_20260711_211613_pni7yl.mp4,428.0,3.0,0.721798,1.0,0.721798,0.721798,-0.012418,0.010086,0.17037,0.218049,-0.21028,0.001886,-0.290173,-0.361121,-0.079893,-0.363007,3.995153,0.371695,0.093036,2.0,0.507009,0.0,0.536471,0.009356,0.034447,2.1e-05,0.574008,0.001684,0.000637,0.010131,0.007197,0.011993,2.1e-05,0.119465,0.001683,0.000636,0.009951,-1.1e-05,0.049793,-0.571699,0.568986,-0.000397,-0.00849,0.008994,1.647399,0.923547,0.002124,3.135188,1.701287,0.780126,2.469257,142.666667,52.563189,105.0,217.0,106.0,105.5,161.5,0.000848,0.00978,-0.053411,0.057041,2.7e-05,-0.000862,0.001082,0.000561,0.009877,-0.055054,0.119296,1e-06,-0.000965,0.001223,-0.038329,0.70731,-0.999903,0.999962,0.000803,-0.762847,0.643307,0.035642,0.704961,-0.999999,1.0,0.073488,-0.682146,0.731923,0.004608,0.681772,-0.999679,0.999997,0.0,-0.645302,0.652729,-0.043404,0.730257,-0.999977,1.0,-0.10039,-0.778011,0.728733,0.992991,0.083428,0.0,1.0,1.0,1.0,1.0,0.007009,0.083428,0.0,1.0,0.0,0.0,0.0
20260711_211631_omhqof,user4,ই,2026-07-11T15:16:31.202Z,macOS Chrome desktop,output/user4/ই/ই_20260711_211631_omhqof.json,output/user4/ই/ই_20260711_211631_omhqof.png,output/user4/ই/ই_20260711_211631_omhqof.mp4,474.0,4.0,0.976776,1.0,0.976776,0.976776,0.064444,0.064144,0.228228,0.215477,-0.226058,0.108104,-0.408099,-0.465367,-0.182041,-0.573471,5.532361,0.601671,0.108755,3.0,0.622363,1.0,0.504255,0.011696,0.040004,4e-06,0.626016,0.001966,0.000753,0.013747,0.009249,0.014642,4e-06,0.091378,0.001951,0.000752,0.012678,-4.6e-05,0.058277,-0.620511,0.624576,-0.000564,-0.010679,0.01154,1.606737,0.900776,0.001199,3.13491,1.581189,0.845412,2.43292,118.5,108.086771,1.0,295.0,89.0,64.0,143.5,0.001508,0.014065,-0.08984,0.073947,0.000102,-0.000544,0.001607,-0.000157,0.009863,-0.069775,0.048098,-1e-06,-0.001127,0.001073,-0.031843,0.696994,-0.999878,0.999899,-0.000784,-0.741326,0.660997,0.091215,0.710535,-0.999999,1.0,0.155707,-0.603413,0.773696,0.045811,0.701528,-0.999999,0.999971,0.095542,-0.642642,0.742386,-0.015165,0.711,-0.999978,1.0,-0.000231,-0.755727,0.679771,0.991561,0.091475,0.0,1.0,1.0,1.0,1.0,0.008439,0.091475,0.0,1.0,0.0,0.0,0.0
20260711_215916_5xq3ym,user4,ই,2026-07-11T15:59:16.067Z,macOS Chrome desktop,output/user4/ই/ই_20260711_215916_5xq3ym.json,output/user4/ই/ই_20260711_215916_5xq3ym.png,output/user4/ই/ই_20260711_215916_5xq3ym.mp4,802.0,15.0,0.844832,1.0,0.844832,0.844832,-0.019213,-0.03069,0.218754,0.233629,-0.377876,-0.063099,-0.395989,-0.379105,-0.018113,-0.316006,5.588263,0.316525,0.056641,14.0,0.369077,4.0,0.645489,0.006977,0.023045,3e-06,0.548205,0.000954,0.000258,0.003419,0.006133,0.012539,3e-06,0.085344,0.000941,0.000249,0.003362,-1e-06,0.033427,-0.547368,0.548048,-0.000285,-0.002356,0.000211,1.799784,0.941023,0.00112,3.141284,1.964898,0.986367,2.655989,53.466667,96.968632,1.0,296.0,5.0,1.5,27.5,5.2e-05,0.010252,-0.052572,0.083267,-1.9e-05,-0.000484,0.000337,0.000244,0.009275,-0.064212,0.080361,-2.1e-05,-0.000608,0.000431,-0.053186,0.710881,-0.999999,0.99997,-0.052428,-0.792864,0.675702,-0.027906,0.700737,-0.999997,1.0,-0.068754,-0.704926,0.652794,0.030601,0.654845,-0.999983,0.999985,0.042037,-0.570812,0.630753,-0.141967,0.741667,-0.999999,1.0,-0.35195,-0.876292,0.631414,0.981297,0.135475,0.0,1.0,1.0,1.0,1.0,0.018703,0.135475,0.0,1.0,0.0,0.0,0.0
20260711_215928_ckxbi5,user4,ই,2026-07-11T15:59:28.475Z,macOS Chrome desktop,output/user4/ই/ই_20260711_215928_ckxbi5.json,output/user4/ই/ই_20260711_215928_ckxbi5.png,output/user4/ই/ই_20260711_215928_ckxbi5.mp4,519.0,2.0,0.739908,1.0,0.739908,0.739908,0.035807,-0.016322,0.185485,0.226866,-0.2846,-0.016661,-0.277062,-0.419846,0.007538,-0.403185,4.476342,0.403255,0.090086,1.0,0.768786,0.0,0.640232,0.008642,0.031781,1.6e-05,0.642677,0.00107,0.000333,0.004232,0.007415,0.015262,1.6e-05,0.110309,0.001065,0.000333,0.004168,-3e-06,0.046062,-0.642251,0.642323,-0.000224,-0.002763,0.000242,1.765651,0.944486,0.019343,3.138854,1.804671,0.9727,2.624555,259.5,139.5,120.0,399.0,259.5,189.75,329.25,0.000314,0.0128,-0.095641,0.086406,0.0,-0.000599,0.000517,0.000425,0.011076,-0.061573,0.078605,-2.6e-05,-0.000713,0.000556,-0.03087,0.72917,-0.999995,0.999997,-0.051245,-0.781065,0.756857,0.012,0.683527,-0.999949,1.0,0.008849,-0.600741,0.665016,0.021557,0.67169,-0.999962,0.999988,0.02974,-0.610729,0.628014,-0.137123,0.727705,-0.999995,1.0,-0.226123,-0.869477,0.582006,0.996146,0.061957,0.0,1.0,1.0,1.0,1.0,0.003854,0.061957,0.0,1.0,0.0,0.0,0.0
20260711_215945_ovgs11,user4,ই,2026-07-11T15:59:45.425Z,macOS Chrome desktop,output/user4/ই/ই_20260711_215945_ovgs11.json,output/user4/ই/ই_20260711_215945_ovgs11.png,output/user4/ই/ই_20260711_215945_ovgs11.mp4,767.0,4.0,0.8227,1.0,0.8227,0.8227,-0.059176,-0.111566,0.189571,0.246995,-0.36753,-0.112235,-0.080592,-0.221588,0.286938,-0.109353,5.775652,0.307069,0.053166,3.0,0.404172,1.0,0.606815,0.00754,0.0266,4e-06,0.566122,0.001134,0.000365,0.003904,0.006367,0.012357,4e-06,0.09247,0.001125,0.000362,0.003862,6e-06,0.038524,-0.564742,0.56567,-0.000406,-0.002612,0.000293,1.734029,0.937004,0.003554,3.138087,1.852242,0.874706,2.607151,191.75,128.254386,1.0,310.0,228.0,111.25,308.5,0.001003,0.010494,-0.060918,0.091967,0.0,-0.000437,0.000604,0.000609,0.008985,-0.04237,0.070082,4.1e-05,-0.000522,0.00095,0.04587,0.734701,-0.999998,0.999964,0.088321,-0.700613,0.776921,-0.003008,0.676828,-0.999323,1.0,0.00997,-0.667399,0.634463,0.015714,0.671088,-0.999994,0.999999,0.035674,-0.635947,0.666079,-0.113783,0.732418,-0.999994,1.0,-0.262098,-0.858563,0.656464,0.994785,0.072027,0.0,1.0,1.0,1.0,1.0,0.005215,0.072027,0.0,1.0,0.0,0.0,0.0
20260711_215959_axw0jl,user4,ই,2026-07-11T15:59:59.543Z,macOS Chrome desktop,output/user4/ই/ই_20260711_215959_axw0jl.json,output/user4/ই/ই_20260711_215959_axw0jl.png,output/user4/ই/ই_20260711_215959_axw0jl.mp4,604.0,5.0,0.809402,1.0,0.809402,0.809402,0.063386,-0.028841,0.197402,0.258126,-0.158637,-0.033407,-0.130285,-0.323157,0.028352,-0.28975,4.821543,0.291134,0.060382,4.0,0.410596,0.0,0.652755,0.007996,0.028953,1.5e-05,0.582629,0.001039,0.000287,0.003718,0.006548,0.013703,1.5e-05,0.098602,0.001027,0.000286,0.003672,-3e-06,0.041939,-0.580799,0.582448,-0.000238,-0.002715,0.000212,1.780879,0.953109,0.008711,3.138857,1.876114,0.967092,2.674925,120.8,82.683493,11.0,248.0,124.0,57.0,164.0,0.000754,0.01142,-0.089985,0.073958,1e-06,-0.000383,0.000696,0.000405,0.009878,-0.067123,0.087712,5e-06,-0.000496,0.000538,-0.008525,0.71472,-0.999909,0.99999,0.00631,-0.752292,0.692651,0.029015,0.698753,-0.999986,1.0,0.027119,-0.622962,0.720297,-0.017573,0.662971,-0.999778,0.999893,-0.033643,-0.610797,0.614807,-0.134315,0.736281,-0.999996,1.0,-0.245308,-0.891432,0.585751,0.991722,0.090607,0.0,1.0,1.0,1.0,1.0,0.008278,0.090607,0.0,1.0,0.0,0.0,0.0
20260711_220013_x16qxh,user4,ই,2026-07-11T16:00:13.923Z,macOS Chrome desktop,output/user4/ই/ই_20260711_220013_x16qxh.json,output/user4/ই/ই_20260711_220013_x16qxh.png,output/user4/ই/ই_20260711_220013_x16qxh.mp4,504.0,11.0,1.0,0.949966,0.949966,1.052669,0.015474,-0.081166,0.228507,0.225355,-0.298319,-0.144075,-0.44704,-0.341338,-0.148721,-0.197263,5.561241,0.247044,0.044422,10.0,0.412698,5.0,0.580122,0.011056,0.0375,2.5e-05,0.662532,0.001438,0.000385,0.004821,0.008707,0.018003,2.5e-05,0.127145,0.001338,0.000374,0.004517,1.4e-05,0.054276,-0.66131,0.661197,-0.000484,-0.002862,0.000294,1.750181,0.925101,0.010089,3.132846,1.830702,0.985438,2.573273,45.818182,68.713924,1.0,208.0,3.0,1.0,75.0,0.000843,0.014632,-0.102748,0.092832,0.0,-0.000541,0.000655,0.000716,0.013262,-0.057504,0.125968,-2.7e-05,-0.001041,0.000574,-0.031147,0.742482,-0.999988,0.999985,-0.03313,-0.822575,0.757786,0.048944,0.667346,-0.999992,1.0,0.075873,-0.567317,0.666655,-0.022304,0.673533,-0.999835,0.999985,-0.008827,-0.685339,0.632672,-0.091949,0.73307,-0.99996,1.0,-0.177084,-0.81572,0.65012,0.978175,0.146113,0.0,1.0,1.0,1.0,1.0,0.021825,0.146113,0.0,1.0,0.0,0.0,0.0
20260711_220027_1j40u6,user4,ই,2026-07-11T16:00:27.650Z,macOS Chrome desktop,output/user4/ই/ই_20260711_220027_1j40u6.json,output/user4/ই/ই_20260711_220027_1j40u6.png,output/user4/ই/ই_20260711_220027_1j40u6.mp4,617.0,4.0,0.872386,1.0,0.872386,0.872386,0.055032,-0.082532,0.222302,0.222814,-0.09173,0.017024,-0.396986,-0.451375,-0.305256,-0.468399,5.885797,0.559088,0.094989,3.0,0.808752,0.0,0.553018,0.009555,0.036246,3.6e-05,0.810875,0.001605,0.000594,0.006323,0.008069,0.016061,3.6e-05,0.11163,0.001593,0.000591,0.006268,-5e-06,0.05215,-0.809013,0.809085,-0.000459,-0.004713,0.000623,1.822846,0.973603,0.010381,3.139767,2.004528,0.951608,2.724357,154.25,200.355153,2.0,499.0,58.0,42.5,169.75,-7.3e-05,0.014044,-0.102981,0.109969,-4.4e-05,-0.0012,0.000638,0.000557,0.01111,-0.082299,0.079662,-4.8e-05,-0.000968,0.000795,-0.042883,0.715547,-0.999936,0.999978,-0.067958,-0.76047,0.713268,-0.048901,0.695528,-0.999992,1.0,-0.081585,-0.755371,0.627707,0.022225,0.644025,-0.999994,0.999856,0.004085,-0.531813,0.605185,-0.171408,0.745219,-0.999998,1.0,-0.401122,-0.913465,0.605259,0.993517,0.080256,0.0,1.0,1.0,1.0,1.0,0.006483,0.080256,0.0,1.0,0.0,0.0,0.0
20260711_220043_yyhe4o,user4,ই,2026-07-11T16:00:43.271Z,macOS Chrome desktop,output/user4/ই/ই_20260711_220043_yyhe4o.json,output/user4/ই/ই_20260711_220043_yyhe4o.png,output/user4/ই/ই_20260711_220043_yyhe4o.mp4,685.0,5.0,0.710762,1.0,0.710762,0.710762,0.031336,0.021456,0.174201,0.242337,-0.240938,-0.064433,0.076043,0.144538,0.316981,0.208971,5.592585,0.379665,0.067887,4.0,0.70365,1.0,0.563235,0.008176,0.031636,1e-05,0.596328,0.001393,0.000413,0.005139,0.006535,0.012797,1e-05,0.111969,0.001364,0.000407,0.004876,0.00087,0.038662,-0.474807,0.595927,-0.000286,-0.00344,0.000389,1.762919,0.980935,0.00183,3.14121,1.856142,0.895517,2.674072,137.0,179.609577,1.0,482.0,59.0,4.0,139.0,-0.000281,0.010928,-0.091629,0.077266,2e-06,-0.000585,0.000591,0.00022,0.009241,-0.077377,0.104003,-9e-06,-0.000858,0.0008,0.011183,0.748563,-0.999962,0.999992,-0.003409,-0.759902,0.813173,0.001601,0.662964,-0.999994,1.0,0.016584,-0.629582,0.610145,0.008559,0.649129,-0.999983,0.999863,0.0,-0.562227,0.57606,-0.125491,0.7502,-0.999999,1.0,-0.262658,-0.889788,0.642222,0.992701,0.085123,0.0,1.0,1.0,1.0,1.0,0.007299,0.085123,0.0,1.0,0.0,0.0,0.0
20260711_220058_6cy90j,user4,ই,2026-07-11T16:00:58.080Z,macOS Chrome desktop,output/user4/ই/ই_20260711_220058_6cy90j.json,output/user4/ই/ই_20260711_220058_6cy90j.png,output/user4/ই/ই_20260711_220058_6cy90j.mp4,694.0,9.0,0.832348,1.0,0.832348,0.832348,-0.054915,-0.109763,0.22287,0.209443,-0.276272,-0.05165,-0.132379,-0.135321,0.143893,-0.083671,5.650736,0.166451,0.029457,8.0,0.622478,4.0,0.576642,0.008154,0.028748,1.2e-05,0.651872,0.001441,0.000473,0.004846,0.006635,0.013437,1.2e-05,0.12238,0.001423,0.000472,0.004631,-6e-06,0.038555,-0.614524,0.566444,-0.000296,-0.003064,0.000552,1.855588,0.950074,7.6e-05,3.138519,2.03452,1.053304,2.723083,77.111111,141.294369,1.0,432.0,2.0,1.0,40.0,0.000461,0.011312,-0.100099,0.081155,-2.2e-05,-0.000561,0.000541,0.000492,0.009658,-0.084002,0.070406,2e-05,-0.000741,0.000976,0.02579,0.743632,-0.999993,0.999998,0.038656,-0.760419,0.78706,-0.00321,0.66808,-0.999999,1.0,-0.04352,-0.618773,0.650118,0.031441,0.650275,-0.999967,0.999996,0.0,-0.545887,0.646497,-0.196809,0.733084,-0.999994,1.0,-0.426022,-0.912162,0.534621,0.987032,0.113138,0.0,1.0,1.0,1.0,1.0,0.012968,0.113138,0.0,1.0,0.0,0.0,0.0
20260711_220112_94lc88,user4,ই,2026-07-11T16:01:12.998Z,macOS Chrome desktop,output/user4/ই/ই_20260711_220112_94lc88.json,output/user4/ই/ই_20260711_220112_94lc88.png,output/user4/ই/ই_20260711_220112_94lc88.mp4,712.0,8.0,0.82842,1.0,0.82842,0.82842,0.059283,-0.032548,0.211013,0.260721,-0.224093,-0.099769,-0.413131,-0.400034,-0.189038,-0.300265,4.835134,0.354816,0.073383,7.0,0.685393,1.0,0.633523,0.0068,0.02356,3e-05,0.513937,0.001093,0.000377,0.004144,0.005864,0.013569,3e-05,0.13601,0.001075,0.000374,0.003935,-7e-06,0.033966,-0.50976,0.512542,-0.000236,-0.002719,0.000555,1.786806,0.95946,0.006578,3.135382,1.93817,0.915198,2.68467,89.0,157.939071,1.0,488.0,5.0,3.0,83.25,-0.000261,0.01139,-0.11631,0.099322,0.0,-0.000491,0.000447,0.000235,0.009284,-0.10184,0.078792,0.0,-0.000657,0.000793,0.015625,0.736674,-0.999995,0.999987,0.0,-0.748351,0.797465,-0.001182,0.676063,-0.999975,1.0,0.015478,-0.640117,0.63616,-0.035271,0.651116,-0.999996,0.999977,-0.029531,-0.62663,0.561524,-0.135412,0.745961,-0.999979,1.0,-0.302476,-0.893813,0.643593,0.988764,0.105403,0.0,1.0,1.0,1.0,1.0,0.011236,0.105403,0.0,1.0,0.0,0.0,0.0
20260711_220132_3b6d70,user4,ই,2026-07-11T16:01:32.328Z,macOS Chrome desktop,output/user4/ই/ই_20260711_220132_3b6d70.json,output/user4/ই/ই_20260711_220132_3b6d70.png,output/user4/ই/ই_20260711_220132_3b6d70.mp4,886.0,27.0,0.68323,1.0,0.68323,0.68323,0.106601,-0.003068,0.152795,0.214084,-0.045406,-0.087178,-0.279179,-0.44516,-0.233773,-0.357982,5.482946,0.427552,0.077979,26.0,0.275395,13.0,0.610012,0.006195,0.023809,3e-06,0.615649,0.001252,0.000358,0.004861,0.004861,0.010134,3e-06,0.097519,0.001178,0.000347,0.004352,-2.5e-05,0.032886,-0.613124,0.575548,-0.000259,-0.002762,0.000536,1.780688,0.980017,0.001041,3.139073,1.960442,0.894017,2.665788,32.814815,74.95729,1.0,244.0,2.0,1.0,5.0,1.6e-05,0.008804,-0.097483,0.056413,1.2e-05,-0.000342,0.000649,0.000191,0.006703,-0.055101,0.064028,0.0,-0.000706,0.000722,-0.016457,0.747687,-0.999992,1.0,0.0,-0.793965,0.771626,0.062986,0.660849,-0.999942,1.0,0.112647,-0.527552,0.672899,0.0411,0.623906,-0.999977,0.99981,0.014546,-0.493604,0.585777,-0.119385,0.771226,-0.999991,1.0,-0.33879,-0.883213,0.744578,0.969526,0.171888,0.0,1.0,1.0,1.0,1.0,0.030474,0.171888,0.0,1.0,0.0,0.0,0.0
20260711_220151_kjuuzh,user4,ই,2026-07-11T16:01:51.689Z,macOS Chrome desktop,output/user4/ই/ই_20260711_220151_kjuuzh.json,output/user4/ই/ই_20260711_220151_kjuuzh.png,output/user4/ই/ই_20260711_220151_kjuuzh.mp4,568.0,7.0,0.76853,1.0,0.76853,0.76853,0.036455,-0.081201,0.159041,0.225136,0.016163,-0.080797,0.179368,-0.188813,0.163205,-0.108016,4.698568,0.195712,0.041654,6.0,0.542254,3.0,0.655971,0.008287,0.038365,1.1e-05,0.752502,0.000999,0.000321,0.003623,0.006136,0.013395,1.1e-05,0.093066,0.000973,0.00032,0.003529,-5e-06,0.054994,-0.751985,0.751108,-0.000227,-0.002601,0.000251,1.874986,0.979329,0.004057,3.139913,2.105728,0.988283,2.744743,81.142857,106.802125,1.0,308.0,8.0,1.0,124.5,0.000193,0.010561,-0.077229,0.062527,-5e-06,-0.000439,0.00035,0.000467,0.01013,-0.062193,0.08192,-3.9e-05,-0.000609,0.000534,-0.047864,0.729659,-0.999957,0.999999,-0.113059,-0.819308,0.694324,-0.014018,0.681986,-0.999998,1.0,-0.008467,-0.675826,0.620366,0.022036,0.617393,-0.999994,0.999859,0.0,-0.458413,0.567475,-0.208572,0.758173,-0.999998,1.0,-0.49893,-0.921959,0.621876,0.987676,0.110327,0.0,1.0,1.0,1.0,1.0,0.012324,0.110327,0.0,1.0,0.0,0.0,0.0
20260711_220205_cr3boy,user4,ই,2026-07-11T16:02:05.156Z,macOS Chrome desktop,output/user4/ই/ই_20260711_220205_cr3boy.json,output/user4/ই/ই_20260711_220205_cr3boy.png,output/user4/ই/ই_20260711_220205_cr3boy.mp4,649.0,2.0,0.720118,1.0,0.720118,0.720118,0.066679,-0.05535,0.167443,0.21992,0.024088,-0.039261,-0.297422,-0.49948,-0.32151,-0.460219,5.25904,0.5614,0.10675,1.0,0.53621,0.0,0.561051,0.008116,0.029808,4e-05,0.67884,0.001504,0.000425,0.005216,0.007079,0.013911,4e-05,0.104019,0.001504,0.000425,0.00511,-1.5e-05,0.042987,-0.676858,0.678282,-0.000368,-0.003391,0.000305,1.858962,0.927617,0.002018,3.139179,2.015262,1.116006,2.686146,324.5,23.5,301.0,348.0,324.5,312.75,336.25,-0.00015,0.012317,-0.096795,0.083742,-4.6e-05,-0.000715,0.00056,0.000278,0.009544,-0.056331,0.084429,-3.5e-05,-0.001056,0.000671,-0.042244,0.717629,-0.999978,1.0,-0.073717,-0.758679,0.669473,-0.016184,0.694952,-0.999994,1.0,-0.080545,-0.692259,0.693889,-0.014517,0.66721,-0.999844,0.999867,-0.036577,-0.655528,0.618508,-0.212991,0.713616,-0.999997,1.0,-0.42361,-0.896541,0.458992,0.996918,0.055427,0.0,1.0,1.0,1.0,1.0,0.003082,0.055427,0.0,1.0,0.0,0.0,0.0
20260711_220217_85rgxu,user4,ই,2026-07-11T16:02:17.888Z,macOS Chrome desktop,output/user4/ই/ই_20260711_220217_85rgxu.json,output/user4/ই/ই_20260711_220217_85rgxu.png,output/user4/ই/ই_20260711_220217_85rgxu.mp4,412.0,18.0,0.889354,1.0,0.889354,0.889354,0.094484,-0.040646,0.222064,0.249698,-0.083224,-0.035246,-0.304323,-0.415258,-0.221099,-0.380012,4.590794,0.439652,0.095768,17.0,0.419903,5.0,0.586294,0.01117,0.040647,2.5e-05,0.740728,0.001249,0.000422,0.005481,0.008655,0.018117,2.5e-05,0.104157,0.001145,0.000419,0.004656,-1e-05,0.058267,-0.734443,0.734526,-0.000367,-0.003819,0.000299,1.74112,0.967357,0.007786,3.125514,1.880944,0.844743,2.66908,22.888889,44.129719,1.0,173.0,3.0,1.25,7.75,0.000243,0.015348,-0.103706,0.086632,0.0,-0.000472,0.00061,0.000543,0.012232,-0.076217,0.089631,0.0,-0.0007,0.000565,-0.03859,0.705458,-0.999994,0.99971,0.0,-0.764217,0.677827,0.076121,0.703591,-0.999985,1.0,0.124028,-0.597779,0.76282,-0.023072,0.636679,-0.999455,0.999966,0.0,-0.566026,0.528234,-0.07306,0.767307,-0.999869,1.0,-0.227222,-0.867259,0.76271,0.956311,0.204403,0.0,1.0,1.0,1.0,1.0,0.043689,0.204403,0.0,1.0,0.0,0.0,0.0
20260711_220235_4uai7u,user4,ই,2026-07-11T16:02:35.471Z,macOS Chrome desktop,output/user4/ই/ই_20260711_220235_4uai7u.json,output/user4/ই/ই_20260711_220235_4uai7u.png,output/user4/ই/ই_20260711_220235_4uai7u.mp4,578.0,8.0,0.816324,1.0,0.816324,0.816324,0.126609,-0.070214,0.185983,0.265833,0.050616,-0.179494,-0.392617,-0.465986,-0.443233,-0.286492,4.393261,0.527762,0.12013,7.0,0.359862,3.0,0.636842,0.007614,0.028215,1.3e-05,0.58286,0.001161,0.000347,0.003927,0.006257,0.013034,1.3e-05,0.100101,0.001132,0.000346,0.003818,-1e-05,0.040665,-0.5817,0.580385,-0.000262,-0.002528,0.000296,1.743988,0.964558,0.00642,3.141593,1.87904,0.899392,2.641218,72.25,79.250789,1.0,208.0,39.0,1.0,130.25,-0.000798,0.011325,-0.09758,0.073757,8e-06,-0.00048,0.000534,0.000283,0.008784,-0.053756,0.068035,0.0,-0.00071,0.000636,-0.013398,0.724637,-0.999996,0.999996,0.0,-0.774416,0.718461,0.028984,0.688386,-0.999999,1.0,0.073439,-0.650278,0.661605,0.010565,0.655959,-0.999958,0.999978,0.0,-0.573253,0.620105,-0.115334,0.74585,-0.999988,1.0,-0.277377,-0.875842,0.664767,0.986159,0.11683,0.0,1.0,1.0,1.0,1.0,0.013841,0.11683,0.0,1.0,0.0,0.0,0.0
20260711_220308_e7l7wm,user4,ই,2026-07-11T16:03:08.513Z,macOS Chrome desktop,output/user4/ই/ই_20260711_220308_e7l7wm.json,output/user4/ই/ই_20260711_220308_e7l7wm.png,output/user4/ই/ই_20260711_220308_e7l7wm.mp4,860.0,11.0,0.697318,1.0,0.697318,0.697318,0.02266,-0.01312,0.151807,0.2293,-0.11674,-0.117117,-0.289042,-0.352347,-0.172302,-0.23523,5.325062,0.291584,0.054757,10.0,0.304651,2.0,0.712603,0.006199,0.027393,6e-06,0.717744,0.000655,0.000199,0.002812,0.004949,0.010733,6e-06,0.083824,0.000645,0.000194,0.002572,-0.0,0.039208,-0.716811,0.708621,-0.000214,-0.001831,0.000112,1.720941,0.949463,0.000683,3.140872,1.776849,0.909915,2.611382,78.181818,86.802616,1.0,262.0,17.0,3.0,142.5,2.5e-05,0.009598,-0.067707,0.083771,3e-06,-0.000256,0.000288,0.000175,0.006764,-0.057179,0.052782,9e-06,-0.000258,0.000479,0.021544,0.710247,-0.999979,0.999925,0.036354,-0.729881,0.731179,0.024415,0.703193,-0.999983,1.0,0.042207,-0.65667,0.718683,0.016697,0.671546,-0.999959,0.99996,0.000881,-0.62378,0.655649,-0.082969,0.736102,-1.0,1.0,-0.174454,-0.835053,0.671219,0.987209,0.11237,0.0,1.0,1.0,1.0,1.0,0.012791,0.11237,0.0,1.0,0.0,0.0,0.0
20260711_220404_itceug,user4,ঈ,2026-07-11T16:04:04.111Z,macOS Chrome desktop,output/user4/ঈ/ঈ_20260711_220404_itceug.json,output/user4/ঈ/ঈ_20260711_220404_itceug.png,output/user4/ঈ/ঈ_20260711_220404_itceug.mp4,939.0,5.0,0.769716,1.0,0.769716,0.769716,0.080271,0.117572,0.152577,0.249633,-0.156247,-0.061454,-0.250831,-0.356315,-0.094584,-0.294861,5.931818,0.30966,0.052203,4.0,0.354633,1.0,0.653105,0.006324,0.024438,9e-06,0.632932,0.000931,0.000297,0.003372,0.005397,0.011959,9e-06,0.13572,0.000911,0.000297,0.003328,-4.2e-05,0.035055,-0.630972,0.632837,-0.000246,-0.002169,0.00016,1.774818,0.956103,0.00383,3.14113,1.925056,0.914469,2.623203,187.8,120.600829,1.0,333.0,220.0,104.0,281.0,-0.000104,0.010531,-0.106982,0.091836,0.0,-0.000436,0.00043,0.000207,0.007763,-0.057978,0.133729,-8e-06,-0.000565,0.000592,-0.007518,0.716745,-0.999996,1.0,-0.021536,-0.733416,0.752,0.012977,0.697169,-0.999974,1.0,0.006267,-0.658152,0.691497,0.013154,0.659742,-0.999958,0.999898,0.0,-0.586804,0.626335,-0.13961,0.738283,-0.999999,1.0,-0.333819,-0.867847,0.639857,0.994675,0.072777,0.0,1.0,1.0,1.0,1.0,0.005325,0.072777,0.0,1.0,0.0,0.0,0.0
20260711_220444_r35mfs,user4,ঈ,2026-07-11T16:04:44.146Z,macOS Chrome desktop,output/user4/ঈ/ঈ_20260711_220444_r35mfs.json,output/user4/ঈ/ঈ_20260711_220444_r35mfs.png,output/user4/ঈ/ঈ_20260711_220444_r35mfs.mp4,782.0,4.0,0.796222,1.0,0.796222,0.796222,0.066265,0.019886,0.175568,0.249184,-0.224201,-0.105263,-0.338974,-0.416977,-0.114773,-0.311714,6.129735,0.332172,0.05419,3.0,0.409207,0.0,0.637532,0.007849,0.029938,7e-06,0.717684,0.000981,0.000296,0.003771,0.006595,0.01371,7e-06,0.093567,0.000977,0.000296,0.003687,-8e-06,0.043133,-0.712106,0.717205,-0.000254,-0.002456,0.000236,1.71168,0.953283,1.4e-05,3.141553,1.807782,0.833179,2.576926,195.5,80.624128,96.0,320.0,183.0,152.25,226.25,-5.6e-05,0.012434,-0.09351,0.091006,0.0,-0.000421,0.000532,0.000277,0.008694,-0.071421,0.071182,1.9e-05,-0.000427,0.000624,0.0245,0.694108,-0.999997,0.999997,0.050591,-0.675494,0.717494,0.012724,0.719337,-0.999972,1.0,0.003047,-0.68277,0.740827,-0.046456,0.660271,-0.999996,0.999982,-0.035603,-0.674503,0.547816,-0.098809,0.743039,-0.999997,1.0,-0.223822,-0.841405,0.6942,0.994885,0.071337,0.0,1.0,1.0,1.0,1.0,0.005115,0.071337,0.0,1.0,0.0,0.0,0.0
20260711_220519_ila5ji,user4,ঈ,2026-07-11T16:05:19.321Z,macOS Chrome desktop,output/user4/ঈ/ঈ_20260711_220519_ila5ji.json,output/user4/ঈ/ঈ_20260711_220519_ila5ji.png,output/user4/ঈ/ঈ_20260711_220519_ila5ji.mp4,973.0,10.0,0.793146,1.0,0.793146,0.793146,0.10213,-0.078665,0.188868,0.241184,-0.077826,-0.167856,-0.200764,0.084066,-0.122938,0.251922,6.009186,0.280318,0.046648,9.0,0.554985,5.0,0.699896,0.006182,0.033052,0.0,0.869621,0.000727,0.000208,0.002795,0.004643,0.009596,2e-06,0.09551,0.000718,0.000208,0.002732,0.000482,0.044182,-0.868525,0.843263,-0.000167,-0.001734,0.000249,1.712123,0.969891,0.0,3.14144,1.87141,0.806383,2.581422,97.3,162.170928,1.0,540.0,4.0,1.0,130.5,-0.000191,0.008482,-0.081665,0.053888,1.5e-05,-0.000301,0.000291,0.000502,0.006343,-0.033556,0.049528,-1.5e-05,-0.00051,0.000446,-0.034332,0.731364,-0.999999,0.999992,-0.072569,-0.809007,0.735397,0.047171,0.67948,-1.0,1.0,0.082288,-0.605075,0.683622,0.016733,0.654581,-0.999984,0.999996,0.0,-0.567102,0.632717,-0.099117,0.749266,-0.999996,1.0,-0.277977,-0.843277,0.71767,0.989723,0.100856,0.0,1.0,1.0,1.0,1.0,0.010277,0.100856,0.0,1.0,0.0,0.0,0.0
20260711_220543_7o5bd0,user4,ঈ,2026-07-11T16:05:43.470Z,macOS Chrome desktop,output/user4/ঈ/ঈ_20260711_220543_7o5bd0.json,output/user4/ঈ/ঈ_20260711_220543_7o5bd0.png,output/user4/ঈ/ঈ_20260711_220543_7o5bd0.mp4,1129.0,12.0,0.753854,1.0,0.753854,0.753854,0.082303,-0.072562,0.164761,0.243796,-0.152408,-0.151127,-0.101297,-0.392079,0.051111,-0.240952,5.968451,0.246313,0.041269,11.0,0.609389,3.0,0.710833,0.005291,0.017954,0.0,0.496713,0.000703,0.000221,0.002798,0.004594,0.009542,7e-06,0.078944,0.000693,0.00022,0.002663,-3e-06,0.025923,-0.493659,0.49528,-0.000195,-0.001807,0.000195,1.703258,0.928906,0.000407,3.136595,1.773028,0.871211,2.522885,94.083333,193.57232,1.0,688.0,5.5,2.5,56.0,1.6e-05,0.008829,-0.068909,0.078511,1.7e-05,-0.000209,0.000407,7e-05,0.005746,-0.045248,0.046711,-1.7e-05,-0.000446,0.000364,-0.043727,0.729529,-0.999996,0.999997,-0.06073,-0.799884,0.736923,0.046339,0.680969,-0.999999,1.0,0.1024,-0.592608,0.675976,0.027027,0.678391,-0.999999,0.999912,0.014899,-0.613196,0.688532,-0.081362,0.72967,-0.99998,1.0,-0.1747,-0.808717,0.6586,0.989371,0.102547,0.0,1.0,1.0,1.0,1.0,0.010629,0.102547,0.0,1.0,0.0,0.0,0.0
20260711_220606_essesa,user4,ঈ,2026-07-11T16:06:06.936Z,macOS Chrome desktop,output/user4/ঈ/ঈ_20260711_220606_essesa.json,output/user4/ঈ/ঈ_20260711_220606_essesa.png,output/user4/ঈ/ঈ_20260711_220606_essesa.mp4,782.0,7.0,0.93918,1.0,0.93918,0.93918,0.107871,-0.04174,0.243109,0.244688,-0.154639,-0.076806,0.143543,-0.136796,0.298182,-0.05999,7.57604,0.304157,0.040147,6.0,0.387468,2.0,0.547097,0.0097,0.040696,6e-06,0.880068,0.001558,0.000442,0.004849,0.007533,0.015194,6e-06,0.115765,0.001544,0.000439,0.004788,-2e-06,0.057892,-0.87739,0.865167,-0.000362,-0.002687,0.000513,1.843001,0.963134,0.000599,3.14033,2.015566,1.004209,2.754527,111.714286,98.444639,1.0,303.0,80.0,39.5,159.5,-0.000248,0.013194,-0.095829,0.097056,-3.5e-05,-0.000771,0.000644,0.001064,0.010476,-0.053001,0.08604,0.0,-0.000904,0.000757,0.003556,0.710873,-1.0,0.999926,0.0,-0.720999,0.729179,-0.021051,0.702993,-0.999998,1.0,-0.069084,-0.690509,0.67021,0.01465,0.64433,-0.999984,0.999993,0.001069,-0.557246,0.571026,-0.184309,0.742054,-0.999998,1.0,-0.412577,-0.925393,0.584176,0.991049,0.094187,0.0,1.0,1.0,1.0,1.0,0.008951,0.094187,0.0,1.0,0.0,0.0,0.0
20260711_220641_ufswp1,user4,ঈ,2026-07-11T16:06:41.236Z,macOS Chrome desktop,output/user4/ঈ/ঈ_20260711_220641_ufswp1.json,output/user4/ঈ/ঈ_20260711_220641_ufswp1.png,output/user4/ঈ/ঈ_20260711_220641_ufswp1.mp4,940.0,13.0,0.566986,1.0,0.566986,0.566986,0.046843,-0.129659,0.141407,0.187621,-0.212423,-0.239859,0.113815,0.5,0.326238,0.739859,6.027211,0.808593,0.134157,12.0,0.728723,6.0,0.648328,0.006419,0.040301,1.5e-05,1.028653,0.000992,0.000296,0.003702,0.004564,0.008385,1.5e-05,0.064647,0.000963,0.000289,0.003593,0.001088,0.046634,-0.644713,1.028361,-0.000235,-0.002481,0.000238,1.873011,0.955056,0.000606,3.139654,2.054615,1.025703,2.75346,72.307692,181.169867,1.0,685.0,2.0,1.0,11.0,0.000145,0.007684,-0.049498,0.064393,2e-05,-0.000447,0.000521,0.000415,0.005535,-0.040696,0.042044,-6e-06,-0.000492,0.000542,-0.02693,0.691844,-0.99989,0.99999,-0.02027,-0.697093,0.655144,0.033428,0.720765,-1.0,1.0,0.094231,-0.707366,0.75544,-0.005081,0.636185,-0.999984,0.999998,0.0,-0.533269,0.546065,-0.203246,0.744258,-0.999997,1.0,-0.437956,-0.925093,0.575025,0.98617,0.116784,0.0,1.0,1.0,1.0,1.0,0.01383,0.116784,0.0,1.0,0.0,0.0,0.0
20260711_220701_y1rftt,user4,ঈ,2026-07-11T16:07:01.071Z,macOS Chrome desktop,output/user4/ঈ/ঈ_20260711_220701_y1rftt.json,output/user4/ঈ/ঈ_20260711_220701_y1rftt.png,output/user4/ঈ/ঈ_20260711_220701_y1rftt.mp4,881.0,10.0,0.7068,1.0,0.7068,0.7068,0.056858,0.014874,0.170323,0.239366,-0.135053,-0.095481,-0.347657,-0.440851,-0.212604,-0.34537,5.23183,0.405562,0.077518,9.0,0.441544,3.0,0.637199,0.005945,0.027258,1e-06,0.702137,0.001042,0.000343,0.003585,0.004647,0.008875,1e-06,0.072805,0.001021,0.00034,0.00347,-8e-06,0.0385,-0.699668,0.677985,-0.000239,-0.002471,0.000234,1.741666,0.976531,0.0038,3.139906,1.838466,0.83145,2.653256,88.1,120.189392,1.0,389.0,27.5,1.5,149.0,0.000268,0.007178,-0.0655,0.048661,2.3e-05,-0.000399,0.000576,0.000185,0.0069,-0.05481,0.0609,0.0,-0.000636,0.000563,-0.041356,0.720417,-0.999969,0.999994,0.0,-0.812104,0.669515,0.055627,0.690063,-0.999989,1.0,0.123024,-0.612145,0.717818,-0.020958,0.642077,-0.999987,0.999992,-0.032599,-0.577618,0.557869,-0.107042,0.758832,-0.999997,1.0,-0.255853,-0.880696,0.702774,0.988649,0.105933,0.0,1.0,1.0,1.0,1.0,0.011351,0.105933,0.0,1.0,0.0,0.0,0.0
20260711_220721_h9k2mi,user4,ঈ,2026-07-11T16:07:21.353Z,macOS Chrome desktop,output/user4/ঈ/ঈ_20260711_220721_h9k2mi.json,output/user4/ঈ/ঈ_20260711_220721_h9k2mi.png,output/user4/ঈ/ঈ_20260711_220721_h9k2mi.mp4,1044.0,12.0,0.729328,1.0,0.729328,0.729328,0.124256,-0.015771,0.142232,0.246447,-0.154241,-0.22798,-0.364458,-0.38206,-0.210217,-0.15408,5.688985,0.260637,0.045814,11.0,0.448276,3.0,0.641473,0.005454,0.02382,1.4e-05,0.712306,0.001278,0.000484,0.00347,0.004567,0.008925,1.4e-05,0.105769,0.001258,0.000467,0.003399,-2e-06,0.034031,-0.710436,0.710506,-0.00022,-0.002258,0.000663,1.827929,0.947902,0.004711,3.137654,1.991748,1.027906,2.688581,87.0,141.806793,1.0,468.0,4.0,1.75,124.5,2e-06,0.007465,-0.057896,0.051179,-2.1e-05,-0.000658,0.000519,0.000464,0.006589,-0.051964,0.091516,0.0,-0.000701,0.00075,-0.003122,0.721212,-0.999994,0.999994,0.0,-0.752295,0.716252,-0.00041,0.692704,-0.999999,1.0,-0.041411,-0.652862,0.703917,0.000407,0.655718,-0.999997,0.999994,-0.002554,-0.576189,0.606293,-0.178568,0.733579,-0.99999,1.0,-0.39055,-0.89348,0.553423,0.988506,0.106593,0.0,1.0,1.0,1.0,1.0,0.011494,0.106593,0.0,1.0,0.0,0.0,0.0
20260711_220738_j2qzn6,user4,ঈ,2026-07-11T16:07:38.461Z,macOS Chrome desktop,output/user4/ঈ/ঈ_20260711_220738_j2qzn6.json,output/user4/ঈ/ঈ_20260711_220738_j2qzn6.png,output/user4/ঈ/ঈ_20260711_220738_j2qzn6.mp4,1040.0,5.0,0.8356,1.0,0.8356,0.8356,0.132552,-0.057915,0.194085,0.228441,-0.126565,-0.135533,-0.401824,-0.340486,-0.275259,-0.204953,5.868757,0.343181,0.058476,4.0,0.857692,3.0,0.678261,0.005648,0.023725,5e-06,0.696455,0.000785,0.000218,0.003291,0.004985,0.010172,5e-06,0.085905,0.000782,0.000218,0.00328,-5e-06,0.034031,-0.693169,0.696273,-0.000247,-0.002307,0.000201,1.804702,0.936974,0.0,3.141593,1.995933,1.041089,2.629729,208.0,346.517532,1.0,892.0,1.0,1.0,145.0,5.8e-05,0.008268,-0.057741,0.053314,-2.7e-05,-0.000487,0.000276,0.000382,0.007693,-0.052951,0.084228,-1.2e-05,-0.00053,0.000356,-0.035755,0.707809,-0.999996,1.0,-0.03732,-0.75953,0.680196,-0.022992,0.705118,-1.0,1.0,-0.051044,-0.712751,0.682238,0.026371,0.666664,-0.999987,0.999991,0.0,-0.585024,0.677005,-0.17663,0.723637,-1.0,1.0,-0.404979,-0.87162,0.52049,0.995192,0.069171,0.0,1.0,1.0,1.0,1.0,0.004808,0.069171,0.0,1.0,0.0,0.0,0.0
20260711_220751_axw80l,user4,ঈ,2026-07-11T16:07:51.851Z,macOS Chrome desktop,output/user4/ঈ/ঈ_20260711_220751_axw80l.json,output/user4/ঈ/ঈ_20260711_220751_axw80l.png,output/user4/ঈ/ঈ_20260711_220751_axw80l.mp4,659.0,5.0,0.959834,1.0,0.959834,0.959834,0.094487,-0.002978,0.224043,0.238788,-0.041293,-0.143389,-0.478949,-0.399947,-0.437656,-0.256558,4.944387,0.507311,0.102603,4.0,0.789074,1.0,0.636086,0.007514,0.032824,3e-06,0.7837,0.00116,0.000417,0.004102,0.006205,0.012487,3e-06,0.110987,0.001141,0.000415,0.004013,-1e-06,0.047007,-0.779046,0.781806,-0.000336,-0.002795,0.000225,1.808572,0.914213,0.016328,3.136801,1.899729,1.035949,2.639104,131.8,199.9984,1.0,520.0,8.0,2.0,128.0,-0.000362,0.009842,-0.075247,0.060535,0.0,-0.000605,0.00052,0.000653,0.009774,-0.107895,0.067378,2e-06,-0.000641,0.000707,0.007073,0.710068,-0.999998,0.999984,0.010245,-0.712238,0.705275,0.016485,0.7039,-0.999992,1.0,0.033015,-0.705343,0.702999,-0.001162,0.678264,-0.999997,0.999941,0.0,-0.660097,0.643386,-0.159252,0.717343,-0.999982,1.0,-0.299751,-0.873823,0.55985,0.992413,0.086774,0.0,1.0,1.0,1.0,1.0,0.007587,0.086774,0.0,1.0,0.0,0.0,0.0
20260711_220807_mldxj2,user4,ঈ,2026-07-11T16:08:07.321Z,macOS Chrome desktop,output/user4/ঈ/ঈ_20260711_220807_mldxj2.json,output/user4/ঈ/ঈ_20260711_220807_mldxj2.png,output/user4/ঈ/ঈ_20260711_220807_mldxj2.mp4,776.0,19.0,0.847876,1.0,0.847876,0.847876,0.110617,0.017793,0.183742,0.24204,-0.174127,-0.095078,-0.423547,-0.459904,-0.24942,-0.364826,6.04149,0.441937,0.07315,18.0,0.587629,9.0,0.561427,0.007795,0.026768,2.1e-05,0.654715,0.001581,0.000489,0.00559,0.006574,0.01268,2.1e-05,0.091359,0.001526,0.000474,0.005145,-0.0,0.037399,-0.649801,0.604834,-0.000378,-0.003414,0.000783,1.798527,0.949792,0.001673,3.141403,1.871506,1.013762,2.67154,40.842105,102.901723,1.0,456.0,2.0,1.0,17.0,-0.000506,0.011336,-0.081997,0.091274,0.0,-0.00074,0.000673,0.00034,0.008373,-0.076699,0.056481,1.1e-05,-0.00091,0.000978,0.008015,0.722904,-0.99999,0.999999,0.023288,-0.776323,0.753561,0.007172,0.690862,-0.999996,1.0,0.021083,-0.663381,0.63737,0.038523,0.655051,-0.999959,0.999995,0.010429,-0.54121,0.624553,-0.121615,0.744732,-1.0,1.0,-0.217547,-0.881886,0.674449,0.975515,0.154548,0.0,1.0,1.0,1.0,1.0,0.024485,0.154548,0.0,1.0,0.0,0.0,0.0
20260711_220822_wgaxvc,user4,ঈ,2026-07-11T16:08:22.237Z,macOS Chrome desktop,output/user4/ঈ/ঈ_20260711_220822_wgaxvc.json,output/user4/ঈ/ঈ_20260711_220822_wgaxvc.png,output/user4/ঈ/ঈ_20260711_220822_wgaxvc.mp4,802.0,4.0,0.764434,1.0,0.764434,0.764434,0.168523,0.011781,0.163436,0.263926,-0.085601,-0.142361,-0.366283,-0.459936,-0.280682,-0.317575,5.310009,0.423835,0.079818,3.0,0.703242,0.0,0.620301,0.006629,0.029395,3e-06,0.777319,0.001193,0.000402,0.003641,0.005564,0.010805,3e-06,0.075445,0.001184,0.000397,0.003561,-1e-06,0.042024,-0.771817,0.776537,-0.000336,-0.002231,0.000379,1.790351,0.926186,0.002929,3.141593,1.959273,0.975424,2.585637,200.5,215.705239,2.0,564.0,118.0,72.5,246.0,-0.000132,0.009313,-0.070248,0.066831,-1.2e-05,-0.000639,0.000558,0.000444,0.007747,-0.060541,0.047937,0.0,-0.000755,0.000661,-0.007395,0.724856,-0.999952,0.999998,0.0,-0.774348,0.738498,-0.005573,0.688833,-0.999998,1.0,-0.023742,-0.671253,0.63449,-0.01319,0.675733,-0.999958,0.999999,-0.012127,-0.653637,0.639991,-0.166495,0.717967,-0.999991,1.0,-0.374921,-0.848157,0.572648,0.995012,0.070446,0.0,1.0,1.0,1.0,1.0,0.004988,0.070446,0.0,1.0,0.0,0.0,0.0
20260711_220837_dby4gx,user4,ঈ,2026-07-11T16:08:37.425Z,macOS Chrome desktop,output/user4/ঈ/ঈ_20260711_220837_dby4gx.json,output/user4/ঈ/ঈ_20260711_220837_dby4gx.png,output/user4/ঈ/ঈ_20260711_220837_dby4gx.mp4,757.0,15.0,0.738436,1.0,0.738436,0.738436,0.088268,-0.053548,0.206636,0.264687,-0.163467,-0.178824,-0.251131,-0.310611,-0.087664,-0.131787,6.175778,0.158281,0.025629,14.0,0.26288,5.0,0.601078,0.008169,0.035342,2e-05,0.886888,0.001137,0.000355,0.005027,0.006575,0.013952,2e-05,0.161842,0.001061,0.000345,0.00461,-1e-06,0.050731,-0.88595,0.886591,-0.000333,-0.00299,0.000385,1.884986,0.934074,0.00534,3.139576,2.055809,1.143205,2.727803,50.466667,64.431738,1.0,199.0,11.0,1.0,112.5,0.00047,0.01084,-0.104836,0.092178,3e-06,-0.000342,0.000563,0.000719,0.010722,-0.071063,0.123298,-1.9e-05,-0.000779,0.000564,-0.043063,0.734932,-0.999999,0.999987,-0.073174,-0.809601,0.735566,0.032829,0.675971,-0.999915,1.0,0.067461,-0.587675,0.665968,0.026336,0.64565,-0.999999,0.999982,0.024047,-0.54514,0.593247,-0.199522,0.736629,-0.999998,1.0,-0.428753,-0.91218,0.540492,0.980185,0.139364,0.0,1.0,1.0,1.0,1.0,0.019815,0.139364,0.0,1.0,0.0,0.0,0.0
20260711_220850_xo5kch,user4,ঈ,2026-07-11T16:08:50.437Z,macOS Chrome desktop,output/user4/ঈ/ঈ_20260711_220850_xo5kch.json,output/user4/ঈ/ঈ_20260711_220850_xo5kch.png,output/user4/ঈ/ঈ_20260711_220850_xo5kch.mp4,660.0,7.0,0.919536,1.0,0.919536,0.919536,0.12032,-0.117464,0.21362,0.2217,-0.197457,-0.175105,-0.44292,-0.39518,-0.245463,-0.220075,5.805656,0.329674,0.056785,6.0,0.840909,4.0,0.647779,0.00881,0.036438,4e-06,0.856161,0.001026,0.000327,0.003993,0.007427,0.015351,4e-06,0.103188,0.001014,0.000322,0.003643,-8e-06,0.051553,-0.85401,0.816631,-0.000302,-0.002557,0.000273,1.701436,0.922958,0.010971,3.140342,1.770308,0.916073,2.50407,94.285714,190.744941,1.0,555.0,1.0,1.0,50.5,-0.000137,0.013572,-0.086112,0.103015,-2e-06,-0.000566,0.000464,0.000917,0.010132,-0.062951,0.083519,8e-06,-0.000561,0.000624,0.013091,0.70016,-0.999963,0.999994,0.034839,-0.71787,0.683203,-0.010523,0.713784,-0.999999,1.0,-0.01002,-0.735313,0.685605,-0.025638,0.686169,-0.999994,0.999983,-0.018791,-0.69163,0.62379,-0.083416,0.72218,-0.999998,1.0,-0.14784,-0.797343,0.641413,0.989394,0.102438,0.0,1.0,1.0,1.0,1.0,0.010606,0.102438,0.0,1.0,0.0,0.0,0.0
20260711_220906_ehc737,user4,ঈ,2026-07-11T16:09:06.720Z,macOS Chrome desktop,output/user4/ঈ/ঈ_20260711_220906_ehc737.json,output/user4/ঈ/ঈ_20260711_220906_ehc737.png,output/user4/ঈ/ঈ_20260711_220906_ehc737.mp4,811.0,4.0,0.838698,1.0,0.838698,0.838698,0.093632,-0.04398,0.19563,0.229956,-0.283128,-0.174229,-0.419328,-0.396139,-0.1362,-0.22191,5.090711,0.260374,0.051147,3.0,0.837238,2.0,0.697646,0.006285,0.026394,8e-06,0.671436,0.000791,0.000269,0.002964,0.005413,0.01222,8e-06,0.101488,0.000788,0.000268,0.002878,-4e-06,0.037233,-0.66395,0.646358,-0.000202,-0.001942,0.000222,1.778206,0.926868,0.013051,3.141244,1.916427,0.99934,2.586028,202.75,279.961046,1.0,679.0,65.5,1.0,267.25,-2.7e-05,0.010161,-0.081636,0.084088,-3e-06,-0.000292,0.000473,0.000497,0.008617,-0.073644,0.100975,3e-06,-0.00043,0.000438,-0.003967,0.719073,-0.999994,0.999998,0.022264,-0.750571,0.717244,0.025044,0.694466,-0.999932,1.0,-0.008092,-0.626006,0.701707,0.015929,0.677549,-0.999993,0.999972,0.0,-0.63227,0.678234,-0.156958,0.718348,-0.999999,1.0,-0.312281,-0.849472,0.546555,0.995068,0.070056,0.0,1.0,1.0,1.0,1.0,0.004932,0.070056,0.0,1.0,0.0,0.0,0.0
