sample_id,user_id,label,video_path,frame_count,processed_frame_count,valid_frame_count,valid_frame_ratio,skeleton_centroid_path_length,index_tip_path_length,index_tip_step_mean,index_tip_step_max,hand_spread_mean,hand_spread_std,landmark_00_mean,landmark_00_std,landmark_00_min,landmark_00_max,landmark_01_mean,landmark_01_std,landmark_01_min,landmark_01_max,landmark_02_mean,landmark_02_std,landmark_02_min,landmark_02_max,landmark_03_mean,landmark_03_std,landmark_03_min,landmark_03_max,landmark_04_mean,landmark_04_std,landmark_04_min,landmark_04_max,landmark_05_mean,landmark_05_std,landmark_05_min,landmark_05_max,landmark_06_mean,landmark_06_std,landmark_06_min,landmark_06_max,landmark_07_mean,landmark_07_std,landmark_07_min,landmark_07_max,landmark_08_mean,landmark_08_std,landmark_08_min,landmark_08_max,landmark_09_mean,landmark_09_std,landmark_09_min,landmark_09_max,landmark_10_mean,landmark_10_std,landmark_10_min,landmark_10_max,landmark_11_mean,landmark_11_std,landmark_11_min,landmark_11_max,landmark_12_mean,landmark_12_std,landmark_12_min,landmark_12_max,landmark_13_mean,landmark_13_std,landmark_13_min,landmark_13_max,landmark_14_mean,landmark_14_std,landmark_14_min,landmark_14_max,landmark_15_mean,landmark_15_std,landmark_15_min,landmark_15_max,landmark_16_mean,landmark_16_std,landmark_16_min,landmark_16_max,landmark_17_mean,landmark_17_std,landmark_17_min,landmark_17_max,landmark_18_mean,landmark_18_std,landmark_18_min,landmark_18_max,landmark_19_mean,landmark_19_std,landmark_19_min,landmark_19_max,landmark_20_mean,landmark_20_std,landmark_20_min,landmark_20_max,landmark_21_mean,landmark_21_std,landmark_21_min,landmark_21_max,landmark_22_mean,landmark_22_std,landmark_22_min,landmark_22_max,landmark_23_mean,landmark_23_std,landmark_23_min,landmark_23_max,landmark_24_mean,landmark_24_std,landmark_24_min,landmark_24_max,landmark_25_mean,landmark_25_std,landmark_25_min,landmark_25_max,landmark_26_mean,landmark_26_std,landmark_26_min,landmark_26_max,landmark_27_mean,landmark_27_std,landmark_27_min,landmark_27_max,landmark_28_mean,landmark_28_std,landmark_28_min,landmark_28_max,landmark_29_mean,landmark_29_std,landmark_29_min,landmark_29_max,landmark_30_mean,landmark_30_std,landmark_30_min,landmark_30_max,landmark_31_mean,landmark_31_std,landmark_31_min,landmark_31_max,landmark_32_mean,landmark_32_std,landmark_32_min,landmark_32_max,landmark_33_mean,landmark_33_std,landmark_33_min,landmark_33_max,landmark_34_mean,landmark_34_std,landmark_34_min,landmark_34_max,landmark_35_mean,landmark_35_std,landmark_35_min,landmark_35_max,landmark_36_mean,landmark_36_std,landmark_36_min,landmark_36_max,landmark_37_mean,landmark_37_std,landmark_37_min,landmark_37_max,landmark_38_mean,landmark_38_std,landmark_38_min,landmark_38_max,landmark_39_mean,landmark_39_std,landmark_39_min,landmark_39_max,landmark_40_mean,landmark_40_std,landmark_40_min,landmark_40_max,landmark_41_mean,landmark_41_std,landmark_41_min,landmark_41_max,landmark_42_mean,landmark_42_std,landmark_42_min,landmark_42_max,landmark_43_mean,landmark_43_std,landmark_43_min,landmark_43_max,landmark_44_mean,landmark_44_std,landmark_44_min,landmark_44_max,landmark_45_mean,landmark_45_std,landmark_45_min,landmark_45_max,landmark_46_mean,landmark_46_std,landmark_46_min,landmark_46_max,landmark_47_mean,landmark_47_std,landmark_47_min,landmark_47_max,landmark_48_mean,landmark_48_std,landmark_48_min,landmark_48_max,landmark_49_mean,landmark_49_std,landmark_49_min,landmark_49_max,landmark_50_mean,landmark_50_std,landmark_50_min,landmark_50_max,landmark_51_mean,landmark_51_std,landmark_51_min,landmark_51_max,landmark_52_mean,landmark_52_std,landmark_52_min,landmark_52_max,landmark_53_mean,landmark_53_std,landmark_53_min,landmark_53_max,landmark_54_mean,landmark_54_std,landmark_54_min,landmark_54_max,landmark_55_mean,landmark_55_std,landmark_55_min,landmark_55_max,landmark_56_mean,landmark_56_std,landmark_56_min,landmark_56_max,landmark_57_mean,landmark_57_std,landmark_57_min,landmark_57_max,landmark_58_mean,landmark_58_std,landmark_58_min,landmark_58_max,landmark_59_mean,landmark_59_std,landmark_59_min,landmark_59_max,landmark_60_mean,landmark_60_std,landmark_60_min,landmark_60_max,landmark_61_mean,landmark_61_std,landmark_61_min,landmark_61_max,landmark_62_mean,landmark_62_std,landmark_62_min,landmark_62_max
20260711_220930_a944cy,for_bonhi,ঔ,output/for_bonhi/ঔ/ঔ_20260711_220930_a944cy.mp4,193,48,11,0.229167,2.01279,3.900158,0.03071,0.109296,0.662567,0.072858,0.0,0.0,0.0,0.0,0.0,0.0,0.0,0.0,0.0,0.0,0.0,0.0,-0.17735,0.037388,-0.270088,-0.048786,-0.375928,0.052758,-0.473257,-0.257852,-0.029613,0.032684,-0.117388,0.020488,-0.201891,0.066517,-0.345329,0.006791,-0.846795,0.055266,-0.926995,-0.713138,-0.03727,0.055031,-0.152166,0.096359,-0.115848,0.091906,-0.287056,0.130953,-1.180398,0.055911,-1.276175,-1.042863,-0.052482,0.072542,-0.181771,0.14216,-0.015512,0.121658,-0.2271,0.263369,-1.401864,0.055724,-1.524907,-1.284647,-0.060398,0.086566,-0.216995,0.190622,0.019877,0.051871,-0.106782,0.149846,-0.997458,0.002776,-0.999936,-0.987476,0.026747,0.084088,-0.076508,0.351358,0.102508,0.067331,-0.073935,0.297221,-1.359947,0.040776,-1.446329,-1.269128,-0.033629,0.11775,-0.197863,0.405624,0.113868,0.104117,-0.083115,0.366546,-1.471768,0.135619,-1.668737,-1.124821,-0.076158,0.12988,-0.290069,0.394935,0.123991,0.138411,-0.089585,0.410577,-1.53583,0.22418,-1.865,-0.94202,-0.097328,0.130811,-0.322822,0.375361,0.204054,0.044379,0.083185,0.331144,-0.896565,0.024877,-0.95336,-0.827381,0.004842,0.081887,-0.079744,0.326455,0.288843,0.070766,0.098659,0.481526,-1.250197,0.053871,-1.359509,-1.117267,-0.048004,0.109594,-0.209013,0.386952,0.271568,0.120802,0.051231,0.534742,-1.290515,0.152279,-1.557539,-0.927866,-0.077046,0.105017,-0.253895,0.346493,0.269541,0.148974,0.020083,0.55057,-1.293804,0.248679,-1.761569,-0.743513,-0.084136,0.095202,-0.243936,0.30747,0.370989,0.047745,0.1757,0.46717,-0.753541,0.045432,-0.879049,-0.647602,-0.028714,0.078641,-0.118895,0.273892,0.451906,0.081494,0.296862,0.638944,-1.072619,0.071027,-1.246763,-0.90599,-0.08544,0.101659,-0.247775,0.288555,0.408373,0.127692,0.203977,0.661093,-1.070295,0.147656,-1.407897,-0.720121,-0.070563,0.088278,-0.219968,0.260698,0.387375,0.149473,0.145529,0.679756,-1.035029,0.233159,-1.556246,-0.531157,-0.044541,0.072594,-0.15686,0.238262,0.525077,0.060974,0.244694,0.601687,-0.574682,0.064533,-0.759898,-0.439022,-0.06598,0.076839,-0.184275,0.215125,0.588336,0.083151,0.336276,0.723716,-0.842417,0.082255,-1.047704,-0.659181,-0.098319,0.093776,-0.241139,0.222436,0.532233,0.116315,0.34118,0.74208,-0.853922,0.108327,-1.205153,-0.623353,-0.065207,0.088015,-0.20813,0.229664,0.493838,0.132846,0.265014,0.771781,-0.820218,0.166109,-1.342907,-0.48137,-0.027419,0.078297,-0.164603,0.233393
20260703_231939_jmltkn,user1,অ,output/user1/অ/অ_20260703_231939_jmltkn.mp4,63,48,13,0.270833,2.388012,3.775748,0.02973,0.069704,0.75625,0.06084,0.0,0.0,0.0,0.0,0.0,0.0,0.0,0.0,0.0,0.0,0.0,0.0,-0.319228,0.034166,-0.371651,-0.235886,-0.392922,0.019558,-0.435146,-0.354087,-0.016607,0.033617,-0.080523,0.0557,-0.476429,0.062096,-0.59275,-0.368499,-0.848644,0.029637,-0.948036,-0.790097,-0.003029,0.050843,-0.119749,0.11087,-0.484524,0.080946,-0.638765,-0.361751,-1.267889,0.054391,-1.455131,-1.162289,0.006097,0.072329,-0.161193,0.160293,-0.42104,0.093694,-0.586428,-0.302807,-1.554989,0.076882,-1.811516,-1.415538,0.025708,0.095157,-0.189035,0.218561,-0.366776,0.048074,-0.499428,-0.295791,-0.928298,0.020469,-0.955244,-0.866033,0.092372,0.120388,-0.225811,0.341346,-0.372196,0.063607,-0.539784,-0.279017,-1.416962,0.05362,-1.665353,-1.307008,0.047294,0.156877,-0.365591,0.318493,-0.303178,0.070851,-0.451859,-0.176087,-1.705671,0.08345,-2.067574,-1.531392,-0.001637,0.167299,-0.429357,0.307366,-0.225676,0.080906,-0.356341,-0.069481,-1.92211,0.09897,-2.329806,-1.735102,-0.029669,0.169782,-0.44549,0.298045,-0.111925,0.039904,-0.214919,-0.049296,-0.931902,0.020423,-0.965418,-0.874237,0.082088,0.127748,-0.261624,0.342863,-0.096114,0.063574,-0.257581,0.011205,-1.433102,0.062002,-1.677159,-1.272808,0.038236,0.15089,-0.342746,0.335635,-0.054591,0.079875,-0.229807,0.066674,-1.699759,0.15085,-2.007163,-1.207881,-0.01491,0.14651,-0.329862,0.295859,-0.020707,0.098769,-0.211795,0.12089,-1.889829,0.240282,-2.239936,-1.075863,-0.043743,0.142525,-0.311175,0.260533,0.131521,0.034922,0.076383,0.197326,-0.883789,0.018318,-0.916789,-0.814321,0.059956,0.127187,-0.284469,0.306814,0.157472,0.063152,0.042815,0.272648,-1.343096,0.054786,-1.496471,-1.227319,0.009435,0.145294,-0.333766,0.298188,0.149631,0.073829,0.040422,0.355563,-1.479176,0.171958,-1.748792,-0.990289,0.014196,0.128438,-0.250115,0.279325,0.145752,0.088161,0.01275,0.410271,-1.549712,0.294495,-1.966119,-0.762923,0.036447,0.109133,-0.179208,0.261119,0.376733,0.045656,0.279069,0.474767,-0.799083,0.03902,-0.866939,-0.689491,0.03635,0.125326,-0.30033,0.26565,0.398035,0.068159,0.254312,0.544668,-1.19109,0.054199,-1.278331,-1.076856,0.02448,0.138305,-0.302133,0.290003,0.370081,0.087208,0.185274,0.602303,-1.329852,0.098619,-1.506774,-0.998998,0.061244,0.129301,-0.210459,0.316613,0.341475,0.10036,0.140246,0.628498,-1.415182,0.161919,-1.689107,-0.845176,0.099963,0.118246,-0.127856,0.329051
20260704_230134_0i7e7o,user1,অ,output/user1/অ/অ_20260704_230134_0i7e7o.mp4,152,47,12,0.255319,3.305945,5.576188,0.043907,0.145633,0.592943,0.064585,0.0,0.0,0.0,0.0,0.0,0.0,0.0,0.0,0.0,0.0,0.0,0.0,-0.240269,0.046559,-0.339813,-0.083341,-0.337122,0.070023,-0.559038,-0.217555,-0.018826,0.08103,-0.156223,0.192311,-0.363529,0.081877,-0.541866,-0.095046,-0.753812,0.09944,-1.080129,-0.629047,-0.01037,0.11477,-0.241723,0.280924,-0.385332,0.105777,-0.638719,-0.064158,-1.119999,0.132875,-1.567605,-0.995071,-0.009267,0.143167,-0.318054,0.344692,-0.407853,0.130761,-0.723411,-0.074499,-1.380667,0.166015,-1.95552,-1.215059,0.001282,0.170715,-0.367092,0.416197,-0.243431,0.068256,-0.440874,-0.134979,-0.966653,0.020303,-0.990654,-0.897455,0.090305,0.099238,-0.088485,0.416765,-0.241238,0.102755,-0.472587,-0.109479,-1.336009,0.04921,-1.422324,-1.177091,0.07057,0.142501,-0.23422,0.52761,-0.253468,0.115084,-0.470783,-0.081183,-1.460388,0.149381,-1.768922,-0.879945,0.056598,0.171413,-0.301273,0.531032,-0.263179,0.12899,-0.488807,-0.022451,-1.551233,0.238378,-2.018327,-0.689385,0.0494,0.192713,-0.328441,0.513987,-0.050758,0.068355,-0.213861,0.039149,-0.941879,0.018731,-0.967377,-0.875739,0.081285,0.101205,-0.074502,0.43648,-0.017752,0.111465,-0.291686,0.161656,-1.255422,0.08394,-1.433932,-1.105637,0.039154,0.141653,-0.219254,0.558677,-0.04575,0.102308,-0.311205,0.129242,-1.186131,0.23441,-1.771917,-0.757203,0.017032,0.152687,-0.247746,0.495642,-0.071226,0.090988,-0.318686,0.07005,-1.130965,0.343804,-2.030869,-0.622174,0.018309,0.158597,-0.267186,0.423963,0.12928,0.061465,-0.055294,0.196432,-0.863496,0.028304,-0.916123,-0.793689,0.061452,0.101023,-0.100441,0.429454,0.174823,0.092219,-0.086886,0.324964,-1.127393,0.097462,-1.383625,-0.966505,0.012882,0.140082,-0.245011,0.545538,0.125054,0.080751,-0.109699,0.258207,-1.022905,0.220807,-1.698069,-0.668803,0.03031,0.143026,-0.194863,0.524423,0.089293,0.069055,-0.104574,0.242396,-0.933438,0.303159,-1.908829,-0.548286,0.060453,0.136956,-0.139966,0.480196,0.299433,0.05032,0.163796,0.412857,-0.738871,0.049657,-0.864089,-0.643246,0.040539,0.100745,-0.137147,0.413461,0.33368,0.066291,0.181353,0.494224,-0.939591,0.103647,-1.203635,-0.813399,0.030752,0.137738,-0.206632,0.543327,0.279683,0.059999,0.159302,0.477454,-0.862041,0.182201,-1.415258,-0.609604,0.068053,0.148711,-0.157055,0.591591,0.241531,0.051848,0.139826,0.444103,-0.784434,0.243589,-1.573114,-0.508743,0.105816,0.149513,-0.12168,0.601437
20260704_230207_s0bru0,user1,অ,output/user1/অ/অ_20260704_230207_s0bru0.mp4,131,47,14,0.297872,3.977144,7.378133,0.058096,0.21983,0.593471,0.116852,0.0,0.0,0.0,0.0,0.0,0.0,0.0,0.0,0.0,0.0,0.0,0.0,-0.222828,0.155641,-0.386345,0.320564,-0.274594,0.069312,-0.40566,-0.109442,-0.019007,0.119147,-0.160245,0.308121,-0.390049,0.221067,-0.643362,0.344191,-0.664031,0.059785,-0.767105,-0.524695,0.005807,0.200115,-0.216581,0.549234,-0.452124,0.245383,-0.738823,0.322642,-1.015963,0.061126,-1.171646,-0.840917,0.010684,0.254632,-0.258269,0.695999,-0.500692,0.259153,-0.864119,0.255491,-1.275014,0.075763,-1.475587,-1.070065,0.019162,0.305315,-0.290058,0.833876,-0.294541,0.130328,-0.489323,0.018865,-0.905614,0.090756,-0.989895,-0.60209,0.177707,0.281213,-0.100421,0.967068,-0.293079,0.161274,-0.576058,-0.011064,-1.280949,0.122213,-1.371947,-0.871043,0.139461,0.392663,-0.236099,1.237599,-0.276316,0.191123,-0.61421,0.051045,-1.459227,0.172703,-1.655682,-1.117948,0.094577,0.440586,-0.31667,1.331455,-0.254632,0.220089,-0.654728,0.147029,-1.602337,0.255239,-1.927544,-1.049723,0.065636,0.468818,-0.377329,1.383863,-0.125745,0.085403,-0.259635,0.048545,-0.904971,0.067989,-0.96282,-0.649225,0.151282,0.24852,-0.109043,0.838699,-0.114499,0.119463,-0.300149,0.146726,-1.202922,0.079909,-1.377895,-1.02506,0.058803,0.380669,-0.321027,1.125617,-0.127091,0.101024,-0.328831,0.095315,-1.021364,0.174647,-1.425908,-0.861298,0.003387,0.395864,-0.364961,1.162196,-0.134223,0.086191,-0.344917,0.032119,-0.869245,0.281508,-1.618022,-0.607023,0.00066,0.38799,-0.35401,1.172596,0.036719,0.144271,-0.446196,0.221668,-0.86749,0.056627,-0.972438,-0.716048,0.103913,0.215178,-0.136903,0.674329,0.04189,0.174258,-0.531638,0.321223,-1.101408,0.087119,-1.369135,-0.925456,0.00065,0.3272,-0.355812,0.908112,0.004042,0.15796,-0.560976,0.233759,-0.888268,0.198864,-1.405311,-0.655195,0.004283,0.312971,-0.312888,0.945198,-0.012964,0.144335,-0.55802,0.159978,-0.737989,0.30046,-1.686522,-0.501391,0.045696,0.283997,-0.225898,0.945676,0.18549,0.238528,-0.667422,0.379625,-0.797684,0.076765,-0.964305,-0.669006,0.053891,0.188737,-0.170742,0.509567,0.176172,0.263357,-0.766506,0.437693,-0.984137,0.109769,-1.237622,-0.746208,0.003567,0.269957,-0.322394,0.705784,0.124952,0.255289,-0.821812,0.34557,-0.824394,0.186394,-1.323455,-0.547345,0.034658,0.272328,-0.287257,0.790522,0.106014,0.250221,-0.850092,0.277185,-0.705217,0.253839,-1.503491,-0.434378,0.078498,0.259778,-0.224294,0.82954
20260704_230243_20ggrl,user1,অ,output/user1/অ/অ_20260704_230243_20ggrl.mp4,171,47,6,0.12766,2.589951,5.333288,0.041994,0.414932,0.631311,0.166958,0.0,0.0,0.0,0.0,0.0,0.0,0.0,0.0,0.0,0.0,0.0,0.0,-0.261197,0.126605,-0.406358,0.247325,-0.214685,0.098181,-0.436396,-0.057179,-0.067661,0.032682,-0.140711,0.014614,-0.435685,0.180581,-0.679539,0.203497,-0.494052,0.20594,-0.945727,-0.142943,-0.146889,0.060104,-0.207656,-0.000184,-0.4761,0.198497,-0.781699,0.080225,-0.765138,0.276244,-1.411968,-0.295284,-0.230056,0.094583,-0.321619,-0.019828,-0.419527,0.193473,-0.736581,0.01285,-0.947478,0.335788,-1.761942,-0.381344,-0.306429,0.136131,-0.468485,-0.030708,-0.315743,0.175472,-0.611755,0.065986,-0.908583,0.065,-0.999997,-0.790564,-0.134802,0.094729,-0.312808,0.095244,-0.324209,0.200648,-0.669102,-0.011829,-1.029985,0.246451,-1.470824,-0.535483,-0.268674,0.132581,-0.466159,-0.042251,-0.321548,0.180762,-0.615377,-0.066533,-0.887969,0.34537,-1.8692,-0.245209,-0.347162,0.161502,-0.54925,-0.034649,-0.305564,0.158623,-0.541449,-0.063536,-0.784856,0.409758,-2.196009,-0.117582,-0.389005,0.182948,-0.602312,-0.022183,-0.124366,0.132841,-0.319604,0.162293,-0.929112,0.022944,-0.967766,-0.894364,-0.160139,0.101083,-0.299628,0.084388,-0.141943,0.181641,-0.421902,0.149654,-0.991331,0.24159,-1.474321,-0.501077,-0.278341,0.132697,-0.448208,-0.060206,-0.170962,0.180716,-0.604343,0.083898,-0.803617,0.350776,-1.871009,-0.1601,-0.319959,0.148192,-0.531347,-0.052045,-0.170844,0.18371,-0.748587,0.047238,-0.692113,0.420515,-2.211217,-0.023678,-0.341413,0.163175,-0.586607,-0.05157,0.06687,0.144846,-0.373421,0.303675,-0.880405,0.040397,-0.931515,-0.746343,-0.193898,0.104994,-0.356005,0.042384,0.038381,0.210895,-0.670201,0.270576,-0.898795,0.203492,-1.378882,-0.505293,-0.306009,0.140392,-0.49655,-0.061697,-0.011063,0.23524,-0.879383,0.22161,-0.692301,0.31828,-1.727585,-0.147269,-0.293792,0.148978,-0.500908,-0.030993,-0.032029,0.260771,-1.053528,0.174406,-0.563633,0.392986,-2.013199,0.025958,-0.27413,0.155346,-0.543857,-0.021624,0.247601,0.188541,-0.508439,0.423551,-0.78497,0.070663,-0.88022,-0.564062,-0.23295,0.111294,-0.41714,-0.004794,0.21586,0.246855,-0.784014,0.403215,-0.764678,0.163285,-1.201969,-0.467372,-0.29536,0.131748,-0.480772,-0.066384,0.1488,0.276113,-0.978589,0.337563,-0.597378,0.254258,-1.422684,-0.170139,-0.265362,0.13128,-0.449455,-0.035069,0.118304,0.306736,-1.147096,0.30212,-0.494815,0.30933,-1.619241,-0.03224,-0.233374,0.133205,-0.486315,0.023781
20260704_230314_biogka,user1,অ,output/user1/অ/অ_20260704_230314_biogka.mp4,153,47,2,0.042553,0.154869,0.812407,0.006397,0.006397,0.604117,0.035942,0.0,0.0,0.0,0.0,0.0,0.0,0.0,0.0,0.0,0.0,0.0,0.0,-0.249574,0.027255,-0.296414,-0.202735,-0.226894,0.011345,-0.246391,-0.207396,-0.076447,0.003642,-0.082706,-0.070189,-0.416529,0.067216,-0.532044,-0.301014,-0.599781,0.006285,-0.610582,-0.58898,-0.121814,0.000515,-0.1227,-0.120929,-0.454541,0.084997,-0.600614,-0.308468,-0.928052,0.027941,-0.976071,-0.880034,-0.176329,0.003227,-0.181875,-0.170784,-0.41416,0.075225,-0.543439,-0.284881,-1.170076,0.052527,-1.260347,-1.079805,-0.216418,0.011318,-0.235868,-0.196967,-0.211927,0.042872,-0.285607,-0.138248,-0.974372,0.009325,-0.990398,-0.958347,0.012932,0.022561,-0.025841,0.051706,-0.218893,0.085665,-0.366114,-0.071672,-1.248784,0.033556,-1.306452,-1.191116,-0.100533,0.016538,-0.128955,-0.072111,-0.194441,0.098747,-0.364145,-0.024736,-1.148754,0.147504,-1.402251,-0.895258,-0.167414,0.013452,-0.190532,-0.144296,-0.135878,0.099992,-0.307723,0.035966,-1.080304,0.213685,-1.447537,-0.713071,-0.199773,0.014383,-0.224491,-0.175054,-0.016022,0.029534,-0.066778,0.034733,-0.949902,0.001032,-0.951675,-0.948129,-0.004841,0.025349,-0.048405,0.038724,-0.055591,0.062131,-0.162367,0.051186,-1.162703,0.024196,-1.204286,-1.121121,-0.126506,0.032076,-0.181632,-0.071381,-0.105128,0.043777,-0.180362,-0.029894,-0.920359,0.051611,-1.009057,-0.831661,-0.159014,0.034063,-0.217554,-0.100473,-0.088515,0.020882,-0.124402,-0.052628,-0.78038,0.047414,-0.861864,-0.698896,-0.151338,0.032695,-0.207526,-0.09515,0.171649,0.012881,0.149512,0.193786,-0.880797,0.012565,-0.902391,-0.859202,-0.04712,0.024231,-0.088762,-0.005478,0.120513,0.037106,0.056745,0.184282,-1.046617,0.011679,-1.066688,-1.026547,-0.167252,0.029952,-0.218726,-0.115777,0.059074,0.018829,0.026715,0.091433,-0.805212,0.000873,-0.806712,-0.803712,-0.135885,0.032845,-0.192332,-0.079438,0.072313,0.000647,0.0712,0.073425,-0.678823,0.003486,-0.684815,-0.672832,-0.083199,0.032844,-0.139644,-0.026754,0.354417,0.008887,0.339144,0.369689,-0.770801,0.027863,-0.818685,-0.722917,-0.09776,0.02177,-0.135174,-0.060346,0.283123,0.009955,0.266015,0.300231,-0.918915,0.041228,-0.989767,-0.848061,-0.160555,0.027274,-0.207428,-0.113681,0.216859,0.002371,0.212785,0.220934,-0.742559,0.034416,-0.801705,-0.683413,-0.120597,0.029651,-0.171554,-0.069639,0.224821,0.019393,0.191493,0.258149,-0.635329,0.031797,-0.689976,-0.580683,-0.07089,0.031255,-0.124604,-0.017177
20260704_230343_z76un4,user1,অ,output/user1/অ/অ_20260704_230343_z76un4.mp4,196,47,4,0.085106,1.168818,1.919077,0.015111,0.026651,0.441067,0.17204,0.0,0.0,0.0,0.0,0.0,0.0,0.0,0.0,0.0,0.0,0.0,0.0,-0.091956,0.12001,-0.274692,0.175015,-0.207462,0.049269,-0.283088,-0.099338,-0.10482,0.070069,-0.199916,0.00138,-0.172312,0.1907,-0.488699,0.254416,-0.519189,0.085008,-0.65491,-0.355231,-0.175232,0.117322,-0.330186,0.002262,-0.174372,0.222231,-0.552842,0.320882,-0.788123,0.124742,-0.999054,-0.552471,-0.239887,0.146676,-0.441283,-0.021225,-0.129308,0.220131,-0.455888,0.35477,-0.949826,0.165036,-1.196617,-0.624604,-0.289725,0.169311,-0.525156,-0.037077,-0.024897,0.095361,-0.290329,0.140345,-0.986082,0.01486,-0.999869,-0.956927,-0.100091,0.146939,-0.303878,0.120908,-0.030153,0.119389,-0.314094,0.218127,-1.181528,0.097751,-1.303768,-0.988997,-0.209564,0.166561,-0.394953,0.037652,-0.063961,0.125005,-0.318959,0.210332,-1.079834,0.229461,-1.499535,-0.704909,-0.267991,0.150149,-0.441852,-0.04461,-0.066528,0.116589,-0.317394,0.187198,-1.014364,0.293079,-1.614082,-0.57956,-0.297554,0.137699,-0.473966,-0.087766,0.120962,0.088253,-0.073726,0.218081,-0.961332,0.01409,-0.992521,-0.93003,-0.09819,0.113968,-0.252122,0.080701,0.09453,0.070552,-0.062837,0.215118,-1.100442,0.154442,-1.28355,-0.837113,-0.198106,0.131842,-0.346081,0.002424,0.044482,0.081808,-0.085274,0.204223,-0.942027,0.308669,-1.466806,-0.46582,-0.225055,0.107583,-0.365888,-0.05454,0.036668,0.069331,-0.079556,0.168548,-0.858719,0.368773,-1.573466,-0.333561,-0.231728,0.090612,-0.356742,-0.078235,0.234198,0.112651,0.09366,0.399356,-0.871202,0.037628,-0.952626,-0.814387,-0.113466,0.079119,-0.201426,0.02122,0.208937,0.042765,0.12523,0.297457,-0.994069,0.175943,-1.201581,-0.684935,-0.214224,0.101597,-0.364439,-0.051128,0.165056,0.049212,0.035503,0.213159,-0.84609,0.311068,-1.338218,-0.347973,-0.199905,0.085054,-0.341768,-0.049663,0.147896,0.044925,0.026043,0.201583,-0.761801,0.379417,-1.462919,-0.200994,-0.174345,0.07357,-0.294857,-0.029282,0.327168,0.143302,0.069777,0.549362,-0.739172,0.063218,-0.867338,-0.627569,-0.138013,0.050424,-0.207559,-0.042049,0.320124,0.066732,0.19685,0.450977,-0.829752,0.17306,-1.057136,-0.479872,-0.205404,0.07208,-0.328961,-0.074932,0.284228,0.057196,0.162309,0.387434,-0.737976,0.265251,-1.070655,-0.238336,-0.188714,0.074606,-0.319193,-0.045031,0.265769,0.056781,0.144865,0.363419,-0.684352,0.316239,-1.188305,-0.124891,-0.161289,0.072888,-0.283812,-0.011841
20260704_230438_1by20a,user1,অ,output/user1/অ/অ_20260704_230438_1by20a.mp4,220,47,5,0.106383,0.936036,2.120424,0.016696,0.058522,0.455301,0.110624,0.0,0.0,0.0,0.0,0.0,0.0,0.0,0.0,0.0,0.0,0.0,0.0,-0.177185,0.012037,-0.210325,-0.150729,-0.313337,0.038729,-0.432827,-0.22724,-0.045619,0.039181,-0.139129,0.014484,-0.265281,0.024357,-0.311014,-0.207954,-0.650142,0.051492,-0.828709,-0.524089,-0.080641,0.070457,-0.261856,0.026477,-0.288272,0.075519,-0.400048,-0.069164,-0.896563,0.056994,-1.095512,-0.767352,-0.119396,0.097446,-0.370153,0.030858,-0.279813,0.129927,-0.495664,0.081907,-1.062279,0.059859,-1.232657,-0.943553,-0.153512,0.126606,-0.480292,0.039601,-0.036109,0.131351,-0.182135,0.289468,-0.983667,0.010837,-0.996654,-0.954362,-0.003429,0.072037,-0.211082,0.043075,0.036535,0.111084,-0.119979,0.34381,-1.343752,0.036655,-1.375312,-1.221056,-0.04398,0.096711,-0.307431,0.026569,0.046253,0.094516,-0.170183,0.341501,-1.467115,0.114129,-1.652137,-1.148176,-0.080351,0.115617,-0.388607,0.038034,0.051218,0.092476,-0.163331,0.341195,-1.519893,0.199716,-1.879561,-1.013681,-0.102637,0.128445,-0.444185,0.043294,0.110296,0.104198,-0.00636,0.350685,-0.932432,0.032215,-0.98161,-0.84723,-0.010148,0.064698,-0.190755,0.042266,0.175965,0.071796,0.017641,0.371921,-1.2393,0.050124,-1.337189,-1.085206,-0.041866,0.086519,-0.249443,0.086542,0.144592,0.062745,-0.052637,0.33044,-1.219639,0.130485,-1.62014,-1.052839,-0.065354,0.090836,-0.280886,0.075917,0.115649,0.059704,-0.047449,0.299437,-1.162201,0.219008,-1.83514,-0.910267,-0.076705,0.093666,-0.30777,0.058381,0.227019,0.062473,0.14717,0.401534,-0.8358,0.048601,-0.905483,-0.709187,-0.027201,0.061194,-0.178643,0.086933,0.280091,0.039036,0.1335,0.335551,-1.120557,0.060938,-1.243932,-0.944417,-0.051898,0.083067,-0.221386,0.120098,0.237696,0.0448,0.047586,0.295341,-1.102895,0.128227,-1.500937,-0.875543,-0.041381,0.080305,-0.209535,0.117018,0.206046,0.044112,0.038298,0.273062,-1.057703,0.206716,-1.702644,-0.741351,-0.031561,0.075614,-0.203398,0.105163,0.318686,0.039023,0.266755,0.428311,-0.716,0.062742,-0.794877,-0.57704,-0.049784,0.064418,-0.180123,0.125417,0.360016,0.055583,0.243694,0.430259,-0.927972,0.07147,-1.106402,-0.794999,-0.051478,0.083487,-0.215401,0.154219,0.330251,0.067539,0.161082,0.429723,-0.935162,0.123297,-1.323387,-0.768728,-0.023411,0.083822,-0.1925,0.173754,0.303509,0.068369,0.139152,0.417959,-0.913659,0.188096,-1.504587,-0.667799,-4.6e-05,0.080928,-0.167402,0.188087
20260704_230508_zz8agk,user1,অ,output/user1/অ/অ_20260704_230508_zz8agk.mp4,162,47,4,0.085106,1.188722,2.033897,0.016015,0.06865,0.423337,0.147794,0.0,0.0,0.0,0.0,0.0,0.0,0.0,0.0,0.0,0.0,0.0,0.0,0.115753,0.151818,-0.151582,0.357236,-0.240232,0.021937,-0.267697,-0.112749,-0.12371,0.098843,-0.266243,0.099347,0.162595,0.234232,-0.257438,0.509225,-0.575335,0.034514,-0.636749,-0.417608,-0.189704,0.159665,-0.421377,0.167903,0.153759,0.248133,-0.280914,0.528362,-0.858915,0.0702,-0.983211,-0.712388,-0.248814,0.200451,-0.533915,0.20617,0.095119,0.251585,-0.321096,0.573953,-1.056057,0.125231,-1.297405,-0.841236,-0.296283,0.230379,-0.617396,0.234567,0.105773,0.126301,-0.05713,0.404137,-0.978399,0.031235,-0.998367,-0.878314,-0.092451,0.167141,-0.342595,0.272472,0.093197,0.148397,-0.060685,0.460885,-1.24898,0.026061,-1.319848,-1.188487,-0.226661,0.2382,-0.557357,0.323514,0.085654,0.167484,-0.103219,0.467779,-1.109991,0.153222,-1.503037,-0.977701,-0.306992,0.260644,-0.644864,0.322829,0.086567,0.179565,-0.134112,0.468698,-0.98809,0.23735,-1.597496,-0.817772,-0.340973,0.265267,-0.668557,0.318247,0.032937,0.063722,-0.074203,0.179387,-0.959386,0.005881,-0.974802,-0.954725,-0.083256,0.132176,-0.271508,0.216668,0.015046,0.096127,-0.140088,0.222834,-1.239032,0.060889,-1.406099,-1.201295,-0.220037,0.215153,-0.501405,0.290309,0.010898,0.099266,-0.115661,0.2451,-1.056557,0.208874,-1.579418,-0.888834,-0.278294,0.227672,-0.553596,0.283287,0.017074,0.110272,-0.084556,0.316867,-0.923775,0.299748,-1.683356,-0.704978,-0.293093,0.22134,-0.547638,0.265916,-0.035561,0.142935,-0.248696,0.258877,-0.891118,0.039198,-0.990781,-0.849138,-0.095288,0.102716,-0.226404,0.152515,-0.0628,0.154871,-0.321176,0.246118,-1.160882,0.082828,-1.376883,-1.098892,-0.218655,0.169245,-0.417752,0.201272,-0.059851,0.128255,-0.281097,0.176484,-1.007379,0.215414,-1.546049,-0.864432,-0.216887,0.168516,-0.396149,0.21926,-0.054679,0.111753,-0.243912,0.174271,-0.897887,0.304295,-1.664641,-0.698753,-0.188499,0.153181,-0.339972,0.219686,-0.104602,0.229521,-0.398523,0.360648,-0.788611,0.065494,-0.945684,-0.696455,-0.117082,0.08152,-0.200641,0.093304,-0.136403,0.239859,-0.475252,0.35654,-1.015992,0.101978,-1.271354,-0.88686,-0.189727,0.123744,-0.311917,0.134038,-0.129686,0.208708,-0.432799,0.298928,-0.930688,0.180743,-1.400877,-0.771099,-0.169623,0.131711,-0.294237,0.181134,-0.118299,0.176284,-0.385944,0.242301,-0.860793,0.247365,-1.514423,-0.670582,-0.135489,0.128436,-0.253132,0.211264
20260704_230530_8783vw,user1,অ,output/user1/অ/অ_20260704_230530_8783vw.mp4,136,47,5,0.106383,0.994149,2.367983,0.018646,0.047235,0.484602,0.189165,0.0,0.0,0.0,0.0,0.0,0.0,0.0,0.0,0.0,0.0,0.0,0.0,-0.110456,0.181055,-0.309391,0.250053,-0.259044,0.060955,-0.383181,-0.101278,-0.026559,0.035385,-0.102708,0.026535,-0.175672,0.291759,-0.50797,0.378664,-0.641161,0.089149,-0.80311,-0.390454,-0.042205,0.058487,-0.158106,0.064985,-0.185943,0.329467,-0.60047,0.408926,-0.975159,0.115515,-1.118881,-0.622325,-0.065886,0.078839,-0.211842,0.093181,-0.162801,0.327342,-0.686341,0.376405,-1.203021,0.128412,-1.359494,-0.79977,-0.086725,0.095802,-0.247664,0.128541,-0.143776,0.196711,-0.373198,0.210657,-0.956439,0.018956,-0.997286,-0.927752,0.015059,0.071933,-0.075857,0.160302,-0.154561,0.224275,-0.497117,0.185769,-1.364624,0.093769,-1.464352,-1.046006,-0.038485,0.100878,-0.177485,0.196222,-0.147621,0.236527,-0.520126,0.174642,-1.509984,0.192416,-1.758005,-0.81193,-0.077298,0.108065,-0.244328,0.204408,-0.135483,0.241287,-0.503955,0.173937,-1.591724,0.246806,-1.988115,-0.688335,-0.097492,0.110931,-0.26781,0.211846,-0.044278,0.083695,-0.190401,0.129049,-0.961167,0.011655,-0.978891,-0.926212,-0.006303,0.072007,-0.113221,0.147601,-0.043064,0.125435,-0.31259,0.252016,-1.352789,0.100283,-1.489493,-1.061877,-0.05369,0.104025,-0.190112,0.198502,-0.038053,0.142358,-0.338058,0.303423,-1.401187,0.158378,-1.584972,-0.805673,-0.086049,0.101732,-0.208716,0.195031,-0.032353,0.143036,-0.31133,0.322765,-1.381801,0.197963,-1.695628,-0.66635,-0.101253,0.095142,-0.201429,0.191532,0.059136,0.090293,-0.124621,0.308213,-0.905742,0.033427,-0.955245,-0.799752,-0.037219,0.071439,-0.149162,0.12577,0.069903,0.128651,-0.14786,0.456846,-1.275921,0.099144,-1.401539,-1.025548,-0.086552,0.09637,-0.215862,0.165113,0.067024,0.12942,-0.140896,0.498575,-1.291783,0.141941,-1.464431,-0.762902,-0.08038,0.086126,-0.18113,0.175531,0.067582,0.124002,-0.11974,0.510338,-1.245044,0.181512,-1.5577,-0.59702,-0.064741,0.075328,-0.140974,0.182498,0.165404,0.201547,-0.273844,0.475051,-0.807828,0.057165,-0.901033,-0.633093,-0.071024,0.071602,-0.182998,0.104229,0.177567,0.229371,-0.316064,0.60695,-1.117284,0.079313,-1.192088,-0.877745,-0.102401,0.0908,-0.223228,0.157161,0.164265,0.214699,-0.289664,0.632314,-1.145867,0.10753,-1.299043,-0.778193,-0.078923,0.088655,-0.181529,0.19974,0.151603,0.191018,-0.248862,0.621256,-1.109242,0.142588,-1.380425,-0.64135,-0.050217,0.084372,-0.137476,0.232588
20260704_230601_9fuwl5,user1,অ,output/user1/অ/অ_20260704_230601_9fuwl5.mp4,156,47,4,0.085106,0.820805,1.939468,0.015271,0.023927,0.610167,0.045903,0.0,0.0,0.0,0.0,0.0,0.0,0.0,0.0,0.0,0.0,0.0,0.0,-0.276143,0.041714,-0.386056,-0.20134,-0.248141,0.015743,-0.275147,-0.217786,-0.020665,0.014709,-0.047007,0.000695,-0.435579,0.084611,-0.628493,-0.271293,-0.593095,0.023356,-0.615921,-0.546862,-0.032261,0.027357,-0.083984,0.020417,-0.437332,0.111491,-0.653309,-0.217746,-0.918628,0.039187,-1.039042,-0.857158,-0.057382,0.030102,-0.115873,0.00843,-0.371397,0.136796,-0.603319,-0.104427,-1.135082,0.079537,-1.35765,-0.99182,-0.07587,0.031934,-0.135937,0.001146,-0.322769,0.13277,-0.439593,0.004319,-0.929616,0.028837,-0.999991,-0.898197,0.058749,0.088236,-0.078026,0.254368,-0.316253,0.18475,-0.481381,0.117569,-1.263496,0.046133,-1.340011,-1.180276,0.005212,0.085652,-0.105712,0.23113,-0.307721,0.176358,-0.49572,0.09957,-1.301325,0.17893,-1.604135,-1.02133,-0.035241,0.071597,-0.101445,0.175105,-0.291982,0.15582,-0.480624,0.067765,-1.296578,0.290447,-1.792653,-0.871826,-0.055704,0.065511,-0.095259,0.144386,-0.11741,0.122972,-0.223407,0.187126,-0.955375,0.010367,-0.973163,-0.936439,0.036117,0.078965,-0.069258,0.227246,-0.141931,0.135388,-0.26159,0.184626,-1.263922,0.074413,-1.36561,-1.071014,-0.011265,0.068196,-0.07693,0.193776,-0.159676,0.10626,-0.254081,0.096646,-1.22704,0.17756,-1.575714,-0.978328,-0.044049,0.04771,-0.07756,0.113342,-0.15665,0.079493,-0.226539,0.041787,-1.17687,0.295184,-1.737062,-0.829813,-0.057229,0.040531,-0.088825,0.07226,0.080047,0.096228,-0.016757,0.316796,-0.923063,0.049222,-0.96724,-0.804027,0.001319,0.066471,-0.063143,0.17908,0.044694,0.106812,-0.055153,0.299884,-1.199625,0.114258,-1.308702,-0.905945,-0.050583,0.058217,-0.093982,0.130196,0.018036,0.08518,-0.051466,0.222084,-1.098281,0.12686,-1.345959,-0.84212,-0.038123,0.043113,-0.076498,0.095842,0.011493,0.062031,-0.037977,0.16528,-0.978472,0.185217,-1.337286,-0.744456,-0.015969,0.035437,-0.051008,0.091255,0.268885,0.058349,0.18973,0.412957,-0.84766,0.08023,-0.910389,-0.647011,-0.037063,0.058041,-0.084737,0.129503,0.22632,0.060002,0.150611,0.374973,-1.074473,0.135149,-1.218938,-0.72128,-0.06093,0.057652,-0.11589,0.112245,0.18241,0.051411,0.129396,0.311012,-0.994235,0.127587,-1.22308,-0.685304,-0.026053,0.051228,-0.072892,0.129135,0.166073,0.04001,0.125768,0.269934,-0.880526,0.141446,-1.160549,-0.624967,0.011823,0.047497,-0.029644,0.153847
20260704_230631_iep9zz,user1,অ,output/user1/অ/অ_20260704_230631_iep9zz.mp4,176,48,3,0.0625,1.024035,1.88333,0.014829,0.015091,0.5745,0.0889,0.0,0.0,0.0,0.0,0.0,0.0,0.0,0.0,0.0,0.0,0.0,0.0,-0.168138,0.072125,-0.273282,-0.01351,-0.379302,0.095224,-0.583116,-0.261781,-0.077548,0.040612,-0.161406,-0.036357,-0.244675,0.094676,-0.394038,-0.047567,-0.818166,0.15973,-1.154697,-0.639607,-0.193398,0.11471,-0.423482,-0.072743,-0.222713,0.075123,-0.35091,-0.089175,-1.148875,0.174507,-1.500448,-0.970555,-0.30927,0.185337,-0.678426,-0.105952,-0.137803,0.054919,-0.218236,0.006021,-1.34836,0.170862,-1.67194,-1.115137,-0.433719,0.267858,-0.965084,-0.133163,-0.107464,0.125268,-0.320921,0.118402,-0.953872,0.023716,-0.996509,-0.913367,-0.311142,0.225711,-0.737491,-0.000422,-0.087187,0.132331,-0.302652,0.21832,-1.334096,0.042026,-1.420512,-1.292256,-0.49989,0.31376,-1.082721,-0.04544,-0.095914,0.138784,-0.274084,0.287489,-1.420707,0.099391,-1.634851,-1.283228,-0.623189,0.374898,-1.320241,-0.08164,-0.093586,0.155214,-0.237701,0.342562,-1.475605,0.153417,-1.80581,-1.259155,-0.696986,0.41214,-1.466785,-0.109486,0.025527,0.080036,-0.091087,0.235831,-0.867005,0.068754,-0.94657,-0.721248,-0.345074,0.23813,-0.79315,-0.013187,0.023192,0.106948,-0.092755,0.324394,-1.204341,0.067947,-1.304923,-1.027706,-0.521922,0.309318,-1.097227,-0.075517,-0.028094,0.09637,-0.093904,0.235731,-1.173831,0.155709,-1.424318,-0.879188,-0.575748,0.329345,-1.190522,-0.105412,-0.060402,0.090084,-0.160168,0.158436,-1.121411,0.261335,-1.608607,-0.746793,-0.607919,0.351026,-1.266896,-0.115138,0.141108,0.090305,0.024169,0.345772,-0.74736,0.145454,-0.941544,-0.434006,-0.376589,0.242133,-0.83102,-0.036396,0.117141,0.130115,-0.045364,0.417687,-1.063207,0.12185,-1.271248,-0.848025,-0.519893,0.299019,-1.076537,-0.089453,0.044115,0.131225,-0.143051,0.323321,-1.024393,0.106605,-1.128789,-0.755669,-0.499534,0.303191,-1.072064,-0.081749,-0.001074,0.128568,-0.206327,0.24448,-0.975265,0.199197,-1.329912,-0.655207,-0.476912,0.309043,-1.068005,-0.06936,0.239489,0.152169,-0.057682,0.423972,-0.629538,0.21184,-0.929141,-0.173674,-0.412817,0.247873,-0.878297,-0.065194,0.201774,0.173851,-0.11757,0.461371,-0.90072,0.179907,-1.20309,-0.556004,-0.50036,0.28709,-1.036547,-0.091022,0.136095,0.169846,-0.177866,0.385475,-0.885974,0.110036,-1.04276,-0.593094,-0.46726,0.286176,-1.008613,-0.075183,0.091519,0.170665,-0.233893,0.319102,-0.855315,0.136975,-0.997844,-0.515771,-0.437203,0.290248,-0.993813,-0.058135
20260709_222041_giojuy,user1,অ,output/user1/অ/অ_20260709_222041_giojuy.mp4,114,47,5,0.106383,4.502475,7.884937,0.062086,0.578589,0.752234,0.275654,0.0,0.0,0.0,0.0,0.0,0.0,0.0,0.0,0.0,0.0,0.0,0.0,-0.302887,0.112778,-0.562531,0.126088,0.029492,0.102867,-0.330137,0.220587,-0.23931,0.06538,-0.364371,-0.152677,-0.588684,0.229711,-1.114446,0.203263,-0.070363,0.220178,-0.766488,0.307656,-0.418854,0.132787,-0.679452,-0.239264,-0.734438,0.308834,-1.423581,0.287785,-0.178406,0.331732,-1.178432,0.418743,-0.571046,0.189767,-0.940269,-0.241936,-0.821873,0.351487,-1.557651,0.29803,-0.255498,0.446707,-1.521047,0.559346,-0.709036,0.245501,-1.188305,-0.211612,-0.490607,0.216828,-0.846107,-0.141126,-0.801363,0.12746,-0.960295,-0.531545,-0.370992,0.20073,-0.799581,-0.077556,-0.54275,0.253271,-0.977652,-0.155246,-0.650275,0.632449,-1.426683,0.795836,-0.574308,0.262184,-1.106775,-0.113506,-0.522502,0.217098,-0.849659,-0.049467,-0.561906,0.807735,-1.62739,1.194854,-0.699681,0.28849,-1.28801,-0.157418,-0.497357,0.17828,-0.700556,0.096091,-0.579741,0.853541,-1.827991,1.191274,-0.773736,0.30354,-1.402775,-0.174331,-0.222995,0.131319,-0.362516,0.011011,-0.860717,0.15491,-0.99973,-0.492727,-0.350146,0.19931,-0.783141,0.040587,-0.248299,0.158363,-0.486008,0.011595,-0.652414,0.671246,-1.423135,0.867922,-0.535039,0.25018,-1.037525,0.020383,-0.223464,0.119835,-0.351935,-0.016717,-0.522031,0.81307,-1.681573,1.146837,-0.601954,0.245206,-1.095654,-0.035987,-0.188928,0.095257,-0.341074,0.088109,-0.502251,0.869647,-1.893064,1.152905,-0.640359,0.248445,-1.160499,-0.073627,0.026041,0.079346,-0.332697,0.140536,-0.819831,0.185715,-0.995144,-0.375969,-0.346782,0.192966,-0.765395,0.13983,0.022672,0.080967,-0.256831,0.155023,-0.638361,0.637119,-1.392418,0.791538,-0.540351,0.248659,-1.023891,0.12562,0.02747,0.07384,-0.106421,0.127348,-0.519584,0.756143,-1.633149,0.999224,-0.549867,0.229928,-0.995068,0.09169,0.040875,0.103874,-0.135856,0.279185,-0.487146,0.802882,-1.828509,0.965687,-0.52863,0.214083,-0.967239,0.073321,0.251904,0.097727,-0.313521,0.44409,-0.72036,0.219236,-0.94503,-0.198318,-0.362271,0.192201,-0.778129,0.222662,0.300732,0.087042,-0.253464,0.451705,-0.694787,0.549792,-1.280485,0.61099,-0.502607,0.220603,-0.939173,0.221264,0.328146,0.099014,-0.136603,0.53804,-0.68565,0.659897,-1.491437,0.822892,-0.501997,0.199313,-0.878452,0.212796,0.353282,0.134729,-0.038671,0.65155,-0.712365,0.70225,-1.669566,0.819493,-0.475735,0.180894,-0.818556,0.21309
20260704_230720_4nlmlz,user1,আ,output/user1/আ/আ_20260704_230720_4nlmlz.mp4,164,47,11,0.234043,2.019558,5.039237,0.039679,0.120063,0.574556,0.036198,0.0,0.0,0.0,0.0,0.0,0.0,0.0,0.0,0.0,0.0,0.0,0.0,-0.225848,0.041061,-0.332995,-0.154516,-0.247188,0.078258,-0.419473,-0.061747,-0.075461,0.038868,-0.167436,0.002734,-0.36681,0.082552,-0.597108,-0.248143,-0.601616,0.120864,-0.821464,-0.238924,-0.114464,0.068537,-0.251898,0.007028,-0.384047,0.107258,-0.671051,-0.256579,-0.89658,0.161401,-1.163466,-0.358051,-0.157787,0.093708,-0.329394,0.004246,-0.338341,0.120946,-0.65886,-0.239985,-1.101187,0.192835,-1.438468,-0.415945,-0.194728,0.118433,-0.400331,0.005745,-0.220758,0.111509,-0.463324,-0.027309,-0.966161,0.034383,-0.999545,-0.870023,-0.008394,0.088226,-0.116443,0.299978,-0.222391,0.154802,-0.57109,0.03956,-1.282947,0.13364,-1.374629,-0.678288,-0.095074,0.12699,-0.237324,0.348116,-0.222723,0.165124,-0.607569,0.076348,-1.420674,0.215602,-1.628474,-0.433198,-0.160629,0.145744,-0.327097,0.329472,-0.212186,0.170871,-0.637014,0.115173,-1.523199,0.2585,-1.837082,-0.404823,-0.203156,0.157052,-0.391342,0.310807,-0.033249,0.10849,-0.289079,0.148293,-0.956369,0.016041,-0.979057,-0.92733,-0.022158,0.087894,-0.118455,0.318358,-0.034172,0.160862,-0.377151,0.248081,-1.208809,0.113677,-1.36376,-0.697463,-0.131676,0.135666,-0.279497,0.377173,-0.057105,0.157032,-0.37858,0.204481,-1.100111,0.216172,-1.500269,-0.44279,-0.181482,0.147489,-0.35674,0.340567,-0.060712,0.142085,-0.306982,0.202151,-0.99848,0.263262,-1.553922,-0.434302,-0.191911,0.149875,-0.401348,0.313896,0.141637,0.097083,-0.108795,0.291787,-0.882962,0.041683,-0.954047,-0.79367,-0.053159,0.088354,-0.144092,0.302321,0.128007,0.157498,-0.193979,0.38822,-1.085553,0.074826,-1.192479,-0.737866,-0.168346,0.138739,-0.347088,0.348637,0.086496,0.155045,-0.197415,0.363804,-0.926121,0.1474,-1.252333,-0.496174,-0.164356,0.144402,-0.40892,0.348766,0.070177,0.136068,-0.121049,0.382008,-0.792129,0.174708,-1.284466,-0.483181,-0.132028,0.139911,-0.406015,0.346703,0.306104,0.080197,0.066857,0.408277,-0.767286,0.082264,-0.913197,-0.618243,-0.090975,0.090407,-0.181051,0.269779,0.278661,0.137022,-0.001429,0.487948,-0.928516,0.061673,-1.099118,-0.719097,-0.16441,0.131686,-0.349248,0.321303,0.229734,0.137737,-0.031082,0.484638,-0.813402,0.080827,-1.06811,-0.536013,-0.143747,0.139619,-0.380121,0.357275,0.208755,0.117596,0.034878,0.479718,-0.699983,0.100739,-1.061328,-0.527393,-0.1078,0.139289,-0.371364,0.381629
20260704_230748_cofjqd,user1,আ,output/user1/আ/আ_20260704_230748_cofjqd.mp4,178,47,13,0.276596,3.007712,6.286802,0.049502,0.28826,0.547068,0.054959,0.0,0.0,0.0,0.0,0.0,0.0,0.0,0.0,0.0,0.0,0.0,0.0,-0.189529,0.033701,-0.261467,-0.12261,-0.288553,0.046397,-0.400741,-0.186821,-0.128354,0.064015,-0.31022,-0.023578,-0.275674,0.073629,-0.430009,-0.152465,-0.663566,0.056838,-0.853856,-0.564945,-0.192157,0.095732,-0.455325,-0.032703,-0.251174,0.103099,-0.502545,-0.073134,-0.960103,0.067418,-1.199545,-0.81703,-0.245629,0.117393,-0.565916,-0.045734,-0.163744,0.118853,-0.426985,0.045624,-1.158266,0.077829,-1.393503,-1.00922,-0.286823,0.13892,-0.656922,-0.042734,-0.022002,0.114906,-0.236418,0.117211,-0.99163,0.008153,-0.999941,-0.96501,-0.073652,0.087323,-0.222943,0.096608,0.056897,0.155633,-0.175449,0.311767,-1.290148,0.070047,-1.426675,-1.185584,-0.165846,0.122419,-0.391513,0.07644,0.075067,0.180744,-0.206677,0.452757,-1.346314,0.176666,-1.684269,-0.991272,-0.233933,0.147969,-0.542741,0.044137,0.092813,0.204947,-0.234073,0.584614,-1.356087,0.269875,-1.872565,-0.848851,-0.274919,0.165553,-0.637355,0.016629,0.14377,0.10372,-0.086221,0.265186,-0.919472,0.033923,-0.99534,-0.859884,-0.055115,0.073042,-0.215843,0.090361,0.190874,0.134137,0.000931,0.430072,-1.152597,0.125666,-1.441989,-0.992095,-0.163016,0.116602,-0.398821,0.051164,0.124446,0.113976,-0.060772,0.334603,-1.063402,0.193114,-1.45642,-0.842426,-0.21891,0.139188,-0.547015,0.031593,0.071288,0.08929,-0.096584,0.254322,-0.95453,0.234638,-1.509441,-0.673835,-0.23733,0.149128,-0.593209,0.028037,0.277385,0.083698,0.082282,0.391775,-0.797754,0.064369,-0.972214,-0.706438,-0.055493,0.06663,-0.231454,0.084287,0.310468,0.121415,0.136427,0.512788,-0.984191,0.162364,-1.395755,-0.773088,-0.156403,0.109385,-0.41869,0.069903,0.232185,0.102569,0.063656,0.393179,-0.876284,0.186556,-1.263471,-0.656089,-0.164287,0.123093,-0.451805,0.078092,0.176321,0.081242,0.028369,0.347398,-0.761098,0.185735,-1.088807,-0.515392,-0.147613,0.124835,-0.443751,0.086294,0.387697,0.065707,0.237674,0.512721,-0.645986,0.092027,-0.917393,-0.54983,-0.06746,0.068505,-0.263602,0.092957,0.392282,0.103106,0.24668,0.565991,-0.78236,0.175101,-1.255591,-0.547829,-0.131977,0.103948,-0.423022,0.10725,0.320871,0.093472,0.178133,0.495339,-0.711074,0.190997,-1.176836,-0.474182,-0.127451,0.115462,-0.442469,0.125596,0.272756,0.078693,0.15127,0.454232,-0.624714,0.183852,-1.029969,-0.396061,-0.107761,0.120148,-0.430812,0.141235
20260704_230823_p4djtm,user1,আ,output/user1/আ/আ_20260704_230823_p4djtm.mp4,192,47,7,0.148936,1.730922,2.914313,0.022947,0.077932,0.608432,0.074519,0.0,0.0,0.0,0.0,0.0,0.0,0.0,0.0,0.0,0.0,0.0,0.0,-0.119903,0.029768,-0.17699,-0.048203,-0.358881,0.031652,-0.407203,-0.280456,-0.021693,0.121198,-0.266056,0.158148,-0.093882,0.061979,-0.224348,0.03574,-0.712953,0.041716,-0.817273,-0.62438,-0.021785,0.189108,-0.416144,0.266803,0.034937,0.097949,-0.160381,0.212981,-0.925194,0.063677,-1.059026,-0.800135,-0.020265,0.238877,-0.524862,0.358298,0.178784,0.132285,-0.072438,0.419113,-1.017591,0.088386,-1.264266,-0.890428,-0.010256,0.284948,-0.621509,0.454848,0.112829,0.075537,0.009229,0.257595,-0.9887,0.010664,-0.999957,-0.966158,0.004102,0.14842,-0.318335,0.168609,0.263779,0.110907,0.043715,0.485721,-1.29854,0.044165,-1.38547,-1.226222,-0.042375,0.224196,-0.527442,0.24083,0.335256,0.152281,0.020038,0.641812,-1.433398,0.062728,-1.59018,-1.351756,-0.073487,0.271885,-0.672647,0.288317,0.389783,0.188555,0.004181,0.756762,-1.512626,0.080854,-1.725859,-1.399001,-0.091805,0.29906,-0.763542,0.312911,0.288442,0.087529,0.133765,0.447366,-0.86781,0.039696,-0.928762,-0.802389,0.001023,0.119687,-0.263415,0.133951,0.415897,0.124667,0.134564,0.623093,-1.037799,0.077826,-1.192021,-0.900825,-0.047693,0.206406,-0.525812,0.217831,0.339561,0.135674,0.037328,0.588611,-0.87205,0.065735,-0.99353,-0.711785,-0.055507,0.244551,-0.647513,0.272729,0.268523,0.123641,0.003631,0.544631,-0.733891,0.067093,-0.874835,-0.559197,-0.045416,0.257424,-0.687021,0.298316,0.413302,0.084442,0.241292,0.53744,-0.706554,0.070158,-0.836757,-0.589627,-0.009162,0.099754,-0.230568,0.114816,0.513453,0.125763,0.221232,0.705602,-0.856883,0.112552,-1.080256,-0.677172,-0.056247,0.186734,-0.467144,0.196121,0.422667,0.13831,0.113279,0.677185,-0.72396,0.087782,-0.891207,-0.53765,-0.028243,0.212006,-0.505727,0.251698,0.357556,0.12264,0.079465,0.603441,-0.615777,0.073363,-0.76472,-0.442106,0.00357,0.210791,-0.482432,0.281149,0.502815,0.074172,0.344169,0.600258,-0.525473,0.095745,-0.727492,-0.372421,-0.020266,0.088735,-0.216612,0.109771,0.548283,0.108079,0.29932,0.703675,-0.639967,0.137666,-0.938803,-0.422,-0.035812,0.160505,-0.393262,0.202606,0.477834,0.120557,0.2036,0.698017,-0.554461,0.117944,-0.779054,-0.359324,-0.001248,0.186306,-0.424447,0.267759,0.422158,0.108136,0.176376,0.648109,-0.475694,0.099919,-0.647402,-0.296878,0.034075,0.193445,-0.41244,0.306787
20260704_230900_jm6b9y,user1,আ,output/user1/আ/আ_20260704_230900_jm6b9y.mp4,230,47,6,0.12766,1.35028,3.515735,0.027683,0.066147,0.557213,0.092731,0.0,0.0,0.0,0.0,0.0,0.0,0.0,0.0,0.0,0.0,0.0,0.0,-0.143856,0.095635,-0.210493,0.225134,-0.248795,0.073281,-0.311529,0.044036,-0.083608,0.057183,-0.214102,-0.009489,-0.213199,0.178685,-0.335019,0.474112,-0.554501,0.168246,-0.681544,0.104102,-0.144338,0.102275,-0.415296,-0.020693,-0.203979,0.208292,-0.351887,0.592078,-0.777838,0.298134,-0.982084,0.38871,-0.2078,0.13958,-0.612796,-0.045434,-0.154506,0.211454,-0.285348,0.653366,-0.901394,0.420922,-1.182233,0.761244,-0.264168,0.180822,-0.821048,-0.07252,-0.044877,0.11997,-0.155622,0.345741,-0.983506,0.023844,-0.999202,-0.887659,-0.044508,0.109196,-0.336103,0.062846,0.057859,0.1285,-0.100781,0.373986,-1.270826,0.088714,-1.345643,-0.931768,-0.133426,0.148843,-0.565553,0.062239,0.100424,0.166958,-0.157885,0.373354,-1.292634,0.17482,-1.509777,-0.69982,-0.197474,0.176994,-0.732394,0.040948,0.139877,0.207329,-0.198414,0.509574,-1.278106,0.262752,-1.633586,-0.43903,-0.234903,0.194841,-0.825608,0.015233,0.092566,0.069684,0.00811,0.300411,-0.935966,0.030579,-0.998704,-0.868392,-0.051818,0.101716,-0.351338,0.046357,0.184663,0.122642,0.032724,0.463789,-1.145821,0.054905,-1.249387,-1.025962,-0.151983,0.142437,-0.573759,0.030449,0.139391,0.117689,-0.033543,0.427026,-0.962753,0.060075,-1.119607,-0.843376,-0.19994,0.158665,-0.702718,-0.007385,0.096278,0.09417,-0.055553,0.391999,-0.799274,0.076958,-0.956937,-0.567929,-0.212593,0.167615,-0.767293,-0.033314,0.207598,0.124493,-0.235507,0.420455,-0.818677,0.058132,-0.937711,-0.704223,-0.074453,0.096383,-0.386851,0.025784,0.273427,0.180023,-0.334759,0.573526,-1.001387,0.085269,-1.115487,-0.794413,-0.155528,0.130228,-0.570747,0.026808,0.218259,0.163567,-0.327681,0.517736,-0.849111,0.077099,-0.955332,-0.641205,-0.154725,0.142568,-0.659564,0.01806,0.173241,0.136783,-0.292289,0.467035,-0.716081,0.060473,-0.793817,-0.546274,-0.136639,0.150211,-0.691271,0.007141,0.303334,0.199014,-0.484113,0.508143,-0.659987,0.070821,-0.758204,-0.521376,-0.105425,0.095631,-0.436545,0.002627,0.34472,0.255598,-0.657835,0.611222,-0.80762,0.123099,-0.9898,-0.531312,-0.144781,0.122889,-0.549648,0.024253,0.288167,0.262178,-0.748124,0.567217,-0.726988,0.148222,-1.104065,-0.426929,-0.127429,0.136023,-0.597032,0.043083,0.240057,0.260434,-0.797383,0.521406,-0.646968,0.175575,-1.219533,-0.370232,-0.103832,0.145745,-0.62295,0.05447
20260704_230941_ogdcp4,user1,আ,output/user1/আ/আ_20260704_230941_ogdcp4.mp4,214,47,13,0.276596,2.53441,5.674941,0.044685,0.259855,0.507783,0.088515,0.0,0.0,0.0,0.0,0.0,0.0,0.0,0.0,0.0,0.0,0.0,0.0,-0.058273,0.120197,-0.284368,0.216124,-0.307771,0.047242,-0.482587,-0.242776,-0.094986,0.067265,-0.344976,-0.009671,-0.085862,0.19458,-0.489972,0.277139,-0.6418,0.079071,-0.904131,-0.533876,-0.148247,0.09811,-0.518025,0.009566,-0.049206,0.237211,-0.565649,0.364244,-0.898414,0.10625,-1.202603,-0.719095,-0.202946,0.118942,-0.6482,0.020663,0.027734,0.267342,-0.610181,0.50281,-1.044679,0.122488,-1.420955,-0.831425,-0.249164,0.14139,-0.767257,0.04285,0.021281,0.139473,-0.370383,0.199648,-0.987588,0.015468,-0.999852,-0.928879,-0.032888,0.085431,-0.310785,0.098421,0.087499,0.177815,-0.360675,0.327952,-1.251573,0.082551,-1.345576,-1.023104,-0.140799,0.123758,-0.54477,0.077932,0.135639,0.224677,-0.33133,0.431754,-1.295456,0.169405,-1.500673,-0.850065,-0.221459,0.151858,-0.735231,0.048825,0.188408,0.263734,-0.318895,0.563034,-1.316996,0.235437,-1.590182,-0.729642,-0.270967,0.170502,-0.86537,0.048269,0.129154,0.110529,-0.165542,0.301897,-0.911655,0.031412,-0.961943,-0.839483,-0.040652,0.070298,-0.240837,0.083586,0.193432,0.206313,-0.173627,0.446612,-1.095562,0.072508,-1.21695,-0.972756,-0.18444,0.116737,-0.561135,0.053913,0.149622,0.203894,-0.159002,0.468238,-0.917549,0.089273,-1.069908,-0.801337,-0.253921,0.13915,-0.756276,0.040246,0.110483,0.175553,-0.145749,0.418326,-0.774355,0.099262,-0.987729,-0.622768,-0.271763,0.150185,-0.843628,0.029818,0.225133,0.133722,-0.066547,0.404984,-0.790611,0.062044,-0.919687,-0.662553,-0.06742,0.06794,-0.217961,0.057923,0.269791,0.238019,-0.195082,0.552985,-0.929889,0.088455,-1.1055,-0.784323,-0.20366,0.111462,-0.511946,0.044441,0.206855,0.224403,-0.211474,0.522445,-0.760069,0.07531,-0.913141,-0.626535,-0.21599,0.124122,-0.624754,0.055457,0.156783,0.191416,-0.200603,0.45656,-0.640407,0.072854,-0.780117,-0.479254,-0.191424,0.12824,-0.648972,0.059052,0.305719,0.182897,-0.184871,0.482649,-0.644689,0.086848,-0.836801,-0.481349,-0.102435,0.075874,-0.255643,0.030776,0.330883,0.258593,-0.283851,0.612388,-0.749065,0.119304,-1.028911,-0.547995,-0.1822,0.111387,-0.426069,0.051621,0.273608,0.244915,-0.284935,0.578427,-0.639079,0.09846,-0.866338,-0.446548,-0.173152,0.124749,-0.500856,0.085294,0.227108,0.210075,-0.258182,0.512886,-0.551103,0.071604,-0.725852,-0.402901,-0.146209,0.131121,-0.527956,0.107967
20260704_231010_4ha6y7,user1,আ,output/user1/আ/আ_20260704_231010_4ha6y7.mp4,186,47,17,0.361702,4.516389,10.176683,0.080131,0.350874,0.461232,0.209941,0.0,0.0,0.0,0.0,0.0,0.0,0.0,0.0,0.0,0.0,0.0,0.0,-0.097495,0.11062,-0.253963,0.236309,-0.273259,0.134881,-0.515737,-0.008709,-0.1103,0.085392,-0.415347,0.027543,-0.135218,0.170569,-0.422173,0.32621,-0.59954,0.228158,-0.967361,-0.08609,-0.180781,0.134438,-0.687015,0.045124,-0.116489,0.204674,-0.423525,0.444735,-0.860788,0.303281,-1.328584,0.015581,-0.244941,0.169576,-0.90453,0.028515,-0.068959,0.214928,-0.412617,0.543305,-1.05121,0.368639,-1.619041,0.137167,-0.299159,0.203436,-1.113241,0.036136,0.002025,0.168386,-0.28089,0.312022,-0.96783,0.025432,-0.998424,-0.901968,-0.098287,0.127026,-0.541356,0.183605,0.038903,0.184938,-0.311292,0.47255,-1.199135,0.218062,-1.446814,-0.623633,-0.21196,0.166665,-0.773425,0.149385,0.088185,0.20864,-0.295549,0.577065,-1.267031,0.3472,-1.724622,-0.390224,-0.291702,0.188148,-0.923723,0.092935,0.150172,0.229043,-0.259037,0.664701,-1.329047,0.411109,-1.938665,-0.339318,-0.342944,0.203048,-1.025401,0.045214,0.129605,0.133998,-0.092359,0.469006,-0.919457,0.06133,-0.982594,-0.783229,-0.100198,0.110728,-0.443594,0.156864,0.163423,0.182813,-0.107171,0.5774,-1.041724,0.143954,-1.299312,-0.714489,-0.229595,0.145243,-0.691764,0.062729,0.140431,0.179484,-0.120333,0.499768,-0.901569,0.239011,-1.509957,-0.432591,-0.280087,0.147898,-0.768698,-0.000721,0.125613,0.166691,-0.109531,0.427063,-0.800757,0.284764,-1.683845,-0.35833,-0.295209,0.149742,-0.796285,-0.01476,0.232383,0.113339,0.077806,0.551033,-0.811849,0.119729,-0.968292,-0.570527,-0.119022,0.101688,-0.379259,0.130004,0.258157,0.181909,-0.076068,0.632656,-0.9026,0.123891,-1.185421,-0.587519,-0.23923,0.130897,-0.590212,0.050811,0.226874,0.174069,-0.100052,0.547849,-0.77084,0.18316,-1.260449,-0.483195,-0.235332,0.132654,-0.592799,0.043668,0.208166,0.164246,-0.057401,0.54443,-0.68563,0.217477,-1.398639,-0.414415,-0.210658,0.13414,-0.570157,0.062551,0.316359,0.118409,0.09326,0.591915,-0.673097,0.17062,-0.899291,-0.33648,-0.14819,0.100579,-0.426533,0.093554,0.32882,0.173729,-0.059804,0.661222,-0.72363,0.141195,-1.023031,-0.340072,-0.222411,0.126817,-0.544952,0.072608,0.299092,0.171013,-0.082008,0.584683,-0.630533,0.150778,-0.964715,-0.287385,-0.210456,0.136918,-0.567097,0.097501,0.281193,0.162108,-0.048422,0.634214,-0.569004,0.170914,-1.094395,-0.242717,-0.185664,0.143906,-0.574817,0.130679
20260728_232136_0wkg0v,user1,আ,output/user1/আ/আ_20260728_232136_0wkg0v.mp4,177,47,6,0.12766,1.37097,2.659747,0.020943,0.093729,0.537334,0.102138,0.0,0.0,0.0,0.0,0.0,0.0,0.0,0.0,0.0,0.0,0.0,0.0,-0.133603,0.095529,-0.270114,0.000411,-0.289293,0.054364,-0.409627,-0.150159,-0.120579,0.04707,-0.197336,-0.024941,-0.155885,0.20816,-0.46515,0.168047,-0.658081,0.058449,-0.774272,-0.498461,-0.189938,0.058255,-0.28517,-0.076415,-0.091061,0.297828,-0.538825,0.412985,-0.927519,0.133979,-1.209425,-0.561401,-0.243406,0.061773,-0.355762,-0.113993,0.008368,0.355889,-0.537833,0.634482,-1.09868,0.248433,-1.547653,-0.40664,-0.282291,0.066503,-0.492969,-0.148413,0.050433,0.17504,-0.336377,0.261284,-0.978872,0.014122,-0.999738,-0.941727,-0.143087,0.053769,-0.355825,-0.066605,0.103432,0.325302,-0.411519,0.567009,-1.195842,0.132524,-1.329631,-0.810093,-0.244985,0.06522,-0.515819,-0.136706,0.165094,0.422332,-0.370645,0.826951,-1.212458,0.258676,-1.483258,-0.545096,-0.294087,0.066065,-0.598909,-0.182979,0.236314,0.482565,-0.338373,1.021279,-1.230913,0.324366,-1.594507,-0.476138,-0.323291,0.071092,-0.65499,-0.216226,0.212056,0.172945,-0.162806,0.403917,-0.897142,0.04945,-0.971158,-0.795984,-0.12795,0.046521,-0.381653,-0.082689,0.1909,0.335938,-0.230988,0.756133,-0.944946,0.094284,-1.103982,-0.717726,-0.239912,0.059182,-0.551408,-0.163727,0.125279,0.322032,-0.286084,0.804151,-0.749383,0.108484,-0.886366,-0.466635,-0.258147,0.063134,-0.558712,-0.19014,0.094406,0.264595,-0.249019,0.752404,-0.641545,0.081835,-0.744698,-0.422402,-0.255777,0.066577,-0.555325,-0.195977,0.330068,0.167845,0.004202,0.546785,-0.760154,0.103038,-0.92713,-0.55531,-0.126197,0.050451,-0.403122,-0.087859,0.286873,0.309536,-0.090276,0.843596,-0.789241,0.108467,-0.981901,-0.486346,-0.233083,0.054681,-0.512321,-0.174641,0.211741,0.279991,-0.164623,0.778582,-0.61973,0.104,-0.782753,-0.318231,-0.200802,0.047157,-0.436687,-0.156018,0.177187,0.223072,-0.13311,0.652283,-0.531901,0.083527,-0.644989,-0.234775,-0.162912,0.042323,-0.384855,-0.131626,0.42096,0.155802,0.169194,0.703642,-0.611813,0.151505,-0.850324,-0.306067,-0.134392,0.061382,-0.434385,-0.079139,0.379441,0.270454,0.023096,0.862982,-0.652104,0.156799,-0.900407,-0.231656,-0.21232,0.052629,-0.485033,-0.172015,0.309991,0.252257,-0.046779,0.796218,-0.523297,0.137976,-0.743362,-0.108944,-0.190226,0.042871,-0.428449,-0.14811,0.275396,0.206946,-0.02462,0.687279,-0.449941,0.119866,-0.61758,-0.056773,-0.156584,0.039025,-0.384677,-0.117426
20260728_232203_7c77zv,user1,আ,output/user1/আ/আ_20260728_232203_7c77zv.mp4,174,47,6,0.12766,4.265979,6.568942,0.051724,0.220757,0.572613,0.302965,0.0,0.0,0.0,0.0,0.0,0.0,0.0,0.0,0.0,0.0,0.0,0.0,-0.195048,0.150363,-0.776249,0.180257,-0.266052,0.097495,-0.426641,0.144941,-0.129312,0.115955,-0.619991,-0.009708,-0.344999,0.269844,-1.45254,0.188726,-0.62577,0.176731,-0.868993,0.145432,-0.206474,0.192414,-1.021078,0.030766,-0.383101,0.327147,-1.729197,0.136819,-0.959939,0.186202,-1.313881,-0.178122,-0.274336,0.245013,-1.309806,0.059034,-0.347558,0.358828,-1.790739,0.059669,-1.228432,0.146841,-1.607733,-0.836411,-0.329879,0.290112,-1.552201,0.091711,-0.156326,0.249657,-0.999952,0.076562,-0.893197,0.224032,-0.999835,-0.009757,-0.131567,0.274939,-1.297806,0.185753,-0.141809,0.38199,-1.365028,0.241479,-1.099055,0.554272,-1.389567,1.217738,-0.236422,0.368681,-1.81011,0.173143,-0.119493,0.392417,-1.255651,0.406542,-1.208756,0.663611,-1.717785,1.60806,-0.291932,0.400941,-2.003692,0.128291,-0.096637,0.382601,-1.065463,0.528406,-1.277144,0.733656,-1.981279,1.840751,-0.322223,0.413106,-2.082604,0.0924,0.009774,0.21691,-0.328469,0.243941,-0.82899,0.229955,-0.952111,0.117503,-0.124208,0.254353,-1.207583,0.173396,0.005774,0.351462,-0.746682,0.412407,-0.919319,0.765243,-1.390796,2.309031,-0.254883,0.363095,-1.820275,0.156817,-0.038871,0.331539,-0.739809,0.400981,-0.804992,0.888218,-1.700023,3.044628,-0.292909,0.383857,-1.943677,0.08926,-0.048693,0.292531,-0.624871,0.33307,-0.708086,0.945597,-1.973397,3.420364,-0.2968,0.39154,-1.970912,0.0417,0.155779,0.230205,-0.420035,0.365974,-0.728662,0.246845,-0.937926,0.292305,-0.130812,0.228367,-1.107712,0.146835,0.155441,0.334524,-0.509542,0.532966,-0.804184,0.785055,-1.388931,2.535672,-0.264048,0.345833,-1.752767,0.108571,0.107628,0.314713,-0.511899,0.501751,-0.704044,0.901339,-1.678376,3.214731,-0.241554,0.334564,-1.677787,0.083827,0.087768,0.281956,-0.497485,0.427222,-0.609108,0.955052,-1.900225,3.564104,-0.196753,0.308356,-1.516653,0.075029,0.290514,0.263921,-0.45777,0.828997,-0.599025,0.276945,-0.898602,0.50851,-0.148081,0.210116,-1.050266,0.117815,0.287443,0.319514,-0.528886,0.6165,-0.687392,0.704694,-1.26374,2.290768,-0.242426,0.313836,-1.593031,0.092345,0.239925,0.315333,-0.53793,0.588408,-0.62795,0.830201,-1.496465,2.956674,-0.217687,0.313499,-1.5651,0.10435,0.215607,0.296074,-0.522356,0.528234,-0.565999,0.868557,-1.687902,3.21863,-0.175206,0.292708,-1.432672,0.122801
20260728_232238_kgwkds,user1,আ,output/user1/আ/আ_20260728_232238_kgwkds.mp4,238,47,6,0.12766,5.723223,8.351428,0.065759,0.173802,1.043222,0.323499,0.0,0.0,0.0,0.0,0.0,0.0,0.0,0.0,0.0,0.0,0.0,0.0,-0.361514,0.143941,-0.638306,-0.117034,-0.219267,0.098666,-0.402904,-0.077262,-0.14647,0.072401,-0.276277,-0.021604,-0.651669,0.326336,-1.276144,-0.08418,-0.360348,0.286403,-0.830605,0.145059,-0.339127,0.191824,-0.696332,-0.037887,-0.789708,0.476966,-1.694988,0.043196,-0.398441,0.50552,-1.245357,0.505913,-0.526965,0.311318,-1.109872,-0.055307,-0.829268,0.571106,-1.907969,0.162616,-0.382243,0.694544,-1.613689,0.852748,-0.722054,0.444785,-1.557583,-0.060818,-0.428752,0.304385,-0.985461,0.142279,-0.570711,0.318087,-0.988678,0.023338,-0.451808,0.294611,-1.000462,-0.028701,-0.485625,0.437346,-1.272835,0.344869,-0.41194,0.720868,-1.412733,0.83689,-0.672165,0.419509,-1.451642,-0.06224,-0.531131,0.453457,-1.356471,0.319059,-0.220411,0.961621,-1.6887,1.369239,-0.794229,0.494594,-1.714122,-0.053074,-0.562093,0.446308,-1.382416,0.260506,-0.145974,1.078147,-1.933351,1.571902,-0.868518,0.542661,-1.880842,-0.039002,-0.129478,0.221985,-0.513606,0.299583,-0.425198,0.393418,-0.981771,0.276551,-0.485572,0.318924,-1.081153,-0.038879,-0.147985,0.325575,-0.705203,0.481425,-0.163051,0.765292,-1.324995,1.177373,-0.67515,0.416162,-1.457024,-0.0577,-0.258308,0.348871,-0.886796,0.395235,0.117805,0.940809,-1.562559,1.742204,-0.715465,0.438058,-1.54218,-0.044865,-0.325721,0.346108,-0.964992,0.304355,0.223003,0.973648,-1.741307,1.876408,-0.752233,0.467616,-1.637233,-0.032718,0.164229,0.132403,-0.091567,0.419977,-0.227091,0.462128,-0.973539,0.568423,-0.515754,0.335208,-1.143345,-0.048507,0.133767,0.223704,-0.217787,0.573894,0.018362,0.787854,-1.28806,1.384053,-0.692889,0.427944,-1.496206,-0.060967,0.014837,0.247978,-0.414713,0.491368,0.265373,0.944655,-1.5113,1.884532,-0.650732,0.414007,-1.428719,-0.037101,-0.072843,0.255219,-0.535623,0.400673,0.359511,0.971619,-1.67494,1.996388,-0.617082,0.408231,-1.385267,-0.019325,0.422155,0.07912,0.090263,0.511351,-0.000486,0.533257,-0.921348,0.897469,-0.557266,0.35704,-1.22749,-0.054181,0.420307,0.12664,0.059684,0.63501,0.211102,0.806062,-1.19739,1.598633,-0.660824,0.411695,-1.434566,-0.055937,0.321799,0.134453,0.049818,0.576322,0.390042,0.928885,-1.385767,1.978045,-0.59859,0.385135,-1.322734,-0.027796,0.237536,0.134417,0.040051,0.500277,0.46874,0.956311,-1.518775,2.079386,-0.551112,0.372852,-1.253406,-0.002039
20260728_232316_s2ep8l,user1,আ,output/user1/আ/আ_20260728_232316_s2ep8l.mp4,282,47,2,0.042553,0.976529,1.336318,0.010522,0.010522,0.212905,0.146329,0.0,0.0,0.0,0.0,0.0,0.0,0.0,0.0,0.0,0.0,0.0,0.0,-0.022713,0.105938,-0.204775,0.159349,-0.28864,0.073131,-0.414321,-0.162959,-0.147661,0.009951,-0.164763,-0.13056,0.040199,0.214747,-0.32886,0.409257,-0.662093,0.088995,-0.815037,-0.509148,-0.216629,0.011425,-0.236264,-0.196993,0.117197,0.268449,-0.344152,0.578546,-1.013928,0.109986,-1.202947,-0.824908,-0.2634,0.010567,-0.281559,-0.24524,0.179936,0.276647,-0.295501,0.655373,-1.304607,0.116192,-1.504291,-1.104922,-0.291244,0.011148,-0.310403,-0.272085,0.350551,0.281565,-0.133339,0.83444,-0.751305,0.116496,-0.951512,-0.551098,-0.122003,0.014616,-0.147122,-0.096884,0.444885,0.377684,-0.204193,1.093962,-1.003253,0.046751,-1.083597,-0.922909,-0.237119,0.021829,-0.274634,-0.199605,0.40473,0.366707,-0.225483,1.034942,-1.175895,0.151122,-1.435608,-0.916182,-0.321845,0.008399,-0.336279,-0.307411,0.348085,0.335651,-0.228754,0.924925,-1.312904,0.196165,-1.650029,-0.97578,-0.369311,0.003682,-0.37564,-0.362983,0.454786,0.223189,0.071219,0.838352,-0.762136,0.136931,-0.997461,-0.526811,-0.083735,0.030596,-0.136316,-0.031154,0.490734,0.354229,-0.118034,1.099501,-0.852312,0.119858,-1.058296,-0.646327,-0.182301,0.054847,-0.276559,-0.088042,0.44951,0.339325,-0.133644,1.032664,-0.882918,0.306724,-1.410045,-0.355792,-0.2287,0.039407,-0.296423,-0.160976,0.415775,0.288518,-0.080065,0.911614,-0.927106,0.401536,-1.617175,-0.237037,-0.251694,0.022624,-0.290576,-0.212813,0.507653,0.165502,0.223226,0.79208,-0.726479,0.108898,-0.913629,-0.53933,-0.064164,0.04569,-0.142686,0.014359,0.526473,0.292382,0.023993,1.028953,-0.788681,0.150193,-1.046798,-0.530563,-0.156682,0.072433,-0.281163,-0.032201,0.493403,0.286694,0.000698,0.986107,-0.846414,0.318146,-1.393171,-0.299658,-0.157957,0.046697,-0.238208,-0.077705,0.468533,0.248941,0.040711,0.896356,-0.92021,0.40372,-1.614032,-0.226387,-0.148263,0.023814,-0.18919,-0.107337,0.513681,0.106358,0.330897,0.696464,-0.673951,0.057774,-0.773239,-0.574663,-0.057701,0.062118,-0.164455,0.049053,0.512534,0.211241,0.149501,0.875567,-0.729662,0.167129,-1.016886,-0.442438,-0.127281,0.090849,-0.283411,0.02885,0.5105,0.22023,0.132019,0.88898,-0.776712,0.304658,-1.300288,-0.253136,-0.123865,0.088941,-0.276717,0.028986,0.516433,0.198638,0.175059,0.857806,-0.855391,0.381779,-1.511506,-0.199276,-0.104948,0.08079,-0.243791,0.033895
20260705_210750_hp0ub6,user1,ই,output/user1/ই/ই_20260705_210750_hp0ub6.mp4,166,47,8,0.170213,1.848648,3.300868,0.025991,0.118882,0.567522,0.167173,0.0,0.0,0.0,0.0,0.0,0.0,0.0,0.0,0.0,0.0,0.0,0.0,-0.131609,0.126576,-0.214225,0.233347,-0.221501,0.167586,-0.423848,0.334633,-0.147304,0.064665,-0.290335,-0.021896,-0.15261,0.241294,-0.309236,0.535927,-0.513249,0.323337,-0.862388,0.550925,-0.243011,0.103593,-0.466855,-0.025275,-0.047982,0.306517,-0.263805,0.813989,-0.740353,0.445432,-1.189594,0.714737,-0.320497,0.136533,-0.612142,-0.02252,0.109891,0.332434,-0.141161,1.047421,-0.847136,0.522262,-1.365684,0.858237,-0.383628,0.171844,-0.743334,-0.008545,0.096267,0.234239,-0.139184,0.73365,-0.856813,0.265274,-0.999634,-0.038924,-0.175736,0.082113,-0.320355,-0.012327,0.161122,0.277919,-0.136189,0.823801,-1.09236,0.277554,-1.373029,-0.269392,-0.290997,0.132807,-0.555742,0.007332,0.151165,0.287428,-0.179431,0.837956,-1.071284,0.283415,-1.574327,-0.445789,-0.349174,0.170413,-0.688167,0.045252,0.145368,0.271335,-0.189904,0.811217,-1.047556,0.308697,-1.716886,-0.564982,-0.377987,0.193539,-0.762463,0.074566,0.245141,0.155767,0.06854,0.642786,-0.826646,0.151618,-0.966798,-0.401634,-0.155366,0.073961,-0.279485,0.00475,0.289103,0.227426,-0.054809,0.736704,-0.980891,0.114195,-1.241515,-0.683586,-0.26779,0.137604,-0.568467,0.033278,0.222388,0.247656,-0.102835,0.736214,-0.857781,0.138242,-1.176746,-0.579218,-0.291107,0.158849,-0.614276,0.067432,0.177755,0.227243,-0.092641,0.675273,-0.770953,0.152871,-1.074679,-0.415696,-0.291786,0.162722,-0.588116,0.090964,0.354139,0.08716,0.218045,0.510079,-0.743417,0.06478,-0.859141,-0.644356,-0.151132,0.072929,-0.278055,0.020702,0.391524,0.178704,0.054898,0.611026,-0.871334,0.092144,-1.097922,-0.721024,-0.253562,0.12965,-0.538601,0.053414,0.311414,0.18857,0.005414,0.588851,-0.759367,0.183371,-1.122651,-0.410866,-0.22517,0.134448,-0.482406,0.099163,0.26113,0.163856,0.012417,0.533087,-0.688544,0.216013,-1.192535,-0.309341,-0.189578,0.127975,-0.388914,0.124477,0.431,0.058853,0.313499,0.553126,-0.629071,0.115241,-0.933284,-0.416045,-0.159507,0.077848,-0.304294,0.034785,0.454415,0.126141,0.16907,0.640129,-0.741316,0.180828,-1.231891,-0.51683,-0.220973,0.118571,-0.465975,0.071177,0.381215,0.13116,0.118977,0.571119,-0.672465,0.255741,-1.358899,-0.294628,-0.190733,0.124371,-0.426745,0.110082,0.334668,0.110231,0.11676,0.503349,-0.6232,0.289496,-1.435051,-0.225865,-0.153801,0.12289,-0.361022,0.139742
20260705_210817_cpe63z,user1,ই,output/user1/ই/ই_20260705_210817_cpe63z.mp4,183,47,23,0.489362,6.566931,13.029538,0.102595,0.457458,0.567549,0.156275,0.0,0.0,0.0,0.0,0.0,0.0,0.0,0.0,0.0,0.0,0.0,0.0,-0.1496,0.198501,-0.36723,0.325055,-0.26177,0.109197,-0.483264,-0.022461,-0.074533,0.059546,-0.229696,0.113009,-0.197284,0.356142,-0.584308,0.65824,-0.596579,0.203229,-0.905147,-0.079102,-0.135982,0.092083,-0.375598,0.137052,-0.141573,0.449007,-0.616276,0.978575,-0.877699,0.321119,-1.317416,-0.074579,-0.194485,0.121432,-0.481993,0.171637,-0.045348,0.496013,-0.610985,1.212652,-1.062803,0.426066,-1.693314,-0.003646,-0.248571,0.153278,-0.574956,0.206704,0.01954,0.316761,-0.457207,0.666843,-0.93465,0.083089,-0.998408,-0.660344,-0.09399,0.15449,-0.755614,0.191639,0.0639,0.328615,-0.51,0.72483,-1.288007,0.095002,-1.493094,-0.946703,-0.17432,0.189582,-1.028191,0.200005,0.065256,0.323483,-0.521101,0.72179,-1.392605,0.151219,-1.82091,-0.692185,-0.225448,0.217491,-1.157277,0.202372,0.063237,0.317149,-0.525787,0.683781,-1.434476,0.209155,-2.023752,-0.619531,-0.252994,0.239183,-1.204869,0.211449,0.141268,0.184188,-0.196026,0.468723,-0.920427,0.035563,-0.998224,-0.84934,-0.099429,0.137977,-0.714808,0.179506,0.138682,0.2122,-0.244001,0.494764,-1.242306,0.10129,-1.43482,-0.833648,-0.180541,0.167427,-0.79884,0.187809,0.087837,0.22721,-0.256405,0.498607,-1.188313,0.237101,-1.69487,-0.546889,-0.210195,0.173536,-0.626808,0.176495,0.049123,0.210566,-0.253484,0.453742,-1.1004,0.349239,-1.921082,-0.480118,-0.217923,0.179464,-0.604639,0.237209,0.241301,0.087215,0.064206,0.497202,-0.857785,0.070838,-0.972727,-0.663125,-0.114278,0.120444,-0.65909,0.155326,0.233441,0.147724,-0.009332,0.648882,-1.144477,0.152137,-1.390469,-0.745538,-0.187992,0.166075,-0.697524,0.183833,0.181447,0.163673,-0.03536,0.577216,-1.078868,0.291051,-1.673697,-0.471411,-0.177567,0.166892,-0.588367,0.189993,0.14438,0.149602,-0.035946,0.479242,-0.988307,0.411047,-1.914903,-0.377764,-0.156849,0.161778,-0.583934,0.191051,0.327865,0.144334,-0.071164,0.572955,-0.761003,0.11684,-0.997016,-0.43762,-0.134728,0.114717,-0.606588,0.132681,0.322093,0.187679,-0.106014,0.742745,-1.000357,0.1824,-1.342893,-0.522279,-0.181712,0.163587,-0.589256,0.172001,0.277636,0.197122,-0.132258,0.733842,-0.986719,0.295275,-1.500977,-0.464052,-0.162814,0.180631,-0.601973,0.219392,0.248916,0.187391,-0.157743,0.663866,-0.938275,0.410078,-1.697194,-0.332369,-0.136642,0.186402,-0.633102,0.261617
20260705_210847_8d63gb,user1,ই,output/user1/ই/ই_20260705_210847_8d63gb.mp4,232,47,9,0.191489,1.459547,3.251407,0.025602,0.048205,0.686443,0.057394,0.0,0.0,0.0,0.0,0.0,0.0,0.0,0.0,0.0,0.0,0.0,0.0,-0.285212,0.032941,-0.339495,-0.218107,-0.343057,0.035181,-0.405859,-0.26979,0.017483,0.066475,-0.180406,0.170329,-0.411569,0.059321,-0.520773,-0.322214,-0.768305,0.056725,-0.879463,-0.674807,0.018124,0.090385,-0.278661,0.206287,-0.373625,0.070952,-0.513234,-0.277453,-1.141814,0.082221,-1.26949,-1.013068,0.018223,0.110261,-0.346546,0.236188,-0.251968,0.08034,-0.397023,-0.118848,-1.391961,0.10833,-1.560314,-1.218019,0.026091,0.128912,-0.399532,0.269919,-0.26228,0.070862,-0.39407,-0.105601,-0.959124,0.018819,-0.994354,-0.918618,-0.003708,0.07626,-0.255155,0.126223,-0.224891,0.076096,-0.379145,-0.082328,-1.422002,0.07648,-1.51481,-1.253029,-0.017298,0.122295,-0.419462,0.172354,-0.211846,0.069755,-0.349409,-0.08062,-1.591245,0.196243,-1.842311,-1.153924,-0.01308,0.150009,-0.487062,0.255245,-0.206696,0.073663,-0.328893,-0.087237,-1.686319,0.289093,-2.051805,-1.040746,-0.002432,0.165577,-0.518317,0.31134,-0.028963,0.063076,-0.15515,0.0931,-0.950973,0.019623,-0.98514,-0.906897,-0.012549,0.080013,-0.227525,0.127906,0.014813,0.062357,-0.137176,0.128006,-1.393705,0.082433,-1.5376,-1.199152,0.003166,0.126663,-0.418101,0.22844,0.022757,0.061713,-0.119436,0.123253,-1.433303,0.18781,-1.637486,-1.042745,0.035195,0.145706,-0.450785,0.278845,0.01858,0.065006,-0.098947,0.134338,-1.39961,0.260693,-1.797287,-0.900937,0.0603,0.159748,-0.439342,0.306173,0.189599,0.043773,0.098517,0.26779,-0.884441,0.037697,-0.94398,-0.809127,-0.020076,0.084701,-0.217546,0.16946,0.235312,0.051623,0.099509,0.339152,-1.304414,0.078365,-1.45779,-1.133307,-0.00053,0.124422,-0.39502,0.252663,0.219892,0.055108,0.103588,0.284168,-1.340347,0.176968,-1.527226,-0.981397,0.063087,0.1349,-0.343591,0.298345,0.199663,0.05854,0.113628,0.288239,-1.302159,0.247157,-1.643805,-0.82451,0.107848,0.144636,-0.272775,0.347518,0.396215,0.029557,0.325276,0.450166,-0.77591,0.056419,-0.86182,-0.669354,-0.025366,0.089233,-0.220244,0.206512,0.434519,0.048486,0.342479,0.517958,-1.102839,0.063049,-1.204624,-1.005197,0.014395,0.114172,-0.33281,0.268301,0.412044,0.060854,0.31166,0.527059,-1.147092,0.130492,-1.306185,-0.893382,0.083075,0.124286,-0.290209,0.308763,0.38454,0.062461,0.277831,0.50416,-1.123406,0.188373,-1.372741,-0.774321,0.137653,0.134899,-0.235697,0.34055
20260705_210914_6z0wyv,user1,ই,output/user1/ই/ই_20260705_210914_6z0wyv.mp4,186,47,22,0.468085,5.172527,12.188239,0.09597,0.285842,0.632567,0.147276,0.0,0.0,0.0,0.0,0.0,0.0,0.0,0.0,0.0,0.0,0.0,0.0,-0.245736,0.099776,-0.395798,0.199811,-0.328147,0.053744,-0.481391,-0.176729,-0.088852,0.077606,-0.250147,0.069416,-0.353721,0.159552,-0.606254,0.34095,-0.749469,0.08643,-0.925912,-0.525637,-0.152863,0.120597,-0.389276,0.125169,-0.323067,0.191649,-0.646715,0.47089,-1.122808,0.127797,-1.424616,-0.836119,-0.202499,0.15392,-0.500827,0.180749,-0.243681,0.23133,-0.644623,0.582663,-1.383584,0.183916,-1.815888,-1.084826,-0.244341,0.191114,-0.628755,0.244078,-0.18769,0.139341,-0.473411,0.049582,-0.969569,0.033105,-0.999923,-0.880434,-0.15787,0.172711,-0.55535,0.156742,-0.135462,0.177794,-0.531745,0.209649,-1.412472,0.070147,-1.727595,-1.204575,-0.241104,0.23301,-0.751717,0.242426,-0.110037,0.212239,-0.548697,0.372557,-1.548181,0.169184,-2.043895,-1.095864,-0.284753,0.260622,-0.810868,0.317657,-0.08337,0.253106,-0.564855,0.475329,-1.608848,0.26608,-2.200201,-0.994038,-0.305593,0.277004,-0.827708,0.368638,0.006059,0.11498,-0.204537,0.235527,-0.902406,0.048953,-0.992502,-0.758687,-0.147238,0.173134,-0.572797,0.178636,0.035394,0.144045,-0.205693,0.450692,-1.30896,0.108148,-1.655038,-1.020322,-0.218188,0.24152,-0.733317,0.284551,0.019092,0.16607,-0.209347,0.424543,-1.338115,0.239291,-2.004442,-0.770835,-0.234546,0.252888,-0.743777,0.350857,0.014763,0.185991,-0.210811,0.513607,-1.306614,0.333477,-2.157249,-0.556351,-0.239411,0.255182,-0.788718,0.387844,0.18512,0.095829,-0.10049,0.376458,-0.792754,0.086023,-0.956496,-0.63886,-0.141621,0.179008,-0.570898,0.187779,0.215657,0.123186,0.0024,0.610566,-1.150897,0.116574,-1.428912,-0.879953,-0.206924,0.238137,-0.697712,0.286292,0.183763,0.138699,-0.001088,0.560459,-1.13498,0.214995,-1.697956,-0.676487,-0.185931,0.241531,-0.759901,0.358499,0.163676,0.14516,-0.044004,0.53039,-1.067204,0.288991,-1.840356,-0.522347,-0.161565,0.239008,-0.792712,0.391236,0.350207,0.097143,-0.079592,0.534899,-0.667396,0.118738,-0.933158,-0.459675,-0.140884,0.191553,-0.565678,0.241887,0.364565,0.115392,0.081649,0.69396,-0.957707,0.137416,-1.283338,-0.700475,-0.178897,0.236287,-0.663911,0.321059,0.332208,0.124308,0.160409,0.64878,-0.965436,0.186118,-1.35946,-0.611238,-0.15088,0.244106,-0.727422,0.406539,0.309765,0.130291,0.108861,0.592813,-0.919919,0.237038,-1.504518,-0.503419,-0.120645,0.247884,-0.772859,0.455036
20260705_211104_cee4mp,user1,ই,output/user1/ই/ই_20260705_211104_cee4mp.mp4,172,47,12,0.255319,3.950862,8.276464,0.065169,0.235459,0.546938,0.157002,0.0,0.0,0.0,0.0,0.0,0.0,0.0,0.0,0.0,0.0,0.0,0.0,-0.162068,0.172185,-0.358806,0.367367,-0.299642,0.045821,-0.401339,-0.192046,-0.056404,0.143034,-0.488674,0.124022,-0.248441,0.255056,-0.656619,0.560448,-0.675522,0.056692,-0.794735,-0.517851,-0.095558,0.233429,-0.809382,0.221687,-0.242988,0.259503,-0.775619,0.592339,-1.003525,0.079767,-1.2159,-0.83145,-0.127605,0.298195,-1.0446,0.304812,-0.169893,0.218262,-0.769944,0.539677,-1.208578,0.095702,-1.521916,-1.031972,-0.154103,0.35817,-1.260942,0.396329,-0.058091,0.170317,-0.445816,0.445719,-0.959042,0.04145,-0.993534,-0.846923,-0.084384,0.247291,-0.850824,0.303728,-0.034822,0.169102,-0.519257,0.40632,-1.342774,0.063956,-1.452886,-1.152016,-0.143855,0.352391,-1.243271,0.445315,-0.0543,0.15289,-0.540651,0.351974,-1.431267,0.130653,-1.798115,-1.043753,-0.17833,0.405178,-1.44441,0.521567,-0.060774,0.159049,-0.582528,0.322229,-1.454736,0.209071,-2.042229,-0.917272,-0.194347,0.428742,-1.533315,0.564024,0.074135,0.117335,-0.253457,0.332354,-0.925839,0.025583,-0.980538,-0.882108,-0.080499,0.208559,-0.720923,0.292664,0.084437,0.165965,-0.376667,0.377804,-1.318866,0.075367,-1.494601,-1.13465,-0.130658,0.319596,-1.124324,0.455207,0.035289,0.145274,-0.444703,0.169341,-1.366849,0.203905,-1.869297,-0.951383,-0.153445,0.354571,-1.256746,0.49684,0.009827,0.143238,-0.48618,0.201964,-1.351674,0.310106,-2.094358,-0.79474,-0.165687,0.364698,-1.297444,0.505217,0.184379,0.165241,-0.123799,0.481464,-0.836553,0.057297,-0.990035,-0.755713,-0.080987,0.18034,-0.614854,0.289032,0.196203,0.221638,-0.261668,0.511323,-1.202822,0.111087,-1.418403,-1.056354,-0.125436,0.266766,-0.9277,0.425523,0.145285,0.191531,-0.26625,0.358079,-1.234909,0.188282,-1.790205,-0.906169,-0.108391,0.279632,-0.942888,0.473659,0.121993,0.171423,-0.218184,0.390055,-1.193117,0.256942,-2.022001,-0.756877,-0.091256,0.275952,-0.908747,0.483837,0.283854,0.245927,-0.30211,0.57612,-0.708052,0.087287,-0.96225,-0.620542,-0.0841,0.166403,-0.541189,0.297218,0.281614,0.310454,-0.442948,0.59809,-1.001631,0.115209,-1.310433,-0.877769,-0.100853,0.233219,-0.745302,0.435048,0.236768,0.299333,-0.484378,0.531431,-1.042617,0.158174,-1.461205,-0.845996,-0.068699,0.253041,-0.759709,0.517077,0.209557,0.280812,-0.490892,0.544367,-1.019121,0.210303,-1.675308,-0.741315,-0.038312,0.257991,-0.737032,0.561472
20260705_211129_q9xd7j,user1,ই,output/user1/ই/ই_20260705_211129_q9xd7j.mp4,138,47,20,0.425532,4.623796,8.382891,0.066007,0.337623,0.600092,0.265206,0.0,0.0,0.0,0.0,0.0,0.0,0.0,0.0,0.0,0.0,0.0,0.0,-0.151406,0.143797,-0.740866,0.28994,-0.380162,0.064611,-0.500384,-0.191606,-0.10761,0.109363,-0.644863,0.055219,-0.181317,0.224295,-1.095971,0.500103,-0.76451,0.112673,-0.947147,-0.434869,-0.183392,0.172881,-1.079889,0.033132,-0.09222,0.250264,-1.069857,0.676401,-1.061533,0.147893,-1.282329,-0.591577,-0.252099,0.216055,-1.377189,0.003167,0.05433,0.251027,-0.96443,0.790343,-1.211042,0.215462,-1.873411,-0.691566,-0.311357,0.249272,-1.607359,-0.009969,0.086947,0.136057,-0.424039,0.363517,-0.972831,0.026228,-0.999984,-0.900498,-0.116124,0.218009,-1.313894,-0.001402,0.223535,0.244805,-1.037393,0.491225,-1.207976,0.245315,-1.367667,0.187864,-0.213671,0.259932,-1.690313,-0.033697,0.270645,0.309455,-1.335774,0.636324,-1.263172,0.34002,-1.553566,0.654366,-0.278574,0.267057,-1.796515,-0.031442,0.306467,0.35466,-1.414573,0.778689,-1.260777,0.384003,-1.670007,0.855944,-0.316667,0.276039,-1.867713,-0.007319,0.234268,0.107525,-0.057573,0.477235,-0.859304,0.082495,-0.953657,-0.459788,-0.109332,0.19171,-1.160827,0.005405,0.340562,0.225657,-0.696462,0.57521,-1.050606,0.366215,-1.326574,1.00818,-0.209137,0.223932,-1.486011,-0.027431,0.322536,0.290152,-0.999689,0.698346,-1.001347,0.383372,-1.454232,1.144466,-0.254684,0.225929,-1.495473,-0.030907,0.302915,0.322608,-1.004544,0.836012,-0.90565,0.373428,-1.600487,1.067599,-0.274026,0.237973,-1.56661,-0.028558,0.354121,0.139375,-0.157718,0.58659,-0.705126,0.147263,-0.965473,-0.006343,-0.11374,0.160832,-1.00761,-0.012834,0.444567,0.197145,-0.212723,0.65957,-0.886425,0.399105,-1.336132,1.323203,-0.206587,0.199247,-1.34421,-0.020539,0.408502,0.233664,-0.4668,0.733872,-0.83854,0.386072,-1.32719,1.290707,-0.20466,0.192237,-1.26034,-0.009404,0.373275,0.256742,-0.45272,0.784994,-0.7473,0.357807,-1.358876,1.108084,-0.186843,0.192116,-1.241646,-0.003216,0.44887,0.18732,-0.246077,0.904981,-0.526312,0.207071,-0.955914,0.425453,-0.126689,0.137556,-0.907067,-0.010119,0.509787,0.194212,-0.208944,0.70386,-0.685961,0.419424,-1.288177,1.563171,-0.184782,0.182563,-1.230129,-0.005367,0.476797,0.196231,-0.075577,0.747065,-0.668193,0.414234,-1.312625,1.585712,-0.168041,0.193647,-1.247149,0.028067,0.445067,0.198233,0.010599,0.782968,-0.611559,0.365928,-1.236566,1.326615,-0.141357,0.201948,-1.256572,0.058446
20260705_211202_fwdefr,user1,ই,output/user1/ই/ই_20260705_211202_fwdefr.mp4,194,47,13,0.276596,6.034354,11.781204,0.092765,0.313218,0.691915,0.285414,0.0,0.0,0.0,0.0,0.0,0.0,0.0,0.0,0.0,0.0,0.0,0.0,-0.093519,0.171384,-0.477785,0.266754,-0.282128,0.117277,-0.478205,-0.086719,-0.142799,0.083314,-0.297362,0.016198,-0.157643,0.354272,-1.036078,0.44429,-0.489773,0.287416,-0.925619,-0.115381,-0.287584,0.185234,-0.663495,0.051353,-0.152104,0.494028,-1.37196,0.520956,-0.581423,0.464863,-1.224927,0.250995,-0.414162,0.275067,-0.99599,0.07003,-0.081823,0.578354,-1.481841,0.603722,-0.591203,0.582169,-1.516358,0.55059,-0.539223,0.372955,-1.343875,0.092011,-0.010609,0.386348,-0.962994,0.444749,-0.759513,0.240171,-0.999753,-0.236213,-0.389959,0.33255,-1.161565,0.147152,-0.021832,0.597731,-1.400859,0.683067,-0.747176,0.46237,-1.328636,0.283285,-0.575836,0.446572,-1.595627,0.166364,-0.023248,0.714097,-1.611654,0.90169,-0.620847,0.606926,-1.512894,0.673803,-0.679947,0.510066,-1.827926,0.16659,-0.015417,0.790534,-1.737116,1.099433,-0.547885,0.665882,-1.667217,0.836405,-0.741506,0.551134,-1.971548,0.163879,0.091235,0.342568,-0.67546,0.5396,-0.613331,0.302206,-0.954527,0.099387,-0.390977,0.330563,-1.161547,0.127285,0.078536,0.546507,-0.995471,0.830979,-0.480704,0.566454,-1.174524,0.81946,-0.55062,0.408648,-1.47671,0.105006,0.008469,0.598327,-1.171071,0.79617,-0.311253,0.645057,-1.084235,1.09279,-0.57729,0.406714,-1.479311,0.073625,-0.025621,0.59455,-1.212606,0.798975,-0.243869,0.630366,-1.091852,1.089575,-0.598745,0.421271,-1.532413,0.071674,0.172858,0.312732,-0.359793,0.62331,-0.412812,0.375833,-0.94392,0.46964,-0.392213,0.318406,-1.133746,0.101875,0.132889,0.526513,-0.719768,0.89058,-0.273747,0.600968,-1.038902,1.145828,-0.52298,0.362789,-1.340615,0.06968,0.054785,0.538813,-0.871594,0.803967,-0.149665,0.605319,-0.912755,1.23873,-0.474939,0.325227,-1.19803,0.064585,0.023199,0.494442,-0.867704,0.780109,-0.117616,0.545499,-0.778306,1.111207,-0.442,0.316429,-1.150728,0.080521,0.227628,0.320325,-0.088708,0.699484,-0.20568,0.443332,-0.906471,0.823233,-0.404804,0.312241,-1.129377,0.079556,0.173485,0.504532,-0.467191,0.911386,-0.111261,0.617666,-0.889433,1.346066,-0.490837,0.346122,-1.268319,0.089762,0.101327,0.509951,-0.5947,0.847892,-0.031879,0.625819,-0.785992,1.420003,-0.449542,0.329251,-1.180829,0.122364,0.073715,0.460467,-0.55966,0.774255,-0.017471,0.590619,-0.811371,1.322704,-0.416107,0.329442,-1.150324,0.153076
20260705_211229_nco6f5,user1,ই,output/user1/ই/ই_20260705_211229_nco6f5.mp4,153,47,22,0.468085,4.644937,10.629961,0.0837,0.274733,0.665163,0.144141,0.0,0.0,0.0,0.0,0.0,0.0,0.0,0.0,0.0,0.0,0.0,0.0,-0.179407,0.085325,-0.306278,0.272144,-0.336817,0.104342,-0.569099,0.043796,-0.088962,0.08035,-0.274847,0.029871,-0.235237,0.145842,-0.476155,0.509725,-0.706657,0.181521,-1.068998,-0.005028,-0.160543,0.133306,-0.478845,0.048371,-0.155873,0.189825,-0.503545,0.664908,-0.983602,0.249935,-1.475662,-0.088611,-0.221209,0.172113,-0.638817,0.038068,-0.023218,0.238278,-0.552978,0.785805,-1.128939,0.293608,-1.665717,-0.160336,-0.273665,0.20572,-0.767917,0.034585,0.022851,0.164939,-0.270702,0.715397,-0.978654,0.055025,-0.999972,-0.641335,-0.15236,0.161477,-0.492302,0.17421,0.089039,0.196282,-0.247311,0.739961,-1.241994,0.202577,-1.489576,-0.463581,-0.257536,0.201691,-0.684332,0.132481,0.111923,0.237974,-0.31871,0.579362,-1.269089,0.335798,-1.772858,-0.257987,-0.320951,0.217236,-0.810234,0.074056,0.142574,0.283683,-0.344413,0.671942,-1.276947,0.419942,-1.991822,-0.19011,-0.357055,0.229606,-0.886287,0.043135,0.210736,0.136867,-0.078534,0.589219,-0.888278,0.047974,-0.976073,-0.77655,-0.152274,0.144478,-0.441669,0.128299,0.273538,0.192781,-0.095427,0.595732,-1.071227,0.21801,-1.373646,-0.523899,-0.252076,0.188211,-0.580476,0.113028,0.208631,0.199485,-0.16313,0.596756,-0.941429,0.298092,-1.477878,-0.296826,-0.275765,0.190548,-0.693195,0.071265,0.161234,0.186907,-0.189573,0.649101,-0.829586,0.300267,-1.513469,-0.24949,-0.278811,0.190551,-0.735855,0.047323,0.367958,0.109166,0.130858,0.510732,-0.740155,0.104911,-0.938805,-0.523927,-0.159279,0.127971,-0.418271,0.071227,0.414734,0.175849,0.057518,0.675198,-0.902856,0.230127,-1.287652,-0.481321,-0.245653,0.170325,-0.541855,0.078517,0.334119,0.183631,-0.004479,0.77131,-0.782728,0.282509,-1.400635,-0.251648,-0.215404,0.165272,-0.569136,0.10011,0.277071,0.168782,-0.040553,0.799784,-0.679544,0.273243,-1.39855,-0.223953,-0.180585,0.157657,-0.549824,0.111287,0.495801,0.098194,0.194952,0.618595,-0.564144,0.164935,-0.937441,-0.264713,-0.172544,0.117874,-0.429618,0.036069,0.525705,0.157303,0.197031,0.812571,-0.702647,0.242981,-1.130555,-0.268817,-0.219101,0.154359,-0.49588,0.071071,0.450164,0.168386,0.132898,0.893876,-0.626444,0.268933,-1.254937,-0.108707,-0.181347,0.161799,-0.517927,0.127009,0.397089,0.157423,0.124037,0.922085,-0.550573,0.25122,-1.258441,-0.108531,-0.141298,0.163768,-0.507441,0.16637
20260705_211257_5zxk15,user1,ই,output/user1/ই/ই_20260705_211257_5zxk15.mp4,162,47,15,0.319149,4.177507,7.259596,0.057162,0.235244,0.51617,0.220708,0.0,0.0,0.0,0.0,0.0,0.0,0.0,0.0,0.0,0.0,0.0,0.0,-0.062263,0.168614,-0.287169,0.279933,-0.224804,0.208204,-0.485597,0.22445,-0.03638,0.056713,-0.148793,0.074766,-0.033607,0.290708,-0.468605,0.543883,-0.471272,0.374255,-0.939669,0.327462,-0.065639,0.08643,-0.225619,0.135435,0.075176,0.350693,-0.520651,0.741945,-0.672278,0.508005,-1.315877,0.407244,-0.094619,0.110124,-0.29643,0.160316,0.203812,0.355216,-0.494237,0.834305,-0.780615,0.598331,-1.664214,0.481306,-0.116795,0.132783,-0.351429,0.202062,0.202677,0.328037,-0.220484,0.815838,-0.802066,0.20917,-0.999994,-0.35404,-0.01387,0.097878,-0.219789,0.307206,0.289871,0.356682,-0.260356,0.953063,-1.130612,0.260126,-1.511132,-0.653766,-0.051159,0.134909,-0.335172,0.376848,0.274696,0.328261,-0.293685,0.875597,-1.218592,0.366167,-1.813161,-0.617928,-0.084654,0.150732,-0.414461,0.379928,0.249448,0.302246,-0.362779,0.781961,-1.24198,0.470843,-2.033098,-0.506651,-0.106582,0.160441,-0.481832,0.369409,0.304016,0.21167,0.001905,0.668928,-0.816282,0.106616,-0.999153,-0.630295,-0.021814,0.09753,-0.255358,0.311862,0.412526,0.245008,-0.024955,0.844397,-1.139181,0.175798,-1.518216,-0.752967,-0.059895,0.141108,-0.381973,0.413289,0.380139,0.224047,-0.149804,0.759841,-1.146144,0.248197,-1.852439,-0.693092,-0.087915,0.146391,-0.442013,0.369405,0.330404,0.203022,-0.240951,0.645471,-1.090363,0.308823,-2.055763,-0.612694,-0.104613,0.144604,-0.446501,0.321297,0.376318,0.091241,0.198666,0.533439,-0.783425,0.093169,-0.991978,-0.428559,-0.03585,0.098548,-0.288314,0.315556,0.493647,0.131091,0.143589,0.655383,-1.083636,0.158059,-1.494329,-0.49922,-0.069675,0.134181,-0.390838,0.401165,0.458165,0.139047,0.005792,0.615133,-1.104654,0.218196,-1.783747,-0.445905,-0.058972,0.129751,-0.369576,0.371007,0.400923,0.142516,-0.099724,0.605113,-1.063246,0.269054,-1.935959,-0.37102,-0.046719,0.121061,-0.345201,0.335496,0.429828,0.0658,0.28884,0.54566,-0.700098,0.164523,-0.957377,-0.167111,-0.052366,0.101657,-0.321114,0.31482,0.544746,0.085121,0.332479,0.705451,-0.951592,0.202527,-1.308773,-0.226081,-0.060834,0.128305,-0.400774,0.398155,0.517858,0.11133,0.223094,0.748168,-0.988261,0.224783,-1.578746,-0.198877,-0.028633,0.130127,-0.380804,0.416984,0.465809,0.128636,0.110746,0.762846,-0.971506,0.255686,-1.73904,-0.149502,0.000696,0.128639,-0.3536,0.421939
20260705_211324_69n6hy,user1,ই,output/user1/ই/ই_20260705_211324_69n6hy.mp4,199,47,9,0.191489,2.188953,3.779808,0.029762,0.150515,0.401545,0.140882,0.0,0.0,0.0,0.0,0.0,0.0,0.0,0.0,0.0,0.0,0.0,0.0,0.032199,0.137351,-0.252045,0.350886,-0.293152,0.078763,-0.481522,-0.161175,-0.113701,0.078068,-0.182772,0.127872,0.12407,0.214884,-0.403554,0.508384,-0.648328,0.104279,-0.846412,-0.464393,-0.169882,0.115639,-0.288605,0.168048,0.228011,0.223506,-0.344026,0.629474,-0.916109,0.118164,-1.171585,-0.71397,-0.221986,0.144748,-0.374636,0.193031,0.321402,0.198526,-0.183314,0.687658,-1.1151,0.113137,-1.322083,-0.823441,-0.263843,0.169604,-0.444185,0.222709,0.323044,0.159542,-0.124431,0.516737,-0.923787,0.041415,-0.998415,-0.855601,-0.054844,0.090274,-0.194149,0.163121,0.435142,0.155458,-0.048798,0.638148,-1.158852,0.131247,-1.383884,-0.914956,-0.152301,0.138868,-0.350077,0.189344,0.449691,0.133264,-0.113005,0.559337,-1.227908,0.15977,-1.5492,-0.85544,-0.221765,0.170545,-0.450235,0.222398,0.438193,0.123917,-0.138214,0.559357,-1.255492,0.186028,-1.649882,-0.69113,-0.256947,0.187643,-0.499382,0.269307,0.347602,0.159779,0.091851,0.644444,-0.869593,0.0613,-0.97364,-0.75572,-0.046608,0.076454,-0.16606,0.139983,0.452445,0.150333,0.164174,0.715424,-0.996513,0.154695,-1.305282,-0.738084,-0.177002,0.131667,-0.320373,0.183791,0.415147,0.11644,0.064878,0.579109,-0.89037,0.224122,-1.485777,-0.665714,-0.245992,0.162628,-0.386859,0.230863,0.360019,0.097571,0.022666,0.609395,-0.780086,0.299654,-1.583383,-0.525318,-0.263162,0.170341,-0.405635,0.286883,0.333459,0.202428,-0.02236,0.695858,-0.778388,0.097914,-0.979528,-0.633231,-0.056371,0.069847,-0.178211,0.113797,0.423223,0.201081,0.00726,0.745841,-0.868674,0.189725,-1.3332,-0.535459,-0.187116,0.123578,-0.321685,0.144693,0.390521,0.168064,0.058755,0.694792,-0.768022,0.244384,-1.532629,-0.464918,-0.210464,0.149696,-0.355715,0.259636,0.34277,0.152238,0.119539,0.752762,-0.66748,0.305734,-1.655179,-0.372446,-0.190749,0.152305,-0.3426,0.336981,0.28935,0.263255,-0.239879,0.69558,-0.656399,0.144947,-0.939365,-0.401878,-0.074721,0.069976,-0.227298,0.093283,0.351843,0.265585,-0.22257,0.716289,-0.758292,0.234282,-1.29254,-0.377193,-0.161061,0.117894,-0.310434,0.150479,0.349214,0.228783,-0.176168,0.726796,-0.759226,0.27579,-1.499216,-0.299488,-0.166744,0.146211,-0.346891,0.279234,0.342792,0.193668,-0.10746,0.765102,-0.750534,0.312632,-1.664384,-0.230218,-0.144934,0.156776,-0.336611,0.368864
20260705_213721_6edrqn,user1,ঈ,output/user1/ঈ/ঈ_20260705_213721_6edrqn.mp4,217,47,10,0.212766,2.762986,6.45357,0.050816,0.405373,0.5566,0.09056,0.0,0.0,0.0,0.0,0.0,0.0,0.0,0.0,0.0,0.0,0.0,0.0,-0.202548,0.09316,-0.341756,0.181301,-0.314389,0.069989,-0.439906,-0.146868,-0.038839,0.046362,-0.136665,0.04595,-0.297719,0.166406,-0.513679,0.309626,-0.679502,0.092844,-0.890592,-0.486418,-0.05772,0.065682,-0.195761,0.07106,-0.269723,0.216933,-0.631076,0.376442,-0.988186,0.094395,-1.312333,-0.831178,-0.077244,0.076382,-0.226775,0.07994,-0.189441,0.253857,-0.699597,0.378525,-1.185311,0.099402,-1.602663,-0.994683,-0.087494,0.082498,-0.237922,0.072611,-0.117984,0.190086,-0.381903,0.350197,-0.935147,0.049846,-0.997179,-0.808411,0.010947,0.057037,-0.127589,0.128551,-0.09126,0.23532,-0.441081,0.369846,-1.242205,0.072863,-1.41975,-0.886776,-0.022182,0.072681,-0.189475,0.14846,-0.110443,0.230105,-0.466496,0.363549,-1.287241,0.185071,-1.717508,-0.625237,-0.046796,0.081633,-0.257806,0.143466,-0.122561,0.228701,-0.495292,0.36922,-1.321576,0.273454,-1.941504,-0.489983,-0.061187,0.086531,-0.279718,0.135192,0.05391,0.148472,-0.146802,0.318956,-0.907858,0.036906,-0.995805,-0.852435,0.0086,0.04161,-0.073002,0.114922,0.068044,0.179561,-0.23054,0.372795,-1.180894,0.119432,-1.382883,-0.64998,-0.011787,0.072383,-0.189315,0.167763,0.032615,0.162498,-0.277542,0.333278,-1.183058,0.227423,-1.741429,-0.350471,-0.034843,0.079062,-0.221525,0.155357,0.004573,0.144758,-0.298435,0.283721,-1.182722,0.314828,-2.037509,-0.224918,-0.052411,0.078389,-0.212908,0.128902,0.207792,0.110473,0.055844,0.41073,-0.832959,0.070074,-0.947073,-0.702015,-0.002513,0.043109,-0.091607,0.089597,0.226252,0.137823,-0.045724,0.465052,-1.096016,0.145314,-1.346117,-0.555492,-0.025263,0.072265,-0.201548,0.119735,0.17731,0.127483,-0.126431,0.445768,-1.090952,0.237307,-1.547073,-0.303697,-0.017085,0.069483,-0.18307,0.116526,0.136524,0.114284,-0.166816,0.382851,-1.072291,0.306536,-1.826345,-0.197795,-0.01124,0.065792,-0.237614,0.105701,0.347182,0.104085,-0.085563,0.482597,-0.73172,0.10351,-0.955949,-0.554974,-0.017349,0.059432,-0.144719,0.060785,0.358888,0.132269,-0.210408,0.562748,-0.945019,0.153823,-1.272692,-0.505828,-0.022103,0.076467,-0.195204,0.10333,0.304857,0.129969,-0.275785,0.53389,-0.940222,0.214167,-1.395175,-0.322531,0.005507,0.075095,-0.216512,0.133603,0.256045,0.125447,-0.317878,0.464914,-0.910454,0.256597,-1.421554,-0.261685,0.029479,0.073775,-0.237921,0.150355
20260705_213804_scynf9,user1,ঈ,output/user1/ঈ/ঈ_20260705_213804_scynf9.mp4,154,47,20,0.425532,4.236375,8.427721,0.06636,0.182899,0.562151,0.138236,0.0,0.0,0.0,0.0,0.0,0.0,0.0,0.0,0.0,0.0,0.0,0.0,-0.192552,0.075454,-0.31055,0.198757,-0.315178,0.103079,-0.483363,0.008197,-0.043267,0.084217,-0.323782,0.120591,-0.257576,0.13664,-0.484339,0.333072,-0.664072,0.149603,-0.86324,-0.136502,-0.069677,0.135543,-0.546921,0.201034,-0.215705,0.192475,-0.543444,0.412773,-0.927564,0.179196,-1.169611,-0.266266,-0.095329,0.17685,-0.720679,0.274657,-0.126977,0.244092,-0.613361,0.433849,-1.070812,0.189221,-1.397081,-0.344652,-0.112649,0.214071,-0.854293,0.352583,-0.06009,0.151842,-0.349315,0.180314,-0.963281,0.042647,-0.999888,-0.835137,-0.02755,0.145279,-0.519721,0.226855,0.04679,0.226972,-0.423383,0.485959,-1.266413,0.09447,-1.405745,-0.909661,-0.078482,0.193407,-0.753983,0.213748,0.071658,0.227907,-0.346602,0.467877,-1.315381,0.215598,-1.67072,-0.452193,-0.109551,0.206017,-0.817948,0.236709,0.074387,0.232525,-0.380177,0.522101,-1.318888,0.30494,-1.8589,-0.164299,-0.12418,0.211974,-0.835865,0.280416,0.110373,0.115158,-0.117946,0.311997,-0.909949,0.046898,-0.999462,-0.828879,-0.031224,0.133408,-0.465021,0.1696,0.223998,0.170925,-0.032726,0.551082,-1.17449,0.119502,-1.371515,-0.69819,-0.083093,0.1906,-0.742701,0.201068,0.192552,0.164745,-0.148781,0.549772,-1.084927,0.242356,-1.516603,-0.070906,-0.103997,0.196692,-0.773209,0.243063,0.141601,0.159969,-0.246482,0.52436,-0.975901,0.306544,-1.537306,0.243759,-0.107308,0.194897,-0.746726,0.282406,0.256425,0.083951,-0.026784,0.390954,-0.802614,0.090071,-0.961692,-0.637684,-0.042164,0.125147,-0.429572,0.177942,0.35294,0.130329,0.124581,0.565007,-1.03894,0.158375,-1.405933,-0.53754,-0.085691,0.175409,-0.70661,0.182491,0.303082,0.137926,-0.009439,0.596545,-0.954968,0.256197,-1.521316,0.024766,-0.068601,0.169161,-0.661794,0.240481,0.246133,0.138317,-0.092503,0.550236,-0.85352,0.30891,-1.514509,0.314388,-0.047509,0.157828,-0.579581,0.264244,0.37779,0.076848,-0.044386,0.465266,-0.658428,0.130126,-0.950767,-0.427123,-0.05655,0.123926,-0.416874,0.225647,0.447239,0.110812,0.066146,0.617741,-0.838026,0.191959,-1.344231,-0.296357,-0.070348,0.163163,-0.62715,0.206154,0.400167,0.121589,0.119307,0.637886,-0.793816,0.261114,-1.463281,0.117551,-0.038325,0.166523,-0.618585,0.270919,0.347771,0.125221,0.075209,0.624177,-0.722037,0.29885,-1.458373,0.330097,-0.006972,0.162897,-0.564637,0.311598
20260705_213852_tuebtl,user1,ঈ,output/user1/ঈ/ঈ_20260705_213852_tuebtl.mp4,203,47,14,0.297872,3.188371,6.159636,0.048501,0.205211,0.53011,0.193158,0.0,0.0,0.0,0.0,0.0,0.0,0.0,0.0,0.0,0.0,0.0,0.0,-0.129424,0.073126,-0.332321,0.225934,-0.329254,0.065387,-0.442781,-0.170676,-0.040752,0.039257,-0.133746,0.052149,-0.149079,0.136396,-0.493708,0.319721,-0.694101,0.084435,-0.840322,-0.484751,-0.082546,0.061836,-0.222473,0.092087,-0.113311,0.192187,-0.48863,0.282294,-0.955884,0.083539,-1.14932,-0.766726,-0.130157,0.078385,-0.298791,0.111197,-0.047499,0.243189,-0.586402,0.343759,-1.113077,0.087122,-1.36587,-0.908024,-0.177744,0.096404,-0.367052,0.139124,0.130241,0.165557,-0.35966,0.42896,-0.940435,0.052461,-0.998036,-0.819069,-0.031466,0.072766,-0.160018,0.232423,0.259764,0.239779,-0.356261,0.679913,-1.259869,0.079529,-1.395246,-1.048683,-0.089385,0.085727,-0.242453,0.247902,0.325848,0.300149,-0.329911,0.784829,-1.410448,0.145377,-1.62212,-0.995884,-0.139718,0.087219,-0.296282,0.217338,0.366038,0.356018,-0.321472,0.861269,-1.498127,0.204323,-1.782599,-0.863074,-0.172106,0.090535,-0.343976,0.199265,0.268707,0.157717,-0.167361,0.56856,-0.851034,0.061642,-0.985491,-0.705807,-0.048901,0.064334,-0.137135,0.200344,0.410142,0.252898,-0.166156,0.786303,-1.112919,0.141993,-1.357322,-0.712028,-0.095892,0.085856,-0.242083,0.231691,0.365185,0.272803,-0.159447,0.853331,-1.109479,0.226863,-1.656573,-0.607587,-0.128803,0.077967,-0.29031,0.181766,0.286158,0.281677,-0.282611,0.865454,-1.066132,0.313594,-1.856104,-0.508442,-0.146679,0.070585,-0.30546,0.141882,0.373088,0.156014,-0.142305,0.669126,-0.720245,0.129699,-0.987765,-0.456785,-0.073181,0.056467,-0.13997,0.157915,0.498343,0.252754,-0.182794,0.840234,-0.962562,0.214611,-1.403587,-0.476072,-0.108332,0.071298,-0.228628,0.189422,0.436133,0.26961,-0.17957,0.911545,-0.96755,0.289081,-1.670146,-0.419705,-0.10298,0.063069,-0.222505,0.181019,0.354029,0.273259,-0.220616,0.945764,-0.94024,0.361302,-1.857705,-0.348289,-0.096206,0.063077,-0.201502,0.169205,0.450316,0.16392,-0.305793,0.732797,-0.567092,0.198588,-0.97611,-0.194782,-0.102126,0.051736,-0.184905,0.117203,0.549729,0.241813,-0.366998,0.851655,-0.772736,0.269437,-1.355819,-0.248773,-0.112901,0.062165,-0.208709,0.17165,0.493057,0.257406,-0.365292,0.867808,-0.786006,0.319904,-1.548135,-0.220014,-0.085558,0.065044,-0.197505,0.215197,0.413028,0.263689,-0.336425,0.906318,-0.762067,0.361392,-1.654459,-0.172403,-0.062309,0.068884,-0.177374,0.241669
20260705_213943_7qqvt7,user1,ঈ,output/user1/ঈ/ঈ_20260705_213943_7qqvt7.mp4,159,47,20,0.425532,4.642583,11.200245,0.088191,0.219506,0.538441,0.146031,0.0,0.0,0.0,0.0,0.0,0.0,0.0,0.0,0.0,0.0,0.0,0.0,-0.221389,0.102236,-0.387614,0.247999,-0.304572,0.052337,-0.422923,-0.20449,-0.069946,0.092819,-0.248007,0.105433,-0.329835,0.140966,-0.57278,0.306782,-0.642468,0.076893,-0.840361,-0.52387,-0.106858,0.160729,-0.393976,0.247979,-0.316717,0.154047,-0.59497,0.274194,-0.936599,0.099227,-1.197146,-0.761091,-0.147088,0.218684,-0.535521,0.35947,-0.235761,0.180328,-0.581442,0.248341,-1.12817,0.1282,-1.468941,-0.901604,-0.181386,0.27558,-0.670522,0.472462,-0.125229,0.126416,-0.435159,0.154042,-0.977757,0.023894,-0.999919,-0.899539,0.025658,0.191703,-0.206718,0.543962,-0.140878,0.124133,-0.464645,0.160948,-1.284987,0.084681,-1.470526,-1.073633,-0.036326,0.288493,-0.384874,0.709714,-0.155969,0.139235,-0.447424,0.153782,-1.378115,0.221618,-1.734528,-0.849352,-0.095259,0.339611,-0.583987,0.743383,-0.155921,0.165397,-0.448896,0.256867,-1.435546,0.328979,-1.907074,-0.700047,-0.132109,0.367152,-0.722615,0.74642,0.049498,0.091486,-0.190179,0.206902,-0.953763,0.019149,-0.986331,-0.899419,0.020978,0.183638,-0.194319,0.522987,0.040419,0.10683,-0.188567,0.271053,-1.210505,0.099417,-1.397124,-0.949795,-0.057187,0.298673,-0.543769,0.688969,-0.012867,0.113425,-0.252478,0.267198,-1.142385,0.220873,-1.524861,-0.649076,-0.109705,0.325117,-0.76251,0.653966,-0.049422,0.118427,-0.396598,0.219325,-1.053356,0.3135,-1.697261,-0.476689,-0.126711,0.32179,-0.832462,0.621563,0.199988,0.103712,-0.139008,0.343345,-0.875715,0.048974,-0.95854,-0.785779,-0.000134,0.178668,-0.202988,0.48252,0.191964,0.133497,-0.164342,0.446325,-1.102272,0.120648,-1.34155,-0.817865,-0.073913,0.28295,-0.567452,0.614063,0.128824,0.136527,-0.176694,0.418795,-1.029814,0.244743,-1.465847,-0.557763,-0.074511,0.293907,-0.689332,0.624049,0.089329,0.132148,-0.288758,0.365623,-0.940362,0.339232,-1.637705,-0.398424,-0.054023,0.277534,-0.679577,0.62189,0.332833,0.144262,-0.292862,0.457172,-0.757465,0.080292,-0.907154,-0.601735,-0.028897,0.179578,-0.265911,0.442987,0.322591,0.176701,-0.341493,0.576938,-0.958952,0.144928,-1.239817,-0.681892,-0.064473,0.263181,-0.529161,0.575724,0.261562,0.174385,-0.3416,0.554133,-0.927985,0.243037,-1.330408,-0.516777,-0.041024,0.28505,-0.607153,0.657861,0.219647,0.166075,-0.317042,0.510646,-0.870832,0.317981,-1.466814,-0.413964,-0.008704,0.284767,-0.606895,0.706571
20260705_214029_z7ddbl,user1,ঈ,output/user1/ঈ/ঈ_20260705_214029_z7ddbl.mp4,375,47,7,0.148936,1.940547,4.203763,0.033101,0.329996,0.475346,0.199529,0.0,0.0,0.0,0.0,0.0,0.0,0.0,0.0,0.0,0.0,0.0,0.0,-0.050389,0.118938,-0.238141,0.268182,-0.358748,0.100721,-0.522406,-0.164944,-0.049533,0.017471,-0.148559,-0.028299,0.002399,0.177448,-0.326322,0.476506,-0.728662,0.158979,-1.000478,-0.430019,-0.08491,0.02841,-0.262803,-0.06117,0.12636,0.198691,-0.254572,0.645073,-0.979133,0.167994,-1.298954,-0.657309,-0.119965,0.042677,-0.364499,-0.074255,0.250561,0.19809,-0.11401,0.744509,-1.129919,0.185953,-1.528932,-0.848844,-0.143301,0.06291,-0.459533,-0.059783,0.151753,0.149827,-0.167772,0.364056,-0.957166,0.018127,-0.994199,-0.911894,-0.033003,0.052937,-0.23536,0.04075,0.30927,0.213309,-0.107081,0.618168,-1.178308,0.039786,-1.295146,-1.102808,-0.086745,0.082607,-0.407984,0.047581,0.329219,0.253606,-0.09381,0.84941,-1.124622,0.114056,-1.467426,-0.975999,-0.12034,0.103177,-0.527495,0.050304,0.323094,0.300734,-0.091584,1.033032,-1.041728,0.178637,-1.597222,-0.836148,-0.136617,0.118206,-0.607412,0.057782,0.242511,0.145817,0.032732,0.48725,-0.88326,0.092352,-0.979857,-0.737018,-0.03979,0.061989,-0.238691,0.064149,0.395713,0.218736,0.09791,0.756684,-1.06221,0.115854,-1.213247,-0.797191,-0.087342,0.100839,-0.461883,0.086388,0.370269,0.206697,0.073169,0.737558,-0.961039,0.115841,-1.112341,-0.63137,-0.113035,0.107421,-0.53164,0.073002,0.325289,0.197072,0.047287,0.870198,-0.838187,0.108051,-1.049325,-0.530782,-0.124358,0.107233,-0.543369,0.059609,0.313385,0.18234,-0.020384,0.570519,-0.763473,0.162387,-0.944372,-0.517346,-0.054076,0.071663,-0.251956,0.077081,0.450651,0.247702,0.005257,0.845638,-0.938724,0.180539,-1.186431,-0.546043,-0.092013,0.09994,-0.41328,0.088998,0.417147,0.218847,0.035691,0.748717,-0.857041,0.172419,-1.107198,-0.42735,-0.081311,0.091704,-0.367813,0.084311,0.371476,0.196176,0.064288,0.781271,-0.753962,0.16395,-1.047121,-0.359416,-0.06904,0.083625,-0.306789,0.078737,0.36489,0.240418,-0.220069,0.644097,-0.617801,0.214832,-0.862333,-0.261458,-0.072922,0.08351,-0.280635,0.086403,0.481047,0.298873,-0.206128,0.895245,-0.761433,0.218635,-1.110704,-0.297783,-0.088839,0.099973,-0.356441,0.098748,0.453865,0.266776,-0.15072,0.818175,-0.719715,0.212486,-1.107884,-0.218447,-0.062308,0.097154,-0.302421,0.118878,0.416015,0.230047,-0.090917,0.709631,-0.654825,0.214241,-1.086781,-0.176729,-0.036164,0.094567,-0.246716,0.137255
20260705_214107_b894ld,user1,ঈ,output/user1/ঈ/ঈ_20260705_214107_b894ld.mp4,218,47,14,0.297872,3.500176,8.703293,0.06853,0.203303,0.630868,0.113111,0.0,0.0,0.0,0.0,0.0,0.0,0.0,0.0,0.0,0.0,0.0,0.0,-0.150123,0.074753,-0.227859,0.261429,-0.359453,0.093821,-0.541716,-0.137475,-0.073789,0.065246,-0.303435,0.039707,-0.18345,0.134006,-0.357954,0.434822,-0.715992,0.145686,-0.982703,-0.370034,-0.124341,0.098567,-0.417132,0.093413,-0.113687,0.168054,-0.416915,0.506423,-0.974552,0.18063,-1.296331,-0.517313,-0.168546,0.124858,-0.478266,0.137183,-0.011831,0.190158,-0.379797,0.557403,-1.135356,0.200314,-1.50629,-0.616091,-0.204596,0.152188,-0.546032,0.190284,0.022551,0.175635,-0.318419,0.330692,-0.979508,0.015957,-0.999567,-0.943646,-0.089315,0.118721,-0.331343,0.225852,0.113485,0.262401,-0.339053,0.54405,-1.270002,0.124611,-1.526135,-0.999145,-0.176177,0.168998,-0.486683,0.289958,0.179747,0.305581,-0.3549,0.654995,-1.327588,0.265963,-1.823414,-0.682483,-0.238186,0.19902,-0.58069,0.305413,0.241086,0.326831,-0.30056,0.734066,-1.363445,0.362919,-2.026418,-0.504139,-0.275343,0.217583,-0.675124,0.315408,0.192488,0.170015,-0.13816,0.507422,-0.881598,0.067668,-0.999157,-0.737315,-0.088677,0.111044,-0.317962,0.229067,0.293487,0.257287,-0.167256,0.730004,-1.08644,0.113406,-1.314618,-0.864446,-0.168843,0.173075,-0.481204,0.316938,0.296195,0.274407,-0.194963,0.823716,-0.972835,0.152913,-1.398333,-0.6064,-0.198827,0.193571,-0.609801,0.321583,0.286219,0.272544,-0.151924,0.873971,-0.864069,0.180944,-1.35903,-0.431512,-0.209079,0.199343,-0.644007,0.317824,0.335902,0.166803,-0.185569,0.621713,-0.736082,0.120443,-0.976202,-0.497619,-0.097937,0.107325,-0.308417,0.223732,0.427661,0.253829,-0.045507,0.857555,-0.924343,0.147421,-1.279129,-0.626176,-0.169488,0.163624,-0.461904,0.302863,0.415936,0.273184,-0.042893,0.964671,-0.828506,0.145877,-1.196742,-0.493964,-0.154349,0.175127,-0.495336,0.3287,0.399252,0.280623,-0.012853,1.037407,-0.737002,0.153502,-1.147969,-0.385854,-0.13222,0.172456,-0.471944,0.335467,0.455901,0.171496,-0.321808,0.702775,-0.562815,0.167171,-0.916235,-0.256571,-0.112802,0.10918,-0.305859,0.219068,0.537333,0.244464,-0.220125,0.927914,-0.712433,0.179588,-1.183261,-0.413716,-0.147581,0.152779,-0.413685,0.304957,0.523309,0.262327,-0.108767,1.034262,-0.670556,0.155166,-1.145998,-0.349518,-0.118442,0.164652,-0.430002,0.355466,0.503529,0.27011,-0.055478,1.103271,-0.619485,0.140733,-1.058382,-0.295534,-0.087239,0.167653,-0.43337,0.387021
20260705_215457_yruoxw,user1,ঈ,output/user1/ঈ/ঈ_20260705_215457_yruoxw.mp4,222,47,9,0.191489,3.179499,5.305019,0.041772,0.13882,0.696711,0.170916,0.0,0.0,0.0,0.0,0.0,0.0,0.0,0.0,0.0,0.0,0.0,0.0,-0.209756,0.044347,-0.281155,-0.093327,-0.331689,0.102968,-0.604264,-0.194036,-0.075078,0.085541,-0.268075,0.119193,-0.272113,0.14773,-0.47432,0.124266,-0.754408,0.19565,-1.285376,-0.504407,-0.098545,0.121238,-0.359409,0.208456,-0.250056,0.251627,-0.621976,0.420539,-1.088334,0.249335,-1.771302,-0.735595,-0.126225,0.143882,-0.42214,0.259447,-0.221839,0.335996,-0.750881,0.655257,-1.348043,0.312247,-2.20189,-0.930269,-0.149731,0.161577,-0.464413,0.298703,-0.075984,0.181264,-0.373791,0.379948,-0.952662,0.037002,-0.999272,-0.852351,0.014758,0.11771,-0.27011,0.277319,-0.073035,0.214844,-0.476129,0.4268,-1.236588,0.13764,-1.384248,-0.882586,-0.055151,0.171512,-0.478719,0.288789,-0.125865,0.196302,-0.524279,0.264132,-1.348972,0.247785,-1.751567,-0.717544,-0.113207,0.191478,-0.582307,0.244063,-0.166847,0.195147,-0.660008,0.162322,-1.441429,0.31445,-2.042501,-0.66218,-0.148333,0.199448,-0.630642,0.209658,0.129691,0.189369,-0.151545,0.587312,-0.877385,0.126181,-0.983733,-0.550005,0.011174,0.094253,-0.216307,0.213769,0.111902,0.212538,-0.286562,0.559545,-1.126443,0.25537,-1.445747,-0.460873,-0.059332,0.163115,-0.461785,0.251436,0.033928,0.196063,-0.445073,0.353077,-1.149334,0.35707,-1.833643,-0.276644,-0.11877,0.176196,-0.556614,0.175582,-0.020282,0.19749,-0.590639,0.217241,-1.156641,0.443779,-2.131988,-0.179212,-0.153593,0.176564,-0.596155,0.102982,0.317809,0.186435,0.058022,0.752637,-0.766303,0.218063,-0.967747,-0.209616,-0.009682,0.075621,-0.189946,0.144706,0.323355,0.231915,-0.13026,0.780823,-0.995746,0.327893,-1.429263,-0.154778,-0.0931,0.148227,-0.466677,0.146902,0.241972,0.229193,-0.31856,0.579015,-1.006806,0.414847,-1.767366,0.011459,-0.115902,0.143659,-0.484648,0.071806,0.185913,0.240565,-0.476686,0.441577,-0.99305,0.484111,-1.992266,0.112456,-0.114819,0.126848,-0.439394,0.048607,0.49075,0.172911,0.232259,0.876887,-0.632663,0.294885,-0.97162,0.092955,-0.036687,0.061989,-0.177473,0.085432,0.536899,0.271343,0.044198,1.073279,-0.818466,0.389751,-1.339358,0.14696,-0.094003,0.114776,-0.382668,0.069407,0.481683,0.293999,-0.132396,0.979552,-0.834224,0.451222,-1.590413,0.282565,-0.091196,0.116519,-0.389261,0.071167,0.432164,0.310356,-0.281634,0.906536,-0.823354,0.492419,-1.755739,0.362194,-0.07542,0.109037,-0.354069,0.075855
20260705_215539_dr61qv,user1,ঈ,output/user1/ঈ/ঈ_20260705_215539_dr61qv.mp4,290,47,2,0.042553,0.349513,0.911823,0.00718,0.00718,0.474243,0.065258,0.0,0.0,0.0,0.0,0.0,0.0,0.0,0.0,0.0,0.0,0.0,0.0,-0.218055,0.004044,-0.225005,-0.211106,-0.181334,0.024844,-0.22403,-0.138638,-0.074111,0.018972,-0.106716,-0.041506,-0.343252,0.004674,-0.351285,-0.335219,-0.493834,0.03019,-0.545717,-0.441951,-0.143339,0.035607,-0.204533,-0.082146,-0.408103,0.038258,-0.473853,-0.342355,-0.760186,0.016758,-0.788985,-0.731386,-0.223293,0.050282,-0.309707,-0.136879,-0.405918,0.096228,-0.571293,-0.240544,-0.954468,0.008539,-0.969143,-0.939793,-0.299918,0.058953,-0.401233,-0.198603,-0.030478,0.02308,-0.070142,0.009186,-0.881881,0.067298,-0.997537,-0.766225,-0.030502,0.039067,-0.097641,0.036636,-0.068026,0.024791,-0.110631,-0.02542,-1.19518,0.002057,-1.198714,-1.191645,-0.129444,0.074274,-0.25709,-0.001799,-0.130709,0.023179,-0.170544,-0.090873,-1.231979,0.138008,-1.469156,-0.994803,-0.204623,0.08612,-0.352626,-0.056621,-0.170366,0.011143,-0.189516,-0.151216,-1.222503,0.250768,-1.653466,-0.791541,-0.24563,0.085834,-0.393142,-0.098117,0.133087,0.005148,0.12424,0.141933,-0.911917,0.03186,-0.966672,-0.857163,-0.053996,0.034314,-0.112967,0.004975,0.094085,0.003221,0.08855,0.09962,-1.25004,0.032739,-1.306304,-1.193776,-0.135618,0.075908,-0.266071,-0.005166,0.016853,0.006078,0.006408,0.027299,-1.277179,0.180786,-1.587872,-0.966486,-0.190351,0.077288,-0.323176,-0.057527,-0.029364,0.013319,-0.052254,-0.006475,-1.27062,0.300348,-1.78679,-0.75445,-0.220166,0.066279,-0.33407,-0.106261,0.280866,0.012532,0.259329,0.302404,-0.891735,0.011118,-0.910842,-0.872629,-0.095588,0.031434,-0.14961,-0.041566,0.251014,0.007368,0.238352,0.263676,-1.244029,0.060501,-1.348004,-1.140054,-0.171592,0.06199,-0.278127,-0.065058,0.168312,0.003784,0.161809,0.174815,-1.269462,0.190021,-1.596026,-0.942897,-0.18948,0.049033,-0.273746,-0.105213,0.119105,0.019745,0.085171,0.153038,-1.258023,0.303513,-1.779632,-0.736415,-0.189359,0.030648,-0.24203,-0.136687,0.426244,0.031536,0.372047,0.480442,-0.832414,0.055744,-0.928214,-0.736615,-0.146124,0.029439,-0.196717,-0.09553,0.434739,0.011424,0.415106,0.454372,-1.148864,0.086629,-1.297742,-0.999986,-0.195621,0.042992,-0.269505,-0.121737,0.371325,0.001544,0.368672,0.373978,-1.206176,0.170934,-1.499939,-0.912413,-0.18619,0.036129,-0.248281,-0.1241,0.31268,0.013083,0.290195,0.335165,-1.206123,0.253986,-1.642617,-0.76963,-0.167476,0.025147,-0.210693,-0.124259
20260705_215654_07cd7w,user1,ঈ,output/user1/ঈ/ঈ_20260705_215654_07cd7w.mp4,260,47,6,0.12766,1.204051,2.744629,0.021611,0.073197,0.749786,0.038362,0.0,0.0,0.0,0.0,0.0,0.0,0.0,0.0,0.0,0.0,0.0,0.0,-0.163399,0.026911,-0.22496,-0.074838,-0.437388,0.060947,-0.475319,-0.277709,-0.072679,0.051876,-0.160334,0.028904,-0.143314,0.071438,-0.321667,0.006597,-0.859908,0.079501,-0.989274,-0.639999,-0.139074,0.072606,-0.256952,0.002393,0.015267,0.105768,-0.223965,0.17909,-1.116771,0.071908,-1.269034,-0.917653,-0.193268,0.087695,-0.344442,-0.02418,0.201919,0.134903,-0.074654,0.390189,-1.191598,0.094515,-1.375413,-1.033376,-0.237812,0.098458,-0.425389,-0.051769,0.098353,0.155578,-0.121868,0.369183,-0.970324,0.022285,-0.999207,-0.92875,-0.181819,0.050745,-0.260489,-0.056665,0.20312,0.177486,-0.104176,0.473019,-1.227665,0.166008,-1.445289,-0.92884,-0.277065,0.047972,-0.356039,-0.151369,0.207821,0.150985,-0.092004,0.709477,-1.325394,0.302049,-1.70879,-0.787497,-0.315246,0.044244,-0.400334,-0.226136,0.212964,0.152249,-0.076476,0.901894,-1.399924,0.398815,-1.89714,-0.697969,-0.335478,0.052728,-0.474387,-0.253775,0.290614,0.140806,0.091976,0.541555,-0.818188,0.072168,-0.941028,-0.712139,-0.191928,0.036819,-0.238372,-0.081395,0.39529,0.114991,0.138249,0.605059,-1.027296,0.207586,-1.289086,-0.66614,-0.296149,0.037641,-0.387478,-0.197363,0.34816,0.120397,0.09929,0.791872,-0.951849,0.213524,-1.3058,-0.552381,-0.305166,0.062841,-0.485187,-0.21415,0.300059,0.147988,0.054189,0.939348,-0.845258,0.202506,-1.229679,-0.469846,-0.292802,0.074269,-0.500994,-0.179175,0.447643,0.111064,0.289378,0.647635,-0.618312,0.104125,-0.809068,-0.461175,-0.203011,0.021461,-0.219435,-0.115396,0.54273,0.077146,0.377182,0.71786,-0.808876,0.204181,-1.096458,-0.471791,-0.293089,0.036488,-0.398869,-0.210081,0.487707,0.091068,0.339898,0.856888,-0.767604,0.220617,-1.106938,-0.37253,-0.251821,0.056806,-0.440266,-0.184378,0.43345,0.115098,0.252821,0.944295,-0.695155,0.22009,-1.081514,-0.299653,-0.204838,0.062955,-0.42021,-0.12248,0.574923,0.080476,0.462454,0.720561,-0.403572,0.114031,-0.620048,-0.189969,-0.217987,0.013515,-0.234401,-0.155203,0.660256,0.060551,0.544295,0.796974,-0.546316,0.171313,-0.797132,-0.278365,-0.267282,0.039825,-0.394637,-0.223787,0.615656,0.080602,0.461377,0.914808,-0.538859,0.195713,-0.81823,-0.19421,-0.224526,0.060537,-0.429786,-0.159565,0.572475,0.104871,0.383131,0.985868,-0.514172,0.204899,-0.862558,-0.146586,-0.177182,0.07097,-0.422463,-0.098222
20260705_215745_i5n9h7,user1,ঈ,output/user1/ঈ/ঈ_20260705_215745_i5n9h7.mp4,247,47,10,0.212766,2.762304,5.589512,0.044012,0.288682,0.61333,0.090087,0.0,0.0,0.0,0.0,0.0,0.0,0.0,0.0,0.0,0.0,0.0,0.0,-0.14351,0.10799,-0.269946,0.307161,-0.321692,0.032678,-0.429398,-0.239852,-0.123073,0.072565,-0.232424,0.069388,-0.18094,0.144291,-0.429452,0.416931,-0.691609,0.050334,-0.898471,-0.577827,-0.196319,0.110582,-0.357508,0.137136,-0.111653,0.137244,-0.405187,0.434101,-0.966604,0.067821,-1.280759,-0.8739,-0.259806,0.142634,-0.459752,0.191634,0.002538,0.120235,-0.346843,0.413414,-1.146101,0.088854,-1.580328,-1.087681,-0.315909,0.171,-0.551358,0.249365,0.058601,0.089132,-0.297769,0.259665,-0.992357,0.008531,-0.999739,-0.954638,-0.120109,0.06926,-0.229578,0.182036,0.176342,0.12339,-0.332339,0.298264,-1.309106,0.052263,-1.453789,-1.256545,-0.232852,0.105377,-0.410723,0.219238,0.255909,0.158958,-0.346684,0.460299,-1.435474,0.115176,-1.728757,-0.99337,-0.313209,0.133853,-0.536468,0.237418,0.319489,0.194821,-0.328062,0.607631,-1.503877,0.181286,-1.946822,-0.767753,-0.363126,0.153886,-0.617307,0.256634,0.211106,0.107786,-0.094377,0.342994,-0.894446,0.031117,-0.984972,-0.845926,-0.111731,0.058321,-0.211546,0.160481,0.295691,0.145214,-0.112965,0.451093,-1.07287,0.141073,-1.43157,-0.912047,-0.246958,0.118569,-0.468228,0.19504,0.248232,0.134443,-0.15218,0.390455,-0.957601,0.235242,-1.750967,-0.695897,-0.295752,0.14603,-0.564193,0.202743,0.191452,0.116012,-0.164683,0.338093,-0.839298,0.304739,-1.997265,-0.524654,-0.302724,0.149917,-0.57094,0.214952,0.330125,0.164801,-0.181573,0.478105,-0.741975,0.067782,-0.954474,-0.659634,-0.119827,0.053515,-0.261551,0.134906,0.385527,0.197491,-0.268654,0.559301,-0.871824,0.192816,-1.342026,-0.666341,-0.244157,0.109475,-0.448346,0.159307,0.312135,0.173106,-0.301115,0.471698,-0.761749,0.286053,-1.670803,-0.448405,-0.237602,0.11761,-0.452022,0.187362,0.245161,0.150465,-0.308903,0.479584,-0.67153,0.347049,-1.928376,-0.333044,-0.205285,0.107239,-0.38717,0.214009,0.421045,0.225271,-0.331128,0.570611,-0.563588,0.094319,-0.872034,-0.472284,-0.138969,0.05452,-0.306943,0.115259,0.449856,0.260042,-0.441721,0.658157,-0.655743,0.207007,-1.212162,-0.458825,-0.222132,0.093908,-0.39826,0.140573,0.380194,0.240266,-0.485286,0.592129,-0.591882,0.287594,-1.475714,-0.35646,-0.211004,0.101992,-0.417942,0.174506,0.322351,0.217636,-0.504704,0.607577,-0.533862,0.349495,-1.742669,-0.276162,-0.181505,0.099808,-0.423568,0.209375
20260704_232121_lcxi4y,user2,অ,output/user2/অ/অ_20260704_232121_lcxi4y.mp4,636,47,10,0.212766,2.034543,4.130764,0.032526,0.125615,0.498949,0.215825,0.0,0.0,0.0,0.0,0.0,0.0,0.0,0.0,0.0,0.0,0.0,0.0,0.078101,0.119006,-0.095706,0.330525,-0.346494,0.136877,-0.51844,-0.109608,-0.018131,0.054997,-0.165092,0.248037,0.241079,0.147141,-0.037054,0.508639,-0.724918,0.188831,-0.969528,-0.391903,-0.006299,0.090655,-0.154913,0.445533,0.399636,0.145087,0.044966,0.629247,-0.955151,0.214268,-1.314272,-0.614524,-0.003226,0.126407,-0.126729,0.577333,0.51639,0.146627,0.140427,0.734988,-1.076606,0.231399,-1.565605,-0.785433,0.010159,0.16628,-0.169928,0.702577,0.321579,0.102726,0.112876,0.553441,-0.93368,0.038399,-0.99293,-0.832888,0.127066,0.111072,0.016589,0.580571,0.48862,0.139696,0.209535,0.713844,-1.239027,0.08794,-1.384832,-1.112149,0.140983,0.159719,-0.04175,0.720954,0.512937,0.104215,0.29227,0.664508,-1.330101,0.185232,-1.607981,-1.008553,0.13786,0.18903,-0.076527,0.779735,0.507518,0.088503,0.329638,0.687893,-1.370326,0.282481,-1.789178,-0.873188,0.13697,0.205973,-0.082824,0.8018,0.387444,0.106716,0.214938,0.637296,-0.804489,0.102089,-0.941395,-0.580122,0.121351,0.113461,-0.001803,0.451358,0.58504,0.110279,0.395441,0.743706,-1.059976,0.108017,-1.325575,-0.924184,0.120889,0.184521,-0.042673,0.552702,0.620521,0.06598,0.446073,0.690927,-1.052708,0.168725,-1.599589,-0.836918,0.096526,0.221199,-0.134475,0.54877,0.62673,0.090753,0.382709,0.785494,-1.001658,0.25545,-1.818919,-0.702991,0.09278,0.235309,-0.157836,0.563722,0.428993,0.129946,0.198059,0.650263,-0.650951,0.167009,-0.97406,-0.360847,0.103307,0.127391,-0.024518,0.366104,0.597972,0.125984,0.310251,0.767865,-0.91691,0.198636,-1.366492,-0.63391,0.106479,0.182665,-0.058594,0.500446,0.634934,0.059435,0.40227,0.701137,-0.988799,0.261627,-1.662283,-0.62915,0.098837,0.210657,-0.108677,0.561498,0.645953,0.06339,0.490991,0.781951,-1.013729,0.336538,-1.902472,-0.522683,0.098414,0.224587,-0.134166,0.639254,0.453679,0.158683,0.11903,0.64434,-0.48286,0.224459,-0.966361,-0.154207,0.082063,0.151166,-0.079515,0.398128,0.586659,0.172769,0.159377,0.824477,-0.708226,0.253331,-1.305326,-0.376148,0.103066,0.189651,-0.088607,0.537131,0.595894,0.130375,0.201021,0.768866,-0.786624,0.307084,-1.565894,-0.400482,0.126121,0.208423,-0.084297,0.618291,0.590394,0.089227,0.262998,0.763748,-0.82394,0.374032,-1.785821,-0.322981,0.145336,0.22193,-0.082571,0.698435
20260728_232630_znnts0,user2,অ,output/user2/অ/অ_20260728_232630_znnts0.mp4,185,47,20,0.425532,4.348851,8.591609,0.06765,0.174192,0.545471,0.170642,0.0,0.0,0.0,0.0,0.0,0.0,0.0,0.0,0.0,0.0,0.0,0.0,-0.107449,0.130599,-0.265749,0.280812,-0.285892,0.054418,-0.439834,-0.190113,-0.166643,0.083259,-0.322259,0.075465,-0.138626,0.188447,-0.354321,0.392795,-0.633636,0.094082,-0.936965,-0.455678,-0.254451,0.13144,-0.522659,0.118726,-0.090581,0.206021,-0.370768,0.445802,-0.915596,0.123061,-1.265731,-0.694852,-0.328918,0.171787,-0.690133,0.112812,-0.006405,0.204051,-0.358154,0.459233,-1.107566,0.136463,-1.43994,-0.835501,-0.391499,0.213975,-0.841993,0.099042,0.023873,0.090299,-0.199019,0.232358,-0.976773,0.041119,-0.999236,-0.780895,-0.113183,0.149567,-0.35342,0.441007,0.126339,0.086436,-0.161264,0.319602,-1.329986,0.078832,-1.408227,-1.078189,-0.219542,0.214665,-0.59452,0.581456,0.182128,0.103107,-0.119574,0.421819,-1.441704,0.181346,-1.683849,-0.91402,-0.296403,0.25234,-0.764471,0.629266,0.226443,0.139957,-0.090155,0.567562,-1.507711,0.270486,-1.89444,-0.779724,-0.341665,0.277626,-0.870125,0.656828,0.163865,0.094926,-0.019949,0.339781,-0.906291,0.044983,-0.999992,-0.796424,-0.090077,0.137946,-0.338331,0.390809,0.275503,0.120945,0.013102,0.47009,-1.20276,0.157478,-1.5033,-0.870401,-0.209927,0.22607,-0.627283,0.587277,0.281988,0.102156,0.03685,0.486472,-1.249317,0.311473,-1.83166,-0.619545,-0.27042,0.24882,-0.746992,0.628628,0.275795,0.099709,0.042893,0.527474,-1.276363,0.42428,-2.090225,-0.509746,-0.294277,0.252791,-0.782707,0.639859,0.278045,0.164482,-0.16541,0.469373,-0.787965,0.08127,-0.96438,-0.61286,-0.09229,0.129166,-0.343066,0.314654,0.395951,0.196204,-0.116313,0.595908,-1.029886,0.153891,-1.312322,-0.687889,-0.219652,0.198364,-0.581961,0.472833,0.373924,0.179614,-0.058199,0.597304,-0.97469,0.205747,-1.365647,-0.498912,-0.242404,0.20509,-0.594626,0.499884,0.334656,0.168386,-0.04052,0.655404,-0.928832,0.247792,-1.457144,-0.468786,-0.229948,0.198518,-0.583696,0.493048,0.373928,0.239385,-0.31236,0.596672,-0.653043,0.122842,-0.916964,-0.378848,-0.109012,0.127243,-0.366454,0.231778,0.470254,0.271805,-0.25481,0.738174,-0.833102,0.177724,-1.171339,-0.515208,-0.198752,0.17171,-0.524452,0.347567,0.453149,0.258055,-0.197438,0.780321,-0.822568,0.218027,-1.354516,-0.375344,-0.205158,0.181687,-0.525988,0.403876,0.419051,0.249237,-0.154086,0.793984,-0.806835,0.250361,-1.496152,-0.351257,-0.19052,0.183454,-0.54312,0.432369
20260728_232652_hdsmyh,user2,অ,output/user2/অ/অ_20260728_232652_hdsmyh.mp4,144,47,9,0.191489,1.670877,3.27747,0.025807,0.050312,0.589689,0.129114,0.0,0.0,0.0,0.0,0.0,0.0,0.0,0.0,0.0,0.0,0.0,0.0,-0.176267,0.141877,-0.386854,0.178953,-0.318028,0.039507,-0.395929,-0.218429,-0.068029,0.048956,-0.244983,0.037101,-0.239342,0.246482,-0.613411,0.31469,-0.690261,0.070969,-0.864468,-0.53552,-0.090156,0.059165,-0.271178,0.053882,-0.170731,0.307923,-0.643732,0.455166,-0.985881,0.1326,-1.392109,-0.75617,-0.111685,0.065267,-0.25766,0.056221,-0.04864,0.324755,-0.548458,0.583184,-1.166112,0.183857,-1.789451,-0.879661,-0.12385,0.076767,-0.30677,0.068207,-0.145003,0.122889,-0.307992,0.028256,-0.972755,0.027065,-0.999922,-0.89645,-0.002173,0.070323,-0.191888,0.16654,-0.117571,0.187335,-0.39201,0.152492,-1.384278,0.047327,-1.502954,-1.288979,-0.060627,0.08672,-0.27154,0.121751,-0.100765,0.251292,-0.4806,0.284289,-1.576122,0.114084,-1.84137,-1.269247,-0.108689,0.096687,-0.302214,0.105606,-0.08454,0.305491,-0.557262,0.399947,-1.698854,0.188062,-2.053047,-1.138159,-0.141121,0.106742,-0.317479,0.11755,0.040247,0.092294,-0.111831,0.19033,-0.94085,0.034458,-0.999174,-0.870886,-0.004008,0.069599,-0.16658,0.163215,0.096423,0.181295,-0.183731,0.358769,-1.301306,0.107349,-1.534043,-1.118346,-0.082712,0.087933,-0.214327,0.095506,0.077551,0.201477,-0.226099,0.365933,-1.24199,0.225714,-1.877122,-0.925064,-0.13077,0.090369,-0.238337,0.076432,0.054707,0.192425,-0.267316,0.388909,-1.140893,0.313008,-2.055909,-0.719909,-0.147239,0.087312,-0.269215,0.072082,0.21616,0.08183,0.074114,0.342703,-0.857664,0.063702,-0.956277,-0.737769,-0.018583,0.073977,-0.151574,0.151565,0.280361,0.131474,0.045296,0.482968,-1.188352,0.140187,-1.452581,-0.962387,-0.096653,0.087991,-0.208473,0.061641,0.238111,0.1401,-0.024975,0.433733,-1.100974,0.235454,-1.767409,-0.763599,-0.09869,0.076492,-0.220049,0.078047,0.198643,0.12598,-0.059249,0.369145,-0.988181,0.30132,-1.934213,-0.642167,-0.079807,0.065525,-0.231062,0.082941,0.37283,0.094501,0.106008,0.603271,-0.735673,0.095398,-0.89902,-0.549217,-0.038927,0.084157,-0.165517,0.191873,0.41648,0.110168,0.209829,0.658796,-0.997756,0.162995,-1.272926,-0.715264,-0.080498,0.098332,-0.220886,0.110274,0.368289,0.112364,0.132867,0.610995,-0.952309,0.220483,-1.530416,-0.658543,-0.059747,0.092974,-0.201683,0.107511,0.323808,0.099651,0.107914,0.536455,-0.863787,0.26519,-1.672019,-0.563728,-0.031649,0.086973,-0.199533,0.139135
20260728_232714_hincfq,user2,অ,output/user2/অ/অ_20260728_232714_hincfq.mp4,113,47,16,0.340426,4.058874,7.232238,0.056947,0.266153,0.428018,0.193985,0.0,0.0,0.0,0.0,0.0,0.0,0.0,0.0,0.0,0.0,0.0,0.0,-0.080467,0.179157,-0.373673,0.317159,-0.312055,0.047981,-0.429427,-0.182085,-0.064443,0.067419,-0.208806,0.065003,-0.103651,0.258175,-0.534098,0.491289,-0.688526,0.052507,-0.8062,-0.482629,-0.077913,0.113815,-0.302098,0.126417,-0.042749,0.249717,-0.458121,0.577839,-1.003597,0.074469,-1.141806,-0.748712,-0.09017,0.146128,-0.384669,0.173041,0.047275,0.21374,-0.378543,0.632718,-1.179536,0.097538,-1.377416,-0.857748,-0.098332,0.176511,-0.454233,0.215118,-0.048944,0.10901,-0.301876,0.252918,-0.97862,0.015779,-0.999999,-0.948636,-0.007525,0.177427,-0.341208,0.287355,-0.021233,0.149895,-0.336515,0.339127,-1.3654,0.074641,-1.502924,-1.195909,-0.053279,0.225243,-0.470268,0.323543,0.007644,0.184001,-0.36091,0.433461,-1.540502,0.170548,-1.847082,-1.132169,-0.094235,0.244263,-0.55857,0.31882,0.030584,0.215502,-0.385026,0.493997,-1.668073,0.260129,-2.128064,-0.974911,-0.121252,0.258152,-0.618311,0.318393,0.033495,0.112178,-0.112003,0.250461,-0.956408,0.041785,-0.999738,-0.876459,-0.001874,0.161208,-0.329406,0.260449,0.041781,0.179645,-0.140347,0.396205,-1.30708,0.125082,-1.552876,-1.046346,-0.072033,0.198371,-0.415156,0.299275,0.025848,0.188951,-0.213365,0.38618,-1.325516,0.277874,-1.898823,-0.828604,-0.123442,0.196989,-0.47203,0.282605,0.01091,0.193183,-0.256833,0.455731,-1.313532,0.409043,-2.160693,-0.668259,-0.143988,0.198271,-0.497603,0.258232,0.090635,0.202958,-0.299047,0.381569,-0.879341,0.096458,-0.972832,-0.698981,-0.00578,0.14299,-0.314037,0.223041,0.087001,0.257124,-0.284619,0.543513,-1.155582,0.125865,-1.344206,-0.858747,-0.081218,0.168338,-0.34886,0.24927,0.066293,0.234594,-0.227543,0.497382,-1.025392,0.146289,-1.339684,-0.674935,-0.087057,0.157863,-0.384198,0.256137,0.053101,0.214305,-0.195832,0.463554,-0.882398,0.187512,-1.426637,-0.526436,-0.066682,0.149028,-0.336887,0.247764,0.129992,0.298549,-0.475687,0.525956,-0.763627,0.150202,-0.904932,-0.466418,-0.014422,0.131615,-0.306656,0.213078,0.113477,0.342558,-0.502677,0.650438,-1.013144,0.187692,-1.19688,-0.613596,-0.054425,0.154454,-0.306411,0.25388,0.084701,0.320088,-0.472629,0.583779,-1.002457,0.211694,-1.17853,-0.582288,-0.040143,0.156183,-0.288868,0.27441,0.067405,0.298779,-0.449747,0.523533,-0.957733,0.236442,-1.259156,-0.458668,-0.014331,0.155747,-0.28041,0.302068
20260728_232741_j1gvgu,user2,অ,output/user2/অ/অ_20260728_232741_j1gvgu.mp4,154,47,5,0.106383,0.633523,1.14671,0.009029,0.010558,0.725162,0.024451,0.0,0.0,0.0,0.0,0.0,0.0,0.0,0.0,0.0,0.0,0.0,0.0,-0.136439,0.046466,-0.205168,-0.024349,-0.367932,0.041025,-0.458325,-0.277931,-0.04881,0.028539,-0.136791,-0.010898,-0.108847,0.072986,-0.229877,0.062447,-0.712633,0.048148,-0.790748,-0.604354,-0.074781,0.03589,-0.174913,-0.025807,0.018748,0.086508,-0.128113,0.229242,-0.903155,0.072725,-1.032164,-0.769336,-0.093839,0.043922,-0.204626,-0.029995,0.189108,0.091502,0.020492,0.412728,-0.939027,0.085642,-1.113968,-0.822151,-0.105362,0.053386,-0.224236,-0.028109,0.167726,0.053223,0.047082,0.25186,-0.983364,0.007901,-0.998891,-0.967758,-0.032617,0.053961,-0.115355,0.092416,0.391816,0.08032,0.234177,0.494259,-1.264035,0.072835,-1.426996,-1.171468,-0.067467,0.059787,-0.16122,0.077911,0.549754,0.100722,0.364718,0.683792,-1.406693,0.137459,-1.699584,-1.243378,-0.098427,0.055658,-0.185482,0.021695,0.673521,0.11493,0.461997,0.833051,-1.484179,0.192811,-1.881564,-1.272092,-0.122151,0.052307,-0.19796,-0.02614,0.363555,0.053821,0.246777,0.43531,-0.830982,0.032835,-0.886851,-0.761043,-0.025054,0.06056,-0.117785,0.128712,0.539026,0.076641,0.370838,0.639617,-1.008835,0.111868,-1.2443,-0.902412,-0.047679,0.047216,-0.114482,0.073599,0.509084,0.080988,0.308626,0.641882,-0.940961,0.155608,-1.295901,-0.781353,-0.051112,0.027832,-0.100009,-0.003506,0.448178,0.07247,0.278207,0.596002,-0.848591,0.171524,-1.255367,-0.671335,-0.047462,0.027201,-0.113632,-0.001871,0.499074,0.050566,0.40752,0.575771,-0.627275,0.048282,-0.718347,-0.53951,-0.02466,0.062145,-0.119474,0.138919,0.661614,0.060014,0.516955,0.731757,-0.784903,0.133291,-1.079017,-0.647587,-0.035026,0.053113,-0.102754,0.108348,0.626332,0.066262,0.460084,0.734772,-0.752112,0.179866,-1.164363,-0.581135,-0.003795,0.039018,-0.067029,0.082261,0.571244,0.061228,0.435139,0.703643,-0.691677,0.19952,-1.157442,-0.505486,0.019135,0.039186,-0.060432,0.076711,0.59138,0.044958,0.541202,0.661195,-0.39862,0.05838,-0.516161,-0.309009,-0.029855,0.061402,-0.121647,0.131926,0.702485,0.036985,0.595436,0.737561,-0.509889,0.126518,-0.801737,-0.369979,-0.011424,0.057925,-0.089499,0.144344,0.679996,0.055349,0.543209,0.737747,-0.503962,0.175037,-0.907686,-0.325007,0.029007,0.05443,-0.07311,0.161397,0.633754,0.064016,0.513829,0.741731,-0.471684,0.200161,-0.937974,-0.269508,0.060207,0.054393,-0.057346,0.176006
20260704_232148_mqf5ea,user2,আ,output/user2/আ/আ_20260704_232148_mqf5ea.mp4,451,47,6,0.12766,1.909814,2.948335,0.023215,0.091436,0.742563,0.058896,0.0,0.0,0.0,0.0,0.0,0.0,0.0,0.0,0.0,0.0,0.0,0.0,-0.215408,0.083756,-0.355,-0.081461,-0.278126,0.078181,-0.434951,-0.132721,-0.125187,0.056862,-0.213735,0.019619,-0.272737,0.195468,-0.589914,0.036367,-0.748545,0.099881,-0.916426,-0.553406,-0.190992,0.08895,-0.322333,0.0389,-0.226473,0.289699,-0.681946,0.229518,-1.143079,0.072531,-1.287391,-1.001967,-0.239309,0.109796,-0.393999,0.048212,-0.13177,0.358031,-0.674156,0.421231,-1.41011,0.052337,-1.486612,-1.308649,-0.278068,0.129762,-0.455075,0.063432,-0.033379,0.181802,-0.306462,0.281246,-0.965063,0.015051,-0.996843,-0.951405,-0.147468,0.084524,-0.253763,0.08698,0.053324,0.257199,-0.319724,0.493626,-1.409361,0.065188,-1.514969,-1.305719,-0.233063,0.11334,-0.364338,0.076085,0.090766,0.289417,-0.328504,0.563038,-1.652099,0.127103,-1.876495,-1.466694,-0.279019,0.129914,-0.433877,0.075692,0.125494,0.321189,-0.337092,0.624428,-1.825396,0.18381,-2.158214,-1.481501,-0.310327,0.142123,-0.483174,0.082086,0.182929,0.159092,-0.044571,0.460524,-0.872706,0.074224,-0.97229,-0.741929,-0.13645,0.06876,-0.202995,0.054788,0.315271,0.269291,-0.068393,0.793387,-1.279351,0.165002,-1.5064,-1.002798,-0.23318,0.107153,-0.376578,0.048838,0.278952,0.254487,-0.090779,0.695038,-1.403897,0.287985,-1.879589,-0.90872,-0.272767,0.119905,-0.436755,0.054451,0.237777,0.241515,-0.103973,0.730512,-1.478334,0.407157,-2.194654,-0.779523,-0.286956,0.125286,-0.43986,0.063943,0.363444,0.125274,0.187067,0.593763,-0.716803,0.148721,-0.916592,-0.466634,-0.136412,0.057808,-0.206291,0.017386,0.498518,0.19913,0.229178,0.841098,-1.057249,0.244745,-1.382491,-0.654058,-0.234181,0.096644,-0.385129,0.020651,0.452857,0.185428,0.213185,0.783496,-1.162996,0.351574,-1.729231,-0.567914,-0.240446,0.104564,-0.374697,0.054833,0.411256,0.182649,0.194497,0.896237,-1.23396,0.450268,-2.019047,-0.4787,-0.227902,0.107943,-0.362337,0.079206,0.516831,0.08174,0.40616,0.683204,-0.525271,0.212228,-0.818789,-0.179148,-0.143371,0.052183,-0.227421,-0.017475,0.620947,0.122682,0.439961,0.834835,-0.776786,0.302144,-1.195992,-0.293394,-0.221406,0.084966,-0.363771,0.006883,0.585223,0.11484,0.39963,0.836188,-0.859403,0.380156,-1.462162,-0.23095,-0.223417,0.099121,-0.355516,0.057987,0.542388,0.119592,0.372227,0.922732,-0.913669,0.454202,-1.694378,-0.161003,-0.209949,0.108269,-0.345501,0.098074
20260728_232436_9i4gi8,user2,আ,output/user2/আ/আ_20260728_232436_9i4gi8.mp4,204,47,1,0.021277,0.0,0.0,0.0,0.0,0.428282,0.0,0.0,0.0,0.0,0.0,0.0,0.0,0.0,0.0,0.0,0.0,0.0,0.0,0.307512,0.0,0.307512,0.307512,-0.104913,0.0,-0.104913,-0.104913,-0.02437,0.0,-0.02437,-0.02437,0.540937,0.0,0.540937,0.540937,-0.364095,0.0,-0.364095,-0.364095,-0.020339,0.0,-0.020339,-0.020339,0.663811,1e-06,0.663811,0.663811,-0.623497,0.0,-0.623497,-0.623497,-0.036096,0.0,-0.036096,-0.036096,0.724953,1e-06,0.724954,0.724954,-0.827116,1e-06,-0.827116,-0.827116,-0.045336,0.0,-0.045336,-0.045336,0.433258,0.0,0.433257,0.433257,-0.843208,0.0,-0.843209,-0.843209,0.0946,0.0,0.094599,0.094599,0.592284,1e-06,0.592283,0.592283,-1.029824,0.0,-1.029824,-1.029824,0.00259,0.0,0.00259,0.00259,0.575318,0.0,0.575318,0.575318,-0.857559,0.0,-0.857559,-0.857559,-0.06722,0.0,-0.06722,-0.06722,0.539044,0.0,0.539045,0.539045,-0.763044,1e-06,-0.763043,-0.763043,-0.102814,0.0,-0.102814,-0.102814,0.329147,1e-06,0.329146,0.329146,-0.930703,1e-06,-0.930704,-0.930704,0.060936,0.0,0.060936,0.060936,0.533361,1e-06,0.533361,0.533361,-1.089315,1e-06,-1.089314,-1.089314,-0.037772,0.0,-0.037772,-0.037772,0.495033,0.0,0.495034,0.495034,-0.861138,1e-06,-0.861138,-0.861138,-0.087067,0.0,-0.087067,-0.087067,0.427475,1e-06,0.427474,0.427474,-0.749128,0.0,-0.749128,-0.749128,-0.098991,0.0,-0.098991,-0.098991,0.197903,0.0,0.197903,0.197903,-0.981329,1e-06,-0.981328,-0.981328,0.005887,0.0,0.005887,0.005887,0.396876,1e-06,0.396876,0.396876,-1.116287,1e-06,-1.116286,-1.116286,-0.115152,0.0,-0.115152,-0.115152,0.368223,0.0,0.368223,0.368223,-0.872042,1e-06,-0.872043,-0.872043,-0.102129,0.0,-0.102129,-0.102129,0.306465,0.0,0.306466,0.306466,-0.75448,0.0,-0.754481,-0.754481,-0.061654,0.0,-0.061654,-0.061654,0.034474,0.0,0.034474,0.034474,-0.999405,1e-06,-0.999406,-0.999406,-0.050017,0.0,-0.050017,-0.050017,0.215214,0.0,0.215214,0.215214,-1.100576,1e-06,-1.100575,-1.100575,-0.130056,0.0,-0.130056,-0.130056,0.218563,0.0,0.218562,0.218562,-0.913389,1e-06,-0.913388,-0.913388,-0.096908,0.0,-0.096907,-0.096907,0.179215,0.0,0.179215,0.179215,-0.813881,1e-06,-0.813882,-0.813882,-0.051654,0.0,-0.051654,-0.051654
20260728_232459_m6l3cf,user2,আ,output/user2/আ/আ_20260728_232459_m6l3cf.mp4,146,47,7,0.148936,2.865829,4.611925,0.036314,0.14775,0.636637,0.076961,0.0,0.0,0.0,0.0,0.0,0.0,0.0,0.0,0.0,0.0,0.0,0.0,-0.179922,0.050063,-0.293702,-0.043956,-0.339264,0.065064,-0.49655,-0.084393,-0.063015,0.051858,-0.284024,0.059209,-0.219135,0.096203,-0.500368,-0.005852,-0.721559,0.096492,-0.886563,-0.259979,-0.092958,0.098027,-0.509784,0.165666,-0.147236,0.113844,-0.520307,0.127974,-0.982693,0.155387,-1.197129,-0.184427,-0.116221,0.137724,-0.689974,0.269391,-0.022444,0.111594,-0.408281,0.303129,-1.125883,0.222061,-1.420516,0.017862,-0.130072,0.176529,-0.844053,0.385746,0.037851,0.091897,-0.152862,0.174571,-0.992974,0.004206,-0.999625,-0.984593,-0.03659,0.129363,-0.569885,0.265052,0.166429,0.137904,-0.287957,0.344045,-1.227987,0.165637,-1.34316,-0.416383,-0.073253,0.175209,-0.767869,0.361685,0.233421,0.161741,-0.333553,0.533402,-1.325899,0.265743,-1.530669,-0.051811,-0.098111,0.193976,-0.825488,0.405416,0.275374,0.180946,-0.311139,0.687876,-1.377613,0.321753,-1.667707,0.110445,-0.116338,0.208826,-0.870293,0.43318,0.231812,0.066353,0.106246,0.341992,-0.894763,0.028206,-0.930194,-0.842786,-0.029992,0.126973,-0.53838,0.280633,0.260883,0.108261,0.02702,0.520023,-1.00324,0.200442,-1.191371,0.011435,-0.065108,0.178353,-0.724814,0.377681,0.206467,0.131273,-0.080862,0.609121,-0.898903,0.253183,-1.303064,0.358705,-0.07839,0.185041,-0.738487,0.401072,0.170946,0.137828,-0.093336,0.634071,-0.802345,0.278088,-1.356895,0.479005,-0.083438,0.18884,-0.760845,0.420535,0.375395,0.041653,0.277443,0.45781,-0.737544,0.049201,-0.819839,-0.649561,-0.03162,0.125026,-0.513849,0.288217,0.391217,0.086261,0.266079,0.624823,-0.816266,0.216175,-1.047321,0.28815,-0.063936,0.175516,-0.724121,0.36022,0.337142,0.117229,0.133374,0.713419,-0.726644,0.266067,-1.161772,0.605248,-0.038931,0.174812,-0.709972,0.389052,0.306708,0.130448,0.111743,0.74603,-0.650641,0.289596,-1.222641,0.712574,-0.018976,0.171501,-0.698767,0.411491,0.487561,0.03129,0.442202,0.641732,-0.552146,0.070985,-0.65748,-0.383918,-0.040331,0.127889,-0.51419,0.299247,0.508156,0.056679,0.45224,0.679428,-0.615044,0.210772,-0.845087,0.451423,-0.05501,0.172979,-0.71338,0.370176,0.462587,0.09325,0.306284,0.744748,-0.555788,0.264357,-0.945334,0.805004,-0.024058,0.181415,-0.744532,0.410402,0.434567,0.111345,0.288053,0.778393,-0.50595,0.291711,-1.012399,0.957993,0.005502,0.183707,-0.749291,0.441919
20260728_232520_l4uaan,user2,আ,output/user2/আ/আ_20260728_232520_l4uaan.mp4,134,47,25,0.531915,5.241474,13.283613,0.104595,0.478768,0.606596,0.121725,0.0,0.0,0.0,0.0,0.0,0.0,0.0,0.0,0.0,0.0,0.0,0.0,-0.209185,0.079572,-0.315743,0.186947,-0.364459,0.074252,-0.531252,-0.24044,-0.066636,0.078186,-0.357182,0.124758,-0.285255,0.12359,-0.491451,0.30704,-0.78663,0.082758,-0.973285,-0.586063,-0.105516,0.115601,-0.481112,0.185024,-0.225013,0.141523,-0.488663,0.406828,-1.133109,0.096964,-1.375617,-0.870735,-0.141478,0.138421,-0.526051,0.236618,-0.105917,0.159737,-0.403146,0.533451,-1.352271,0.107257,-1.636334,-1.089008,-0.167966,0.162117,-0.558318,0.303359,-0.106189,0.09985,-0.318007,0.179919,-0.986412,0.011923,-0.999969,-0.947792,-0.042244,0.153978,-0.358388,0.318579,-0.080951,0.096046,-0.309811,0.179702,-1.361369,0.107152,-1.594893,-0.97585,-0.121155,0.17508,-0.469241,0.212467,-0.084357,0.11067,-0.316544,0.115241,-1.465722,0.247403,-1.924356,-0.706508,-0.171689,0.189651,-0.502352,0.317588,-0.073625,0.128705,-0.31553,0.211123,-1.519731,0.368174,-2.165822,-0.576261,-0.197915,0.207432,-0.558593,0.415527,0.075163,0.085749,-0.105372,0.267653,-0.922133,0.034552,-0.980568,-0.824456,-0.042797,0.132564,-0.345313,0.257629,0.091922,0.128694,-0.212715,0.354263,-1.248134,0.116923,-1.464738,-0.729632,-0.136531,0.146428,-0.451582,0.177388,0.040344,0.134791,-0.1823,0.344367,-1.163405,0.213339,-1.884117,-0.580738,-0.172402,0.147788,-0.431085,0.27857,0.014262,0.119212,-0.182117,0.287332,-1.045642,0.302886,-2.195758,-0.534886,-0.175857,0.158527,-0.425044,0.352166,0.243498,0.079122,-0.020811,0.329269,-0.810565,0.070816,-0.952111,-0.629719,-0.054032,0.111812,-0.331375,0.172174,0.252392,0.140304,-0.075799,0.530789,-1.107667,0.123502,-1.396304,-0.524852,-0.138959,0.128042,-0.398589,0.186082,0.188841,0.143323,-0.066006,0.486859,-1.004001,0.194242,-1.770756,-0.415848,-0.122234,0.128067,-0.309444,0.292548,0.154722,0.127245,-0.088693,0.407799,-0.875136,0.264475,-2.059187,-0.38342,-0.087767,0.133114,-0.346164,0.360194,0.400055,0.082805,0.091029,0.519513,-0.673907,0.106127,-0.876982,-0.432574,-0.06944,0.10227,-0.332969,0.137151,0.395446,0.13835,0.11531,0.667163,-0.927549,0.126457,-1.250356,-0.324041,-0.11169,0.125648,-0.395175,0.226673,0.33173,0.147109,0.027433,0.618844,-0.864516,0.163015,-1.524024,-0.258235,-0.07844,0.132416,-0.352427,0.343943,0.299426,0.135121,-0.004666,0.540949,-0.765437,0.214234,-1.767746,-0.280039,-0.037632,0.138327,-0.319033,0.428656
20260728_232556_dwfz7c,user2,আ,output/user2/আ/আ_20260728_232556_dwfz7c.mp4,141,47,14,0.297872,2.896419,6.194554,0.048776,0.154827,0.647307,0.073739,0.0,0.0,0.0,0.0,0.0,0.0,0.0,0.0,0.0,0.0,0.0,0.0,-0.122657,0.038915,-0.172287,-0.039402,-0.370057,0.058358,-0.477137,-0.186158,-0.054158,0.089257,-0.315663,0.046588,-0.110053,0.073252,-0.215113,0.020448,-0.746603,0.097459,-0.930786,-0.46383,-0.078198,0.13884,-0.472887,0.064716,-0.027681,0.097433,-0.180922,0.125768,-1.013152,0.125267,-1.289756,-0.703749,-0.095949,0.185403,-0.592988,0.151055,0.08923,0.1203,-0.130539,0.324982,-1.165147,0.152146,-1.560311,-0.853775,-0.1055,0.233991,-0.700942,0.258998,0.113685,0.106151,-0.093189,0.343526,-0.98613,0.019542,-0.999794,-0.939143,-0.028758,0.098268,-0.22108,0.217859,0.273847,0.159399,-0.029687,0.584275,-1.291999,0.114345,-1.442683,-0.824364,-0.066285,0.162679,-0.40848,0.294318,0.355117,0.200848,-0.111848,0.700771,-1.419289,0.189033,-1.707298,-0.584227,-0.095859,0.213959,-0.56647,0.336617,0.418064,0.229201,-0.076846,0.765726,-1.495761,0.230584,-1.900366,-0.526891,-0.114276,0.251969,-0.67453,0.408628,0.27756,0.089697,0.089655,0.478233,-0.868166,0.059293,-0.938098,-0.737675,-0.021389,0.105002,-0.193903,0.259064,0.450325,0.175288,0.122985,0.865235,-1.157089,0.177671,-1.404715,-0.664155,-0.062305,0.176756,-0.427904,0.342005,0.467441,0.21386,0.015533,0.852379,-1.180336,0.276097,-1.624906,-0.402688,-0.08168,0.221287,-0.601598,0.344995,0.458377,0.22518,0.042963,0.891481,-1.169247,0.336799,-1.770913,-0.344804,-0.084655,0.247106,-0.671581,0.406276,0.412227,0.068231,0.26577,0.564712,-0.700628,0.092444,-0.826947,-0.484669,-0.020916,0.117209,-0.204638,0.287407,0.579306,0.160523,0.234661,0.940851,-0.917975,0.171472,-1.127797,-0.509591,-0.055438,0.182905,-0.380978,0.365722,0.557787,0.205025,0.134151,0.911957,-0.882256,0.198239,-1.132886,-0.276227,-0.041501,0.208473,-0.475438,0.378322,0.519065,0.226236,0.141077,0.995815,-0.818729,0.202462,-1.243678,-0.213888,-0.021123,0.219073,-0.481417,0.403462,0.51887,0.057475,0.406125,0.609064,-0.494168,0.12012,-0.679383,-0.206557,-0.025081,0.135393,-0.248324,0.305857,0.64082,0.132109,0.340096,0.911272,-0.648462,0.176379,-0.875079,-0.291237,-0.030582,0.184594,-0.299205,0.392989,0.617982,0.164975,0.253875,0.897777,-0.636912,0.195114,-0.929676,-0.167278,-0.001288,0.202857,-0.359833,0.434174,0.584306,0.180852,0.263041,0.965192,-0.602806,0.195767,-0.982605,-0.106714,0.02728,0.213272,-0.368401,0.45553
20260704_232218_jf6rio,user2,ই,output/user2/ই/ই_20260704_232218_jf6rio.mp4,294,48,8,0.166667,1.619766,2.659093,0.020938,0.096893,0.683963,0.020393,0.0,0.0,0.0,0.0,0.0,0.0,0.0,0.0,0.0,0.0,0.0,0.0,-0.220685,0.046046,-0.30152,-0.136556,-0.314271,0.049645,-0.470536,-0.244723,-0.070818,0.031801,-0.125572,0.034607,-0.313343,0.094794,-0.489222,-0.123,-0.78841,0.044725,-0.965418,-0.756346,-0.09986,0.049382,-0.177403,0.051563,-0.288984,0.131917,-0.51968,-0.015029,-1.158819,0.067713,-1.353075,-1.045756,-0.122102,0.064749,-0.218216,0.08094,-0.22451,0.156776,-0.488187,0.07714,-1.404694,0.08368,-1.610696,-1.246779,-0.135875,0.082574,-0.233875,0.140271,-0.128617,0.120474,-0.347581,0.034381,-0.976989,0.019501,-0.999517,-0.936762,-0.054273,0.064076,-0.180081,0.168604,-0.091697,0.169105,-0.40769,0.134108,-1.410158,0.054313,-1.545445,-1.341876,-0.112132,0.092198,-0.283895,0.213394,-0.059864,0.195713,-0.41912,0.193085,-1.629075,0.081671,-1.750231,-1.256728,-0.149218,0.113286,-0.344754,0.223465,-0.026554,0.215039,-0.412851,0.255353,-1.780568,0.151396,-1.986111,-1.123708,-0.173228,0.131874,-0.386921,0.230185,0.082298,0.106377,-0.107752,0.242547,-0.924524,0.025128,-0.969687,-0.892019,-0.057008,0.069016,-0.190335,0.18688,0.139967,0.156811,-0.141679,0.40706,-1.32742,0.079358,-1.481177,-1.206153,-0.096209,0.09869,-0.276527,0.256682,0.16337,0.185301,-0.15063,0.504549,-1.506714,0.13319,-1.721171,-1.010262,-0.119571,0.113513,-0.319659,0.249335,0.195668,0.208412,-0.137782,0.592345,-1.635198,0.216686,-1.999068,-0.858908,-0.136867,0.126108,-0.353776,0.235194,0.273369,0.083439,0.131838,0.427643,-0.80457,0.056088,-0.90144,-0.719347,-0.071314,0.073,-0.20746,0.194058,0.365448,0.120037,0.165082,0.602328,-1.15635,0.116116,-1.354949,-0.989708,-0.116405,0.105388,-0.304016,0.255588,0.387608,0.139391,0.19064,0.680192,-1.286777,0.149883,-1.535743,-0.813978,-0.109037,0.11745,-0.314664,0.273166,0.41311,0.157996,0.205343,0.738181,-1.366253,0.208281,-1.716486,-0.675071,-0.100293,0.124248,-0.317138,0.273419,0.450998,0.058031,0.36467,0.58138,-0.634254,0.08344,-0.796342,-0.506344,-0.092624,0.07735,-0.22989,0.197069,0.547609,0.084448,0.429108,0.735383,-0.917867,0.127254,-1.164348,-0.73049,-0.12639,0.11265,-0.322019,0.264506,0.565687,0.104006,0.398486,0.805775,-1.009471,0.147664,-1.289792,-0.602169,-0.10638,0.127232,-0.324384,0.314002,0.577865,0.120865,0.364059,0.854825,-1.058764,0.184706,-1.362004,-0.48419,-0.085126,0.135926,-0.317097,0.343954
20260728_232810_781yo6,user2,ই,output/user2/ই/ই_20260728_232810_781yo6.mp4,141,47,6,0.12766,1.51233,3.421866,0.026944,0.084415,0.567375,0.115859,0.0,0.0,0.0,0.0,0.0,0.0,0.0,0.0,0.0,0.0,0.0,0.0,-0.072296,0.189751,-0.310229,0.289451,-0.306342,0.080558,-0.447497,-0.173415,-0.04622,0.032396,-0.095203,-0.001796,-0.13735,0.295446,-0.540901,0.420928,-0.654967,0.114819,-0.883056,-0.513401,-0.089419,0.055216,-0.186028,-0.005385,-0.144146,0.303435,-0.587224,0.416774,-0.946199,0.150932,-1.229349,-0.726218,-0.13181,0.076088,-0.281988,-0.010867,-0.111305,0.24862,-0.499627,0.315039,-1.117325,0.194424,-1.487588,-0.771745,-0.171098,0.090827,-0.364117,-0.009009,-0.041562,0.175256,-0.306032,0.242652,-0.975503,0.014305,-0.998687,-0.951755,-0.074593,0.061445,-0.140475,0.072463,-0.095891,0.162604,-0.331792,0.16588,-1.273206,0.075464,-1.396531,-1.11259,-0.158524,0.08692,-0.268545,0.070161,-0.132014,0.147348,-0.349138,0.080348,-1.265307,0.21835,-1.62899,-0.903987,-0.218159,0.102431,-0.359734,0.05512,-0.139328,0.131677,-0.333528,0.05293,-1.259431,0.323308,-1.796078,-0.692691,-0.254782,0.111506,-0.403771,0.04068,0.036701,0.07755,-0.074343,0.159713,-0.916044,0.038596,-0.97048,-0.837307,-0.096699,0.063307,-0.16691,0.051083,-0.040964,0.081809,-0.139746,0.217382,-1.208748,0.075543,-1.305914,-1.052172,-0.168577,0.086049,-0.293937,0.057389,-0.097902,0.111394,-0.254497,0.290661,-1.205819,0.252672,-1.637938,-0.749975,-0.214929,0.099666,-0.343965,0.03472,-0.112992,0.13559,-0.321449,0.364236,-1.225366,0.392162,-1.912295,-0.555094,-0.24844,0.118362,-0.43619,0.012785,0.093684,0.146518,-0.199704,0.335224,-0.792581,0.074726,-0.90763,-0.655165,-0.124039,0.064357,-0.215744,0.02195,0.018638,0.198605,-0.376816,0.452586,-1.068663,0.067179,-1.197961,-0.96886,-0.191942,0.085057,-0.3238,0.018301,-0.042546,0.219167,-0.466704,0.514313,-1.087811,0.20999,-1.434468,-0.652675,-0.196133,0.105372,-0.381895,0.038112,-0.056913,0.233542,-0.502902,0.559571,-1.120921,0.3544,-1.746528,-0.483636,-0.198688,0.1326,-0.452894,0.04804,0.151034,0.256725,-0.378673,0.530997,-0.629399,0.101483,-0.792889,-0.448064,-0.153334,0.066238,-0.256225,-0.009003,0.078603,0.316034,-0.561478,0.653231,-0.838567,0.085702,-1.005214,-0.725368,-0.195969,0.091262,-0.344752,0.013794,0.017052,0.326802,-0.639874,0.682138,-0.851094,0.098107,-1.039267,-0.590771,-0.175598,0.110986,-0.377817,0.071336,-0.007859,0.335543,-0.680013,0.683793,-0.873033,0.189732,-1.167692,-0.464279,-0.156302,0.131059,-0.408592,0.110349
20260728_232836_pvgrxn,user2,ই,output/user2/ই/ই_20260728_232836_pvgrxn.mp4,164,47,19,0.404255,5.077424,9.224139,0.072631,0.259685,0.606123,0.150441,0.0,0.0,0.0,0.0,0.0,0.0,0.0,0.0,0.0,0.0,0.0,0.0,-0.202721,0.09405,-0.410498,0.21557,-0.356873,0.087722,-0.516449,-0.114584,-0.067482,0.069984,-0.236612,0.089629,-0.274702,0.173611,-0.620707,0.283786,-0.750199,0.110118,-0.90456,-0.383649,-0.103284,0.100094,-0.407207,0.100364,-0.227793,0.229047,-0.685378,0.259978,-1.068766,0.138019,-1.310947,-0.667946,-0.134834,0.126336,-0.561704,0.115054,-0.138249,0.270513,-0.66222,0.23817,-1.274174,0.180643,-1.585473,-0.921538,-0.156047,0.151579,-0.710472,0.132206,-0.077924,0.229234,-0.459468,0.563814,-0.935108,0.055412,-0.999325,-0.825902,-0.030709,0.057901,-0.224753,0.127298,-0.014625,0.293702,-0.541351,0.640067,-1.313602,0.076408,-1.456673,-1.19436,-0.092431,0.101717,-0.459166,0.099276,-0.000872,0.316412,-0.578966,0.589897,-1.414054,0.182881,-1.744312,-0.979576,-0.139258,0.132352,-0.648415,0.080998,0.012885,0.337033,-0.60358,0.59774,-1.452621,0.267684,-1.982106,-0.831405,-0.164499,0.149534,-0.768198,0.065645,0.09255,0.204556,-0.282698,0.622783,-0.86013,0.070002,-0.976072,-0.679277,-0.026422,0.056725,-0.219938,0.125096,0.140867,0.254468,-0.31774,0.657868,-1.212081,0.127437,-1.446229,-0.916981,-0.085263,0.117513,-0.532342,0.07409,0.102085,0.242266,-0.305618,0.531415,-1.195502,0.23037,-1.721565,-0.821489,-0.111679,0.146131,-0.695675,0.105993,0.06755,0.219951,-0.318298,0.47999,-1.132364,0.308846,-1.966272,-0.680747,-0.116708,0.153108,-0.751837,0.171363,0.246248,0.177436,-0.42758,0.613397,-0.74934,0.117683,-0.946846,-0.514318,-0.03343,0.068549,-0.246741,0.147573,0.286443,0.228857,-0.459393,0.6478,-1.068943,0.190062,-1.404454,-0.662323,-0.08796,0.120937,-0.511899,0.076275,0.237924,0.215787,-0.369347,0.551899,-1.03381,0.26491,-1.565189,-0.619483,-0.07049,0.13041,-0.572375,0.162911,0.199852,0.192167,-0.281977,0.554664,-0.961396,0.321981,-1.736301,-0.550237,-0.044471,0.125267,-0.555152,0.242679,0.385564,0.161329,-0.518376,0.59682,-0.619798,0.167946,-0.885062,-0.2609,-0.04567,0.086132,-0.292927,0.162067,0.405128,0.208353,-0.58049,0.702801,-0.870828,0.238477,-1.280484,-0.364003,-0.070539,0.122436,-0.456653,0.127282,0.355933,0.20185,-0.525513,0.649665,-0.861493,0.274821,-1.356589,-0.376075,-0.037672,0.131596,-0.479096,0.199014,0.321118,0.184987,-0.45237,0.633144,-0.807235,0.298768,-1.42305,-0.350109,-0.001558,0.131099,-0.464094,0.285751
20260728_233118_pcjncu,user2,ই,output/user2/ই/ই_20260728_233118_pcjncu.mp4,179,48,17,0.354167,5.008331,9.487244,0.074703,0.207273,0.711372,0.121551,0.0,0.0,0.0,0.0,0.0,0.0,0.0,0.0,0.0,0.0,0.0,0.0,-0.132127,0.12525,-0.262751,0.397892,-0.369745,0.069673,-0.555548,-0.265101,-0.086002,0.097244,-0.372481,0.143073,-0.150976,0.184676,-0.408439,0.536429,-0.788958,0.077774,-0.989316,-0.638736,-0.156751,0.144044,-0.538913,0.216417,-0.067704,0.210144,-0.415502,0.584267,-1.137075,0.090972,-1.369373,-0.933386,-0.212666,0.176858,-0.626623,0.263988,0.063778,0.20994,-0.359958,0.593743,-1.363006,0.116278,-1.673461,-1.130103,-0.258299,0.203954,-0.696532,0.293495,0.021875,0.155503,-0.261836,0.433801,-0.979845,0.017275,-0.999957,-0.900295,-0.18311,0.156037,-0.458568,0.285238,0.086006,0.190228,-0.289302,0.482744,-1.237669,0.193301,-1.570852,-0.80974,-0.289158,0.200061,-0.737952,0.279372,0.114431,0.226218,-0.28234,0.601913,-1.295494,0.338987,-1.866364,-0.610822,-0.336117,0.218307,-0.942802,0.224107,0.153541,0.260285,-0.25755,0.762696,-1.35289,0.399398,-2.13305,-0.602421,-0.36041,0.232771,-1.067021,0.189754,0.194151,0.134666,-0.132867,0.441289,-0.862876,0.054934,-0.956586,-0.757114,-0.183106,0.138309,-0.35765,0.245543,0.25544,0.181655,-0.084184,0.620948,-1.059813,0.260428,-1.495001,-0.535285,-0.283836,0.17316,-0.671999,0.227099,0.213596,0.184947,-0.09233,0.627842,-0.991563,0.406585,-1.807924,-0.324899,-0.295083,0.175091,-0.825289,0.138605,0.189325,0.169343,-0.086221,0.551399,-0.952621,0.481836,-2.088841,-0.326074,-0.292263,0.181155,-0.878391,0.08845,0.341862,0.153933,-0.138797,0.599907,-0.697116,0.122183,-0.910255,-0.497846,-0.187747,0.121568,-0.331025,0.191857,0.384921,0.211613,-0.286168,0.738006,-0.871443,0.297356,-1.384731,-0.326988,-0.279111,0.149383,-0.562538,0.18061,0.330878,0.208317,-0.307077,0.727478,-0.81137,0.427662,-1.808284,-0.151565,-0.24143,0.141253,-0.612636,0.136667,0.29805,0.185949,-0.2736,0.691191,-0.782036,0.509943,-2.140037,-0.14578,-0.20423,0.139424,-0.580515,0.119871,0.465654,0.19537,-0.31146,0.706568,-0.512518,0.184071,-0.835372,-0.205553,-0.196835,0.110077,-0.337653,0.139169,0.495562,0.248982,-0.46358,0.784517,-0.64886,0.312675,-1.150022,-0.118878,-0.249694,0.129155,-0.438742,0.150099,0.442975,0.253413,-0.50179,0.793606,-0.617367,0.407694,-1.44297,0.022851,-0.213551,0.132396,-0.444527,0.144849,0.409746,0.240562,-0.488735,0.75212,-0.60771,0.472333,-1.690192,0.026501,-0.175855,0.136312,-0.430301,0.14986
20260728_233205_n417cm,user2,ই,output/user2/ই/ই_20260728_233205_n417cm.mp4,211,47,12,0.255319,4.894475,8.568746,0.06747,0.369375,0.507167,0.185483,0.0,0.0,0.0,0.0,0.0,0.0,0.0,0.0,0.0,0.0,0.0,0.0,-0.076298,0.137259,-0.316462,0.253376,-0.345878,0.102263,-0.545886,0.008984,-0.101096,0.089525,-0.306405,0.04379,-0.069368,0.214456,-0.595399,0.419326,-0.731151,0.155333,-1.040426,-0.096765,-0.125875,0.145116,-0.535709,0.107785,0.009151,0.245229,-0.642485,0.547312,-1.008726,0.189283,-1.267667,-0.002901,-0.139421,0.189419,-0.715192,0.176474,0.113337,0.257584,-0.513556,0.664589,-1.165276,0.212845,-1.467723,0.141151,-0.141483,0.23078,-0.85535,0.264061,0.006975,0.221941,-0.339405,0.553225,-0.959772,0.041861,-0.999688,-0.833032,0.010392,0.147715,-0.557857,0.289585,0.118674,0.303891,-0.527686,0.676639,-1.249271,0.142161,-1.417579,-0.558725,-0.028723,0.232212,-0.827365,0.407033,0.193775,0.330866,-0.497254,0.643282,-1.357038,0.248694,-1.785597,-0.130583,-0.07365,0.278589,-0.935016,0.484689,0.248947,0.350271,-0.422657,0.803926,-1.408931,0.335217,-2.042581,0.070405,-0.103311,0.305152,-0.995422,0.5238,0.13008,0.195035,-0.219952,0.583463,-0.888803,0.104136,-0.997178,-0.563943,0.039153,0.135455,-0.526046,0.299625,0.271395,0.24268,-0.259695,0.6672,-1.123753,0.204597,-1.459002,-0.031745,-0.010999,0.238879,-0.806248,0.493348,0.312888,0.271694,-0.230988,0.642213,-1.100502,0.291952,-1.813767,0.477038,-0.063188,0.267624,-0.823085,0.548703,0.321561,0.292426,-0.2246,0.844429,-1.049365,0.365971,-2.044551,0.585104,-0.089713,0.272132,-0.810459,0.55218,0.23823,0.169372,-0.069339,0.551863,-0.777658,0.157411,-1.019357,-0.337366,0.051243,0.131774,-0.512592,0.333578,0.376838,0.182356,-0.021555,0.615083,-0.991496,0.253408,-1.458251,0.248538,-0.005358,0.225674,-0.770815,0.489434,0.394531,0.202139,-0.013609,0.623151,-0.969521,0.32133,-1.749679,0.599675,-0.028317,0.232734,-0.7024,0.519409,0.381737,0.216848,-0.043442,0.773737,-0.924805,0.377048,-1.941082,0.578559,-0.030779,0.22226,-0.626125,0.506913,0.329697,0.162384,-0.114976,0.553058,-0.636445,0.201669,-0.991692,-0.118083,0.054844,0.13587,-0.528127,0.353429,0.439316,0.146051,0.087656,0.658729,-0.81004,0.273181,-1.398919,0.356015,0.017484,0.201666,-0.716223,0.455134,0.447725,0.140899,0.119589,0.612818,-0.812623,0.325727,-1.671242,0.621013,0.017891,0.21721,-0.694565,0.503605,0.431347,0.149777,0.075604,0.605907,-0.790969,0.366842,-1.858247,0.574368,0.029354,0.219565,-0.644978,0.526061
20260704_232243_1fsapx,user2,ঈ,output/user2/ঈ/ঈ_20260704_232243_1fsapx.mp4,431,47,7,0.148936,1.534332,2.639024,0.02078,0.097664,0.641088,0.065182,0.0,0.0,0.0,0.0,0.0,0.0,0.0,0.0,0.0,0.0,0.0,0.0,-0.151083,0.037102,-0.211346,-0.057701,-0.397578,0.018145,-0.428225,-0.3513,-0.057689,0.047244,-0.252089,0.008362,-0.176947,0.073058,-0.312045,0.003658,-0.860223,0.032729,-0.899633,-0.801665,-0.074894,0.070538,-0.325775,0.029173,-0.11549,0.109411,-0.340156,0.093322,-1.205268,0.050487,-1.27223,-1.115978,-0.089441,0.08609,-0.360629,0.038642,-0.038019,0.13561,-0.297657,0.185536,-1.444672,0.058455,-1.516121,-1.33608,-0.093504,0.102399,-0.380815,0.058515,0.021562,0.074018,-0.138979,0.24303,-0.994151,0.004595,-0.999945,-0.970019,0.008269,0.078137,-0.186288,0.137945,0.161957,0.105436,-0.087,0.40894,-1.358153,0.03755,-1.423886,-1.270452,-0.024845,0.109037,-0.279411,0.160441,0.254745,0.130737,-0.050443,0.481809,-1.502495,0.098845,-1.668911,-1.312696,-0.056781,0.127366,-0.332305,0.161691,0.323573,0.150335,-0.018045,0.596593,-1.581582,0.166288,-1.86612,-1.286898,-0.075638,0.139395,-0.359867,0.164152,0.201176,0.078804,0.025575,0.385204,-0.885042,0.025931,-0.943963,-0.830317,0.011539,0.072674,-0.17242,0.14721,0.341599,0.111076,0.070989,0.549136,-1.234753,0.037614,-1.317413,-1.138317,-0.002741,0.104317,-0.236397,0.198422,0.408499,0.130737,0.08516,0.599415,-1.377033,0.101624,-1.540255,-1.182237,-0.028722,0.117126,-0.246155,0.196372,0.45394,0.143539,0.097625,0.644828,-1.458933,0.17722,-1.768431,-1.137538,-0.04785,0.126846,-0.301835,0.191906,0.356019,0.082783,0.176681,0.509131,-0.73861,0.051615,-0.862909,-0.634412,0.003513,0.070357,-0.160706,0.142454,0.505823,0.114438,0.230005,0.674532,-1.050359,0.062971,-1.170555,-0.913616,-0.006863,0.092216,-0.193258,0.185667,0.543733,0.132144,0.236059,0.710213,-1.152153,0.126685,-1.316002,-0.897038,0.001359,0.097669,-0.171063,0.207734,0.558097,0.150082,0.238194,0.719152,-1.199812,0.19433,-1.456854,-0.832053,0.00843,0.101524,-0.172975,0.217435,0.491252,0.088808,0.315098,0.619541,-0.563458,0.07262,-0.744415,-0.423294,-0.012539,0.071962,-0.158516,0.157113,0.622635,0.11922,0.367961,0.773113,-0.811178,0.086774,-1.012963,-0.648004,-0.012799,0.087566,-0.17377,0.179552,0.651517,0.137136,0.378073,0.835921,-0.899596,0.125175,-1.153779,-0.639669,0.012392,0.093175,-0.164515,0.223097,0.656737,0.153244,0.387383,0.869786,-0.943773,0.166301,-1.239571,-0.588963,0.035968,0.097778,-0.151066,0.254384
20260728_233238_q39ioy,user2,ঈ,output/user2/ঈ/ঈ_20260728_233238_q39ioy.mp4,134,47,12,0.255319,5.215087,11.55689,0.090999,1.458235,0.504526,0.209884,0.0,0.0,0.0,0.0,0.0,0.0,0.0,0.0,0.0,0.0,0.0,0.0,0.02943,0.205017,-0.290665,0.361782,-0.267476,0.11539,-0.457628,0.409512,-0.080067,0.07014,-0.597077,0.091114,0.082941,0.337914,-0.436514,0.678302,-0.663065,0.189778,-0.868805,0.630872,-0.152793,0.125058,-1.09178,0.074387,0.113373,0.399322,-0.532067,0.869402,-1.008829,0.263897,-1.276623,1.032159,-0.222462,0.175936,-1.511541,0.051898,0.133376,0.424291,-0.636007,0.995612,-1.254526,0.328604,-1.599209,1.391842,-0.300622,0.229029,-1.921591,0.042086,0.19425,0.243749,-0.272348,0.724441,-0.905144,0.082665,-0.999952,-0.468795,-0.193535,0.127721,-1.071235,0.15087,0.262431,0.250691,-0.351613,0.753876,-1.277115,0.176407,-1.519779,0.136843,-0.316627,0.183161,-1.592509,0.140794,0.256741,0.238698,-0.421407,0.666652,-1.39447,0.318847,-1.862921,0.891992,-0.393781,0.219626,-1.905114,0.104878,0.240485,0.244988,-0.496448,0.72504,-1.46166,0.437547,-2.10372,1.375378,-0.44384,0.24555,-2.10204,0.078503,0.219704,0.135953,-0.132263,0.518392,-0.890769,0.031447,-0.978713,-0.85114,-0.219298,0.125781,-1.03219,0.137691,0.284646,0.161244,-0.213816,0.649954,-1.295503,0.116757,-1.483359,-0.493692,-0.334258,0.181853,-1.582651,0.136041,0.26404,0.148244,-0.23509,0.38939,-1.389392,0.275718,-1.894568,0.451385,-0.3903,0.203665,-1.710784,0.10515,0.240212,0.145559,-0.240931,0.383012,-1.430312,0.404257,-2.241297,1.138915,-0.430128,0.218505,-1.727893,0.081725,0.22327,0.150564,-0.288938,0.378717,-0.808438,0.085722,-0.981613,-0.663845,-0.250467,0.125339,-1.027104,0.101238,0.311343,0.210604,-0.326419,0.558366,-1.201339,0.132912,-1.410749,-0.613031,-0.364259,0.167089,-1.536301,0.025204,0.297266,0.216318,-0.235137,0.585515,-1.286409,0.25636,-1.848992,0.272481,-0.380263,0.178142,-1.492991,-0.002669,0.274828,0.217343,-0.157794,0.602158,-1.319984,0.368939,-2.17348,0.891202,-0.385369,0.188066,-1.378875,-0.002887,0.216086,0.254744,-0.431248,0.52861,-0.674875,0.145555,-0.93218,-0.43017,-0.284574,0.128886,-1.064251,0.062797,0.276206,0.316192,-0.435646,0.669632,-0.969179,0.187189,-1.267507,-0.28982,-0.381291,0.159098,-1.440085,-0.021269,0.279778,0.337007,-0.363616,0.754677,-1.048293,0.252257,-1.590155,0.400805,-0.389564,0.170746,-1.42393,-0.029359,0.277679,0.343374,-0.379998,0.791764,-1.09727,0.318563,-1.850631,0.84738,-0.387253,0.180855,-1.355968,-0.019736
20260728_233302_e8k0ge,user2,ঈ,output/user2/ঈ/ঈ_20260728_233302_e8k0ge.mp4,161,47,13,0.276596,4.283087,7.100929,0.055913,0.1865,0.598075,0.197503,0.0,0.0,0.0,0.0,0.0,0.0,0.0,0.0,0.0,0.0,0.0,0.0,-0.063076,0.212908,-0.336559,0.380756,-0.194139,0.221502,-0.42524,0.300129,-0.146284,0.094523,-0.417089,0.09325,-0.041129,0.36675,-0.533319,0.731989,-0.493098,0.385972,-0.972303,0.384638,-0.245262,0.15426,-0.641636,0.165234,0.031726,0.419404,-0.536801,0.95013,-0.798481,0.427184,-1.468234,0.136212,-0.328345,0.197154,-0.78408,0.244082,0.13674,0.415551,-0.391262,1.086543,-1.028409,0.385291,-1.761906,-0.233848,-0.399107,0.236677,-0.887142,0.332366,0.116922,0.271063,-0.349443,0.630111,-0.896075,0.136801,-0.999847,-0.541458,-0.226804,0.194336,-0.636128,0.047343,0.097517,0.187438,-0.354864,0.382087,-1.110523,0.391099,-1.596096,-0.173407,-0.385073,0.26816,-0.93515,0.085159,0.03561,0.152533,-0.348515,0.272567,-1.070287,0.585791,-1.778199,0.225911,-0.469682,0.299523,-1.095693,0.122145,0.013947,0.163553,-0.342964,0.274304,-1.046577,0.659214,-2.021114,0.316854,-0.51232,0.31729,-1.195718,0.155849,0.17967,0.110901,-0.112405,0.268719,-0.883697,0.052178,-0.972872,-0.768121,-0.218707,0.177606,-0.602861,0.055947,0.150787,0.116478,-0.102585,0.345651,-1.048126,0.325232,-1.49048,-0.295442,-0.380524,0.246092,-0.887385,0.12691,0.077416,0.107742,-0.089813,0.266218,-0.918462,0.493043,-1.707618,0.133848,-0.424961,0.252251,-0.93273,0.194769,0.052531,0.081522,-0.072221,0.271513,-0.826796,0.536031,-1.885492,0.240406,-0.437674,0.260599,-0.974406,0.242636,0.230625,0.143716,-0.07591,0.465028,-0.812119,0.068152,-0.978909,-0.702217,-0.225339,0.166314,-0.604515,0.076227,0.220862,0.23809,-0.257641,0.576227,-0.97629,0.243484,-1.391236,-0.451409,-0.374584,0.232204,-0.876893,0.126537,0.157169,0.226693,-0.291715,0.470388,-0.86773,0.41038,-1.645271,-0.037916,-0.352837,0.212975,-0.785733,0.173958,0.129198,0.184962,-0.216302,0.428353,-0.78428,0.469106,-1.793889,0.092655,-0.31559,0.201245,-0.721956,0.209472,0.278177,0.277624,-0.361236,0.628213,-0.706564,0.126169,-0.959598,-0.531158,-0.242846,0.165448,-0.628543,0.113319,0.271167,0.370224,-0.547053,0.768821,-0.837997,0.159267,-1.225062,-0.582141,-0.344537,0.219461,-0.826522,0.2029,0.224572,0.370895,-0.557156,0.737366,-0.799606,0.290021,-1.43161,-0.251865,-0.325707,0.218096,-0.771439,0.281101,0.199414,0.344869,-0.489243,0.688507,-0.769631,0.358504,-1.552502,-0.145532,-0.291967,0.216186,-0.721085,0.336384
20260728_233333_nvf18a,user2,ঈ,output/user2/ঈ/ঈ_20260728_233333_nvf18a.mp4,187,47,4,0.085106,1.073113,1.593825,0.01255,0.016292,0.492374,0.219561,0.0,0.0,0.0,0.0,0.0,0.0,0.0,0.0,0.0,0.0,0.0,0.0,0.123075,0.170063,-0.135825,0.425123,-0.345182,0.05679,-0.491816,-0.264209,-0.143145,0.069626,-0.313465,-0.073118,0.265382,0.273887,-0.125185,0.746478,-0.752358,0.088681,-0.975356,-0.649683,-0.237883,0.089031,-0.462932,-0.103904,0.356248,0.311786,-0.106988,0.894729,-1.119809,0.129173,-1.333971,-0.903895,-0.317045,0.103725,-0.583072,-0.14003,0.367963,0.272225,-0.048257,0.832597,-1.42304,0.184432,-1.602364,-1.087735,-0.399995,0.116985,-0.695309,-0.172377,0.451899,0.173636,0.161199,0.641168,-0.843864,0.086017,-0.98692,-0.730328,-0.178762,0.124268,-0.405739,0.06074,0.588812,0.152204,0.351065,0.796253,-1.283669,0.096103,-1.452817,-1.080317,-0.300104,0.165068,-0.594515,0.052825,0.60889,0.104192,0.503503,0.851332,-1.472998,0.126986,-1.700309,-1.289798,-0.401902,0.176337,-0.69581,0.020029,0.602948,0.098837,0.448587,0.842232,-1.561273,0.138414,-1.780802,-1.324784,-0.469565,0.18128,-0.746244,-0.010102,0.375674,0.107988,0.294452,0.641994,-0.816484,0.027056,-0.846154,-0.756723,-0.167188,0.141364,-0.425658,0.065867,0.463832,0.083136,0.337367,0.667434,-1.330812,0.16259,-1.605752,-1.082286,-0.290804,0.151922,-0.564515,0.026097,0.441054,0.082085,0.31304,0.600318,-1.406271,0.186392,-1.659636,-1.044096,-0.376506,0.137714,-0.577995,-0.021437,0.398515,0.128231,0.277859,0.658087,-1.347497,0.178408,-1.507833,-0.931082,-0.431569,0.147472,-0.591324,-0.04467,0.283245,0.169716,-0.005366,0.661907,-0.778794,0.068789,-0.895015,-0.668522,-0.168765,0.149265,-0.439497,0.053691,0.392448,0.189883,0.056747,0.706854,-1.256042,0.234836,-1.629211,-0.886957,-0.274098,0.148598,-0.543936,0.023098,0.382228,0.184006,0.069274,0.67376,-1.307133,0.248831,-1.638402,-0.834778,-0.306351,0.116587,-0.473089,-0.004072,0.343505,0.182872,0.067918,0.680882,-1.236324,0.241157,-1.473212,-0.735719,-0.317504,0.117544,-0.418661,-0.015796,0.2023,0.263903,-0.268996,0.644073,-0.720701,0.155796,-0.958721,-0.4667,-0.180812,0.153132,-0.456569,0.03393,0.296052,0.280452,-0.197308,0.691783,-1.053653,0.285964,-1.486959,-0.588873,-0.263321,0.148455,-0.535116,0.004393,0.299578,0.26674,-0.164142,0.69857,-1.132741,0.308833,-1.544293,-0.550855,-0.279622,0.115826,-0.479315,-0.013498,0.273343,0.252221,-0.155016,0.689152,-1.126797,0.310951,-1.472613,-0.478131,-0.280709,0.10278,-0.42652,-0.014194
20260728_233359_9wg8n4,user2,ঈ,output/user2/ঈ/ঈ_20260728_233359_9wg8n4.mp4,188,47,14,0.297872,9.122119,15.176985,0.119504,0.453964,0.725474,0.22497,0.0,0.0,0.0,0.0,0.0,0.0,0.0,0.0,0.0,0.0,0.0,0.0,-0.228436,0.167615,-0.81519,0.060702,-0.365426,0.043352,-0.464953,-0.242483,-0.038803,0.171441,-0.485553,0.390944,-0.329098,0.349987,-1.562432,0.095613,-0.728803,0.135826,-1.005842,-0.376289,-0.092142,0.308189,-1.018142,0.626451,-0.311818,0.463043,-1.943632,0.156324,-0.976667,0.253057,-1.357872,-0.197193,-0.142493,0.419771,-1.4632,0.798701,-0.220197,0.50645,-1.981412,0.248246,-1.108341,0.356484,-1.622801,0.014228,-0.189645,0.531121,-1.910472,0.959929,-0.071468,0.287378,-0.883746,0.254308,-0.924423,0.127469,-0.999983,-0.441807,-0.130768,0.385474,-1.51384,0.526256,-0.008009,0.549792,-1.71991,0.581255,-1.149141,0.357685,-1.468476,0.193076,-0.209378,0.530279,-2.105604,0.707669,0.055178,0.655105,-1.96302,0.774975,-1.194555,0.560651,-1.768075,0.869082,-0.252387,0.607252,-2.402866,0.818128,0.112034,0.69796,-1.997876,0.897739,-1.237478,0.672304,-2.011898,1.191315,-0.277882,0.657342,-2.583132,0.89538,0.12434,0.233765,-0.438953,0.399872,-0.803015,0.193037,-0.976006,-0.087114,-0.14931,0.368163,-1.504445,0.409954,0.173814,0.468898,-1.26345,0.686729,-0.998091,0.457427,-1.422157,0.68185,-0.234099,0.508551,-2.053138,0.607877,0.158098,0.542086,-1.571974,0.767965,-0.905403,0.633625,-1.730995,1.406495,-0.247527,0.540859,-2.115647,0.710882,0.14515,0.540221,-1.587431,0.871034,-0.824247,0.71078,-1.946748,1.711551,-0.246659,0.563207,-2.163051,0.778346,0.292322,0.184982,-0.070616,0.516558,-0.63806,0.259825,-0.965759,0.263159,-0.167365,0.350475,-1.474006,0.31361,0.321495,0.402959,-0.908074,0.766594,-0.807266,0.52449,-1.351882,1.066571,-0.231025,0.463093,-1.893279,0.506228,0.292741,0.455225,-1.152296,0.889129,-0.732358,0.650416,-1.630809,1.611967,-0.193878,0.454383,-1.758202,0.603907,0.274955,0.447983,-1.148832,1.008175,-0.666445,0.699493,-1.809509,1.81733,-0.16002,0.446122,-1.668949,0.654011,0.436926,0.148014,0.064897,0.662184,-0.445834,0.328026,-0.908952,0.624251,-0.187936,0.346524,-1.483571,0.246078,0.459046,0.332235,-0.511982,0.877063,-0.577793,0.54447,-1.195322,1.328137,-0.212208,0.429611,-1.764651,0.417743,0.427543,0.392213,-0.770679,0.987566,-0.554873,0.638286,-1.398297,1.732901,-0.167169,0.428276,-1.661875,0.523074,0.412108,0.391556,-0.786936,1.072309,-0.532782,0.678918,-1.585848,1.884699,-0.127285,0.425059,-1.578972,0.592863
20260711_200812_18txgi,user3,অ,output/user3/অ/অ_20260711_200812_18txgi.mp4,197,47,7,0.148936,1.129563,2.477447,0.019507,0.180635,0.388945,0.064658,0.0,0.0,0.0,0.0,0.0,0.0,0.0,0.0,0.0,0.0,0.0,0.0,0.171892,0.08751,-0.201147,0.310731,-0.345078,0.055212,-0.513713,-0.175187,0.058698,0.034729,-0.04192,0.10645,0.333132,0.124997,-0.16084,0.560483,-0.711189,0.069683,-0.919186,-0.484717,0.069993,0.049194,-0.074087,0.143704,0.40637,0.146501,-0.034277,0.70151,-1.019306,0.068443,-1.201056,-0.782369,0.058325,0.060618,-0.118385,0.148776,0.413641,0.167089,0.046494,0.747146,-1.262608,0.07157,-1.426936,-1.002861,0.035954,0.072617,-0.170966,0.138692,0.534207,0.08442,0.169476,0.697949,-0.835722,0.050811,-0.985534,-0.697878,0.042738,0.035492,-0.025865,0.110569,0.67945,0.104994,0.264333,0.921408,-1.267091,0.040459,-1.318403,-1.10479,-0.007159,0.067487,-0.126409,0.142556,0.705095,0.111884,0.232257,1.021624,-1.5251,0.061886,-1.608016,-1.250207,-0.053455,0.088647,-0.220427,0.138898,0.700927,0.119572,0.186964,1.086686,-1.690951,0.092423,-1.818798,-1.181782,-0.080812,0.100088,-0.282468,0.13741,0.492837,0.050558,0.34194,0.609202,-0.819221,0.039492,-0.88248,-0.754272,-0.028205,0.039676,-0.082089,0.131878,0.637482,0.072486,0.370825,0.795898,-1.249796,0.040149,-1.317564,-1.091749,-0.045539,0.072572,-0.146099,0.196059,0.666418,0.083029,0.391983,0.878718,-1.511682,0.083459,-1.614346,-1.179244,-0.079648,0.086507,-0.202785,0.190974,0.666934,0.095729,0.399933,0.92336,-1.68938,0.133533,-1.831508,-1.220213,-0.110068,0.09263,-0.240462,0.182001,0.379505,0.055564,0.204267,0.551398,-0.774247,0.053162,-0.855114,-0.6384,-0.100497,0.051142,-0.166752,0.142889,0.515391,0.075051,0.237859,0.675257,-1.186362,0.074614,-1.380078,-0.903159,-0.13458,0.075393,-0.220868,0.189048,0.541643,0.088205,0.268679,0.728677,-1.453446,0.124307,-1.725789,-1.027071,-0.180253,0.078402,-0.268078,0.186154,0.544288,0.098915,0.28528,0.75393,-1.643058,0.18461,-1.998832,-1.068778,-0.218632,0.081718,-0.30903,0.180648,0.199011,0.088553,0.05009,0.583515,-0.732588,0.079966,-0.903954,-0.49554,-0.16556,0.063804,-0.240358,0.148617,0.168692,0.11272,0.056596,0.654149,-1.075398,0.094008,-1.336311,-0.725421,-0.213532,0.087326,-0.307233,0.198153,0.14422,0.121069,0.074421,0.679763,-1.28837,0.132525,-1.61404,-0.848024,-0.236955,0.097875,-0.337734,0.231083,0.104287,0.130757,0.001777,0.672494,-1.456633,0.184358,-1.858823,-0.91641,-0.251168,0.105248,-0.357277,0.256071
20260711_200917_z1na4w,user3,অ,output/user3/অ/অ_20260711_200917_z1na4w.mp4,202,47,2,0.042553,0.222989,0.385386,0.003035,0.003035,0.036557,0.011911,0.0,0.0,0.0,0.0,0.0,0.0,0.0,0.0,0.0,0.0,0.0,0.0,-0.110239,0.004078,-0.117248,-0.10323,-0.298977,0.031404,-0.352947,-0.245006,-0.195311,0.012517,-0.216822,-0.173799,-0.125991,0.007137,-0.138257,-0.113726,-0.714142,0.071039,-0.836227,-0.592055,-0.249574,0.036533,-0.312359,-0.186789,-0.162935,0.001737,-0.165921,-0.15995,-1.067299,0.080877,-1.206293,-0.928306,-0.263605,0.063243,-0.372293,-0.154918,-0.204199,0.001182,-0.206231,-0.202167,-1.334749,0.073514,-1.461089,-1.20841,-0.25997,0.090325,-0.4152,-0.10474,0.297044,0.022214,0.258867,0.335221,-0.936065,0.003535,-0.94214,-0.92999,-0.075498,0.028607,-0.12466,-0.026336,0.308465,0.03708,0.24474,0.372191,-1.409977,0.013737,-1.433585,-1.386368,-0.092327,0.060128,-0.195662,0.011008,0.215832,0.048025,0.133298,0.298366,-1.665614,0.022272,-1.70389,-1.627338,-0.133155,0.080003,-0.270645,0.004335,0.116724,0.05432,0.023371,0.210078,-1.795947,0.036794,-1.85918,-1.732714,-0.158202,0.090924,-0.314462,-0.001942,0.327934,0.015758,0.300853,0.355014,-0.940626,0.007591,-0.953671,-0.92758,0.025998,0.036855,-0.037339,0.089335,0.298645,0.020461,0.263482,0.333809,-1.413134,0.004585,-1.421013,-1.405256,0.041713,0.068614,-0.076205,0.159632,0.193289,0.024559,0.151083,0.235495,-1.664914,0.023842,-1.705889,-1.62394,0.010762,0.07937,-0.125641,0.147165,0.0724,0.023471,0.032064,0.112736,-1.80326,0.035981,-1.865095,-1.741425,-0.018638,0.08186,-0.15932,0.122044,0.31857,0.005832,0.308547,0.328593,-0.932704,0.012073,-0.953453,-0.911955,0.105371,0.047163,0.024318,0.186424,0.294416,0.010219,0.276854,0.311979,-1.366005,6e-06,-1.366017,-1.365994,0.114433,0.071562,-0.008552,0.237418,0.185518,0.010484,0.167501,0.203535,-1.585344,0.013491,-1.60853,-1.562159,0.07996,0.068181,-0.037214,0.197134,0.071871,0.009876,0.054899,0.088843,-1.734552,0.027771,-1.782278,-1.686826,0.051387,0.061461,-0.054237,0.157011,0.301817,0.001347,0.299501,0.304132,-0.911458,0.013637,-0.934893,-0.888022,0.168408,0.059681,0.065842,0.270973,0.296769,0.000909,0.295206,0.298331,-1.285039,0.002756,-1.289776,-1.280302,0.16355,0.075457,0.033872,0.293229,0.224956,0.004619,0.217017,0.232894,-1.481236,0.009711,-1.497925,-1.464547,0.144952,0.073782,0.018153,0.271751,0.138086,0.005625,0.128419,0.147753,-1.621997,0.026195,-1.667014,-1.576979,0.134086,0.069219,0.015129,0.253043
20260711_200954_0muns4,user3,অ,output/user3/অ/অ_20260711_200954_0muns4.mp4,171,47,0,0.0,0.0,0.0,0.0,0.0,0.0,0.0,0.0,0.0,0.0,0.0,0.0,0.0,0.0,0.0,0.0,0.0,0.0,0.0,0.0,0.0,0.0,0.0,0.0,0.0,0.0,0.0,0.0,0.0,0.0,0.0,0.0,0.0,0.0,0.0,0.0,0.0,0.0,0.0,0.0,0.0,0.0,0.0,0.0,0.0,0.0,0.0,0.0,0.0,0.0,0.0,0.0,0.0,0.0,0.0,0.0,0.0,0.0,0.0,0.0,0.0,0.0,0.0,0.0,0.0,0.0,0.0,0.0,0.0,0.0,0.0,0.0,0.0,0.0,0.0,0.0,0.0,0.0,0.0,0.0,0.0,0.0,0.0,0.0,0.0,0.0,0.0,0.0,0.0,0.0,0.0,0.0,0.0,0.0,0.0,0.0,0.0,0.0,0.0,0.0,0.0,0.0,0.0,0.0,0.0,0.0,0.0,0.0,0.0,0.0,0.0,0.0,0.0,0.0,0.0,0.0,0.0,0.0,0.0,0.0,0.0,0.0,0.0,0.0,0.0,0.0,0.0,0.0,0.0,0.0,0.0,0.0,0.0,0.0,0.0,0.0,0.0,0.0,0.0,0.0,0.0,0.0,0.0,0.0,0.0,0.0,0.0,0.0,0.0,0.0,0.0,0.0,0.0,0.0,0.0,0.0,0.0,0.0,0.0,0.0,0.0,0.0,0.0,0.0,0.0,0.0,0.0,0.0,0.0,0.0,0.0,0.0,0.0,0.0,0.0,0.0,0.0,0.0,0.0,0.0,0.0,0.0,0.0,0.0,0.0,0.0,0.0,0.0,0.0,0.0,0.0,0.0,0.0,0.0,0.0,0.0,0.0,0.0,0.0,0.0,0.0,0.0,0.0,0.0,0.0,0.0,0.0,0.0,0.0,0.0,0.0,0.0,0.0,0.0,0.0,0.0,0.0,0.0,0.0,0.0,0.0,0.0,0.0,0.0,0.0,0.0,0.0,0.0,0.0,0.0,0.0,0.0,0.0,0.0,0.0,0.0,0.0,0.0,0.0,0.0,0.0,0.0,0.0,0.0,0.0,0.0,0.0,0.0,0.0,0.0,0.0,0.0,0.0,0.0,0.0,0.0,0.0,0.0,0.0
20260711_201110_jw6cqh,user3,অ,output/user3/অ/অ_20260711_201110_jw6cqh.mp4,225,47,3,0.06383,0.568506,0.697416,0.005491,0.015147,0.273277,0.046197,0.0,0.0,0.0,0.0,0.0,0.0,0.0,0.0,0.0,0.0,0.0,0.0,-0.071822,0.03586,-0.146232,-0.012201,-0.385417,0.047061,-0.465406,-0.27342,-0.053261,0.025252,-0.107922,-0.01002,-0.088692,0.034252,-0.172256,-0.034186,-0.79628,0.076785,-0.927812,-0.631035,-0.046232,0.039033,-0.131136,0.020587,-0.146888,0.01153,-0.201274,-0.142006,-1.074657,0.086883,-1.224473,-0.921735,-0.031482,0.048687,-0.133736,0.05203,-0.23104,0.020562,-0.266487,-0.195571,-1.265128,0.098137,-1.434364,-1.095079,-0.011449,0.05686,-0.125333,0.086292,0.213637,0.005611,0.189601,0.21851,-0.976888,0.001173,-0.981861,-0.975835,0.068873,0.022009,-0.007396,0.102953,0.260032,0.039772,0.188756,0.31818,-1.361877,0.006902,-1.385033,-1.351026,0.076509,0.031691,-0.014943,0.128787,0.249075,0.088939,0.087742,0.384552,-1.591423,0.008406,-1.616763,-1.579279,0.050708,0.038477,-0.047579,0.115572,0.227106,0.129652,-0.009315,0.429362,-1.745108,0.037081,-1.797702,-1.679358,0.033903,0.041879,-0.067842,0.104933,0.234264,0.052886,0.137487,0.319141,-0.912544,0.023197,-0.965874,-0.872993,0.093136,0.011625,0.043756,0.108076,0.258676,0.11115,0.056231,0.431014,-1.294129,0.028238,-1.359979,-1.246043,0.126631,0.018377,0.061954,0.154858,0.238699,0.160586,-0.054375,0.490408,-1.525769,0.015271,-1.590549,-1.506099,0.097846,0.024645,0.03402,0.139313,0.214848,0.205392,-0.160726,0.541405,-1.688834,0.021465,-1.753562,-1.657828,0.072234,0.029374,0.009743,0.122584,0.230013,0.099345,0.048429,0.387382,-0.829001,0.036701,-0.944353,-0.769859,0.10527,0.005012,0.081624,0.107383,0.242601,0.168444,-0.064573,0.505433,-1.166647,0.037555,-1.310116,-1.112049,0.134108,0.012387,0.099625,0.154698,0.213343,0.219072,-0.186477,0.556761,-1.38239,0.029465,-1.524778,-1.363862,0.109246,0.026557,0.061708,0.15458,0.189438,0.259009,-0.283871,0.598969,-1.552257,0.038138,-1.69679,-1.508252,0.08694,0.036561,0.020375,0.148019,0.213697,0.13213,-0.027784,0.422805,-0.739077,0.045187,-0.917174,-0.675201,0.110655,0.006607,0.10019,0.122732,0.216696,0.203517,-0.154373,0.533964,-1.012118,0.051847,-1.247404,-0.954858,0.129429,0.009488,0.112153,0.144117,0.203552,0.251843,-0.255759,0.596761,-1.179867,0.054187,-1.440194,-1.158505,0.131501,0.02522,0.085809,0.169734,0.193737,0.291335,-0.338246,0.65195,-1.318268,0.064251,-1.597003,-1.265079,0.134135,0.035277,0.070345,0.187239
20260711_201208_6ylgz1,user3,অ,output/user3/অ/অ_20260711_201208_6ylgz1.mp4,301,48,12,0.25,1.515978,3.109211,0.024482,0.07883,0.309771,0.110924,0.0,0.0,0.0,0.0,0.0,0.0,0.0,0.0,0.0,0.0,0.0,0.0,0.052773,0.066038,-0.155566,0.208556,-0.347766,0.041166,-0.447846,-0.248064,-0.034748,0.062727,-0.1335,0.171258,0.087543,0.094536,-0.221777,0.327603,-0.722487,0.064723,-0.88274,-0.586512,-0.03781,0.085324,-0.166449,0.246725,0.136185,0.097178,-0.139663,0.391601,-0.986195,0.078716,-1.192444,-0.876338,-0.049798,0.098015,-0.182855,0.274046,0.20157,0.112919,0.006847,0.41054,-1.154517,0.097782,-1.400157,-0.99783,-0.052217,0.108674,-0.18448,0.291713,0.037901,0.132778,-0.223834,0.25432,-0.980971,0.025536,-0.999925,-0.92795,0.045206,0.069203,-0.058699,0.243662,0.039097,0.14098,-0.211997,0.265932,-1.380416,0.051119,-1.466179,-1.277494,-0.005873,0.098075,-0.149723,0.274212,0.052124,0.115753,-0.145808,0.268991,-1.59209,0.124014,-1.806479,-1.395387,-0.049255,0.111834,-0.231623,0.274621,0.070184,0.108103,-0.086797,0.356206,-1.733865,0.221738,-2.082953,-1.268669,-0.070845,0.118868,-0.281694,0.26633,0.06957,0.071954,-0.055675,0.192482,-0.954148,0.023403,-0.988403,-0.910877,0.031922,0.054659,-0.080347,0.133513,0.120324,0.052739,-0.017275,0.213894,-1.318104,0.089325,-1.419609,-1.085145,-0.036048,0.09423,-0.184016,0.145849,0.136035,0.06979,-0.00906,0.247589,-1.400396,0.192583,-1.706289,-0.871418,-0.083787,0.102521,-0.242339,0.134475,0.141795,0.103174,-0.071835,0.341824,-1.434247,0.285044,-1.934967,-0.704318,-0.096064,0.099021,-0.27301,0.124025,0.105571,0.031856,0.02498,0.162636,-0.885935,0.069382,-0.991573,-0.792428,0.006862,0.055986,-0.12268,0.120252,0.196232,0.077266,0.084623,0.327649,-1.149534,0.167217,-1.427288,-0.945904,-0.069852,0.096569,-0.220362,0.158763,0.187218,0.107388,-0.040461,0.326111,-1.091193,0.288573,-1.663223,-0.762839,-0.08983,0.088122,-0.227398,0.136973,0.158748,0.119268,-0.109007,0.301884,-1.020949,0.364494,-1.853613,-0.617785,-0.073616,0.069233,-0.212881,0.11507,0.137258,0.075651,-0.011134,0.263262,-0.784221,0.118454,-0.96508,-0.6383,-0.021398,0.069364,-0.167964,0.120267,0.200652,0.122032,-0.00939,0.36152,-0.996095,0.200485,-1.342874,-0.782816,-0.054948,0.089789,-0.220888,0.163353,0.191903,0.137506,-0.037292,0.365724,-0.995578,0.296825,-1.589505,-0.680586,-0.044014,0.084091,-0.209633,0.171487,0.165032,0.134469,-0.074745,0.334303,-0.965509,0.367655,-1.812657,-0.566579,-0.019149,0.076911,-0.186571,0.174653
20260711_201526_9elfv0,user3,অ,output/user3/অ/অ_20260711_201526_9elfv0.mp4,227,47,4,0.085106,0.33924,0.52873,0.004163,0.011452,0.364997,0.055164,0.0,0.0,0.0,0.0,0.0,0.0,0.0,0.0,0.0,0.0,0.0,0.0,-0.091099,0.060541,-0.165365,0.083278,-0.430509,0.017323,-0.444831,-0.365334,-0.073762,0.037329,-0.108204,0.034482,-0.128499,0.069439,-0.235378,0.051125,-0.826025,0.027387,-0.848627,-0.755714,-0.086571,0.047741,-0.144999,0.056186,-0.096899,0.064564,-0.214096,0.010525,-1.112599,0.036228,-1.144094,-1.02992,-0.097533,0.047011,-0.184937,0.04707,-0.042804,0.070672,-0.168336,0.066321,-1.318984,0.044837,-1.346827,-1.219662,-0.099355,0.046093,-0.209008,0.042763,0.01745,0.099373,-0.238841,0.117759,-0.99394,0.006017,-0.999411,-0.971059,0.084932,0.022108,0.064259,0.148903,-0.077117,0.080999,-0.269508,-0.010572,-1.334351,0.009634,-1.35268,-1.32209,0.070133,0.025042,-0.037167,0.099856,-0.167951,0.030301,-0.241129,-0.139206,-1.389185,0.029568,-1.445275,-1.348105,0.025923,0.03531,-0.121945,0.056833,-0.231574,0.009014,-0.247776,-0.218738,-1.354227,0.056604,-1.486855,-1.27755,0.001843,0.038361,-0.15675,0.036948,0.085643,0.101652,-0.133395,0.148929,-0.902803,0.013985,-0.934057,-0.882625,0.109603,0.012274,0.077826,0.120082,-0.010838,0.051384,-0.156961,0.041833,-1.216345,0.032818,-1.271618,-1.156185,0.109928,0.060106,-0.046599,0.1506,-0.097092,0.037986,-0.155978,0.032682,-1.239903,0.056516,-1.334199,-1.04901,0.059798,0.0725,-0.12468,0.113875,-0.172609,0.05797,-0.261726,0.016847,-1.191608,0.078895,-1.313024,-0.895672,0.025005,0.065224,-0.135228,0.077664,0.124916,0.092282,-0.114147,0.204019,-0.794252,0.028378,-0.844603,-0.749746,0.117392,0.043011,0.018145,0.155378,0.065056,0.038249,-0.030852,0.130151,-1.037274,0.045602,-1.128351,-0.958097,0.115561,0.094592,-0.085964,0.177733,-0.00156,0.054594,-0.0989,0.124728,-1.011471,0.076626,-1.146618,-0.882929,0.097499,0.102409,-0.127258,0.176572,-0.0637,0.077645,-0.178447,0.081067,-0.93822,0.107019,-1.100032,-0.7447,0.087194,0.089598,-0.117828,0.162743,0.146968,0.079412,-0.082623,0.229236,-0.659985,0.045795,-0.732499,-0.583135,0.116327,0.071029,-0.052165,0.180061,0.107779,0.052582,-0.046313,0.220615,-0.863399,0.060889,-0.956379,-0.751928,0.131839,0.106145,-0.116221,0.201113,0.064938,0.038903,0.004369,0.203654,-0.912845,0.071765,-1.087745,-0.780828,0.147516,0.118057,-0.14173,0.222717,0.019064,0.043173,-0.038105,0.165296,-0.921824,0.097184,-1.192378,-0.65399,0.161519,0.119142,-0.143313,0.241699
20260711_201609_iv7642,user3,অ,output/user3/অ/অ_20260711_201609_iv7642.mp4,205,47,11,0.234043,1.907461,3.83594,0.030204,0.18334,0.269643,0.091972,0.0,0.0,0.0,0.0,0.0,0.0,0.0,0.0,0.0,0.0,0.0,0.0,0.055918,0.062506,-0.083174,0.180175,-0.436485,0.056574,-0.535783,-0.346902,-0.094052,0.063291,-0.199307,0.044506,0.162097,0.098362,-0.12103,0.337729,-0.854897,0.103626,-1.044347,-0.699218,-0.094456,0.086725,-0.225008,0.048593,0.220473,0.133193,-0.124243,0.447816,-1.191341,0.141676,-1.449353,-0.995885,-0.078986,0.094918,-0.220832,0.080187,0.23774,0.150754,-0.141487,0.491041,-1.461489,0.184383,-1.774834,-1.094231,-0.052536,0.104274,-0.205103,0.134772,0.363792,0.21505,-0.157555,0.552791,-0.901165,0.044108,-0.998817,-0.83332,0.072375,0.083467,-0.151335,0.227353,0.53256,0.292658,-0.114374,0.883166,-1.290682,0.038792,-1.421753,-1.253532,0.09737,0.104695,-0.196867,0.30485,0.600584,0.331371,-0.08168,1.076332,-1.505756,0.101422,-1.674379,-1.0624,0.088986,0.121461,-0.237503,0.326511,0.630725,0.364978,-0.041322,1.204972,-1.655018,0.181984,-1.866177,-0.862152,0.08586,0.131466,-0.258482,0.339715,0.372575,0.216343,-0.146759,0.631281,-0.831302,0.09476,-0.994662,-0.666366,0.129786,0.064117,-0.077365,0.250232,0.528413,0.279776,-0.044668,0.925234,-1.227384,0.094458,-1.429273,-1.06678,0.178787,0.094592,-0.09614,0.339543,0.584889,0.315169,0.006538,1.06294,-1.455031,0.137777,-1.690496,-0.958231,0.160133,0.102759,-0.126872,0.322501,0.610582,0.351843,0.06049,1.14352,-1.61772,0.203944,-1.8992,-0.773527,0.142021,0.106739,-0.148979,0.304827,0.356128,0.203045,-0.102911,0.644511,-0.767307,0.13373,-0.955254,-0.501197,0.170497,0.070507,-0.010514,0.258449,0.477636,0.2565,0.036846,0.87298,-1.134942,0.145006,-1.365896,-0.848182,0.207853,0.103045,-0.070625,0.321057,0.513175,0.293681,0.091623,0.996476,-1.360398,0.18592,-1.672733,-0.869551,0.185164,0.1029,-0.055124,0.278842,0.527105,0.331228,0.039573,1.072421,-1.525302,0.241156,-1.889472,-0.689741,0.166031,0.101046,-0.050373,0.245839,0.319954,0.188553,-0.048726,0.628687,-0.71297,0.153069,-0.950668,-0.390471,0.202145,0.095881,-0.083777,0.341316,0.413827,0.243071,0.110953,0.851937,-1.009634,0.169436,-1.30305,-0.65644,0.234812,0.116519,-0.10279,0.377848,0.451248,0.282274,0.048767,0.970775,-1.181964,0.199039,-1.546899,-0.828156,0.241396,0.116659,-0.059847,0.373907,0.476573,0.315208,-0.008027,1.056672,-1.318511,0.241374,-1.750325,-0.691568,0.24611,0.116308,-0.017473,0.370965
20260711_201811_0znu6g,user3,অ,output/user3/অ/অ_20260711_201811_0znu6g.mp4,203,47,3,0.06383,0.854585,1.431368,0.011271,0.015359,0.245427,0.099898,0.0,0.0,0.0,0.0,0.0,0.0,0.0,0.0,0.0,0.0,0.0,0.0,0.136711,0.068661,-0.034733,0.219,-0.327007,0.0126,-0.337982,-0.296314,-0.004227,0.029139,-0.072393,0.040517,0.314195,0.113352,0.03117,0.450242,-0.661218,0.024073,-0.704464,-0.622075,0.023093,0.047642,-0.079516,0.10135,0.390239,0.131327,0.062776,0.553398,-0.948777,0.03696,-1.024314,-0.902519,0.043378,0.062863,-0.081455,0.149508,0.405167,0.155327,0.017394,0.592805,-1.171892,0.055407,-1.288864,-1.110011,0.064607,0.077119,-0.076703,0.19625,0.669892,0.116068,0.384256,0.779595,-0.708625,0.075592,-0.897002,-0.626241,0.133407,0.029769,0.081581,0.184319,0.864424,0.158997,0.467733,1.042124,-1.088897,0.088465,-1.30408,-0.962763,0.141602,0.050451,0.049008,0.227575,0.906805,0.190276,0.431611,1.131578,-1.346339,0.096421,-1.55912,-1.190118,0.114389,0.068225,-0.016661,0.229808,0.902514,0.216646,0.363366,1.178662,-1.53657,0.091296,-1.710496,-1.381338,0.099845,0.079767,-0.056547,0.234121,0.64272,0.097462,0.399314,0.757371,-0.729677,0.075457,-0.916814,-0.630632,0.126087,0.02553,0.069252,0.16568,0.824341,0.150332,0.451787,1.022678,-1.106557,0.100462,-1.33251,-0.945979,0.170813,0.047946,0.071701,0.249921,0.856026,0.186403,0.396411,1.108988,-1.372501,0.111251,-1.58792,-1.18379,0.141405,0.065541,0.000347,0.246741,0.84476,0.220783,0.308225,1.160375,-1.58061,0.113805,-1.78344,-1.386187,0.114198,0.077205,-0.056518,0.234944,0.562961,0.071695,0.387394,0.663032,-0.746573,0.072953,-0.92432,-0.64306,0.105302,0.026052,0.044072,0.136946,0.724713,0.117542,0.441178,0.895911,-1.100189,0.106274,-1.333746,-0.927561,0.130624,0.03923,0.042009,0.190138,0.755811,0.157417,0.377369,0.986805,-1.366308,0.118477,-1.58448,-1.164145,0.080321,0.04385,-0.022241,0.139802,0.749816,0.190251,0.297933,1.035445,-1.586103,0.122507,-1.811011,-1.377349,0.038233,0.047566,-0.07322,0.092737,0.435862,0.042056,0.357629,0.507562,-0.782079,0.055894,-0.916569,-0.700213,0.082346,0.029376,0.015107,0.110205,0.486724,0.038044,0.4058,0.549579,-1.117351,0.075587,-1.286407,-0.996014,0.089948,0.040211,-0.004579,0.139232,0.479862,0.045414,0.375074,0.550752,-1.334301,0.085897,-1.50076,-1.188616,0.075728,0.044719,-0.029207,0.128085,0.446022,0.050207,0.327264,0.521909,-1.52295,0.088977,-1.677031,-1.370757,0.06658,0.047184,-0.04342,0.117774
20260711_201916_nc9ara,user3,অ,output/user3/অ/অ_20260711_201916_nc9ara.mp4,167,47,2,0.042553,0.116172,0.291314,0.002294,0.002294,0.223301,0.155582,0.0,0.0,0.0,0.0,0.0,0.0,0.0,0.0,0.0,0.0,0.0,0.0,0.147886,0.083121,0.005036,0.290735,-0.265811,0.058877,-0.366995,-0.164627,-0.041272,0.049227,-0.125873,0.043328,0.374023,0.134356,0.143122,0.604924,-0.632556,0.097872,-0.800756,-0.464356,-0.064824,0.067019,-0.18,0.050353,0.511104,0.16826,0.221936,0.800271,-0.950732,0.146014,-1.201668,-0.699796,-0.092134,0.07399,-0.21929,0.035022,0.589133,0.202303,0.24146,0.936806,-1.2247,0.171852,-1.520041,-0.929359,-0.119881,0.07343,-0.246075,0.006314,0.652278,0.058267,0.552142,0.752414,-0.722731,0.044579,-0.799343,-0.646118,-0.024395,0.003201,-0.029897,-0.018894,0.903044,0.043005,0.829136,0.976952,-1.135477,0.043293,-1.209879,-1.061075,-0.095689,0.004789,-0.10392,-0.087459,1.006399,0.061324,0.90101,1.111788,-1.428189,0.025901,-1.472702,-1.383676,-0.16221,0.008888,-0.177484,-0.146935,1.048259,0.083066,0.905504,1.191015,-1.632241,0.007073,-1.644397,-1.620085,-0.204646,0.015274,-0.230895,-0.178397,0.644506,0.008442,0.629997,0.659014,-0.757257,0.002983,-0.762382,-0.752131,-0.046469,0.031163,-0.100024,0.007086,0.870675,0.013544,0.847398,0.893952,-1.222674,0.019137,-1.255562,-1.189786,-0.088891,0.043483,-0.16362,-0.014162,0.971347,0.001665,0.968485,0.974209,-1.52412,0.049789,-1.609687,-1.438554,-0.143013,0.049286,-0.227714,-0.058312,1.024502,0.022315,0.986151,1.062852,-1.747957,0.073702,-1.874618,-1.621296,-0.187674,0.054988,-0.282174,-0.093173,0.58735,0.045365,0.509387,0.665313,-0.788105,0.026579,-0.833783,-0.742428,-0.078853,0.059627,-0.181326,0.02362,0.79203,0.065297,0.679812,0.904248,-1.263916,0.061541,-1.369679,-1.158154,-0.122138,0.075706,-0.252245,0.007968,0.866837,0.057801,0.767501,0.966173,-1.564108,0.087318,-1.714171,-1.414046,-0.153984,0.08327,-0.297089,-0.010879,0.908675,0.045934,0.829733,0.987617,-1.787509,0.101418,-1.961803,-1.613214,-0.180577,0.090131,-0.335473,-0.025681,0.477316,0.100975,0.303784,0.650849,-0.827544,0.039764,-0.895881,-0.759207,-0.115615,0.083205,-0.258608,0.027379,0.614362,0.1345,0.383215,0.84551,-1.23387,0.066538,-1.34822,-1.119518,-0.163444,0.10986,-0.352247,0.025358,0.685998,0.146006,0.435077,0.93692,-1.493521,0.085436,-1.640348,-1.346694,-0.179684,0.121297,-0.388141,0.028773,0.730394,0.147349,0.477164,0.983624,-1.703262,0.099713,-1.874626,-1.531898,-0.187742,0.128126,-0.407936,0.032451
20260711_201953_sai9ew,user3,অ,output/user3/অ/অ_20260711_201953_sai9ew.mp4,222,47,4,0.085106,0.916142,1.754467,0.013815,0.031099,0.269221,0.043533,0.0,0.0,0.0,0.0,0.0,0.0,0.0,0.0,0.0,0.0,0.0,0.0,0.042152,0.05346,-0.009452,0.183671,-0.400829,0.051633,-0.493825,-0.317617,-0.138401,0.038794,-0.177697,-0.014373,0.117277,0.050281,0.05955,0.261841,-0.772629,0.082974,-0.925113,-0.617284,-0.167719,0.053917,-0.247438,-0.022522,0.189266,0.03392,0.154752,0.310158,-1.032369,0.111456,-1.239546,-0.853922,-0.178943,0.072983,-0.30042,-0.049943,0.214936,0.038616,0.093889,0.311602,-1.175052,0.162217,-1.475265,-0.972559,-0.171025,0.092746,-0.324447,-0.028818,0.259645,0.097356,0.087535,0.417424,-0.95576,0.02741,-0.996161,-0.908462,0.026429,0.034283,-0.024452,0.118739,0.378212,0.138573,0.118744,0.603499,-1.237383,0.030882,-1.315102,-1.191463,-0.015724,0.080565,-0.150587,0.111905,0.397792,0.158756,0.172761,0.666429,-1.262302,0.124407,-1.482354,-1.065892,-0.065133,0.111557,-0.247447,0.123926,0.380985,0.182783,0.142582,0.691218,-1.262813,0.210372,-1.643648,-0.972278,-0.084484,0.126324,-0.287913,0.134532,0.284261,0.106635,0.029733,0.441023,-0.869317,0.045616,-0.963573,-0.798033,0.089046,0.039986,0.031616,0.159083,0.403656,0.140662,0.053203,0.604055,-1.124111,0.079219,-1.310332,-1.002489,0.072173,0.105557,-0.080632,0.262731,0.407008,0.151357,0.125567,0.650861,-1.129563,0.167367,-1.409105,-0.835043,0.039287,0.134954,-0.150276,0.28452,0.375503,0.17037,0.126136,0.66049,-1.147469,0.241782,-1.586108,-0.777766,0.027273,0.143885,-0.170328,0.289809,0.28889,0.104863,-0.008978,0.419336,-0.783216,0.054646,-0.936732,-0.709001,0.126376,0.066743,0.031405,0.245545,0.383,0.118893,0.040864,0.528354,-1.008174,0.092458,-1.240467,-0.878014,0.102931,0.127617,-0.060243,0.335082,0.380145,0.117775,0.119751,0.558958,-1.01828,0.16376,-1.271265,-0.736384,0.094406,0.142739,-0.083831,0.353142,0.343579,0.131811,0.116447,0.55879,-1.038247,0.221723,-1.425329,-0.697353,0.103682,0.140092,-0.070964,0.356695,0.274891,0.100875,-0.037423,0.376111,-0.696195,0.057776,-0.901921,-0.630138,0.150485,0.095115,-0.010049,0.316656,0.359103,0.096575,0.059369,0.453909,-0.886235,0.086617,-1.166429,-0.786803,0.159529,0.133959,-0.030561,0.398958,0.355908,0.087797,0.122152,0.474434,-0.890336,0.13158,-1.168969,-0.686519,0.185323,0.143663,-0.017939,0.442226,0.319978,0.097308,0.107405,0.46917,-0.896292,0.171984,-1.15376,-0.647886,0.213781,0.144077,0.005917,0.470606
20260711_202025_bntr0i,user3,অ,output/user3/অ/অ_20260711_202025_bntr0i.mp4,172,47,2,0.042553,0.639763,0.925958,0.007291,0.007291,0.225031,0.089434,0.0,0.0,0.0,0.0,0.0,0.0,0.0,0.0,0.0,0.0,0.0,0.0,0.254721,0.030956,0.201522,0.307921,-0.318196,0.037911,-0.383348,-0.253043,-0.122727,0.018914,-0.155232,-0.090222,0.560402,0.024902,0.517606,0.603199,-0.608706,0.025498,-0.652527,-0.564886,-0.173005,0.002095,-0.176606,-0.169404,0.805244,0.003481,0.799262,0.811227,-0.85341,0.033036,-0.910185,-0.796636,-0.210629,0.032008,-0.265638,-0.15562,0.971748,0.031087,0.918322,1.025174,-1.094547,0.077656,-1.228005,-0.96109,-0.242408,0.069237,-0.361396,-0.12342,0.901508,0.011771,0.881279,0.921737,-0.430207,0.024666,-0.472597,-0.387816,-0.054308,0.056561,-0.151512,0.042896,1.212799,0.047758,1.130724,1.294874,-0.743745,0.1047,-0.923679,-0.563811,-0.137461,0.108436,-0.323815,0.048894,1.389345,0.083428,1.245968,1.532721,-0.977766,0.152555,-1.239943,-0.715588,-0.231632,0.139777,-0.471848,0.008584,1.521997,0.10683,1.338403,1.705593,-1.173974,0.187534,-1.496265,-0.851683,-0.295929,0.161224,-0.573005,-0.018854,0.875947,0.042681,0.802596,0.949299,-0.376525,0.03959,-0.444562,-0.308487,-0.037027,0.092276,-0.19561,0.121555,1.17867,0.080958,1.039537,1.317802,-0.737469,0.133327,-0.9666,-0.508338,-0.094758,0.144068,-0.342348,0.152833,1.345399,0.115363,1.147139,1.54366,-0.983156,0.189783,-1.309311,-0.657001,-0.170727,0.163385,-0.451515,0.110062,1.473334,0.145158,1.22387,1.722798,-1.18754,0.235194,-1.591739,-0.783342,-0.229541,0.178461,-0.536239,0.077157,0.810537,0.082422,0.668888,0.952186,-0.339283,0.038744,-0.405868,-0.272699,-0.038032,0.126165,-0.254855,0.178791,1.080194,0.119141,0.875441,1.284947,-0.688406,0.126182,-0.905258,-0.471553,-0.096005,0.176437,-0.399225,0.207215,1.228343,0.156168,0.959957,1.496728,-0.936437,0.189619,-1.262311,-0.610562,-0.133146,0.190133,-0.459903,0.19361,1.34481,0.192148,1.01459,1.67503,-1.143417,0.235026,-1.547325,-0.739509,-0.159377,0.197867,-0.499426,0.180672,0.716194,0.125571,0.500391,0.931998,-0.323727,0.027465,-0.370927,-0.276527,-0.052502,0.157016,-0.322345,0.217341,0.925326,0.172101,0.629558,1.221094,-0.601159,0.092589,-0.76028,-0.442038,-0.103139,0.207512,-0.459763,0.253484,1.034798,0.208043,0.677263,1.392335,-0.801423,0.144021,-1.048935,-0.553912,-0.112516,0.224431,-0.498217,0.273185,1.117752,0.242538,0.700933,1.534571,-0.978415,0.187638,-1.300884,-0.655946,-0.11318,0.233687,-0.514788,0.288428
20260711_202714_mwa7m1,user3,অ,output/user3/অ/অ_20260711_202714_mwa7m1.mp4,295,47,3,0.06383,0.180423,0.389122,0.003064,0.003232,0.121805,0.049637,0.0,0.0,0.0,0.0,0.0,0.0,0.0,0.0,0.0,0.0,0.0,0.0,0.020202,0.040489,-0.044278,0.108032,-0.326069,0.036191,-0.417173,-0.283546,0.044735,0.029847,-0.015793,0.08248,0.024164,0.049748,-0.054828,0.132394,-0.641777,0.041963,-0.7386,-0.575887,0.035536,0.037625,-0.039611,0.08523,0.045095,0.035652,-0.015308,0.113408,-0.90703,0.038274,-0.976412,-0.84165,-0.00902,0.038917,-0.087891,0.040293,0.072784,0.025728,0.031435,0.130548,-1.101575,0.034495,-1.178496,-1.048502,-0.044214,0.039828,-0.124666,0.00675,-0.016467,0.152935,-0.170979,0.31171,-0.9567,0.014985,-0.985275,-0.933652,0.106215,0.01057,0.087194,0.123329,0.059521,0.07521,-0.048746,0.232226,-1.251036,0.011115,-1.272933,-1.23472,0.014085,0.02776,-0.049044,0.040785,0.11507,0.051313,0.028665,0.218826,-1.100405,0.021681,-1.131059,-1.05038,-0.059193,0.042611,-0.155274,-0.020257,0.147322,0.040417,0.081583,0.236434,-0.898208,0.028982,-0.943255,-0.834022,-0.087099,0.051183,-0.200629,-0.044421,-0.02692,0.123851,-0.171943,0.230115,-0.985439,0.005824,-0.994937,-0.973164,0.047566,0.001344,0.045448,0.05003,0.067546,0.036612,0.01067,0.152872,-1.249415,0.017754,-1.270671,-1.210867,-0.029597,0.028757,-0.096274,0.00233,0.12612,0.065347,0.05965,0.274749,-1.049655,0.024942,-1.09114,-0.997174,-0.072228,0.043473,-0.171147,-0.030265,0.155693,0.057396,0.092973,0.283906,-0.83582,0.033541,-0.892489,-0.768965,-0.081502,0.045046,-0.181775,-0.043209,-0.004133,0.086428,-0.125155,0.16444,-0.983044,0.011182,-0.999898,-0.95639,-0.022616,0.009606,-0.041226,-0.008158,0.106494,0.044921,0.045666,0.199129,-1.20365,0.019284,-1.228392,-1.155338,-0.093682,0.021303,-0.139709,-0.059625,0.160001,0.081266,0.01805,0.29695,-0.983602,0.036166,-1.043673,-0.907237,-0.096692,0.02699,-0.159322,-0.059655,0.180238,0.074083,0.047857,0.30139,-0.765692,0.042898,-0.834998,-0.670096,-0.075908,0.022863,-0.129057,-0.04981,0.047216,0.04853,-0.045927,0.121213,-0.948607,0.018244,-0.977725,-0.907273,-0.092552,0.015829,-0.124434,-0.070151,0.169584,0.048907,0.068752,0.228223,-1.134084,0.018475,-1.165121,-1.096396,-0.128269,0.013761,-0.156198,-0.10512,0.208776,0.081762,0.047527,0.320316,-0.966932,0.022073,-1.004621,-0.926738,-0.106547,0.015638,-0.139376,-0.080981,0.21707,0.07692,0.073884,0.335163,-0.780054,0.018218,-0.811136,-0.746629,-0.072523,0.012739,-0.101313,-0.053393
20260711_202846_kmy51g,user3,অ,output/user3/অ/অ_20260711_202846_kmy51g.mp4,222,47,5,0.106383,1.256881,2.11488,0.016653,0.032425,0.32678,0.052468,0.0,0.0,0.0,0.0,0.0,0.0,0.0,0.0,0.0,0.0,0.0,0.0,-0.060819,0.068509,-0.195576,0.11967,-0.392675,0.021303,-0.426869,-0.340098,-0.05603,0.051109,-0.15025,0.041314,-0.070845,0.103524,-0.26826,0.111014,-0.776374,0.021047,-0.817288,-0.736999,-0.091169,0.073829,-0.238832,0.021277,-0.038528,0.098516,-0.210159,0.179559,-1.060174,0.043274,-1.107514,-0.956871,-0.130676,0.084728,-0.309751,-0.01933,0.030086,0.087366,-0.0855,0.252636,-1.188307,0.1152,-1.405487,-1.00958,-0.165193,0.097007,-0.382927,-0.064412,0.127072,0.290755,-0.203728,0.66811,-0.934104,0.077401,-0.998566,-0.734977,-0.020789,0.074954,-0.166663,0.073751,0.128999,0.352647,-0.175303,0.980951,-1.239486,0.075556,-1.412365,-1.070459,-0.096295,0.092351,-0.263685,0.016733,0.147727,0.380355,-0.1174,1.176477,-1.318207,0.069017,-1.52759,-1.245234,-0.15918,0.101896,-0.352811,-0.04335,0.193591,0.407431,-0.156643,1.32031,-1.346572,0.110764,-1.563302,-1.153876,-0.198317,0.107828,-0.416057,-0.081387,0.192459,0.292318,-0.210787,0.770146,-0.864658,0.09525,-0.978032,-0.637868,-0.033327,0.05862,-0.142658,0.050458,0.167207,0.341082,-0.094033,1.069848,-1.11622,0.092696,-1.37722,-0.983929,-0.110118,0.058816,-0.211631,-0.027655,0.171829,0.403414,-0.196107,1.282678,-1.076602,0.131,-1.292866,-0.835849,-0.152936,0.060381,-0.28512,-0.086841,0.195463,0.454697,-0.207181,1.440574,-1.019688,0.219691,-1.550926,-0.729696,-0.172078,0.070361,-0.344476,-0.105282,0.231306,0.272403,-0.187804,0.818503,-0.769612,0.098409,-0.901409,-0.550684,-0.057683,0.045691,-0.14628,0.01323,0.203888,0.326429,-0.08391,1.099833,-0.984846,0.087144,-1.232136,-0.860401,-0.129901,0.043779,-0.195866,-0.067996,0.209674,0.391257,-0.211858,1.300956,-0.940858,0.124114,-1.191575,-0.737946,-0.131983,0.047804,-0.233586,-0.073487,0.234678,0.443567,-0.211137,1.466125,-0.886302,0.211979,-1.438707,-0.65457,-0.119005,0.058849,-0.257723,-0.054257,0.249099,0.243955,-0.153323,0.818133,-0.656911,0.084938,-0.788283,-0.490448,-0.089282,0.038181,-0.200073,-0.027715,0.228533,0.304141,-0.106109,1.072938,-0.835724,0.075139,-1.048954,-0.773399,-0.131006,0.041395,-0.189323,-0.065364,0.232988,0.364661,-0.208144,1.255573,-0.82017,0.100425,-1.036983,-0.695614,-0.117215,0.047225,-0.197605,-0.059222,0.248697,0.407607,-0.208657,1.388119,-0.781905,0.169141,-1.24347,-0.589626,-0.094648,0.054104,-0.196196,-0.03929
20260711_203013_i4o0om,user3,অ,output/user3/অ/অ_20260711_203013_i4o0om.mp4,244,47,6,0.12766,1.733256,2.912604,0.022934,0.058646,0.369965,0.083932,0.0,0.0,0.0,0.0,0.0,0.0,0.0,0.0,0.0,0.0,0.0,0.0,0.174496,0.140379,-0.099687,0.389917,-0.320443,0.042871,-0.400053,-0.229963,-0.054159,0.078006,-0.191709,0.067063,0.300582,0.209191,-0.052063,0.73084,-0.659631,0.06544,-0.795141,-0.526602,-0.087594,0.104423,-0.263736,0.065159,0.332094,0.271293,-0.053256,0.964786,-0.939341,0.087611,-1.088796,-0.776708,-0.125286,0.113057,-0.311123,0.039138,0.328956,0.325814,-0.055643,1.128554,-1.124243,0.120618,-1.323063,-0.993737,-0.160567,0.117081,-0.364803,0.000907,0.361077,0.241373,-0.118973,0.828334,-0.830861,0.112713,-0.998978,-0.560234,-0.024905,0.058065,-0.179107,0.058271,0.480798,0.316927,-0.142105,1.076091,-1.183976,0.082263,-1.308369,-0.990666,-0.09938,0.065418,-0.258429,0.003649,0.529002,0.320161,-0.102157,1.165933,-1.383643,0.100943,-1.588646,-1.237566,-0.163748,0.071115,-0.326427,-0.046224,0.552605,0.310859,-0.049242,1.213012,-1.519212,0.13717,-1.800453,-1.234763,-0.202729,0.073558,-0.366299,-0.076233,0.299558,0.271688,-0.225525,0.710967,-0.778343,0.103448,-0.929061,-0.528429,-0.041121,0.057802,-0.171631,0.040756,0.461192,0.302691,-0.107179,0.944712,-1.113209,0.068654,-1.275365,-0.99621,-0.105055,0.071123,-0.264767,0.013409,0.535085,0.282044,0.021452,1.034501,-1.24126,0.166248,-1.539127,-0.995,-0.157573,0.07643,-0.331993,-0.019173,0.560554,0.264749,0.103384,1.070034,-1.332816,0.26617,-1.759648,-0.917859,-0.191501,0.082514,-0.388801,-0.05385,0.211539,0.290854,-0.309799,0.651097,-0.716093,0.089222,-0.847589,-0.504183,-0.069128,0.086709,-0.274487,0.032699,0.350679,0.29829,-0.160834,0.83996,-1.019991,0.05796,-1.209891,-0.950176,-0.146994,0.108981,-0.388459,-0.00845,0.418161,0.271778,-0.028844,0.916715,-1.154039,0.176383,-1.487219,-0.847953,-0.183771,0.120601,-0.461096,-0.040633,0.450465,0.255984,0.054631,0.96246,-1.255981,0.289618,-1.693275,-0.770145,-0.199854,0.131618,-0.51663,-0.056669,0.103655,0.301424,-0.373311,0.65361,-0.65348,0.064363,-0.765874,-0.508063,-0.101032,0.118551,-0.366106,0.066471,0.203911,0.302719,-0.217957,0.832813,-0.919994,0.057968,-1.154495,-0.828676,-0.166017,0.146359,-0.492063,0.019682,0.260398,0.291384,-0.101637,0.929722,-1.042276,0.146476,-1.384901,-0.772708,-0.181203,0.161835,-0.549547,-0.01068,0.288029,0.283693,-0.026243,0.992441,-1.141447,0.240078,-1.57787,-0.720969,-0.182215,0.174112,-0.587953,-0.020339
20260711_203112_15gnzj,user3,অ,output/user3/অ/অ_20260711_203112_15gnzj.mp4,175,47,2,0.042553,0.363906,0.569947,0.004488,0.004488,0.207748,0.109379,0.0,0.0,0.0,0.0,0.0,0.0,0.0,0.0,0.0,0.0,0.0,0.0,-0.074175,0.027768,-0.121896,-0.026455,-0.350803,0.055561,-0.446288,-0.255318,-0.023904,0.002224,-0.027726,-0.020081,-0.079758,0.050989,-0.167386,0.007869,-0.715475,0.077038,-0.847869,-0.58308,-0.055219,0.007279,-0.06773,-0.042709,-0.078317,0.087337,-0.228413,0.071778,-0.9761,0.070313,-1.096938,-0.855263,-0.098347,0.011653,-0.118374,-0.07832,-0.077279,0.125581,-0.293099,0.138541,-1.156668,0.046067,-1.235838,-1.077498,-0.135178,0.017252,-0.164827,-0.105529,0.252606,0.044348,0.17639,0.328821,-0.936757,0.004443,-0.944392,-0.929122,-0.00622,0.003156,-0.011644,-0.000796,0.218823,0.030086,0.167118,0.270528,-1.348378,0.039601,-1.416435,-1.28032,-0.095051,0.002269,-0.09895,-0.091152,0.063692,0.021626,0.026527,0.100858,-1.408181,0.111432,-1.599684,-1.216678,-0.166916,0.003679,-0.173238,-0.160594,-0.063469,0.027705,-0.111083,-0.015856,-1.364352,0.163403,-1.645171,-1.083533,-0.20037,0.005317,-0.209507,-0.191233,0.287909,0.026064,0.243115,0.332702,-0.900849,0.040236,-0.969997,-0.831701,-0.033059,0.003425,-0.038945,-0.027172,0.175826,0.030375,0.123624,0.228028,-1.300071,0.120525,-1.507202,-1.092939,-0.102704,0.002452,-0.106918,-0.09849,0.029555,0.033416,-0.027872,0.086983,-1.372017,0.188719,-1.696343,-1.04769,-0.151874,0.008074,-0.16575,-0.137998,-0.085393,0.014829,-0.110878,-0.059909,-1.345527,0.22102,-1.725367,-0.965688,-0.178509,0.012285,-0.199622,-0.157397,0.280097,0.007959,0.266419,0.293775,-0.8322,0.080138,-0.969924,-0.694477,-0.070886,0.003813,-0.077438,-0.064334,0.148691,0.057853,0.049267,0.248116,-1.171811,0.171591,-1.466702,-0.87692,-0.117405,0.00383,-0.123986,-0.110823,0.025814,0.040333,-0.0435,0.095129,-1.203777,0.247139,-1.628503,-0.779051,-0.131607,0.016198,-0.159445,-0.103769,-0.064699,0.006402,-0.075701,-0.053697,-1.164653,0.28757,-1.658862,-0.670443,-0.137131,0.02473,-0.179632,-0.09463,0.238344,0.007553,0.225364,0.251323,-0.740032,0.111856,-0.932265,-0.5478,-0.113,0.003583,-0.119157,-0.106843,0.127936,0.059645,0.025432,0.230441,-1.000698,0.177115,-1.305083,-0.696313,-0.13265,0.010483,-0.150666,-0.114633,0.026337,0.044865,-0.050767,0.103441,-1.04717,0.235215,-1.451403,-0.642937,-0.122571,0.023037,-0.162162,-0.082981,-0.055802,0.011021,-0.074743,-0.036862,-1.029065,0.267814,-1.489323,-0.568809,-0.108117,0.032701,-0.164316,-0.051917
20260711_205524_jbk5pv,user3,আ,output/user3/আ/আ_20260711_205524_jbk5pv.mp4,204,47,10,0.212766,3.393658,6.644465,0.052319,0.330843,0.30365,0.151663,0.0,0.0,0.0,0.0,0.0,0.0,0.0,0.0,0.0,0.0,0.0,0.0,0.108112,0.091457,-0.058532,0.342805,-0.33175,0.113424,-0.550433,0.051255,-0.038779,0.112703,-0.225196,0.18264,0.226727,0.141277,0.067391,0.708882,-0.717059,0.17144,-1.014192,-0.150614,-0.062524,0.140843,-0.328147,0.25962,0.272279,0.200023,0.089673,0.984317,-1.031517,0.190379,-1.375459,-0.431063,-0.08772,0.148993,-0.395428,0.274042,0.263749,0.259776,-0.03033,1.183213,-1.286693,0.200946,-1.697954,-0.724748,-0.116516,0.155824,-0.454053,0.274309,0.501919,0.156651,0.22211,0.806442,-0.802023,0.139198,-0.975022,-0.497141,-0.013626,0.103976,-0.261828,0.299885,0.623112,0.229185,0.245408,1.071415,-1.239845,0.167755,-1.440987,-0.847481,-0.054856,0.156323,-0.446993,0.391928,0.651089,0.278118,0.247539,1.234221,-1.531753,0.205236,-1.787633,-0.952349,-0.105126,0.191035,-0.588426,0.483963,0.645302,0.316259,0.239037,1.343898,-1.742378,0.248204,-2.067442,-0.951381,-0.139568,0.214916,-0.688155,0.539249,0.454406,0.198019,0.080267,0.723165,-0.810275,0.124392,-0.960393,-0.626373,-0.025992,0.12668,-0.270461,0.361717,0.549988,0.276984,0.009099,0.98129,-1.254953,0.166404,-1.474776,-0.887881,-0.038668,0.198883,-0.467852,0.617492,0.564637,0.331177,-0.04811,1.123167,-1.548793,0.191777,-1.824931,-1.09387,-0.078655,0.230693,-0.634103,0.696983,0.548093,0.365603,-0.094644,1.191922,-1.778085,0.231026,-2.147986,-1.126954,-0.115245,0.251358,-0.757448,0.732438,0.363436,0.243375,-0.091555,0.716133,-0.808761,0.103125,-0.937887,-0.594086,-0.045418,0.169683,-0.287884,0.491557,0.433445,0.317488,-0.197777,0.943117,-1.245225,0.130721,-1.384218,-0.842492,-0.059082,0.228259,-0.480521,0.701406,0.43361,0.352465,-0.254222,1.020752,-1.525885,0.13555,-1.78917,-1.051839,-0.084989,0.24035,-0.605613,0.753766,0.419253,0.373912,-0.290392,1.059831,-1.743921,0.161696,-2.145147,-1.209823,-0.110621,0.246421,-0.685048,0.767864,0.238718,0.289063,-0.278896,0.699265,-0.800343,0.092005,-0.922254,-0.547216,-0.068656,0.213707,-0.322492,0.594486,0.282539,0.358212,-0.34923,0.904117,-1.169485,0.102723,-1.301739,-0.812536,-0.090482,0.255706,-0.495844,0.745154,0.287318,0.383858,-0.357726,0.994863,-1.380937,0.126756,-1.656609,-0.963802,-0.093219,0.264118,-0.588795,0.810734,0.277378,0.398787,-0.356147,1.044518,-1.545774,0.170665,-1.973768,-1.087247,-0.093842,0.269291,-0.645271,0.852124
20260711_205559_azslan,user3,আ,output/user3/আ/আ_20260711_205559_azslan.mp4,220,47,6,0.12766,1.63473,3.28021,0.025828,0.044345,0.232646,0.095204,0.0,0.0,0.0,0.0,0.0,0.0,0.0,0.0,0.0,0.0,0.0,0.0,-0.008359,0.126904,-0.144373,0.23988,-0.354715,0.03589,-0.497303,-0.297181,-0.129358,0.073895,-0.252997,-0.021302,0.140913,0.24249,-0.12553,0.626297,-0.749921,0.072044,-0.926205,-0.636531,-0.170444,0.113624,-0.364382,-0.051074,0.22538,0.315748,-0.140903,0.857445,-1.080258,0.092255,-1.24728,-0.959729,-0.194729,0.140179,-0.429296,-0.060036,0.284009,0.35287,-0.150101,0.988395,-1.347491,0.104743,-1.564428,-1.226199,-0.21173,0.171996,-0.497309,0.000625,0.615332,0.162814,0.416205,0.938241,-0.703824,0.181545,-0.909271,-0.345652,-0.060207,0.115076,-0.256399,0.035938,0.819406,0.242214,0.481437,1.326613,-1.090536,0.223756,-1.331546,-0.611603,-0.116019,0.134702,-0.343552,0.043296,0.864914,0.326838,0.31401,1.524931,-1.347616,0.234451,-1.595573,-0.843151,-0.179501,0.144952,-0.421857,0.01773,0.86472,0.406197,0.128518,1.644924,-1.523545,0.224049,-1.814766,-1.061374,-0.216776,0.152595,-0.474171,0.000278,0.652912,0.119872,0.500518,0.900041,-0.688073,0.140136,-0.852467,-0.40323,-0.017237,0.087293,-0.165975,0.100263,0.839975,0.207591,0.490099,1.267359,-1.088833,0.204788,-1.382851,-0.661309,-0.039098,0.108504,-0.21339,0.135264,0.866741,0.307914,0.294896,1.45599,-1.349731,0.211986,-1.621966,-0.900853,-0.090847,0.104432,-0.258547,0.089063,0.852901,0.391946,0.101427,1.566725,-1.534285,0.192803,-1.767872,-1.136585,-0.12968,0.101647,-0.295954,0.049887,0.639439,0.092283,0.474869,0.817836,-0.685977,0.114787,-0.881866,-0.426549,0.009611,0.075934,-0.092079,0.156107,0.80332,0.177478,0.45644,1.127511,-1.08873,0.162684,-1.385877,-0.815273,-0.016275,0.098518,-0.132386,0.188024,0.812272,0.278181,0.257051,1.280025,-1.350163,0.146751,-1.607168,-1.099515,-0.065113,0.085993,-0.176406,0.13892,0.802748,0.359612,0.079172,1.370756,-1.539739,0.107911,-1.688066,-1.327891,-0.097178,0.076115,-0.208734,0.097433,0.581868,0.090707,0.398148,0.733208,-0.703842,0.118322,-0.916903,-0.448495,0.025785,0.086201,-0.110381,0.205033,0.710094,0.157987,0.388836,0.913291,-1.069418,0.155513,-1.338755,-0.787234,0.00023,0.10508,-0.166366,0.229747,0.732052,0.234287,0.262892,1.013512,-1.295884,0.152893,-1.53912,-0.9461,-0.019255,0.103031,-0.193156,0.221791,0.728199,0.304123,0.126264,1.123024,-1.464877,0.131346,-1.629855,-1.079458,-0.027209,0.098793,-0.199078,0.214657
20260711_205630_gydvnp,user3,আ,output/user3/আ/আ_20260711_205630_gydvnp.mp4,211,47,3,0.06383,0.931736,1.365353,0.010751,0.040699,0.184071,0.045729,0.0,0.0,0.0,0.0,0.0,0.0,0.0,0.0,0.0,0.0,0.0,0.0,0.161723,0.077581,-0.091012,0.274478,-0.290257,0.061289,-0.380536,-0.182607,-0.104275,0.01139,-0.158943,-0.090564,0.435486,0.154249,-0.048584,0.664123,-0.553235,0.152569,-0.834139,-0.293137,-0.114106,0.020874,-0.210588,-0.087306,0.634711,0.2373,-0.053506,0.99896,-0.760375,0.233229,-1.193628,-0.36322,-0.106626,0.028571,-0.2298,-0.066781,0.76631,0.311204,-0.060614,1.258867,-0.955631,0.267628,-1.440279,-0.498444,-0.091455,0.035363,-0.243207,-0.041921,0.772652,0.126518,0.358641,0.956067,-0.539357,0.174245,-0.933476,-0.252068,-0.003264,0.02445,-0.12551,0.023378,1.056047,0.169698,0.509348,1.304194,-0.892385,0.200866,-1.357195,-0.562797,-0.035613,0.036901,-0.163624,0.022885,1.191409,0.213779,0.569345,1.519123,-1.172856,0.194131,-1.632731,-0.855988,-0.08857,0.048259,-0.207937,-0.006877,1.272672,0.254567,0.601957,1.676638,-1.413289,0.176873,-1.83682,-1.125317,-0.125718,0.059671,-0.23662,-0.023269,0.768021,0.118857,0.473213,0.959855,-0.548967,0.155737,-0.808854,-0.280498,0.033245,0.02264,-0.053757,0.067557,1.047044,0.163826,0.617379,1.307375,-0.902132,0.170685,-1.231285,-0.612941,0.026186,0.047983,-0.055615,0.108656,1.18431,0.210141,0.670667,1.524741,-1.187619,0.167092,-1.515344,-0.905202,-0.030097,0.064591,-0.145035,0.079756,1.270645,0.256341,0.686657,1.692661,-1.446047,0.149216,-1.730971,-1.192884,-0.080089,0.075744,-0.216233,0.046907,0.711869,0.116734,0.537873,0.915139,-0.555718,0.136017,-0.765463,-0.312719,0.053787,0.024968,0.005057,0.096608,0.964817,0.163423,0.688006,1.246103,-0.854688,0.153661,-1.080598,-0.585088,0.037996,0.050018,-0.050592,0.123359,1.081622,0.207611,0.728594,1.43882,-1.114243,0.158946,-1.347667,-0.835547,-0.020345,0.052871,-0.115545,0.067838,1.155926,0.245555,0.755605,1.580199,-1.357501,0.149927,-1.57861,-1.093981,-0.06869,0.053037,-0.164362,0.016954,0.620029,0.123449,0.422233,0.842505,-0.559975,0.127855,-0.772502,-0.329565,0.064761,0.031876,0.007424,0.118101,0.783892,0.172581,0.505541,1.095171,-0.785506,0.178794,-1.074234,-0.46298,0.04478,0.050912,-0.046889,0.129711,0.870323,0.213755,0.526307,1.255772,-0.971163,0.192004,-1.279336,-0.625055,0.017202,0.057203,-0.08605,0.110675,0.927678,0.255723,0.516108,1.388808,-1.155508,0.193933,-1.468142,-0.805735,-0.004475,0.061006,-0.114329,0.09277
20260711_205707_n57400,user3,আ,output/user3/আ/আ_20260711_205707_n57400.mp4,181,47,5,0.106383,2.042534,3.475374,0.027365,0.037551,0.246491,0.104501,0.0,0.0,0.0,0.0,0.0,0.0,0.0,0.0,0.0,0.0,0.0,0.0,0.050194,0.109958,-0.113113,0.317581,-0.366062,0.077757,-0.450763,-0.196198,-0.078011,0.096715,-0.329588,0.034696,0.191852,0.189308,-0.125663,0.642624,-0.750446,0.134166,-0.899059,-0.480702,-0.107375,0.129228,-0.468538,0.031658,0.31926,0.218268,-0.000656,0.850417,-1.064339,0.182214,-1.279994,-0.76644,-0.131964,0.136816,-0.544143,0.009425,0.407086,0.234212,0.115593,0.967791,-1.290102,0.230738,-1.58903,-1.019218,-0.151676,0.140693,-0.606146,-0.020533,0.442183,0.251167,-0.090733,0.893357,-0.77111,0.12913,-0.993456,-0.449348,-0.006339,0.093467,-0.247934,0.084755,0.629298,0.341525,-0.094675,1.251647,-1.095118,0.153798,-1.320731,-0.725437,-0.06936,0.088417,-0.319408,0.008519,0.716284,0.366195,-0.057539,1.407709,-1.290826,0.171333,-1.614812,-0.98969,-0.131427,0.092244,-0.398884,-0.04049,0.7656,0.366323,-0.005328,1.47767,-1.444282,0.199808,-1.833169,-1.246527,-0.166631,0.096703,-0.45292,-0.059291,0.503335,0.218084,0.042443,0.862107,-0.709292,0.109598,-0.914704,-0.472445,0.00271,0.045232,-0.102207,0.062914,0.715256,0.295093,0.092145,1.256042,-1.033361,0.122397,-1.24813,-0.775154,-0.042403,0.05633,-0.128705,0.065906,0.775897,0.344525,0.051782,1.422744,-1.1659,0.195309,-1.552303,-0.986676,-0.08658,0.071565,-0.19108,0.048182,0.797581,0.368192,0.026594,1.499073,-1.276774,0.293542,-1.780404,-0.861053,-0.110257,0.077822,-0.237041,0.027422,0.522069,0.174641,0.162953,0.754856,-0.655249,0.089387,-0.809772,-0.475301,-0.003168,0.061828,-0.145057,0.057625,0.70301,0.254526,0.172918,1.111683,-0.93824,0.097934,-1.140308,-0.817946,-0.05039,0.094773,-0.207772,0.080397,0.75532,0.307495,0.113343,1.28434,-1.059011,0.196952,-1.432096,-0.793777,-0.073175,0.104247,-0.269401,0.067196,0.789424,0.33769,0.085629,1.38831,-1.170784,0.300598,-1.684503,-0.679833,-0.080522,0.108482,-0.316012,0.048271,0.500602,0.137318,0.257738,0.697323,-0.612046,0.076168,-0.764009,-0.432628,-0.015662,0.108465,-0.2219,0.136096,0.604246,0.214746,0.224606,0.907898,-0.867933,0.091429,-1.093917,-0.752342,-0.040089,0.13601,-0.2875,0.142618,0.647322,0.264323,0.169922,1.009113,-0.971727,0.18123,-1.325085,-0.671422,-0.033091,0.143671,-0.318508,0.141686,0.680143,0.295021,0.147866,1.087323,-1.063868,0.267878,-1.517071,-0.579361,-0.021187,0.1476,-0.337243,0.14111
20260711_205748_usnulf,user3,আ,output/user3/আ/আ_20260711_205748_usnulf.mp4,292,47,4,0.085106,0.718533,1.051036,0.008276,0.027194,0.278593,0.030393,0.0,0.0,0.0,0.0,0.0,0.0,0.0,0.0,0.0,0.0,0.0,0.0,0.233699,0.045602,0.011416,0.289988,-0.31474,0.027484,-0.435305,-0.283445,0.050762,0.040099,-0.1398,0.110664,0.480357,0.096211,0.152853,0.625285,-0.649879,0.043096,-0.845404,-0.592615,0.068017,0.052035,-0.177632,0.145727,0.642641,0.140812,0.202899,0.857596,-0.952321,0.043575,-1.199024,-0.909287,0.065187,0.054793,-0.191343,0.147218,0.719213,0.168466,0.201916,0.975675,-1.214951,0.040618,-1.475858,-1.192186,0.057535,0.055771,-0.207197,0.140303,0.742009,0.101569,0.579425,0.907158,-0.609746,0.115855,-0.792721,-0.420382,0.082254,0.024955,-0.035879,0.117005,1.031479,0.174678,0.75777,1.31037,-0.979155,0.157219,-1.237133,-0.726779,0.035772,0.030256,-0.046538,0.087028,1.14323,0.195954,0.779015,1.450161,-1.292414,0.161336,-1.547833,-1.033496,-0.020546,0.036118,-0.082187,0.043001,1.17752,0.199729,0.735104,1.503004,-1.539633,0.155071,-1.784719,-1.288443,-0.051783,0.036669,-0.113249,0.013067,0.72091,0.110859,0.546173,0.897405,-0.626833,0.12983,-0.837401,-0.417051,0.02756,0.004757,-0.005975,0.033417,0.998946,0.182224,0.701462,1.322859,-1.021017,0.162401,-1.284704,-0.75957,0.019574,0.012652,-0.018476,0.09132,1.103825,0.203756,0.714615,1.469634,-1.337769,0.163761,-1.601816,-1.073789,-0.022622,0.016243,-0.041092,0.079043,1.141813,0.211817,0.67238,1.516804,-1.58866,0.15635,-1.839278,-1.335735,-0.057928,0.018382,-0.068172,0.060226,0.637402,0.120707,0.448575,0.843352,-0.663628,0.129736,-0.877483,-0.431835,-0.031526,0.020772,-0.057832,0.085656,0.883593,0.195516,0.578625,1.194074,-1.054245,0.163537,-1.326436,-0.783428,-0.040165,0.024501,-0.054603,0.123683,0.973347,0.217891,0.58636,1.331035,-1.384021,0.16612,-1.657897,-1.092355,-0.077458,0.024939,-0.086722,0.090059,1.011635,0.227852,0.557766,1.373657,-1.651853,0.160964,-1.915476,-1.351613,-0.111994,0.02554,-0.122494,0.058211,0.493266,0.133961,0.282981,0.716005,-0.730575,0.111388,-0.916499,-0.508452,-0.086323,0.038133,-0.135747,0.12589,0.608486,0.18299,0.320982,0.901811,-1.086642,0.113488,-1.273211,-0.858628,-0.09942,0.036409,-0.136811,0.124118,0.657961,0.205422,0.323251,0.9879,-1.342507,0.114169,-1.528029,-1.108953,-0.106597,0.035171,-0.139717,0.110352,0.674562,0.220307,0.283154,1.029333,-1.564993,0.108807,-1.740051,-1.329305,-0.111446,0.036096,-0.145641,0.107121
20260711_211455_ab7vb3,user4,অ,output/user4/অ/অ_20260711_211455_ab7vb3.mp4,358,47,9,0.191489,2.458718,4.477888,0.035259,0.177265,0.412027,0.186733,0.0,0.0,0.0,0.0,0.0,0.0,0.0,0.0,0.0,0.0,0.0,0.0,0.058388,0.156121,-0.21917,0.39295,-0.302923,0.119385,-0.48381,-0.042076,0.06052,0.091578,-0.099139,0.250521,0.110969,0.216592,-0.300375,0.576575,-0.668661,0.173863,-0.954368,-0.285473,0.112228,0.137719,-0.136671,0.39804,0.185939,0.223196,-0.249351,0.677654,-0.9555,0.189582,-1.285687,-0.532924,0.142628,0.171177,-0.176569,0.505183,0.250939,0.189376,-0.114331,0.677019,-1.117941,0.190077,-1.393792,-0.713448,0.179095,0.201521,-0.195646,0.611511,0.209308,0.161428,-0.10165,0.595025,-0.891916,0.105903,-0.999499,-0.642149,0.184827,0.114403,-0.079064,0.364814,0.297144,0.158532,-0.026338,0.680116,-1.227961,0.114967,-1.416816,-0.961586,0.183431,0.163698,-0.15075,0.493335,0.27846,0.164246,-0.002359,0.651316,-1.219427,0.214457,-1.725338,-0.932214,0.169472,0.199974,-0.217749,0.574123,0.253065,0.160262,-0.022174,0.599008,-1.168998,0.300181,-1.951839,-0.824846,0.166952,0.223826,-0.2652,0.629557,0.235248,0.093738,0.021722,0.430626,-0.869385,0.043358,-0.988138,-0.802033,0.148202,0.092701,-0.054957,0.301093,0.326394,0.121131,-0.022733,0.539059,-1.223708,0.085624,-1.433281,-0.987147,0.139123,0.142354,-0.119768,0.413067,0.282419,0.137217,-0.039215,0.527322,-1.180246,0.20789,-1.760494,-0.738763,0.115798,0.174902,-0.198174,0.472467,0.248735,0.121785,-0.021639,0.49291,-1.115229,0.280787,-2.002431,-0.703565,0.112751,0.194866,-0.255726,0.511323,0.24337,0.107984,-0.104902,0.432886,-0.803326,0.095792,-0.97248,-0.600189,0.105506,0.076295,-0.039744,0.240174,0.332446,0.151989,-0.181386,0.613533,-1.127871,0.136003,-1.335335,-0.74225,0.096009,0.12803,-0.124432,0.352855,0.284824,0.158582,-0.205211,0.593193,-1.083139,0.226058,-1.641569,-0.519255,0.114085,0.15588,-0.163483,0.439056,0.257883,0.14196,-0.191608,0.516465,-1.014381,0.284023,-1.872725,-0.46675,0.137396,0.17157,-0.209079,0.488441,0.242909,0.180436,-0.226205,0.529826,-0.67986,0.169687,-0.99339,-0.380791,0.06747,0.069198,-0.06839,0.194489,0.291582,0.211901,-0.314802,0.669755,-0.93305,0.196368,-1.28275,-0.490734,0.09264,0.115683,-0.115977,0.321751,0.254555,0.203398,-0.33546,0.658867,-0.912473,0.231612,-1.277911,-0.34788,0.142148,0.141589,-0.144321,0.422683,0.240037,0.186376,-0.320394,0.602683,-0.862119,0.264426,-1.472617,-0.287323,0.184466,0.159421,-0.172941,0.493516
20260711_214733_y28o8p,user4,অ,output/user4/অ/অ_20260711_214733_y28o8p.mp4,227,47,8,0.170213,1.114893,2.030511,0.015988,0.069496,0.558798,0.150706,0.0,0.0,0.0,0.0,0.0,0.0,0.0,0.0,0.0,0.0,0.0,0.0,-0.062613,0.106046,-0.166873,0.304736,-0.43103,0.058459,-0.494395,-0.238157,0.055945,0.046627,-0.030979,0.180804,-0.055586,0.132435,-0.224702,0.404676,-0.829858,0.091779,-0.964658,-0.544399,0.103854,0.072347,-0.033614,0.310652,0.012705,0.116717,-0.18542,0.390477,-1.133167,0.111011,-1.298661,-0.786204,0.130726,0.089614,-0.040591,0.392576,0.102801,0.096612,-0.090387,0.342959,-1.308382,0.123168,-1.520601,-0.936131,0.165722,0.103326,-0.042241,0.468383,0.076488,0.066062,-0.026181,0.288263,-0.984648,0.024943,-0.999936,-0.899281,0.20473,0.076846,0.05085,0.426455,0.19264,0.060547,0.073164,0.332113,-1.337846,0.038779,-1.394163,-1.217335,0.241779,0.101401,0.031132,0.534625,0.219813,0.075847,0.063722,0.38714,-1.401856,0.074193,-1.565346,-1.276916,0.256586,0.111254,0.001712,0.573461,0.229986,0.096748,0.037031,0.424267,-1.397966,0.124513,-1.703961,-1.258121,0.268134,0.117309,-0.019712,0.59567,0.210362,0.048979,0.118719,0.314576,-0.903887,0.033709,-0.976289,-0.84791,0.178379,0.067229,0.03771,0.349636,0.332511,0.096826,0.105081,0.490949,-1.25887,0.046794,-1.341137,-1.181762,0.207497,0.086196,0.040537,0.448479,0.317943,0.114951,0.082244,0.483127,-1.25525,0.071779,-1.419091,-1.103962,0.200712,0.087405,0.014473,0.454237,0.296407,0.129836,0.082079,0.561005,-1.193656,0.127083,-1.553195,-0.961922,0.201288,0.089091,-0.010156,0.460725,0.317842,0.123024,-0.066343,0.444952,-0.782973,0.085845,-1.007158,-0.677723,0.145517,0.059565,0.014074,0.265397,0.438612,0.171549,-0.076905,0.62861,-1.115528,0.104793,-1.3714,-0.964724,0.176282,0.071877,0.004495,0.340174,0.415988,0.176822,-0.079582,0.64941,-1.116687,0.122511,-1.458675,-0.907058,0.196455,0.068158,0.004392,0.352891,0.393711,0.180118,-0.060122,0.734912,-1.048412,0.159977,-1.480443,-0.759322,0.211533,0.065903,0.000677,0.359041,0.405811,0.199352,-0.249311,0.553687,-0.611338,0.133319,-0.968423,-0.458212,0.114849,0.056225,-0.014972,0.192357,0.497069,0.240457,-0.272041,0.700855,-0.884736,0.154494,-1.292371,-0.688223,0.166063,0.060798,-0.013571,0.255544,0.481896,0.241039,-0.26288,0.748518,-0.91147,0.17792,-1.425998,-0.699655,0.212269,0.056372,0.013718,0.288351,0.464449,0.233342,-0.229257,0.827202,-0.872984,0.215949,-1.523001,-0.583078,0.246105,0.054031,0.033505,0.311334
20260711_214747_h8ad4n,user4,অ,output/user4/অ/অ_20260711_214747_h8ad4n.mp4,189,48,17,0.354167,2.524634,4.727688,0.037226,0.154192,0.638335,0.075246,0.0,0.0,0.0,0.0,0.0,0.0,0.0,0.0,0.0,0.0,0.0,0.0,-0.146125,0.125826,-0.262047,0.292833,-0.338927,0.073789,-0.469075,-0.202836,-0.060319,0.044206,-0.171166,0.057946,-0.179917,0.217785,-0.40355,0.482539,-0.760526,0.096887,-0.906793,-0.506605,-0.079222,0.066829,-0.22327,0.112611,-0.141206,0.279037,-0.476019,0.588609,-1.081405,0.106955,-1.239704,-0.73185,-0.100468,0.08492,-0.272715,0.141647,-0.083386,0.328658,-0.521942,0.608327,-1.298392,0.098674,-1.471074,-0.938845,-0.114328,0.102544,-0.31276,0.167473,0.010623,0.165817,-0.227292,0.32341,-0.982783,0.011699,-0.99639,-0.940268,0.021835,0.061353,-0.092371,0.211995,0.098565,0.222639,-0.213609,0.489765,-1.334907,0.044978,-1.408201,-1.254402,-0.022191,0.082084,-0.179851,0.232416,0.133991,0.2575,-0.214799,0.62365,-1.485244,0.088152,-1.663823,-1.310602,-0.057853,0.089455,-0.23008,0.223481,0.158983,0.288507,-0.204966,0.722896,-1.580413,0.14633,-1.888005,-1.22288,-0.081927,0.096822,-0.270001,0.220012,0.17028,0.131765,-0.03521,0.408419,-0.895353,0.051909,-0.9978,-0.785751,0.013425,0.055806,-0.090415,0.159149,0.268615,0.198742,-0.022198,0.660726,-1.232027,0.085917,-1.400547,-1.048538,-0.039396,0.085398,-0.218118,0.174143,0.267622,0.221019,-0.066303,0.740536,-1.232238,0.156793,-1.631981,-0.996818,-0.071558,0.08625,-0.245992,0.142395,0.263829,0.233263,-0.069977,0.799899,-1.191267,0.246421,-1.848498,-0.860683,-0.081388,0.081871,-0.247911,0.127289,0.304496,0.133507,-0.112746,0.528966,-0.751383,0.098061,-0.993288,-0.566369,-0.009335,0.051682,-0.105567,0.094796,0.407789,0.198234,-0.152823,0.772958,-1.048737,0.140018,-1.403528,-0.799299,-0.07473,0.079543,-0.240904,0.098753,0.373415,0.197946,-0.109423,0.801604,-1.004156,0.211997,-1.62368,-0.676662,-0.0676,0.077505,-0.264975,0.083408,0.347791,0.188777,-0.054792,0.820831,-0.936828,0.284195,-1.740465,-0.541657,-0.046167,0.070945,-0.257549,0.080955,0.421563,0.163546,-0.265705,0.623855,-0.566996,0.136587,-0.933965,-0.324002,-0.037592,0.050172,-0.150172,0.048873,0.495734,0.211861,-0.331151,0.819123,-0.805879,0.16952,-1.287976,-0.531761,-0.080963,0.071087,-0.229081,0.050201,0.457413,0.215536,-0.312187,0.832354,-0.780688,0.213463,-1.504613,-0.485868,-0.058677,0.075667,-0.219124,0.08711,0.430008,0.205635,-0.259509,0.842245,-0.721472,0.266915,-1.652832,-0.403928,-0.030089,0.076288,-0.216934,0.11797
20260711_214802_iotb3d,user4,অ,output/user4/অ/অ_20260711_214802_iotb3d.mp4,223,48,12,0.25,2.002632,3.762976,0.02963,0.087922,0.682773,0.021983,0.0,0.0,0.0,0.0,0.0,0.0,0.0,0.0,0.0,0.0,0.0,0.0,-0.193286,0.047282,-0.254264,-0.101059,-0.363346,0.065129,-0.553638,-0.26661,-0.024434,0.062427,-0.186162,0.045276,-0.26188,0.071207,-0.369044,-0.098825,-0.779493,0.08766,-1.011249,-0.611979,-0.032786,0.095682,-0.272276,0.097404,-0.235088,0.081662,-0.354666,-0.021014,-1.094516,0.1024,-1.351105,-0.909815,-0.044965,0.119384,-0.364976,0.143635,-0.1704,0.091335,-0.296237,0.073447,-1.304065,0.113596,-1.599532,-1.13424,-0.046187,0.140632,-0.466776,0.197029,-0.036836,0.076664,-0.171067,0.113621,-0.99484,0.003754,-0.999946,-0.98525,0.025271,0.106331,-0.219564,0.308935,-0.004423,0.114051,-0.147482,0.186289,-1.276829,0.165124,-1.389927,-0.709423,0.00496,0.141266,-0.324594,0.398583,0.017464,0.145475,-0.191269,0.243534,-1.343229,0.264308,-1.585028,-0.434608,-0.000126,0.151291,-0.349926,0.417952,0.02852,0.15587,-0.166117,0.275294,-1.349316,0.309695,-1.743081,-0.322071,0.001217,0.158729,-0.35975,0.423038,0.161142,0.06076,0.042958,0.292675,-0.906908,0.034324,-0.954107,-0.822755,0.008267,0.101108,-0.177288,0.302939,0.223566,0.105372,0.020484,0.38831,-1.215057,0.218451,-1.404326,-0.47633,-0.011912,0.138699,-0.274228,0.40996,0.218924,0.140453,-0.056223,0.428923,-1.217582,0.279439,-1.489619,-0.258105,-0.018573,0.135318,-0.275303,0.399557,0.201363,0.15269,-0.038952,0.462407,-1.162308,0.300668,-1.557376,-0.189661,-0.014591,0.130514,-0.272499,0.380356,0.333251,0.038961,0.247751,0.411645,-0.762242,0.059199,-0.847175,-0.605746,-0.015746,0.096647,-0.149885,0.281901,0.407891,0.100646,0.168802,0.551985,-1.041985,0.221712,-1.273014,-0.298051,-0.03962,0.127888,-0.263511,0.360076,0.386946,0.130478,0.111092,0.587585,-1.02335,0.256851,-1.305805,-0.131855,-0.015327,0.123285,-0.235937,0.375793,0.363398,0.142804,0.126472,0.633991,-0.957616,0.260505,-1.291356,-0.080249,0.008975,0.115624,-0.203477,0.375773,0.484567,0.025637,0.436756,0.523596,-0.564405,0.072119,-0.672386,-0.372837,-0.042733,0.094618,-0.139479,0.259018,0.546133,0.084399,0.338923,0.660595,-0.780194,0.185249,-0.976088,-0.162422,-0.049083,0.120233,-0.236471,0.337247,0.519526,0.110321,0.290465,0.717822,-0.774,0.211978,-0.990156,-0.038478,-0.011383,0.126157,-0.234175,0.389055,0.491837,0.120825,0.305441,0.760384,-0.723146,0.208495,-0.94464,-0.009551,0.024603,0.125557,-0.209621,0.420344
20260711_214818_1kqyjw,user4,অ,output/user4/অ/অ_20260711_214818_1kqyjw.mp4,271,48,12,0.25,1.37267,2.916294,0.022963,0.074054,0.644296,0.023012,0.0,0.0,0.0,0.0,0.0,0.0,0.0,0.0,0.0,0.0,0.0,0.0,-0.17302,0.036098,-0.244956,-0.122395,-0.35214,0.05317,-0.415788,-0.227055,-0.053613,0.035748,-0.117373,0.032162,-0.222885,0.087864,-0.374955,-0.113784,-0.753224,0.076633,-0.840661,-0.558837,-0.074454,0.058535,-0.171424,0.061706,-0.184613,0.132194,-0.402957,-0.043141,-1.058171,0.09219,-1.190687,-0.831196,-0.100343,0.079963,-0.225276,0.076465,-0.110971,0.144487,-0.351879,0.073864,-1.270051,0.099214,-1.418441,-1.050768,-0.117353,0.101016,-0.271902,0.092929,-0.011194,0.101183,-0.243672,0.155771,-0.994321,0.004731,-0.999766,-0.969858,0.024143,0.047475,-0.034163,0.132764,0.06519,0.12828,-0.226797,0.279983,-1.350584,0.032249,-1.497284,-1.287666,-0.034352,0.071328,-0.127063,0.11447,0.081584,0.144127,-0.203292,0.28439,-1.450014,0.073325,-1.719466,-1.334466,-0.081025,0.085769,-0.195062,0.096439,0.090009,0.159585,-0.177521,0.290504,-1.47979,0.151798,-1.828605,-1.262706,-0.108854,0.094249,-0.233397,0.096382,0.171214,0.090012,-0.025879,0.336022,-0.90257,0.026049,-0.943733,-0.85392,0.008393,0.04554,-0.067472,0.114631,0.282571,0.118109,0.058139,0.475437,-1.254661,0.055607,-1.438859,-1.147014,-0.05912,0.065026,-0.15274,0.086027,0.248842,0.117611,0.029508,0.422617,-1.213113,0.086216,-1.406444,-1.021306,-0.09824,0.077511,-0.238207,0.077962,0.205957,0.117416,0.002125,0.442048,-1.121686,0.130788,-1.536599,-0.884697,-0.108436,0.085535,-0.282184,0.084631,0.324318,0.074101,0.18698,0.482805,-0.756055,0.04517,-0.837925,-0.668433,-0.021553,0.046972,-0.104966,0.090686,0.433402,0.096923,0.244047,0.611899,-1.063633,0.080019,-1.253449,-0.915926,-0.089791,0.066206,-0.206737,0.071593,0.380463,0.095221,0.198843,0.539417,-1.004128,0.095665,-1.207123,-0.782472,-0.081978,0.074611,-0.265433,0.087217,0.332707,0.097104,0.17445,0.579888,-0.907192,0.119046,-1.281162,-0.653489,-0.059914,0.078177,-0.267253,0.101046,0.457888,0.060285,0.379638,0.613378,-0.559178,0.058822,-0.671478,-0.440459,-0.056965,0.051027,-0.141195,0.063605,0.530059,0.075038,0.388688,0.696482,-0.785617,0.085299,-0.951317,-0.628691,-0.093626,0.067438,-0.230441,0.070219,0.478199,0.077461,0.344138,0.6381,-0.749541,0.098996,-0.921141,-0.54677,-0.065439,0.075794,-0.247664,0.102235,0.431436,0.082368,0.322395,0.663364,-0.674435,0.109088,-1.016959,-0.452846,-0.033663,0.080428,-0.237305,0.142021
20260711_214838_nmfk2j,user4,অ,output/user4/অ/অ_20260711_214838_nmfk2j.mp4,311,47,14,0.297872,3.12924,6.020493,0.047405,0.173855,0.531089,0.177252,0.0,0.0,0.0,0.0,0.0,0.0,0.0,0.0,0.0,0.0,0.0,0.0,-0.207262,0.13983,-0.388346,0.240811,-0.310405,0.098025,-0.406274,-0.12258,-0.033029,0.087738,-0.277569,0.0728,-0.304334,0.2187,-0.698679,0.392198,-0.726513,0.133043,-0.950841,-0.519922,-0.022658,0.151846,-0.431827,0.164031,-0.320427,0.253047,-0.902463,0.449469,-1.03946,0.165756,-1.376578,-0.745631,-0.0208,0.193369,-0.532113,0.212885,-0.330779,0.276873,-1.072568,0.418572,-1.263767,0.182051,-1.684577,-0.891476,-0.012558,0.233894,-0.624371,0.259843,-0.081899,0.128301,-0.278558,0.279172,-0.969027,0.029441,-0.999797,-0.910485,0.100684,0.192377,-0.393495,0.367727,-0.025857,0.171558,-0.31375,0.356308,-1.333526,0.066864,-1.517643,-1.215379,0.086268,0.232993,-0.496552,0.41255,-0.025733,0.201674,-0.365128,0.363855,-1.48693,0.160369,-1.932394,-1.268726,0.061828,0.249076,-0.552731,0.407074,-0.038434,0.218796,-0.391801,0.350818,-1.57478,0.24577,-2.225998,-1.181115,0.048304,0.257839,-0.583445,0.397545,0.076392,0.057055,-0.059849,0.19089,-0.95389,0.019701,-0.99173,-0.906359,0.091785,0.160357,-0.303779,0.313444,0.129669,0.119392,-0.097284,0.32743,-1.325445,0.094864,-1.569825,-1.231786,0.075201,0.186489,-0.384128,0.307796,0.112123,0.151024,-0.140558,0.398777,-1.415143,0.255686,-1.980016,-1.088161,0.038687,0.183419,-0.416419,0.270436,0.092843,0.161952,-0.163186,0.418582,-1.446124,0.394362,-2.268686,-0.941051,0.022202,0.18635,-0.441404,0.276189,0.214088,0.088796,-0.036773,0.345869,-0.900377,0.061835,-1.014589,-0.758289,0.067482,0.128607,-0.227923,0.244028,0.255738,0.11968,-0.02934,0.475653,-1.248193,0.129722,-1.529158,-1.060228,0.036808,0.144683,-0.301583,0.201333,0.215741,0.129001,-0.018898,0.505193,-1.296824,0.295478,-1.901581,-0.927875,0.022569,0.146264,-0.33328,0.193916,0.18615,0.127046,-0.017467,0.495406,-1.296242,0.444164,-2.175862,-0.736005,0.024541,0.152935,-0.353307,0.202603,0.347168,0.177047,-0.175775,0.581639,-0.808614,0.111319,-0.977147,-0.549885,0.039129,0.10413,-0.169393,0.180337,0.365593,0.171211,-0.178834,0.564958,-1.102568,0.166972,-1.398431,-0.737181,0.020022,0.126147,-0.245594,0.168127,0.308968,0.160572,-0.187229,0.559401,-1.173031,0.27684,-1.726856,-0.696509,0.02953,0.137967,-0.278445,0.195914,0.263918,0.15021,-0.178489,0.555482,-1.201287,0.400295,-2.005995,-0.619122,0.045988,0.148508,-0.295486,0.235513
20260711_214856_wh1jdl,user4,অ,output/user4/অ/অ_20260711_214856_wh1jdl.mp4,254,48,9,0.1875,2.005809,3.357401,0.026436,0.121352,0.661057,0.069133,0.0,0.0,0.0,0.0,0.0,0.0,0.0,0.0,0.0,0.0,0.0,0.0,-0.18098,0.066323,-0.304093,0.279003,-0.394041,0.055355,-0.530685,-0.286075,-0.011466,0.040748,-0.133469,0.05476,-0.230629,0.110314,-0.474238,0.385571,-0.84146,0.077906,-1.041088,-0.65004,-0.016053,0.065838,-0.197099,0.095639,-0.175089,0.145496,-0.499222,0.379167,-1.171519,0.084243,-1.326399,-0.936772,-0.030399,0.087681,-0.253497,0.121023,-0.078579,0.181371,-0.501954,0.440558,-1.35375,0.086786,-1.48098,-1.126284,-0.037109,0.107321,-0.281966,0.166069,0.001454,0.130848,-0.264258,0.475652,-0.985606,0.026422,-0.999416,-0.879634,0.035667,0.073537,-0.094016,0.259041,0.0774,0.156338,-0.295619,0.542435,-1.350551,0.072225,-1.446393,-1.148443,0.006966,0.0932,-0.148555,0.298882,0.071334,0.150021,-0.306868,0.374024,-1.465496,0.121778,-1.670275,-1.056038,-0.005849,0.100599,-0.199725,0.272796,0.059199,0.150533,-0.313417,0.360348,-1.511898,0.164816,-1.839535,-0.960205,-0.011451,0.110023,-0.223828,0.242618,0.18359,0.120523,-0.071809,0.586875,-0.889087,0.065381,-0.992225,-0.636635,0.011546,0.067044,-0.097784,0.244043,0.263739,0.153285,-0.110505,0.63506,-1.259194,0.11528,-1.405747,-0.894602,-0.027305,0.096641,-0.131924,0.275643,0.210848,0.146826,-0.124664,0.504517,-1.256737,0.218022,-1.626805,-0.809217,-0.043624,0.097442,-0.168767,0.217395,0.169285,0.147478,-0.123179,0.454518,-1.188222,0.30734,-1.791772,-0.70399,-0.04522,0.090736,-0.168146,0.167975,0.342241,0.115656,-0.214916,0.616936,-0.75114,0.103136,-0.94487,-0.385309,-0.019182,0.059068,-0.103582,0.208651,0.410959,0.152973,-0.251158,0.682581,-1.093618,0.155327,-1.27172,-0.620591,-0.055103,0.089312,-0.170888,0.217071,0.34197,0.154033,-0.247384,0.6023,-1.074936,0.251787,-1.422145,-0.561609,-0.030494,0.082979,-0.155317,0.169364,0.293593,0.149761,-0.226913,0.525942,-0.993404,0.327618,-1.529325,-0.473181,-0.004804,0.070497,-0.125106,0.131951,0.484008,0.12516,-0.356559,0.626223,-0.570634,0.135098,-0.843536,-0.111097,-0.051923,0.054829,-0.1214,0.168425,0.527807,0.167302,-0.437775,0.723368,-0.856383,0.182867,-1.101107,-0.308022,-0.060777,0.07931,-0.18473,0.167162,0.466256,0.182694,-0.465896,0.688276,-0.865266,0.250218,-1.257715,-0.3194,-0.02111,0.081826,-0.157568,0.153123,0.416319,0.18155,-0.462899,0.630387,-0.808071,0.308761,-1.387511,-0.281377,0.014605,0.078942,-0.117854,0.153067
20260711_214912_5jyzoq,user4,অ,output/user4/অ/অ_20260711_214912_5jyzoq.mp4,236,48,11,0.229167,1.926721,3.858211,0.03038,0.162899,0.544659,0.069068,0.0,0.0,0.0,0.0,0.0,0.0,0.0,0.0,0.0,0.0,0.0,0.0,-0.1494,0.058756,-0.306571,-0.086017,-0.413175,0.035883,-0.48094,-0.332655,-0.001586,0.061364,-0.13614,0.119654,-0.166492,0.093595,-0.459555,-0.051059,-0.836397,0.042297,-0.957214,-0.741071,0.003878,0.10276,-0.227826,0.186935,-0.103972,0.116196,-0.45931,0.050014,-1.145535,0.042617,-1.279679,-1.053321,-0.009884,0.133077,-0.31953,0.202255,-0.024646,0.135387,-0.432162,0.197819,-1.355637,0.047923,-1.525341,-1.225738,-0.016625,0.156964,-0.386824,0.213242,0.086947,0.117033,-0.263151,0.234284,-0.988096,0.007974,-0.997139,-0.964319,0.119879,0.105847,-0.04549,0.348977,0.154585,0.145817,-0.259516,0.387947,-1.278746,0.064013,-1.406077,-1.126863,0.077087,0.139458,-0.188106,0.358421,0.118392,0.140556,-0.261609,0.397348,-1.357137,0.167981,-1.634675,-0.9703,0.030992,0.149565,-0.277284,0.315181,0.086557,0.147062,-0.270708,0.461138,-1.399958,0.231818,-1.797531,-0.877743,0.003715,0.153207,-0.324341,0.282828,0.240112,0.097834,-0.043159,0.391736,-0.913993,0.039462,-0.976832,-0.811536,0.083593,0.081746,-0.043406,0.253822,0.301046,0.129301,-0.023813,0.555382,-1.216346,0.110348,-1.424812,-0.997553,0.046752,0.113613,-0.18738,0.254279,0.238904,0.128718,-0.039579,0.55136,-1.275607,0.221739,-1.626803,-0.816986,0.007358,0.107628,-0.226799,0.186156,0.19047,0.144221,-0.061541,0.596601,-1.299332,0.27917,-1.764012,-0.729359,-0.013127,0.09857,-0.228214,0.18655,0.374428,0.078354,0.157802,0.512317,-0.800865,0.071638,-0.910951,-0.616436,0.031394,0.059258,-0.073466,0.142846,0.441459,0.103999,0.174302,0.661897,-1.085555,0.137879,-1.263912,-0.845447,-0.007574,0.08499,-0.198695,0.131497,0.366706,0.106799,0.134821,0.643558,-1.125421,0.23287,-1.444973,-0.687675,-0.004741,0.06981,-0.165452,0.14033,0.302694,0.118986,0.107492,0.646361,-1.127501,0.273603,-1.541314,-0.60738,0.006116,0.057026,-0.116475,0.163726,0.499119,0.059864,0.282235,0.604635,-0.64742,0.097877,-0.803933,-0.383856,-0.025297,0.043354,-0.119505,0.05321,0.538614,0.084901,0.303975,0.714029,-0.885777,0.147338,-1.107286,-0.612952,-0.040454,0.053223,-0.166223,0.080963,0.471883,0.097554,0.269349,0.737453,-0.93199,0.213076,-1.250947,-0.569447,-0.014929,0.050193,-0.124448,0.132804,0.409768,0.114485,0.247287,0.733118,-0.938229,0.25101,-1.307976,-0.516595,0.0113,0.051095,-0.102781,0.171432
20260711_215025_9ahjj1,user4,অ,output/user4/অ/অ_20260711_215025_9ahjj1.mp4,278,47,9,0.191489,2.315935,3.998259,0.031482,0.06483,0.636729,0.024757,0.0,0.0,0.0,0.0,0.0,0.0,0.0,0.0,0.0,0.0,0.0,0.0,-0.201788,0.047352,-0.30878,-0.100831,-0.376523,0.022598,-0.425167,-0.328557,0.000847,0.052034,-0.121827,0.167653,-0.249402,0.087115,-0.435122,-0.048239,-0.818779,0.036265,-0.852814,-0.700586,0.005521,0.069955,-0.179656,0.229611,-0.19358,0.109137,-0.414604,0.062495,-1.159067,0.066343,-1.248461,-0.95745,0.001854,0.085653,-0.229714,0.274159,-0.112542,0.120638,-0.360143,0.158369,-1.379761,0.105896,-1.52894,-1.062377,0.007142,0.100113,-0.248877,0.325606,-0.066312,0.129438,-0.32689,0.236612,-0.97561,0.019053,-0.999621,-0.944765,0.042069,0.029075,-0.061482,0.079248,0.021963,0.168394,-0.322074,0.399002,-1.365873,0.046053,-1.500276,-1.224353,0.018288,0.055672,-0.183098,0.147081,0.031261,0.172464,-0.314435,0.392929,-1.489612,0.124873,-1.687001,-0.972788,0.007368,0.074979,-0.216364,0.231568,0.025336,0.166413,-0.305606,0.348933,-1.544202,0.197385,-1.895297,-0.878037,0.005075,0.088036,-0.224261,0.288258,0.131891,0.116483,-0.099522,0.410286,-0.908075,0.030027,-0.950791,-0.830683,0.023733,0.030537,-0.053863,0.053946,0.220037,0.15695,-0.105098,0.578154,-1.287172,0.070056,-1.441178,-1.093268,0.009017,0.054676,-0.185869,0.105339,0.191194,0.15095,-0.113364,0.497082,-1.347409,0.175631,-1.671223,-0.80935,0.001259,0.065958,-0.178049,0.188593,0.162019,0.134501,-0.103763,0.409701,-1.362002,0.267568,-1.893317,-0.747851,-0.001581,0.073129,-0.16767,0.234829,0.309561,0.095651,0.126624,0.543879,-0.798804,0.057206,-0.915563,-0.662268,0.000546,0.035675,-0.083741,0.03769,0.389336,0.136077,0.119062,0.71038,-1.14928,0.099971,-1.33008,-0.938764,-0.011267,0.06112,-0.208331,0.115031,0.348078,0.132689,0.102991,0.616276,-1.186716,0.188013,-1.553128,-0.673832,0.017558,0.068169,-0.138896,0.218565,0.3075,0.114025,0.104263,0.554345,-1.170441,0.266507,-1.722034,-0.604123,0.039177,0.068892,-0.12021,0.263112,0.469164,0.07391,0.345219,0.648699,-0.653366,0.091861,-0.852721,-0.455018,-0.023941,0.041091,-0.116665,0.016106,0.524464,0.10826,0.348018,0.765422,-0.942961,0.130881,-1.209792,-0.737466,-0.013362,0.061316,-0.165483,0.136404,0.488745,0.118592,0.27665,0.764277,-0.990135,0.196031,-1.402544,-0.584081,0.03106,0.069504,-0.12646,0.236746,0.45114,0.111423,0.273845,0.764627,-0.985372,0.262026,-1.552337,-0.52631,0.066295,0.071932,-0.097384,0.2924
20260711_215040_totmvz,user4,অ,output/user4/অ/অ_20260711_215040_totmvz.mp4,216,48,6,0.125,1.754863,2.856814,0.022495,0.066363,0.580599,0.082828,0.0,0.0,0.0,0.0,0.0,0.0,0.0,0.0,0.0,0.0,0.0,0.0,-0.209622,0.049821,-0.295295,-0.126213,-0.345411,0.067691,-0.453035,-0.189831,-0.052398,0.035299,-0.09853,0.053317,-0.290587,0.105343,-0.512104,-0.118265,-0.779381,0.087591,-0.950386,-0.545669,-0.068623,0.046708,-0.132162,0.077224,-0.290804,0.154953,-0.673978,-0.020695,-1.118928,0.095465,-1.300916,-0.846678,-0.083625,0.052853,-0.147921,0.086774,-0.288239,0.208727,-0.81844,0.157538,-1.34635,0.105559,-1.517283,-1.068405,-0.092056,0.062051,-0.169724,0.101922,-0.156792,0.203656,-0.581027,0.190273,-0.918201,0.073495,-0.999094,-0.77294,-0.011894,0.047189,-0.095936,0.100806,-0.176069,0.297798,-0.793821,0.304423,-1.344526,0.058472,-1.445462,-1.255527,-0.065249,0.062933,-0.158791,0.110352,-0.239224,0.337242,-0.934182,0.281082,-1.568495,0.064383,-1.702806,-1.469513,-0.109273,0.082187,-0.230798,0.108956,-0.299458,0.354835,-1.024248,0.289823,-1.698546,0.138585,-1.936192,-1.487715,-0.131795,0.096393,-0.271319,0.112557,0.021868,0.211311,-0.418878,0.346315,-0.893454,0.038177,-0.970612,-0.844273,-0.009819,0.033674,-0.072953,0.087864,0.007293,0.314077,-0.642671,0.472709,-1.316685,0.063552,-1.458836,-1.215797,-0.040995,0.047521,-0.108307,0.130662,-0.069992,0.343571,-0.774011,0.436966,-1.514083,0.142458,-1.789273,-1.291465,-0.071779,0.06108,-0.162316,0.128871,-0.14041,0.351217,-0.851926,0.451242,-1.617952,0.256719,-2.054494,-1.217258,-0.090561,0.069378,-0.189725,0.118849,0.18511,0.205795,-0.233096,0.472797,-0.821092,0.094751,-0.994051,-0.658818,-0.016999,0.022925,-0.059717,0.070417,0.191734,0.291486,-0.393045,0.601946,-1.206249,0.135591,-1.452631,-0.970047,-0.04693,0.035188,-0.084821,0.104028,0.114464,0.305751,-0.489609,0.599129,-1.377384,0.217466,-1.757217,-1.060321,-0.049278,0.045921,-0.099017,0.124646,0.045513,0.301859,-0.538404,0.585995,-1.459997,0.326224,-2.032692,-1.006793,-0.046064,0.050136,-0.104644,0.130865,0.333796,0.191976,-0.036384,0.577498,-0.70386,0.173926,-0.998848,-0.40693,-0.02954,0.021861,-0.065028,0.054337,0.353801,0.250564,-0.123852,0.708953,-1.001255,0.21573,-1.366829,-0.621009,-0.045036,0.030929,-0.084927,0.098148,0.295012,0.262207,-0.20174,0.72303,-1.145823,0.265309,-1.610602,-0.762333,-0.025071,0.039751,-0.07944,0.143474,0.231537,0.257502,-0.247746,0.704855,-1.231565,0.344951,-1.83146,-0.76877,-0.002849,0.044428,-0.073829,0.173644
20260711_215057_m3q3bw,user4,অ,output/user4/অ/অ_20260711_215057_m3q3bw.mp4,278,47,18,0.382979,2.443361,5.150521,0.040555,0.087097,0.656915,0.094473,0.0,0.0,0.0,0.0,0.0,0.0,0.0,0.0,0.0,0.0,0.0,0.0,-0.219565,0.090654,-0.332034,0.161913,-0.390477,0.059721,-0.517593,-0.285322,-0.013194,0.048133,-0.105635,0.100978,-0.280108,0.144239,-0.480569,0.260201,-0.856923,0.080127,-1.042909,-0.731431,0.002785,0.076938,-0.153054,0.177565,-0.225655,0.166624,-0.46923,0.337109,-1.202275,0.101216,-1.423121,-1.022241,0.011197,0.098718,-0.186169,0.225818,-0.149565,0.171349,-0.411246,0.380985,-1.427559,0.126623,-1.661369,-1.186347,0.026611,0.1203,-0.211545,0.280925,-0.094812,0.071769,-0.247783,0.039018,-0.991644,0.008308,-0.999975,-0.968342,0.074743,0.077551,-0.105777,0.216453,-0.03124,0.103234,-0.262892,0.212287,-1.382809,0.037061,-1.450562,-1.297115,0.056179,0.109809,-0.186414,0.284126,-0.019447,0.143705,-0.309265,0.393377,-1.548815,0.072613,-1.705004,-1.397321,0.033653,0.128539,-0.234109,0.311834,-0.018772,0.182374,-0.360263,0.533084,-1.637512,0.114867,-1.858139,-1.351659,0.021236,0.139132,-0.260536,0.321966,0.105856,0.063071,0.00936,0.246302,-0.928986,0.026086,-0.988384,-0.837207,0.05973,0.06615,-0.09116,0.194269,0.173657,0.087126,-0.02198,0.325184,-1.31293,0.04599,-1.390585,-1.148871,0.052879,0.095542,-0.142575,0.26827,0.166135,0.126342,-0.095351,0.433997,-1.429925,0.096398,-1.615559,-1.178323,0.029436,0.106603,-0.167515,0.280218,0.157292,0.163143,-0.147704,0.560828,-1.476712,0.160954,-1.783124,-1.034293,0.015112,0.112027,-0.187861,0.280461,0.290289,0.072941,0.049526,0.442864,-0.819317,0.058158,-0.953414,-0.630226,0.034774,0.059468,-0.090478,0.166581,0.365523,0.078745,0.227773,0.535675,-1.167823,0.07889,-1.331837,-0.886027,0.015444,0.088135,-0.149656,0.214156,0.335168,0.115774,0.13052,0.529871,-1.22566,0.127256,-1.472011,-0.924532,0.021653,0.093375,-0.139114,0.238811,0.312539,0.150312,0.060973,0.594544,-1.223355,0.18805,-1.564062,-0.786747,0.031783,0.09182,-0.128044,0.249363,0.467413,0.092597,0.093317,0.621513,-0.6712,0.090571,-0.868014,-0.387776,0.00743,0.059277,-0.098062,0.141972,0.528029,0.09633,0.292317,0.734996,-0.956772,0.112827,-1.188428,-0.57277,0.000746,0.086671,-0.155002,0.193469,0.492182,0.119128,0.288848,0.757896,-1.000138,0.131034,-1.245733,-0.706746,0.030101,0.094191,-0.131382,0.238978,0.460509,0.146228,0.240143,0.844545,-0.986217,0.162884,-1.261929,-0.592292,0.058175,0.095642,-0.108706,0.268575
20260711_215120_wa3iw4,user4,অ,output/user4/অ/অ_20260711_215120_wa3iw4.mp4,350,47,12,0.255319,1.134733,2.109466,0.01661,0.07457,0.639851,0.036946,0.0,0.0,0.0,0.0,0.0,0.0,0.0,0.0,0.0,0.0,0.0,0.0,-0.260401,0.035935,-0.312341,-0.138748,-0.314089,0.051429,-0.433718,-0.263556,0.001007,0.030427,-0.032852,0.079391,-0.371808,0.073949,-0.466842,-0.150206,-0.740855,0.064724,-0.871839,-0.653618,0.017916,0.045596,-0.029997,0.157975,-0.349494,0.099531,-0.456307,-0.053311,-1.062567,0.074936,-1.181265,-0.923723,0.023803,0.060382,-0.038094,0.218193,-0.278783,0.118249,-0.415927,0.060509,-1.269451,0.092882,-1.400265,-1.09471,0.03428,0.076224,-0.040616,0.283014,-0.176267,0.067822,-0.30103,-0.04992,-0.979905,0.012115,-0.998617,-0.953615,0.08984,0.036561,0.007012,0.200556,-0.130617,0.093075,-0.285078,0.005965,-1.340137,0.038834,-1.447927,-1.272124,0.078638,0.04817,-0.032393,0.261005,-0.12027,0.109213,-0.295862,0.107656,-1.507081,0.063225,-1.624724,-1.336229,0.056907,0.060993,-0.064398,0.285136,-0.127674,0.132767,-0.316932,0.197307,-1.606441,0.085913,-1.782476,-1.340552,0.040782,0.073544,-0.089947,0.293947,0.034079,0.058446,-0.068037,0.133582,-0.953914,0.010763,-0.976012,-0.920589,0.066409,0.037988,-0.01946,0.167057,0.082581,0.079592,-0.075614,0.200208,-1.30548,0.043987,-1.411739,-1.245474,0.061242,0.049903,-0.037391,0.228969,0.079505,0.083835,-0.067122,0.232223,-1.391329,0.108061,-1.584359,-1.185491,0.035025,0.059136,-0.058602,0.230592,0.059561,0.101209,-0.063902,0.305956,-1.4158,0.16723,-1.740141,-1.092767,0.018741,0.065831,-0.0773,0.226056,0.228403,0.046251,0.148222,0.305411,-0.874062,0.026027,-0.922698,-0.812813,0.034236,0.037769,-0.052668,0.13465,0.27881,0.062528,0.160755,0.381688,-1.204006,0.046703,-1.354706,-1.106433,0.017031,0.054017,-0.081377,0.178824,0.253314,0.063064,0.150353,0.380232,-1.257831,0.118132,-1.488922,-0.961939,0.018002,0.058097,-0.060314,0.196753,0.21616,0.084246,0.147931,0.412535,-1.247005,0.181478,-1.567747,-0.810239,0.023105,0.058593,-0.046905,0.201733,0.416558,0.03959,0.292304,0.479273,-0.746848,0.040467,-0.847397,-0.669959,0.000899,0.038342,-0.089142,0.107864,0.448024,0.047398,0.373338,0.527298,-1.013929,0.048011,-1.173946,-0.913741,-0.006946,0.05545,-0.115922,0.148223,0.410693,0.04649,0.352973,0.525993,-1.050507,0.09323,-1.280062,-0.82333,0.016668,0.060522,-0.082386,0.18393,0.36285,0.067536,0.287508,0.536911,-1.030184,0.147147,-1.30678,-0.700116,0.039847,0.062835,-0.051645,0.207198
20260711_215140_jzmdn9,user4,অ,output/user4/অ/অ_20260711_215140_jzmdn9.mp4,292,48,6,0.125,1.496346,2.242309,0.017656,0.055871,0.543502,0.126934,0.0,0.0,0.0,0.0,0.0,0.0,0.0,0.0,0.0,0.0,0.0,0.0,0.000705,0.06035,-0.117854,0.105621,-0.480615,0.040279,-0.556065,-0.383299,0.000665,0.060659,-0.097653,0.259251,0.1585,0.108353,-0.050241,0.360684,-0.854272,0.030141,-0.895312,-0.812499,0.023816,0.088509,-0.099356,0.418269,0.352596,0.145162,0.074715,0.635753,-1.075389,0.036115,-1.157888,-1.018041,0.027582,0.102425,-0.106987,0.489102,0.512233,0.174384,0.179519,0.852984,-1.226077,0.053131,-1.366229,-1.126048,0.039022,0.11114,-0.117457,0.534375,0.558713,0.085982,0.359005,0.727308,-0.803619,0.096382,-0.933335,-0.400447,0.165002,0.088404,0.062278,0.596191,0.698871,0.136659,0.443199,0.923706,-1.082248,0.127045,-1.264719,-0.639839,0.133979,0.128223,-0.061209,0.702168,0.688232,0.167465,0.316292,1.000115,-1.207775,0.099737,-1.427725,-0.919865,0.088078,0.150269,-0.135418,0.689645,0.672351,0.173553,0.240673,1.025071,-1.258367,0.113917,-1.563968,-1.033532,0.061547,0.161581,-0.16279,0.669612,0.649144,0.087805,0.474465,0.84233,-0.635301,0.126295,-0.844983,-0.255676,0.136152,0.071179,0.043684,0.447002,0.758586,0.150344,0.479719,1.058091,-0.938102,0.167218,-1.247881,-0.631535,0.093665,0.140954,-0.081633,0.574076,0.62266,0.18479,0.336062,1.108183,-0.971246,0.121008,-1.159954,-0.702726,0.051048,0.144383,-0.125183,0.481879,0.528642,0.182905,0.283755,1.098259,-0.932372,0.173211,-1.293604,-0.683745,0.04156,0.128484,-0.117735,0.393361,0.692304,0.080948,0.562756,0.927103,-0.46574,0.153903,-0.759122,-0.11527,0.09111,0.07826,-0.002652,0.291065,0.781701,0.157819,0.488428,1.142006,-0.748472,0.19897,-1.142152,-0.368445,0.042186,0.142543,-0.132811,0.377795,0.632623,0.196361,0.336087,1.18173,-0.773025,0.160708,-1.024421,-0.438544,0.052702,0.116903,-0.118177,0.264364,0.53579,0.192415,0.302459,1.165659,-0.727963,0.211104,-1.232848,-0.410721,0.079685,0.085128,-0.066977,0.220678,0.700256,0.077182,0.59734,0.999984,-0.283788,0.181033,-0.643515,0.039279,0.042901,0.103268,-0.056571,0.243034,0.778496,0.147917,0.510202,1.178081,-0.53366,0.219451,-0.95799,-0.085817,0.021714,0.145116,-0.135958,0.288005,0.656346,0.18823,0.374919,1.226318,-0.59063,0.199856,-0.900079,-0.177889,0.058129,0.132553,-0.109778,0.304998,0.563911,0.189363,0.329505,1.214699,-0.571334,0.234502,-1.084,-0.182341,0.099866,0.114572,-0.0602,0.316662
20260711_215153_8dj6mi,user4,অ,output/user4/অ/অ_20260711_215153_8dj6mi.mp4,182,48,23,0.479167,4.890237,8.87237,0.069861,0.165593,0.644421,0.132642,0.0,0.0,0.0,0.0,0.0,0.0,0.0,0.0,0.0,0.0,0.0,0.0,-0.223957,0.062998,-0.36491,-0.107087,-0.352721,0.091613,-0.573043,-0.157573,-0.006602,0.054192,-0.111495,0.16936,-0.302313,0.127211,-0.593436,-0.072547,-0.805722,0.129046,-1.032526,-0.375038,-0.003321,0.086117,-0.160983,0.261608,-0.264613,0.163692,-0.60112,0.031415,-1.158069,0.164276,-1.36028,-0.508015,-0.009274,0.109027,-0.206804,0.296823,-0.189906,0.190761,-0.555284,0.178663,-1.397369,0.187759,-1.621884,-0.653105,-0.010924,0.130796,-0.247963,0.319223,-0.128587,0.120041,-0.437321,0.099731,-0.96844,0.045245,-0.998589,-0.769255,0.039089,0.115019,-0.146191,0.379209,-0.079556,0.153028,-0.433867,0.247011,-1.362247,0.079206,-1.511686,-1.056257,0.004681,0.160887,-0.258417,0.483394,-0.06152,0.183703,-0.432411,0.353536,-1.543861,0.152763,-1.917284,-1.011228,-0.02291,0.182679,-0.333517,0.523623,-0.053401,0.21052,-0.444335,0.429016,-1.654327,0.238374,-2.258348,-0.901334,-0.038544,0.195031,-0.384537,0.549115,0.06415,0.098398,-0.177031,0.29047,-0.919635,0.041394,-0.973089,-0.819221,0.010003,0.106309,-0.158594,0.288707,0.113308,0.137224,-0.19139,0.483647,-1.315153,0.090797,-1.5352,-1.135792,-0.015203,0.157478,-0.251619,0.419089,0.116852,0.177752,-0.220208,0.606288,-1.437828,0.171005,-1.968027,-0.902723,-0.040214,0.168759,-0.321331,0.444211,0.119719,0.212316,-0.245201,0.707701,-1.497603,0.288135,-2.33361,-0.788914,-0.052747,0.169439,-0.369492,0.448593,0.250077,0.085369,0.025417,0.459359,-0.823671,0.087483,-0.946088,-0.593959,-0.025703,0.098263,-0.195111,0.252357,0.306691,0.134719,0.044898,0.665997,-1.186697,0.121878,-1.4894,-0.878207,-0.058319,0.143417,-0.254673,0.339998,0.29806,0.183946,-0.003616,0.778752,-1.270251,0.193996,-1.915447,-0.765195,-0.050331,0.139671,-0.299629,0.334175,0.290877,0.224415,-0.051958,0.87036,-1.296857,0.314627,-2.279136,-0.636584,-0.036954,0.129375,-0.32481,0.315461,0.429129,0.091169,0.107106,0.623238,-0.690444,0.142697,-0.936351,-0.346708,-0.062815,0.094584,-0.233367,0.219811,0.481109,0.143229,0.074234,0.80497,-0.981717,0.172332,-1.318512,-0.543683,-0.084779,0.128253,-0.274044,0.297599,0.468386,0.191502,0.047461,0.914588,-1.044315,0.194469,-1.651695,-0.620512,-0.058765,0.12944,-0.308564,0.329217,0.456012,0.232046,0.025273,1.004806,-1.056068,0.26657,-1.940292,-0.512937,-0.02998,0.126457,-0.324631,0.346258
20260711_215210_14cuph,user4,অ,output/user4/অ/অ_20260711_215210_14cuph.mp4,214,47,17,0.361702,3.10905,5.499747,0.043305,0.178789,0.621922,0.100244,0.0,0.0,0.0,0.0,0.0,0.0,0.0,0.0,0.0,0.0,0.0,0.0,-0.199039,0.097794,-0.302776,0.295306,-0.337685,0.060658,-0.453689,-0.198842,-0.033659,0.062007,-0.145657,0.148065,-0.258056,0.155975,-0.428704,0.47591,-0.753951,0.103347,-0.887166,-0.44209,-0.049727,0.101918,-0.239983,0.24124,-0.211635,0.183665,-0.421087,0.526552,-1.089519,0.130335,-1.278085,-0.705352,-0.071276,0.124282,-0.300396,0.273486,-0.150979,0.19147,-0.410149,0.501315,-1.332779,0.148838,-1.62195,-0.963904,-0.086183,0.145668,-0.352287,0.303666,-0.051873,0.108859,-0.274923,0.21878,-0.984749,0.025386,-0.999836,-0.842283,0.010337,0.161295,-0.314706,0.427933,0.010084,0.137795,-0.273068,0.23758,-1.350827,0.069755,-1.516523,-1.227161,-0.038107,0.193612,-0.414583,0.45881,0.008461,0.169286,-0.287345,0.264996,-1.478312,0.16341,-1.785971,-1.131659,-0.071703,0.198278,-0.440971,0.429211,-0.001641,0.204388,-0.294503,0.29851,-1.542111,0.262309,-1.993031,-0.971902,-0.088766,0.201573,-0.452839,0.421064,0.127315,0.088725,-0.08326,0.266063,-0.923801,0.049179,-0.987117,-0.83988,-0.008194,0.14255,-0.288811,0.335358,0.199229,0.148226,-0.0304,0.458725,-1.2744,0.045996,-1.387693,-1.186634,-0.056311,0.180708,-0.401324,0.366566,0.165626,0.170422,-0.038978,0.426386,-1.293698,0.139264,-1.560381,-0.963174,-0.082675,0.172878,-0.39613,0.312134,0.132303,0.188643,-0.124522,0.410343,-1.245632,0.230241,-1.659701,-0.744665,-0.089172,0.16348,-0.376416,0.291551,0.28501,0.107632,-0.233559,0.420468,-0.816451,0.101923,-0.966462,-0.642331,-0.036777,0.121814,-0.263451,0.226778,0.364797,0.160654,-0.266113,0.61095,-1.129902,0.090389,-1.403826,-0.98451,-0.087034,0.156226,-0.367774,0.253895,0.314073,0.170262,-0.224787,0.567057,-1.141114,0.14798,-1.622695,-0.903304,-0.076321,0.139865,-0.316634,0.231978,0.267,0.179312,-0.176684,0.550596,-1.08806,0.227438,-1.774265,-0.688276,-0.05511,0.124137,-0.262633,0.233085,0.43314,0.144935,-0.395541,0.540327,-0.675492,0.146559,-0.919658,-0.436764,-0.069023,0.10558,-0.329957,0.121056,0.504745,0.179105,-0.468614,0.681483,-0.941656,0.146787,-1.33909,-0.702681,-0.102169,0.131284,-0.401964,0.151232,0.457789,0.179365,-0.441419,0.666907,-0.973698,0.177047,-1.570211,-0.764602,-0.079505,0.124224,-0.352317,0.164347,0.406698,0.17975,-0.379314,0.676844,-0.938977,0.222082,-1.740302,-0.607684,-0.050128,0.116146,-0.29916,0.187693
20260711_215224_s1nefb,user4,অ,output/user4/অ/অ_20260711_215224_s1nefb.mp4,183,48,29,0.604167,3.810077,9.277643,0.073052,0.173122,0.6021,0.052069,0.0,0.0,0.0,0.0,0.0,0.0,0.0,0.0,0.0,0.0,0.0,0.0,-0.25972,0.032847,-0.311273,-0.152631,-0.386224,0.037541,-0.479576,-0.303837,0.016535,0.040429,-0.077223,0.103065,-0.343994,0.050834,-0.423109,-0.193717,-0.785257,0.049256,-0.878346,-0.66317,0.03546,0.066214,-0.113666,0.192779,-0.288902,0.060039,-0.406014,-0.136848,-1.103783,0.064251,-1.255184,-0.935618,0.027462,0.085319,-0.171756,0.255299,-0.221161,0.077015,-0.374139,-0.04163,-1.328411,0.073821,-1.521066,-1.149178,0.021317,0.104964,-0.211782,0.317948,-0.095116,0.059218,-0.232324,0.062004,-0.993195,0.006117,-0.99981,-0.972414,0.147689,0.099005,-0.09548,0.328804,-0.086556,0.086824,-0.255263,0.113737,-1.307902,0.048619,-1.434356,-1.221108,0.080741,0.119952,-0.126939,0.407034,-0.125996,0.098847,-0.317071,0.09323,-1.355147,0.162583,-1.638846,-0.995517,0.01562,0.13904,-0.300867,0.420898,-0.153338,0.103738,-0.33746,0.091636,-1.353154,0.270771,-1.826437,-0.773869,-0.020357,0.150945,-0.38742,0.420509,0.088645,0.061276,-0.03295,0.237234,-0.943048,0.022057,-0.979852,-0.884398,0.092374,0.08813,-0.100071,0.290175,0.098776,0.114063,-0.119182,0.378343,-1.273126,0.057323,-1.423732,-1.157276,0.004184,0.123487,-0.210638,0.39217,0.036209,0.131211,-0.192573,0.346049,-1.204998,0.183573,-1.532393,-0.854493,-0.061957,0.141434,-0.359671,0.39013,-0.000359,0.12771,-0.235357,0.304824,-1.092895,0.286342,-1.617079,-0.639112,-0.080044,0.142226,-0.38597,0.376605,0.258916,0.059759,0.139529,0.383656,-0.847495,0.050762,-0.941097,-0.716787,0.021042,0.077795,-0.144837,0.232196,0.255827,0.123806,0.024152,0.529409,-1.139419,0.048148,-1.245135,-1.025372,-0.075259,0.115716,-0.280759,0.292896,0.171245,0.137457,-0.047323,0.465652,-1.004414,0.17104,-1.355409,-0.758743,-0.082071,0.116272,-0.316715,0.299681,0.128322,0.125891,-0.058409,0.452206,-0.858423,0.274913,-1.449707,-0.5279,-0.054778,0.102062,-0.260818,0.293057,0.430829,0.048608,0.324868,0.523289,-0.710818,0.082651,-0.858763,-0.510515,-0.050759,0.075805,-0.193557,0.172262,0.385152,0.109136,0.177477,0.609033,-0.936586,0.071351,-1.072369,-0.720117,-0.114449,0.104809,-0.304663,0.211689,0.287747,0.130274,0.079193,0.581033,-0.84339,0.119821,-1.134999,-0.6445,-0.094618,0.104921,-0.280016,0.23655,0.23674,0.123406,0.067445,0.569064,-0.731905,0.185843,-1.208336,-0.514782,-0.05754,0.096986,-0.227281,0.251582
20260711_211553_8q738s,user4,আ,output/user4/আ/আ_20260711_211553_8q738s.mp4,414,47,1,0.021277,0.0,0.0,0.0,0.0,0.484536,0.0,0.0,0.0,0.0,0.0,0.0,0.0,0.0,0.0,0.0,0.0,0.0,0.0,-0.178726,0.0,-0.178726,-0.178726,-0.418426,0.0,-0.418425,-0.418425,0.004973,0.0,0.004973,0.004973,-0.226043,0.0,-0.226043,-0.226043,-0.839668,1e-06,-0.839668,-0.839668,0.00545,0.0,0.00545,0.00545,-0.168651,0.0,-0.168651,-0.168651,-1.141059,1e-06,-1.14106,-1.14106,-0.013049,0.0,-0.013049,-0.013049,-0.082544,0.0,-0.082544,-0.082544,-1.290831,2e-06,-1.290829,-1.290829,-0.020286,0.0,-0.020286,-0.020286,0.073077,0.0,0.073077,0.073077,-0.997328,1e-06,-0.997326,-0.997326,0.091933,0.0,0.091933,0.091933,0.163338,0.0,0.163338,0.163338,-1.369991,1e-06,-1.36999,-1.36999,0.047368,0.0,0.047368,0.047368,0.06813,0.0,0.06813,0.06813,-1.34144,2e-06,-1.341439,-1.341439,0.002823,0.0,0.002823,0.002823,-0.004425,0.0,-0.004425,-0.004425,-1.202005,0.0,-1.202005,-1.202005,-0.016031,0.0,-0.016031,-0.016031,0.225471,0.0,0.225471,0.225471,-0.926351,2e-06,-0.92635,-0.92635,0.066801,0.0,0.066801,0.066801,0.298933,0.0,0.298933,0.298933,-1.304937,1e-06,-1.304938,-1.304938,0.032054,0.0,0.032054,0.032054,0.203965,0.0,0.203965,0.203965,-1.25742,0.0,-1.25742,-1.25742,-0.003431,0.0,-0.003431,-0.003431,0.133457,0.0,0.133458,0.133458,-1.104226,0.0,-1.104226,-1.104226,-0.018256,0.0,-0.018256,-0.018256,0.349694,0.0,0.349695,0.349695,-0.821046,1e-06,-0.821047,-0.821047,0.031663,0.0,0.031663,0.031663,0.420669,1e-06,0.420669,0.420669,-1.199859,1e-06,-1.199859,-1.199859,0.007922,0.0,0.007922,0.007922,0.33214,0.0,0.33214,0.33214,-1.156645,2e-06,-1.156643,-1.156643,0.017838,0.0,0.017838,0.017838,0.259162,0.0,0.259162,0.259162,-1.008118,0.0,-1.008117,-1.008117,0.033584,0.0,0.033584,0.033584,0.45042,0.0,0.45042,0.45042,-0.693374,1e-06,-0.693374,-0.693374,-0.004709,0.0,-0.004709,-0.004709,0.500023,0.0,0.500023,0.500023,-1.017586,0.0,-1.017586,-1.017586,-0.001536,0.0,-0.001536,-0.001536,0.435349,0.0,0.435349,0.435349,-1.022795,2e-06,-1.022793,-1.022793,0.034707,0.0,0.034707,0.034707,0.381192,0.0,0.381193,0.381193,-0.929039,1e-06,-0.92904,-0.92904,0.068081,0.0,0.068081,0.068081
20260711_215326_rdw0i7,user4,আ,output/user4/আ/আ_20260711_215326_rdw0i7.mp4,310,47,4,0.085106,0.762194,1.259727,0.009919,0.084006,0.681368,0.050248,0.0,0.0,0.0,0.0,0.0,0.0,0.0,0.0,0.0,0.0,0.0,0.0,-0.146739,0.044197,-0.247791,-0.001939,-0.415569,0.033298,-0.50992,-0.340294,-0.032658,0.010857,-0.04178,0.04294,-0.135035,0.105074,-0.352923,0.129695,-0.883865,0.03025,-0.941478,-0.807294,-0.042564,0.020442,-0.058258,0.103078,-0.024385,0.163208,-0.342923,0.286714,-1.205187,0.013241,-1.224731,-1.17111,-0.05472,0.028837,-0.077041,0.143785,0.091993,0.206544,-0.308406,0.409626,-1.385107,0.042186,-1.433759,-1.304336,-0.058364,0.037481,-0.087553,0.186855,0.08046,0.09782,-0.166721,0.320361,-0.989264,0.005543,-0.992615,-0.947295,0.011134,0.028214,-0.014067,0.216593,0.234563,0.167575,-0.179549,0.488478,-1.361008,0.023224,-1.385739,-1.192704,-0.018159,0.03382,-0.042152,0.248477,0.314919,0.217842,-0.209615,0.592852,-1.532299,0.027567,-1.572788,-1.348039,-0.040752,0.034586,-0.054606,0.236578,0.37008,0.254525,-0.224989,0.67621,-1.637076,0.031214,-1.691929,-1.467097,-0.052335,0.035085,-0.07417,0.224553,0.268207,0.088587,0.047495,0.44528,-0.868721,0.044619,-0.975611,-0.788359,0.001215,0.023908,-0.017094,0.18431,0.427569,0.154247,0.057915,0.61403,-1.226214,0.054378,-1.366003,-1.024008,-0.007703,0.03037,-0.026955,0.234565,0.490361,0.199351,0.029122,0.726751,-1.36084,0.051535,-1.46013,-1.173085,-0.020005,0.029225,-0.040774,0.210101,0.53478,0.233805,0.011419,0.829269,-1.428883,0.06456,-1.562724,-1.284353,-0.029973,0.028999,-0.056604,0.188271,0.433819,0.074033,0.256919,0.539924,-0.715036,0.085078,-0.920846,-0.606585,-0.017171,0.01984,-0.023551,0.142098,0.588935,0.137595,0.269637,0.752888,-1.042122,0.099974,-1.307067,-0.815132,-0.029209,0.026782,-0.047682,0.181742,0.627991,0.180931,0.229169,0.863812,-1.134013,0.082908,-1.360046,-0.958299,-0.010941,0.026654,-0.032426,0.189763,0.647011,0.210731,0.202543,0.937083,-1.164623,0.079992,-1.348638,-1.033208,0.002835,0.026487,-0.016489,0.188152,0.579515,0.058876,0.452002,0.659698,-0.541526,0.122247,-0.831349,-0.387927,-0.040912,0.01881,-0.054598,0.097669,0.707572,0.117774,0.453309,0.869688,-0.801987,0.147089,-1.172596,-0.552588,-0.043188,0.028821,-0.078101,0.143601,0.734156,0.156919,0.416345,0.966743,-0.862048,0.125191,-1.201114,-0.646172,-0.007044,0.032798,-0.043441,0.191123,0.738284,0.184447,0.388215,1.027018,-0.868939,0.105216,-1.161819,-0.719645,0.025211,0.034856,-0.007744,0.223881
20260711_215355_gtir0d,user4,আ,output/user4/আ/আ_20260711_215355_gtir0d.mp4,245,48,12,0.25,1.712776,3.493188,0.027505,0.125042,0.704741,0.035963,0.0,0.0,0.0,0.0,0.0,0.0,0.0,0.0,0.0,0.0,0.0,0.0,-0.159589,0.048457,-0.272781,-0.089626,-0.403487,0.041998,-0.479281,-0.334227,-0.025156,0.022396,-0.064364,0.035835,-0.16772,0.076354,-0.340471,-0.026953,-0.844375,0.039086,-0.956346,-0.775341,-0.037301,0.036433,-0.110751,0.073136,-0.068588,0.089017,-0.249663,0.162699,-1.154845,0.038165,-1.299192,-1.096378,-0.052464,0.048832,-0.161397,0.092721,0.042336,0.103845,-0.174473,0.317315,-1.336668,0.061103,-1.55819,-1.254457,-0.058901,0.062314,-0.207551,0.124529,0.078863,0.082425,-0.172649,0.230724,-0.99241,0.005514,-0.999927,-0.973019,0.000941,0.047971,-0.097606,0.133079,0.207317,0.128355,-0.149067,0.434782,-1.334956,0.01855,-1.40546,-1.318202,-0.028143,0.063494,-0.17332,0.151069,0.240406,0.157346,-0.136003,0.522142,-1.443626,0.078171,-1.565528,-1.283526,-0.044007,0.071593,-0.220283,0.153786,0.237752,0.179742,-0.12888,0.565426,-1.48552,0.153915,-1.721182,-1.164504,-0.051812,0.078674,-0.251192,0.151671,0.263185,0.069673,0.042331,0.40069,-0.86373,0.040188,-0.969292,-0.767365,-0.015195,0.047151,-0.124254,0.093746,0.400849,0.121537,0.074548,0.617304,-1.182849,0.067957,-1.426341,-1.090281,-0.03382,0.068384,-0.230247,0.138871,0.386838,0.137542,0.080384,0.665226,-1.211985,0.125837,-1.699188,-1.024886,-0.044905,0.072887,-0.258765,0.156762,0.347479,0.139185,0.083914,0.664121,-1.186329,0.193382,-1.897216,-0.89832,-0.051362,0.070631,-0.251391,0.162592,0.414084,0.05733,0.232813,0.525169,-0.685196,0.070062,-0.863721,-0.530922,-0.037218,0.046852,-0.155156,0.078027,0.544001,0.103537,0.28021,0.755595,-0.965468,0.093316,-1.28878,-0.80025,-0.057434,0.062745,-0.241639,0.114806,0.507601,0.122446,0.233729,0.773414,-0.963402,0.100147,-1.211039,-0.765761,-0.037982,0.05977,-0.21002,0.152011,0.454765,0.128458,0.19587,0.740352,-0.913452,0.129866,-1.197733,-0.669721,-0.023798,0.052985,-0.165902,0.169085,0.541813,0.04617,0.422081,0.628045,-0.471296,0.094805,-0.690405,-0.286335,-0.062179,0.048919,-0.190643,0.064433,0.637659,0.07639,0.437687,0.808659,-0.689405,0.110174,-0.957397,-0.481512,-0.07232,0.059499,-0.2408,0.111615,0.597074,0.095251,0.373968,0.81497,-0.695896,0.120113,-0.976491,-0.462308,-0.039911,0.057791,-0.199666,0.165434,0.543026,0.103835,0.326087,0.813667,-0.655632,0.139165,-0.929467,-0.404195,-0.011455,0.053978,-0.15336,0.200476
20260711_215413_4z3pac,user4,আ,output/user4/আ/আ_20260711_215413_4z3pac.mp4,299,47,7,0.148936,1.181722,2.5215,0.019854,0.08423,0.669643,0.064267,0.0,0.0,0.0,0.0,0.0,0.0,0.0,0.0,0.0,0.0,0.0,0.0,-0.182026,0.0547,-0.325783,-0.139546,-0.388736,0.046352,-0.437097,-0.255038,0.012288,0.028769,-0.057229,0.056663,-0.198055,0.117666,-0.502213,-0.094467,-0.814289,0.053067,-0.879058,-0.627835,0.017706,0.044096,-0.105089,0.086567,-0.101579,0.156446,-0.490832,0.065329,-1.120969,0.046624,-1.219017,-0.99542,0.008357,0.050777,-0.147267,0.081948,0.008106,0.17644,-0.395885,0.221519,-1.290615,0.05316,-1.444134,-1.195522,0.004366,0.057785,-0.184317,0.080999,0.022043,0.145889,-0.339988,0.161454,-0.987775,0.011789,-0.998646,-0.938595,0.048095,0.082997,-0.137829,0.170176,0.128282,0.188294,-0.335374,0.347289,-1.337227,0.044025,-1.437939,-1.287041,0.013366,0.079422,-0.175418,0.118418,0.131021,0.194721,-0.354999,0.412924,-1.395451,0.106521,-1.615246,-1.222587,-0.008105,0.066563,-0.17192,0.06547,0.10989,0.198737,-0.391944,0.430024,-1.369306,0.170101,-1.704925,-1.074782,-0.015365,0.063671,-0.171868,0.056375,0.216797,0.125125,-0.093438,0.355308,-0.908986,0.037078,-0.968784,-0.827308,0.013038,0.074836,-0.14565,0.110175,0.327444,0.153422,-0.081897,0.532067,-1.265631,0.071744,-1.423905,-1.165238,-0.013372,0.080141,-0.188366,0.084823,0.306523,0.160084,-0.098197,0.5578,-1.236932,0.068157,-1.41466,-1.140348,-0.030856,0.071662,-0.193077,0.09112,0.270043,0.161273,-0.10776,0.549031,-1.136928,0.092995,-1.444958,-0.946974,-0.034953,0.066669,-0.197771,0.091528,0.393731,0.103266,0.1419,0.516464,-0.777191,0.073421,-0.922905,-0.619343,-0.026913,0.062247,-0.150646,0.051443,0.50165,0.137066,0.142042,0.68959,-1.113604,0.103074,-1.354751,-0.928617,-0.047852,0.069318,-0.190339,0.057073,0.459142,0.148532,0.099721,0.690121,-1.068363,0.076295,-1.273225,-0.938113,-0.027959,0.063708,-0.170657,0.071624,0.410883,0.146636,0.07743,0.657822,-0.961446,0.07611,-1.289063,-0.734621,-0.009472,0.059572,-0.15827,0.078453,0.55313,0.080906,0.354215,0.643948,-0.595683,0.100928,-0.810185,-0.380745,-0.067323,0.050655,-0.163075,0.035069,0.62242,0.118693,0.323675,0.759627,-0.850159,0.119624,-1.118711,-0.607588,-0.069179,0.061594,-0.19981,0.043877,0.569268,0.130516,0.263117,0.743758,-0.824395,0.095592,-1.076038,-0.651953,-0.031244,0.063045,-0.182953,0.067188,0.514614,0.124567,0.233576,0.69894,-0.741759,0.08115,-1.03525,-0.546675,0.002378,0.063212,-0.164835,0.083211
20260711_215505_noe4fp,user4,আ,output/user4/আ/আ_20260711_215505_noe4fp.mp4,299,48,8,0.166667,1.090234,2.481333,0.019538,0.199316,0.718219,0.051221,0.0,0.0,0.0,0.0,0.0,0.0,0.0,0.0,0.0,0.0,0.0,0.0,-0.174911,0.051396,-0.259362,-0.043797,-0.429002,0.063201,-0.522471,-0.299656,-0.055214,0.022918,-0.123469,-0.00403,-0.164219,0.108136,-0.373139,0.04216,-0.883238,0.038667,-0.922683,-0.797691,-0.063567,0.040078,-0.180873,0.038442,-0.036532,0.16284,-0.380268,0.228166,-1.208493,0.021153,-1.239457,-1.132972,-0.073871,0.054107,-0.244064,0.065418,0.073134,0.210605,-0.377703,0.428314,-1.433203,0.034652,-1.482225,-1.326667,-0.076004,0.066969,-0.279228,0.09763,0.128108,0.112792,-0.091019,0.301009,-0.983353,0.012448,-0.995849,-0.953621,0.054235,0.081376,-0.042693,0.243981,0.259208,0.163636,-0.068839,0.531588,-1.358007,0.051932,-1.442224,-1.224096,0.032728,0.101475,-0.111347,0.283891,0.280821,0.172102,-0.051303,0.627558,-1.517644,0.095389,-1.636952,-1.052229,0.013399,0.105931,-0.218559,0.277026,0.282997,0.177026,-0.031373,0.682817,-1.598572,0.135622,-1.732068,-0.886938,0.001008,0.107316,-0.262613,0.266077,0.310382,0.092288,0.125589,0.433884,-0.839604,0.053239,-0.935878,-0.752589,0.05231,0.074048,-0.04837,0.224736,0.46255,0.14258,0.185942,0.715738,-1.217787,0.081485,-1.330628,-1.019238,0.026238,0.086918,-0.130184,0.240319,0.414536,0.109339,0.220476,0.630809,-1.251618,0.142193,-1.445031,-0.8163,0.004232,0.082252,-0.202413,0.196056,0.36164,0.073781,0.230679,0.529545,-1.20146,0.207489,-1.561726,-0.646139,-0.001212,0.077985,-0.198635,0.17548,0.449431,0.068873,0.310804,0.552453,-0.654899,0.093611,-0.826064,-0.500639,0.035509,0.064288,-0.05142,0.188588,0.597107,0.1112,0.391003,0.794186,-0.994138,0.115473,-1.142853,-0.794696,-0.003444,0.071195,-0.145071,0.164166,0.519294,0.077294,0.406987,0.700722,-0.999891,0.171792,-1.284991,-0.612962,0.003584,0.062849,-0.126644,0.142856,0.452674,0.049304,0.301374,0.59901,-0.933178,0.229218,-1.380337,-0.458186,0.019371,0.054909,-0.103694,0.143247,0.568672,0.045491,0.476431,0.643277,-0.432872,0.134849,-0.694711,-0.231578,0.012777,0.057027,-0.07743,0.150775,0.660485,0.067975,0.551965,0.794144,-0.698189,0.159202,-0.97119,-0.474162,-0.014662,0.0634,-0.140921,0.137643,0.59084,0.052947,0.472622,0.720993,-0.723285,0.194728,-1.086404,-0.426484,0.004009,0.062348,-0.13341,0.153751,0.525309,0.04688,0.391196,0.630427,-0.677745,0.235434,-1.159173,-0.319147,0.027067,0.060507,-0.113231,0.174431
20260711_215527_oaoi6c,user4,আ,output/user4/আ/আ_20260711_215527_oaoi6c.mp4,409,47,6,0.12766,1.060024,1.947149,0.015332,0.048308,0.708396,0.071682,0.0,0.0,0.0,0.0,0.0,0.0,0.0,0.0,0.0,0.0,0.0,0.0,-0.102694,0.043072,-0.20053,-0.032423,-0.470418,0.054,-0.529105,-0.336752,-0.003839,0.057314,-0.071957,0.10897,-0.070572,0.092279,-0.357705,0.020192,-0.89791,0.069607,-0.994847,-0.700752,-0.006135,0.087809,-0.126922,0.151918,0.048777,0.136815,-0.402721,0.153892,-1.200207,0.070413,-1.310875,-1.014554,-0.025037,0.109072,-0.178223,0.152659,0.18412,0.156898,-0.340228,0.316519,-1.398645,0.077292,-1.524424,-1.217293,-0.038531,0.127761,-0.226681,0.151394,0.156456,0.072538,-0.07275,0.25027,-0.982428,0.007229,-0.99735,-0.968143,0.099408,0.086655,-0.100453,0.230459,0.296477,0.110405,-0.065375,0.456435,-1.318761,0.019734,-1.353051,-1.299363,0.062733,0.118481,-0.179815,0.277448,0.334284,0.138087,-0.143416,0.543086,-1.428973,0.050507,-1.511571,-1.277793,0.021948,0.131308,-0.217106,0.280281,0.358747,0.161257,-0.201436,0.591068,-1.479964,0.119713,-1.64785,-1.14029,-0.006098,0.134918,-0.236805,0.276532,0.315063,0.073094,0.072069,0.415296,-0.828492,0.035632,-0.947431,-0.74483,0.063369,0.073948,-0.1157,0.217105,0.476154,0.122988,0.061486,0.694894,-1.167727,0.042587,-1.253985,-1.063614,0.020163,0.105871,-0.200023,0.253847,0.448854,0.135581,-0.021619,0.642179,-1.177642,0.085122,-1.349908,-1.020487,-0.019416,0.105578,-0.216714,0.233027,0.405753,0.145463,-0.067156,0.562269,-1.129379,0.168072,-1.491922,-0.911894,-0.037483,0.097302,-0.207084,0.228917,0.442262,0.069706,0.209153,0.535724,-0.63256,0.067587,-0.853801,-0.471878,0.015136,0.068015,-0.137783,0.184743,0.606711,0.120967,0.191882,0.80824,-0.944702,0.073694,-1.108352,-0.750334,-0.035279,0.094224,-0.216743,0.202931,0.54966,0.129356,0.106178,0.722439,-0.911442,0.086629,-1.112865,-0.702608,-0.021895,0.088199,-0.17832,0.204218,0.494034,0.13653,0.062353,0.651417,-0.829584,0.143301,-1.225869,-0.598318,-0.000788,0.07723,-0.133454,0.21231,0.549993,0.064742,0.337051,0.612802,-0.396647,0.096861,-0.71464,-0.174764,-0.035151,0.068525,-0.164563,0.146062,0.661974,0.105276,0.301688,0.79368,-0.643553,0.103086,-0.914219,-0.37444,-0.062965,0.089372,-0.224156,0.159284,0.605274,0.115427,0.218175,0.724693,-0.630221,0.096281,-0.818043,-0.361706,-0.029074,0.090028,-0.189942,0.176027,0.549192,0.116491,0.184457,0.725579,-0.562012,0.11916,-0.903853,-0.283516,0.004488,0.085095,-0.148397,0.193349
20260711_215554_41w3p4,user4,আ,output/user4/আ/আ_20260711_215554_41w3p4.mp4,368,47,5,0.106383,0.711584,1.240845,0.00977,0.044174,0.768028,0.04863,0.0,0.0,0.0,0.0,0.0,0.0,0.0,0.0,0.0,0.0,0.0,0.0,-0.057971,0.013294,-0.124098,-0.010092,-0.472224,0.015212,-0.496657,-0.414743,-0.00625,0.036879,-0.121808,0.047155,0.037593,0.033758,-0.012957,0.191148,-0.935005,0.011095,-0.976396,-0.928393,-0.006389,0.050518,-0.160997,0.067648,0.193172,0.068114,0.158559,0.450966,-1.253098,0.026315,-1.298348,-1.204714,-0.00887,0.058042,-0.186473,0.076229,0.339657,0.089116,0.284616,0.646519,-1.4452,0.062909,-1.54741,-1.327733,-0.002771,0.06518,-0.207818,0.091363,0.244446,0.023076,0.221905,0.363391,-0.96923,0.00684,-0.975067,-0.931637,0.00714,0.026755,-0.053343,0.04654,0.434534,0.047791,0.392501,0.618443,-1.325013,0.032302,-1.370032,-1.179708,0.001548,0.045732,-0.125133,0.068443,0.519443,0.076445,0.485597,0.819047,-1.469578,0.059361,-1.570061,-1.339552,0.012097,0.063278,-0.193352,0.099503,0.566159,0.10888,0.484932,0.987547,-1.55019,0.09901,-1.712756,-1.378701,0.022936,0.076508,-0.244781,0.1254,0.410253,0.021832,0.380858,0.507349,-0.790392,0.032358,-0.820808,-0.65833,-0.007531,0.015099,-0.046088,0.013582,0.619612,0.04611,0.563736,0.77537,-1.140717,0.063319,-1.210385,-0.860309,0.001559,0.032858,-0.094991,0.048659,0.666927,0.07217,0.596053,0.901776,-1.23227,0.079198,-1.350328,-0.916777,0.013003,0.043363,-0.137951,0.064437,0.677951,0.110526,0.509965,1.031126,-1.257886,0.105982,-1.423187,-0.938792,0.021591,0.050982,-0.17582,0.072787,0.54455,0.018256,0.514259,0.600936,-0.56646,0.052824,-0.619379,-0.353093,-0.023944,0.008888,-0.049838,-0.013055,0.756665,0.040598,0.697438,0.876554,-0.887759,0.088938,-0.986734,-0.517839,-0.012395,0.031525,-0.139894,0.026487,0.763693,0.064355,0.647444,0.979839,-0.954367,0.101862,-1.09886,-0.560434,0.027186,0.036313,-0.134495,0.06353,0.744763,0.099321,0.531104,1.073379,-0.957457,0.120105,-1.14692,-0.572344,0.053233,0.037041,-0.111548,0.081151,0.647986,0.014161,0.623735,0.670721,-0.31725,0.069167,-0.390417,-0.025984,-0.041734,0.007746,-0.082425,-0.035229,0.817743,0.031958,0.771942,0.908463,-0.569011,0.102497,-0.697557,-0.169499,-0.01864,0.030203,-0.155175,0.015176,0.80471,0.054658,0.709048,1.00659,-0.637321,0.114291,-0.797102,-0.205966,0.033296,0.036926,-0.140817,0.071053,0.766039,0.082498,0.600695,1.07137,-0.641149,0.120787,-0.824839,-0.221154,0.07447,0.039735,-0.115563,0.110466
20260711_215623_q6sua3,user4,আ,output/user4/আ/আ_20260711_215623_q6sua3.mp4,390,47,5,0.106383,1.494159,2.289067,0.018024,0.091095,0.500619,0.1886,0.0,0.0,0.0,0.0,0.0,0.0,0.0,0.0,0.0,0.0,0.0,0.0,-0.075043,0.089569,-0.141957,0.326824,-0.398993,0.065161,-0.462853,-0.087004,-0.106041,0.064497,-0.185145,0.088164,-0.023143,0.144483,-0.152896,0.552708,-0.834943,0.092058,-0.91546,-0.364429,-0.124982,0.072864,-0.214771,0.1797,0.070303,0.171725,-0.102707,0.705918,-1.150044,0.117028,-1.240339,-0.56281,-0.135862,0.074755,-0.237254,0.238667,0.169895,0.186533,-0.015948,0.78654,-1.361651,0.136242,-1.467849,-0.715468,-0.135682,0.08942,-0.248607,0.294483,0.280117,0.138648,0.137906,0.555799,-0.93385,0.064623,-0.990445,-0.717181,0.039929,0.053089,-0.008715,0.303055,0.445721,0.208728,0.174159,0.815424,-1.220806,0.100844,-1.324429,-1.009704,-0.00312,0.102648,-0.103435,0.340999,0.482803,0.312261,0.060231,0.963091,-1.28538,0.052488,-1.377416,-1.181203,-0.050044,0.128405,-0.164653,0.324761,0.493959,0.398461,-0.035864,1.047069,-1.285088,0.113831,-1.558315,-1.173597,-0.075031,0.139019,-0.202059,0.309168,0.393625,0.097972,0.271908,0.588447,-0.817606,0.05225,-0.892173,-0.735397,0.072482,0.082107,-0.024347,0.248337,0.544924,0.174394,0.258261,0.83078,-1.13607,0.083656,-1.245253,-0.986579,0.024681,0.16326,-0.138534,0.342691,0.515361,0.262204,0.09685,0.939632,-1.139483,0.092935,-1.370955,-0.993203,-0.026202,0.180561,-0.203302,0.346086,0.483951,0.31863,0.014744,1.013607,-1.094314,0.226256,-1.587275,-0.871885,-0.045074,0.176843,-0.223616,0.334301,0.473215,0.071484,0.226226,0.579707,-0.683522,0.073546,-0.926522,-0.504466,0.08534,0.13419,-0.055549,0.337777,0.611403,0.138068,0.347003,0.791055,-0.967234,0.102989,-1.210906,-0.704989,0.029377,0.204139,-0.164624,0.448185,0.552935,0.195525,0.225494,0.886954,-0.943284,0.155016,-1.355964,-0.633183,0.012432,0.195254,-0.172891,0.422111,0.498551,0.233816,0.151684,0.946753,-0.88081,0.263812,-1.496072,-0.550475,0.021734,0.174788,-0.153323,0.392015,0.53412,0.086858,0.09432,0.597536,-0.534756,0.125747,-0.995542,-0.269819,0.088395,0.187173,-0.093521,0.446015,0.630344,0.114339,0.194125,0.739225,-0.759135,0.14807,-1.261032,-0.427833,0.046845,0.237757,-0.181065,0.527339,0.587362,0.146626,0.27714,0.842009,-0.7632,0.209243,-1.400861,-0.385292,0.047433,0.234538,-0.179044,0.527302,0.551771,0.178557,0.32076,0.922146,-0.720347,0.291296,-1.502647,-0.315257,0.064385,0.222047,-0.155775,0.521873
20260711_215646_y25z4x,user4,আ,output/user4/আ/আ_20260711_215646_y25z4x.mp4,402,47,7,0.148936,1.727721,3.080498,0.024256,0.173469,0.699903,0.083601,0.0,0.0,0.0,0.0,0.0,0.0,0.0,0.0,0.0,0.0,0.0,0.0,-0.110577,0.077208,-0.187659,0.064296,-0.42487,0.055154,-0.482987,-0.334996,-0.022389,0.026622,-0.085178,0.026732,-0.051673,0.159557,-0.238492,0.263854,-0.881698,0.052902,-0.967029,-0.794916,-0.025412,0.044115,-0.128173,0.059838,0.080685,0.216616,-0.196985,0.496402,-1.183646,0.039124,-1.287562,-1.083086,-0.045973,0.056845,-0.176411,0.068321,0.205184,0.268339,-0.182289,0.700971,-1.363552,0.100883,-1.537642,-1.112477,-0.059676,0.068642,-0.218433,0.082028,0.206032,0.20815,-0.042462,0.64017,-0.950397,0.065137,-0.999989,-0.768234,0.075109,0.060266,-0.051138,0.212598,0.347971,0.268057,0.017325,0.913873,-1.28811,0.124567,-1.509467,-0.965109,0.015351,0.059512,-0.087455,0.157434,0.338571,0.259916,-0.024399,0.861918,-1.414126,0.190406,-1.710497,-0.994453,-0.024282,0.053532,-0.115731,0.134022,0.304117,0.240047,-0.078969,0.743411,-1.459927,0.259867,-1.791334,-0.943111,-0.040505,0.051768,-0.14629,0.121076,0.364682,0.190369,0.145096,0.725129,-0.813603,0.110438,-0.908405,-0.51375,0.046772,0.051512,-0.066865,0.157939,0.503562,0.258859,0.135663,1.021453,-1.160444,0.148387,-1.386773,-0.744272,-0.021769,0.053969,-0.094234,0.129221,0.436064,0.247411,0.036904,0.872576,-1.167508,0.156682,-1.482474,-0.774006,-0.058102,0.054983,-0.131607,0.103533,0.372454,0.230053,-0.03451,0.711823,-1.091002,0.18498,-1.445812,-0.683212,-0.061291,0.051366,-0.134502,0.088036,0.503889,0.168973,0.273173,0.768151,-0.63408,0.156427,-0.790295,-0.2245,0.003531,0.040269,-0.082082,0.088364,0.621191,0.244128,0.231945,1.048075,-0.941973,0.178046,-1.156319,-0.450287,-0.069181,0.046779,-0.141209,0.080774,0.524278,0.237395,0.117224,0.887398,-0.919007,0.155251,-1.164595,-0.488902,-0.062171,0.047801,-0.13274,0.084496,0.445299,0.222101,0.041334,0.728603,-0.822894,0.170418,-1.130117,-0.399696,-0.032673,0.040374,-0.086999,0.089628,0.632234,0.141809,0.408287,0.817433,-0.416674,0.207525,-0.638295,0.108363,-0.043431,0.031314,-0.097676,0.038098,0.712572,0.192575,0.377288,0.984005,-0.685977,0.240145,-0.900314,-0.053529,-0.083652,0.03625,-0.159929,0.044289,0.624684,0.196826,0.276054,0.898928,-0.74293,0.230934,-0.989808,-0.142449,-0.058171,0.039973,-0.138581,0.069547,0.538113,0.191963,0.183482,0.780808,-0.723005,0.238327,-1.053028,-0.125873,-0.022739,0.041126,-0.102344,0.092053
20260711_215701_i0we24,user4,আ,output/user4/আ/আ_20260711_215701_i0we24.mp4,212,47,7,0.148936,1.292565,2.440129,0.019214,0.110097,0.743751,0.015411,0.0,0.0,0.0,0.0,0.0,0.0,0.0,0.0,0.0,0.0,0.0,0.0,-0.07447,0.060109,-0.15509,0.045482,-0.463286,0.028647,-0.560566,-0.410119,0.006596,0.025752,-0.081546,0.071045,0.013527,0.091928,-0.081896,0.212449,-0.896234,0.031594,-1.00899,-0.837872,0.021073,0.042837,-0.136071,0.103554,0.15767,0.105814,0.038679,0.395708,-1.167619,0.05417,-1.28569,-1.051197,0.026936,0.060146,-0.19431,0.115078,0.295435,0.114812,0.164094,0.544007,-1.302786,0.083543,-1.498223,-1.119486,0.041854,0.077836,-0.239392,0.128009,0.284328,0.079508,0.190569,0.439811,-0.953758,0.02515,-0.981673,-0.89809,0.066256,0.048221,-0.057395,0.261862,0.461602,0.097493,0.340357,0.655886,-1.248438,0.07074,-1.351315,-1.126154,0.056125,0.076293,-0.172217,0.31822,0.500573,0.09804,0.360041,0.724523,-1.325684,0.119549,-1.508961,-1.095107,0.048181,0.089279,-0.232068,0.30687,0.503755,0.115012,0.355666,0.825822,-1.342802,0.16019,-1.589904,-1.027918,0.046909,0.095749,-0.25853,0.29088,0.44174,0.054124,0.37119,0.535236,-0.770348,0.039477,-0.819229,-0.666287,0.044479,0.050775,-0.071975,0.263147,0.635846,0.056633,0.563967,0.727341,-1.044438,0.081368,-1.165487,-0.90472,0.043631,0.085578,-0.20534,0.34165,0.630908,0.073604,0.532402,0.865758,-1.075432,0.117906,-1.275445,-0.824648,0.034528,0.092061,-0.246115,0.308379,0.600789,0.116431,0.39965,0.980642,-1.054824,0.150241,-1.311529,-0.6932,0.031963,0.090014,-0.244679,0.269781,0.556466,0.031427,0.515362,0.60527,-0.550245,0.049877,-0.613014,-0.409601,0.017556,0.054649,-0.104048,0.242807,0.752201,0.035811,0.709016,0.842437,-0.791196,0.090796,-0.935505,-0.614098,0.014395,0.086979,-0.232697,0.29817,0.729266,0.070761,0.574126,0.966944,-0.816703,0.117689,-1.019018,-0.551954,0.037092,0.086815,-0.212793,0.293294,0.691056,0.11582,0.443975,1.070567,-0.793973,0.138046,-1.027671,-0.446959,0.054187,0.078492,-0.169485,0.276041,0.637069,0.01881,0.587782,0.695123,-0.304019,0.062396,-0.383189,-0.133257,-0.009843,0.059712,-0.141739,0.215484,0.794449,0.031449,0.706497,0.903862,-0.488647,0.093097,-0.639064,-0.293513,0.003499,0.088642,-0.238097,0.277728,0.776956,0.073246,0.570071,1.011889,-0.522373,0.109092,-0.71713,-0.28077,0.045782,0.095527,-0.221998,0.316674,0.744641,0.110176,0.470409,1.0964,-0.51431,0.119922,-0.728596,-0.21209,0.080103,0.094131,-0.185798,0.334872
20260711_215719_fym8k2,user4,আ,output/user4/আ/আ_20260711_215719_fym8k2.mp4,300,48,8,0.166667,1.593309,2.148468,0.016917,0.099527,0.6923,0.062626,0.0,0.0,0.0,0.0,0.0,0.0,0.0,0.0,0.0,0.0,0.0,0.0,-0.125716,0.078889,-0.260712,-0.003787,-0.397939,0.067243,-0.542625,-0.27262,-0.064355,0.017237,-0.137548,-0.029451,-0.095786,0.149386,-0.385658,0.125284,-0.854999,0.07799,-1.050144,-0.740138,-0.086582,0.022479,-0.185473,-0.013547,0.031678,0.186253,-0.360212,0.340711,-1.175325,0.084533,-1.425575,-1.038652,-0.117376,0.027582,-0.223144,-0.007825,0.165806,0.228629,-0.279716,0.561257,-1.380445,0.092852,-1.622404,-1.093579,-0.146093,0.034312,-0.251884,0.008258,0.146787,0.132622,-0.18447,0.39731,-0.977387,0.018753,-0.997399,-0.917685,0.032937,0.081618,-0.207522,0.201869,0.272858,0.17679,-0.101271,0.591116,-1.279514,0.052503,-1.418756,-1.157755,-0.037192,0.100538,-0.309052,0.216881,0.347281,0.213066,-0.062279,0.67536,-1.442704,0.078815,-1.614111,-1.181889,-0.091108,0.104092,-0.347806,0.182005,0.420126,0.23996,-0.016093,0.77839,-1.551826,0.101104,-1.702219,-1.173346,-0.129392,0.101082,-0.360087,0.152818,0.302073,0.107773,0.024567,0.525367,-0.834525,0.064819,-0.961311,-0.696938,0.013083,0.081597,-0.232878,0.201112,0.431125,0.180247,0.076988,0.727523,-1.127562,0.084098,-1.271077,-0.890486,-0.102809,0.0893,-0.305832,0.240161,0.381477,0.243761,0.051714,0.827577,-1.053339,0.114851,-1.373625,-0.868371,-0.160942,0.089594,-0.323492,0.197347,0.343629,0.295289,0.053229,0.961764,-0.935301,0.195086,-1.467216,-0.733211,-0.171123,0.088119,-0.333828,0.156876,0.433033,0.0808,0.220782,0.598454,-0.653935,0.110315,-0.886493,-0.470093,-0.0232,0.077849,-0.251289,0.180551,0.533946,0.16112,0.247639,0.805066,-0.907872,0.125824,-1.14925,-0.597953,-0.150641,0.087109,-0.316442,0.218623,0.453997,0.238159,0.181594,0.972541,-0.804957,0.106123,-1.042531,-0.545276,-0.158895,0.088446,-0.305501,0.234103,0.400907,0.294192,0.165482,1.090262,-0.673121,0.172497,-1.140918,-0.478169,-0.129064,0.086564,-0.295062,0.23516,0.548994,0.053304,0.409423,0.645082,-0.435014,0.150171,-0.76638,-0.200237,-0.064297,0.074148,-0.265894,0.150394,0.600502,0.131496,0.392993,0.847396,-0.655511,0.171556,-0.987566,-0.287002,-0.159093,0.084846,-0.319816,0.202684,0.526612,0.202809,0.316471,0.992591,-0.603418,0.115772,-0.849165,-0.266577,-0.15544,0.087351,-0.301021,0.25848,0.476222,0.251048,0.275224,1.084599,-0.503514,0.114707,-0.76108,-0.235882,-0.128602,0.085986,-0.277415,0.293482
20260711_215732_e3wli4,user4,আ,output/user4/আ/আ_20260711_215732_e3wli4.mp4,202,48,17,0.354167,3.879674,6.59491,0.051928,0.191899,0.602367,0.127064,0.0,0.0,0.0,0.0,0.0,0.0,0.0,0.0,0.0,0.0,0.0,0.0,-0.162544,0.122125,-0.310974,0.205766,-0.373174,0.070745,-0.476268,-0.225923,-0.053908,0.058249,-0.176215,0.072688,-0.185539,0.225857,-0.477952,0.357402,-0.79078,0.100511,-0.944455,-0.536547,-0.078571,0.089507,-0.273366,0.100474,-0.11024,0.301578,-0.555785,0.468748,-1.089476,0.122417,-1.283631,-0.772511,-0.102018,0.106226,-0.333513,0.082062,-0.015175,0.358876,-0.617528,0.694751,-1.287359,0.136575,-1.49865,-0.967778,-0.117894,0.122696,-0.385687,0.093317,0.105521,0.195374,-0.199333,0.492109,-0.969491,0.035278,-0.999134,-0.870532,-0.013161,0.109324,-0.249486,0.228499,0.221572,0.312535,-0.272133,0.846061,-1.28626,0.094333,-1.421328,-1.000598,-0.065158,0.124974,-0.335397,0.233993,0.255735,0.397731,-0.366954,1.071575,-1.385461,0.162779,-1.59703,-1.022563,-0.10631,0.133465,-0.387622,0.219994,0.272704,0.460224,-0.410182,1.243102,-1.426271,0.235932,-1.68867,-0.849573,-0.129325,0.139478,-0.41904,0.204122,0.263813,0.167746,-0.029912,0.598563,-0.864899,0.089485,-0.982974,-0.620958,-0.015007,0.081639,-0.179971,0.177146,0.363481,0.282825,-0.145952,0.918479,-1.147284,0.123322,-1.329931,-0.73829,-0.055806,0.103363,-0.230093,0.217631,0.347224,0.324927,-0.248444,1.052971,-1.165174,0.173689,-1.491229,-0.717965,-0.079613,0.108575,-0.28536,0.193165,0.32999,0.333322,-0.254507,1.182019,-1.144797,0.249963,-1.528426,-0.680448,-0.089475,0.107467,-0.29414,0.169355,0.385087,0.141226,0.123576,0.646138,-0.725856,0.145042,-0.97927,-0.354528,-0.027854,0.061611,-0.159018,0.133548,0.475297,0.246356,-0.01311,0.928095,-0.96755,0.1643,-1.249566,-0.451931,-0.069691,0.094931,-0.280111,0.171157,0.444262,0.271505,-0.111216,0.881518,-0.965984,0.187365,-1.356683,-0.437913,-0.057442,0.094727,-0.257766,0.172256,0.420446,0.265172,-0.106645,0.851778,-0.930879,0.250343,-1.438269,-0.402315,-0.040977,0.085567,-0.205424,0.161404,0.489096,0.127894,0.082473,0.666725,-0.559019,0.191653,-0.955473,-0.094256,-0.045776,0.06124,-0.212022,0.08368,0.554612,0.21018,0.109652,0.882898,-0.756313,0.196852,-1.183288,-0.192464,-0.071362,0.090826,-0.314807,0.123963,0.527086,0.238863,0.014285,0.897002,-0.762775,0.190327,-1.293395,-0.185576,-0.046884,0.092849,-0.281709,0.153956,0.507967,0.234165,0.030382,0.8971,-0.73939,0.219999,-1.377956,-0.156898,-0.019375,0.087514,-0.229915,0.170519
20260711_215746_pw5glc,user4,আ,output/user4/আ/আ_20260711_215746_pw5glc.mp4,229,48,16,0.333333,2.449921,5.837085,0.045961,0.201864,0.713799,0.093448,0.0,0.0,0.0,0.0,0.0,0.0,0.0,0.0,0.0,0.0,0.0,0.0,-0.157452,0.063295,-0.236986,-0.018254,-0.422649,0.054191,-0.501734,-0.316932,-0.02019,0.048866,-0.132613,0.079819,-0.151908,0.128082,-0.289671,0.113339,-0.884543,0.057719,-0.951632,-0.754405,-0.032348,0.074706,-0.168427,0.135856,-0.031891,0.175203,-0.247509,0.345491,-1.218547,0.075674,-1.313176,-1.009877,-0.05004,0.090673,-0.201086,0.163063,0.090562,0.202504,-0.202613,0.537022,-1.43029,0.079685,-1.558991,-1.192539,-0.061007,0.105515,-0.226867,0.203357,0.107638,0.091025,-0.007083,0.414239,-0.989173,0.01795,-0.999958,-0.910168,-0.014362,0.119098,-0.15682,0.300695,0.240294,0.158604,-0.017291,0.636005,-1.361934,0.077197,-1.45597,-1.110565,-0.060039,0.117085,-0.201086,0.281948,0.260909,0.22403,-0.096821,0.760533,-1.457249,0.147932,-1.662867,-1.014222,-0.077197,0.106819,-0.220653,0.229962,0.259073,0.275513,-0.151141,0.860427,-1.478989,0.216651,-1.786043,-0.831719,-0.081908,0.105469,-0.244142,0.189883,0.296214,0.083115,0.161454,0.526185,-0.861284,0.05941,-0.948656,-0.683999,-0.036572,0.100695,-0.188806,0.225581,0.444523,0.187032,0.125573,0.763418,-1.225452,0.081883,-1.362836,-0.870242,-0.08328,0.097783,-0.257252,0.183477,0.400542,0.222129,0.013631,0.780982,-1.206872,0.13711,-1.42233,-0.872233,-0.095461,0.086853,-0.22335,0.146045,0.346616,0.231614,-0.027188,0.798472,-1.125539,0.195875,-1.516716,-0.677876,-0.092856,0.082781,-0.199975,0.151801,0.455888,0.075537,0.308405,0.600142,-0.688347,0.105517,-0.857181,-0.435404,-0.063535,0.077417,-0.206714,0.131113,0.582761,0.177273,0.254865,0.830762,-1.003424,0.113829,-1.160883,-0.562539,-0.108122,0.076592,-0.243287,0.092083,0.510262,0.205926,0.124315,0.769765,-0.950895,0.149163,-1.271837,-0.512217,-0.080224,0.070769,-0.197986,0.127158,0.443773,0.207103,0.092762,0.724217,-0.850782,0.204197,-1.3762,-0.452361,-0.051197,0.065303,-0.132104,0.145069,0.593426,0.063027,0.456261,0.668326,-0.479486,0.141323,-0.718219,-0.172937,-0.092023,0.059798,-0.219325,0.062354,0.670045,0.144811,0.368078,0.830206,-0.728951,0.154058,-0.940918,-0.288351,-0.11586,0.065556,-0.218079,0.055971,0.599202,0.179386,0.236737,0.802487,-0.70178,0.158646,-1.051945,-0.269607,-0.078488,0.067347,-0.195043,0.104826,0.534601,0.180184,0.201395,0.742133,-0.624112,0.187264,-1.138608,-0.239161,-0.041521,0.067048,-0.135954,0.14337
20260711_215803_gtb1nz,user4,আ,output/user4/আ/আ_20260711_215803_gtb1nz.mp4,255,47,23,0.489362,5.217501,10.578017,0.083291,0.387999,0.68774,0.100337,0.0,0.0,0.0,0.0,0.0,0.0,0.0,0.0,0.0,0.0,0.0,0.0,-0.132703,0.07084,-0.316464,-0.022852,-0.39644,0.097184,-0.538879,-0.087742,-0.020655,0.053229,-0.124638,0.154702,-0.105293,0.148106,-0.504336,0.096072,-0.840078,0.125624,-0.999433,-0.325596,-0.030863,0.082023,-0.213466,0.233615,0.005335,0.225086,-0.572671,0.35272,-1.147213,0.126951,-1.327883,-0.57759,-0.052534,0.104057,-0.32165,0.247999,0.113798,0.274196,-0.572388,0.56775,-1.356251,0.116127,-1.543349,-0.812247,-0.069796,0.12432,-0.427779,0.241639,0.180283,0.138481,-0.245149,0.374789,-0.958221,0.053284,-0.998164,-0.655229,0.034078,0.112225,-0.173664,0.473999,0.325014,0.196712,-0.267276,0.638141,-1.302756,0.071354,-1.410817,-0.959503,-0.021576,0.163152,-0.341756,0.65481,0.33896,0.238972,-0.291444,0.808748,-1.441384,0.103464,-1.633294,-1.15498,-0.060588,0.190662,-0.45313,0.735092,0.33818,0.274877,-0.293949,0.92625,-1.516903,0.162304,-1.769227,-1.119767,-0.079423,0.204935,-0.507787,0.776054,0.342713,0.123772,-0.01498,0.505567,-0.825473,0.071382,-0.992526,-0.696934,0.006028,0.104714,-0.232194,0.386131,0.492582,0.197308,-0.007722,0.837285,-1.16067,0.094873,-1.434472,-0.975702,-0.042589,0.165933,-0.375257,0.629943,0.439325,0.234693,-0.03961,0.962995,-1.197375,0.15858,-1.687616,-0.941528,-0.064615,0.181204,-0.450059,0.688314,0.396248,0.255472,-0.096159,1.032861,-1.174696,0.240095,-1.855028,-0.758579,-0.065964,0.180532,-0.468042,0.697917,0.479131,0.102713,0.212433,0.622656,-0.655025,0.132756,-0.954026,-0.423715,-0.033096,0.096745,-0.270817,0.285735,0.612617,0.16494,0.24781,0.913386,-0.948177,0.158782,-1.374831,-0.70746,-0.084388,0.150788,-0.389546,0.498055,0.529378,0.205307,0.088726,0.981325,-0.943401,0.216089,-1.624269,-0.673165,-0.062255,0.149955,-0.381691,0.548765,0.470429,0.225699,0.028372,1.028249,-0.890453,0.2898,-1.779777,-0.493683,-0.031627,0.137204,-0.343941,0.545054,0.597352,0.078564,0.37903,0.724589,-0.45434,0.200966,-0.925263,-0.139071,-0.075872,0.091669,-0.300444,0.181015,0.691198,0.122727,0.401542,0.97598,-0.702945,0.228369,-1.263715,-0.358562,-0.104987,0.127802,-0.390536,0.322899,0.611761,0.162788,0.254244,1.072873,-0.717886,0.2677,-1.480227,-0.437529,-0.068773,0.131213,-0.378948,0.393261,0.548315,0.182917,0.183281,1.104377,-0.677453,0.313614,-1.601451,-0.333975,-0.028912,0.127047,-0.34671,0.429881
20260711_215826_09me7o,user4,আ,output/user4/আ/আ_20260711_215826_09me7o.mp4,421,47,14,0.297872,2.219974,3.618898,0.028495,0.170437,0.781903,0.08765,0.0,0.0,0.0,0.0,0.0,0.0,0.0,0.0,0.0,0.0,0.0,0.0,-0.073568,0.050468,-0.149627,0.05575,-0.473734,0.045875,-0.563466,-0.42604,-0.008288,0.027535,-0.046333,0.093932,0.042409,0.098696,-0.097343,0.220537,-0.94124,0.031923,-0.998473,-0.809283,-0.009485,0.05372,-0.076455,0.199908,0.234142,0.134959,0.043853,0.509916,-1.226257,0.057716,-1.31996,-1.035751,-0.016826,0.073008,-0.112996,0.27871,0.394136,0.15662,0.14324,0.73048,-1.39145,0.082424,-1.529951,-1.212879,-0.015913,0.089782,-0.141854,0.359504,0.30196,0.119036,0.149419,0.530612,-0.94376,0.044395,-0.98877,-0.847455,0.015311,0.106021,-0.113694,0.333799,0.562617,0.142185,0.347053,0.852886,-1.257528,0.083223,-1.361423,-1.072432,-0.010286,0.128925,-0.142107,0.403315,0.629437,0.189694,0.276195,1.057089,-1.37915,0.079092,-1.460109,-1.141138,-0.019893,0.126968,-0.129652,0.411942,0.639983,0.244652,0.193856,1.190622,-1.439897,0.085847,-1.541008,-1.130006,-0.019374,0.123006,-0.12724,0.414114,0.452504,0.101703,0.315195,0.627524,-0.74142,0.071253,-0.848007,-0.583589,-0.003357,0.098814,-0.115778,0.2895,0.713744,0.125741,0.500694,0.964303,-1.025493,0.10476,-1.17005,-0.805993,-0.008523,0.120835,-0.120369,0.362939,0.735875,0.156683,0.38092,1.088747,-1.087601,0.092064,-1.274171,-0.890427,-0.01113,0.112152,-0.094186,0.341418,0.719812,0.188365,0.27881,1.176086,-1.091405,0.101461,-1.420598,-0.833506,-0.01156,0.10505,-0.100531,0.324788,0.571287,0.078165,0.432346,0.715599,-0.509607,0.105255,-0.693994,-0.274328,-0.026397,0.087803,-0.115805,0.232458,0.812292,0.09689,0.657832,1.004552,-0.762854,0.140151,-0.994249,-0.436185,-0.030123,0.106038,-0.117968,0.284741,0.808996,0.12086,0.517981,1.067094,-0.80978,0.135734,-1.074017,-0.547567,-0.001484,0.095319,-0.091128,0.278159,0.774566,0.151885,0.39751,1.129462,-0.800186,0.149889,-1.237161,-0.530221,0.018332,0.086378,-0.078282,0.270499,0.666761,0.054598,0.525052,0.824085,-0.261137,0.13692,-0.507112,0.0468,-0.051681,0.078701,-0.119167,0.177143,0.860415,0.06139,0.702786,1.026273,-0.471422,0.168366,-0.77755,-0.069729,-0.046202,0.095525,-0.121874,0.226137,0.856439,0.084948,0.666511,1.122163,-0.527035,0.174523,-0.888609,-0.158847,-0.005415,0.094209,-0.111111,0.252538,0.821271,0.115068,0.554694,1.167082,-0.531523,0.187484,-0.931034,-0.191088,0.028885,0.091601,-0.092137,0.274668
20260711_215850_2a6qfe,user4,আ,output/user4/আ/আ_20260711_215850_2a6qfe.mp4,423,47,14,0.297872,3.001044,4.48624,0.035325,0.219365,0.816815,0.095345,0.0,0.0,0.0,0.0,0.0,0.0,0.0,0.0,0.0,0.0,0.0,0.0,-0.017294,0.11682,-0.222165,0.205666,-0.47972,0.065079,-0.602784,-0.386702,-0.01802,0.05317,-0.118483,0.153902,0.140979,0.220098,-0.285528,0.519432,-0.880652,0.103888,-1.052598,-0.669373,-0.026759,0.081898,-0.182829,0.240683,0.350289,0.268648,-0.195572,0.810109,-1.11622,0.145218,-1.337299,-0.774432,-0.044741,0.09787,-0.230508,0.256411,0.538598,0.300564,-0.075537,1.045921,-1.242206,0.17461,-1.597148,-0.834915,-0.053956,0.114647,-0.266658,0.277462,0.411496,0.276112,-0.041938,0.930508,-0.841095,0.180986,-0.998778,-0.361758,0.033496,0.0975,-0.14443,0.401262,0.62345,0.272522,0.079562,1.089034,-1.139772,0.222175,-1.45134,-0.624995,-0.027959,0.105859,-0.233665,0.357444,0.639073,0.22864,0.148133,1.103703,-1.235852,0.290136,-1.698177,-0.62666,-0.06584,0.122986,-0.285703,0.305115,0.640838,0.25672,0.205487,1.230052,-1.273211,0.361943,-1.839301,-0.558434,-0.081362,0.135575,-0.315629,0.289972,0.537263,0.219446,0.172393,0.945243,-0.617229,0.208075,-0.894771,-0.113284,0.007147,0.076248,-0.134764,0.288502,0.745456,0.218367,0.298832,1.114865,-0.91194,0.264994,-1.369037,-0.449952,-0.041694,0.092584,-0.188747,0.2307,0.723042,0.248725,0.281692,1.258283,-0.957089,0.300149,-1.501883,-0.459208,-0.061407,0.104037,-0.223896,0.186868,0.712996,0.325259,0.251798,1.39047,-0.933451,0.341636,-1.621132,-0.343919,-0.063028,0.108113,-0.264636,0.198362,0.623454,0.163813,0.349817,0.909014,-0.367972,0.240163,-0.751615,0.143565,-0.030509,0.059133,-0.137183,0.156192,0.810227,0.167243,0.475444,1.15312,-0.639138,0.300555,-1.20344,-0.196809,-0.081003,0.094144,-0.214039,0.177668,0.770928,0.235661,0.411471,1.300247,-0.669131,0.314587,-1.244173,-0.211048,-0.054282,0.093844,-0.225073,0.178909,0.751623,0.309724,0.356934,1.415578,-0.633607,0.334375,-1.34805,-0.09436,-0.022469,0.089513,-0.196126,0.19261,0.681241,0.104362,0.49944,0.89979,-0.103125,0.270324,-0.581258,0.398878,-0.071059,0.05923,-0.149004,0.136446,0.834405,0.130825,0.597669,1.139348,-0.319417,0.321654,-0.942321,0.083012,-0.093416,0.094235,-0.24487,0.175423,0.80588,0.199303,0.524795,1.219779,-0.362186,0.315418,-0.937635,0.015695,-0.051935,0.096301,-0.221317,0.212319,0.785209,0.261575,0.465755,1.27344,-0.340009,0.30858,-0.959584,0.105519,-0.009571,0.091936,-0.168672,0.232706
20260711_211613_pni7yl,user4,ই,output/user4/ই/ই_20260711_211613_pni7yl.mp4,270,48,5,0.104167,0.601656,0.958909,0.00755,0.039387,0.561715,0.028718,0.0,0.0,0.0,0.0,0.0,0.0,0.0,0.0,0.0,0.0,0.0,0.0,-0.216316,0.041082,-0.307534,-0.163256,-0.420051,0.029592,-0.477548,-0.385344,-0.011989,0.03601,-0.089774,0.049074,-0.314839,0.082827,-0.509218,-0.195288,-0.863002,0.048852,-0.906554,-0.775853,0.004753,0.058596,-0.12603,0.096639,-0.297558,0.108164,-0.554842,-0.121261,-1.217312,0.084796,-1.36395,-1.086579,0.014815,0.072111,-0.145591,0.12749,-0.22719,0.115925,-0.502886,-0.026089,-1.465992,0.124814,-1.716122,-1.303817,0.036573,0.082314,-0.14349,0.168068,-0.093487,0.050232,-0.178478,0.002883,-0.992205,0.004453,-0.999898,-0.983942,0.112586,0.070357,-0.053725,0.220852,-0.045032,0.065668,-0.17322,0.084343,-1.37458,0.031817,-1.437747,-1.317505,0.131286,0.082395,-0.052979,0.283176,-0.068673,0.069579,-0.226978,0.064981,-1.4744,0.046764,-1.574241,-1.427272,0.136488,0.084896,-0.031954,0.303842,-0.101988,0.080437,-0.291277,0.034799,-1.491256,0.071746,-1.611987,-1.344137,0.141173,0.087208,-0.01645,0.315226,0.100428,0.045997,0.003222,0.180796,-0.9418,0.011796,-0.957915,-0.919783,0.109033,0.057944,-0.026678,0.212973,0.132213,0.053192,0.036937,0.239826,-1.321274,0.026395,-1.375805,-1.273218,0.129874,0.070836,-0.014733,0.272173,0.082049,0.055316,-0.03478,0.179348,-1.388742,0.050652,-1.504162,-1.330907,0.112587,0.073654,-0.015823,0.260867,0.034054,0.061587,-0.095909,0.158366,-1.367469,0.081415,-1.52223,-1.219478,0.097469,0.077063,-0.032249,0.251065,0.262826,0.037739,0.178535,0.321357,-0.859393,0.029163,-0.917441,-0.807446,0.095582,0.048274,-0.008091,0.194787,0.304521,0.04371,0.23777,0.387032,-1.226148,0.04368,-1.319251,-1.148925,0.111435,0.063795,-0.002418,0.244129,0.243787,0.043274,0.175157,0.320032,-1.270626,0.074385,-1.435149,-1.148366,0.117791,0.067253,0.013796,0.253006,0.184856,0.047152,0.096463,0.288543,-1.220554,0.104661,-1.438159,-1.058976,0.119648,0.068387,0.013216,0.255474,0.406486,0.031464,0.334416,0.446938,-0.744138,0.056171,-0.86492,-0.646396,0.079445,0.044613,0.003913,0.174944,0.439621,0.03245,0.385386,0.482362,-1.045398,0.072063,-1.19785,-0.921422,0.102938,0.062635,-0.004496,0.231814,0.392042,0.031467,0.336467,0.451682,-1.104953,0.100356,-1.319789,-0.892673,0.132238,0.069629,0.00898,0.27022,0.339796,0.029933,0.287073,0.411741,-1.078278,0.131753,-1.350408,-0.798305,0.154527,0.073344,0.018941,0.296058
20260711_211631_omhqof,user4,ই,output/user4/ই/ই_20260711_211631_omhqof.mp4,300,48,6,0.125,1.275665,2.721209,0.021427,0.137316,0.377516,0.074517,0.0,0.0,0.0,0.0,0.0,0.0,0.0,0.0,0.0,0.0,0.0,0.0,-0.193919,0.071188,-0.321513,0.208597,-0.33333,0.043352,-0.408215,-0.196674,-0.058129,0.068797,-0.214607,0.079133,-0.27357,0.110831,-0.580278,0.272802,-0.715265,0.051448,-0.803783,-0.560911,-0.04596,0.091177,-0.262854,0.140163,-0.32195,0.111531,-0.712211,0.231135,-0.998823,0.03211,-1.0527,-0.888789,-0.025196,0.096037,-0.262828,0.167929,-0.365369,0.098207,-0.722938,0.147333,-1.211363,0.022161,-1.248702,-1.149401,0.004781,0.10043,-0.249257,0.198114,-0.012541,0.140933,-0.353272,0.18176,-0.968911,0.029654,-0.994477,-0.819988,0.101694,0.062431,-0.040885,0.250348,0.038566,0.198095,-0.419258,0.276893,-1.313885,0.032067,-1.358958,-1.18073,0.150993,0.064776,0.037278,0.261488,0.027545,0.237861,-0.493359,0.345683,-1.414349,0.083893,-1.552824,-1.267632,0.164077,0.072014,0.024751,0.3052,0.015914,0.265285,-0.561821,0.392071,-1.448474,0.159346,-1.658332,-1.11461,0.177197,0.079552,0.028683,0.33648,0.099394,0.104911,-0.160046,0.213208,-0.921051,0.03133,-0.977628,-0.878739,0.151094,0.044155,0.050254,0.227018,0.130066,0.165288,-0.250955,0.333869,-1.260922,0.059823,-1.363894,-1.156676,0.238939,0.089524,0.035333,0.379721,0.109908,0.203514,-0.331465,0.387948,-1.357217,0.092569,-1.538216,-1.23679,0.257142,0.118553,0.012547,0.438413,0.09836,0.231145,-0.401003,0.432454,-1.386975,0.170015,-1.617274,-1.051355,0.263432,0.135967,0.005714,0.470663,0.182819,0.072378,-0.111178,0.24304,-0.850954,0.062922,-0.96502,-0.76735,0.187201,0.072918,0.035635,0.279625,0.214517,0.130675,-0.196954,0.350653,-1.159307,0.104474,-1.377094,-1.006112,0.266912,0.120272,0.038188,0.419272,0.191192,0.165067,-0.246964,0.401043,-1.247161,0.132679,-1.597826,-1.13389,0.292558,0.145576,0.045614,0.479299,0.175589,0.191702,-0.262832,0.440515,-1.270536,0.190398,-1.684278,-0.995064,0.302356,0.160235,0.027264,0.510181,0.257766,0.077068,-0.25867,0.381933,-0.77377,0.083582,-0.965478,-0.659818,0.214489,0.111464,0.019514,0.365419,0.292596,0.126672,-0.343601,0.493544,-1.023052,0.114822,-1.264574,-0.853754,0.279482,0.143692,0.041913,0.463413,0.281191,0.144378,-0.377372,0.403973,-1.097832,0.131497,-1.417595,-0.954904,0.316968,0.159078,0.047742,0.511877,0.272682,0.159099,-0.374609,0.450647,-1.121628,0.151588,-1.461244,-0.966823,0.343539,0.169773,0.031653,0.541741
20260711_215916_5xq3ym,user4,ই,output/user4/ই/ই_20260711_215916_5xq3ym.mp4,381,47,15,0.319149,3.838728,6.539517,0.051492,0.179375,0.616357,0.104861,0.0,0.0,0.0,0.0,0.0,0.0,0.0,0.0,0.0,0.0,0.0,0.0,-0.150706,0.086038,-0.266888,0.038329,-0.390766,0.06564,-0.492009,-0.110571,-0.011892,0.065709,-0.127129,0.277433,-0.143268,0.154354,-0.397841,0.155508,-0.813104,0.103838,-0.960789,-0.428032,0.003977,0.101436,-0.203775,0.455928,-0.045179,0.200968,-0.505915,0.28802,-1.125643,0.113588,-1.289703,-0.716436,0.00902,0.124157,-0.272899,0.549556,0.046026,0.245387,-0.594111,0.402166,-1.339325,0.117477,-1.520899,-0.906179,0.019415,0.145301,-0.337457,0.63216,0.085396,0.141084,-0.103612,0.461328,-0.954814,0.067511,-0.999891,-0.670815,0.104058,0.119961,-0.081934,0.636056,0.19806,0.212918,-0.156047,0.660389,-1.303313,0.082141,-1.457636,-1.030403,0.093436,0.150277,-0.157513,0.749461,0.235487,0.267702,-0.292609,0.761619,-1.457573,0.079161,-1.623102,-1.191592,0.072771,0.160469,-0.250908,0.764599,0.251196,0.312202,-0.414055,0.826984,-1.544129,0.09649,-1.689316,-1.189057,0.059035,0.168034,-0.31107,0.778202,0.245436,0.132518,0.058107,0.577084,-0.860115,0.062149,-0.956805,-0.726942,0.085178,0.100637,-0.111307,0.502036,0.375499,0.198758,-0.015672,0.779578,-1.197692,0.086614,-1.338007,-0.999282,0.075046,0.139362,-0.152598,0.629487,0.369603,0.257352,-0.161686,0.905396,-1.265494,0.099084,-1.478055,-1.025658,0.047233,0.145495,-0.223185,0.606626,0.347818,0.312431,-0.295847,0.992843,-1.266882,0.166942,-1.645381,-0.855095,0.032813,0.144747,-0.278646,0.589459,0.383493,0.120538,0.122751,0.653035,-0.724578,0.106065,-0.886619,-0.498446,0.054089,0.08355,-0.142465,0.356188,0.516936,0.178383,0.143958,0.905628,-1.032265,0.142622,-1.23168,-0.73809,0.029181,0.122945,-0.184315,0.464791,0.483312,0.234843,-0.00239,1.007625,-1.060888,0.164786,-1.422514,-0.786813,0.025692,0.125755,-0.274201,0.45372,0.444015,0.28556,-0.132356,1.071036,-1.024776,0.218496,-1.554433,-0.625466,0.031422,0.119935,-0.280722,0.440368,0.511927,0.108713,0.188191,0.7107,-0.556707,0.163922,-0.9473,-0.246573,0.020145,0.074135,-0.174518,0.22173,0.611015,0.151196,0.354079,0.951247,-0.804981,0.193143,-1.255307,-0.412265,0.005506,0.107596,-0.218619,0.312308,0.573441,0.197926,0.258538,1.042151,-0.834419,0.204094,-1.420938,-0.518173,0.023415,0.116831,-0.270325,0.345184,0.528745,0.243712,0.135211,1.092249,-0.800743,0.22644,-1.516109,-0.497972,0.043963,0.11837,-0.269296,0.367619
20260711_215928_ckxbi5,user4,ই,output/user4/ই/ই_20260711_215928_ckxbi5.mp4,188,48,17,0.354167,4.227429,7.295493,0.057445,0.173789,0.622699,0.198114,0.0,0.0,0.0,0.0,0.0,0.0,0.0,0.0,0.0,0.0,0.0,0.0,-0.048804,0.111546,-0.234025,0.109418,-0.406548,0.036427,-0.475037,-0.333569,-0.059332,0.132061,-0.273214,0.206543,0.012073,0.167623,-0.263998,0.199643,-0.804277,0.066435,-0.964049,-0.676991,-0.084171,0.203631,-0.45824,0.321465,0.112504,0.19101,-0.241443,0.314784,-1.078,0.087538,-1.299798,-0.922482,-0.114865,0.249309,-0.615008,0.363658,0.209601,0.207602,-0.19671,0.480233,-1.262823,0.096634,-1.550548,-1.108874,-0.140512,0.294599,-0.772891,0.392296,0.248938,0.213914,-0.012759,0.771664,-0.90375,0.108582,-0.999899,-0.63603,0.045501,0.203908,-0.340334,0.48542,0.432826,0.322459,0.035809,1.200913,-1.184115,0.182489,-1.402707,-0.749844,-0.002658,0.249636,-0.521182,0.546002,0.51655,0.441798,-0.090737,1.482107,-1.244364,0.22039,-1.5463,-0.771947,-0.055582,0.276294,-0.658394,0.516622,0.573794,0.533389,-0.128129,1.693824,-1.247019,0.260448,-1.672679,-0.762323,-0.088629,0.296112,-0.753024,0.489309,0.353796,0.205337,0.004956,0.864002,-0.746627,0.204425,-0.956842,-0.237834,0.034623,0.163375,-0.320322,0.357928,0.54288,0.3204,0.139442,1.337647,-1.015796,0.323566,-1.317621,-0.241401,0.001682,0.208663,-0.465491,0.451845,0.600833,0.449904,-0.016101,1.633094,-1.030048,0.336849,-1.524225,-0.241605,-0.049977,0.230727,-0.587288,0.402345,0.652034,0.562125,-0.047887,1.884263,-0.994001,0.341571,-1.632883,-0.22869,-0.084137,0.248904,-0.680994,0.34861,0.430439,0.182213,0.042379,0.856638,-0.572513,0.281043,-0.900962,0.125945,0.006711,0.137746,-0.325324,0.230681,0.5966,0.271539,0.188716,1.284429,-0.808657,0.409621,-1.306522,0.172274,-0.030185,0.185848,-0.463704,0.300885,0.638202,0.397343,0.095979,1.583517,-0.806584,0.418372,-1.566735,0.18448,-0.051564,0.20594,-0.552948,0.293012,0.679086,0.506796,0.058899,1.83108,-0.755677,0.421288,-1.713292,0.208246,-0.064261,0.219652,-0.617923,0.274408,0.489526,0.162432,0.09248,0.775908,-0.378228,0.343133,-0.855601,0.471156,-0.028784,0.134417,-0.350833,0.267926,0.599001,0.205133,0.186873,1.093782,-0.563699,0.460467,-1.200571,0.558294,-0.051487,0.178987,-0.467458,0.335507,0.619148,0.290547,0.22463,1.324908,-0.564254,0.476779,-1.388199,0.588579,-0.042586,0.195072,-0.511146,0.358992,0.641824,0.377031,0.185599,1.522303,-0.52327,0.474514,-1.505643,0.597936,-0.03231,0.204706,-0.541718,0.369341
20260711_215945_ovgs11,user4,ই,output/user4/ই/ই_20260711_215945_ovgs11.mp4,292,48,13,0.270833,2.347906,5.238442,0.041248,0.122414,0.699264,0.10284,0.0,0.0,0.0,0.0,0.0,0.0,0.0,0.0,0.0,0.0,0.0,0.0,-0.098804,0.031416,-0.184103,-0.025152,-0.477416,0.028721,-0.564888,-0.42014,0.037606,0.03406,-0.010493,0.144407,-0.022736,0.062176,-0.185409,0.101481,-0.910696,0.040556,-0.985982,-0.771265,0.066961,0.06337,-0.041908,0.235553,0.117347,0.092653,-0.104231,0.298112,-1.189803,0.04042,-1.25421,-1.0791,0.070905,0.087027,-0.107867,0.262488,0.250658,0.110904,0.003616,0.430609,-1.357012,0.048638,-1.447573,-1.220839,0.078793,0.113376,-0.178889,0.366029,0.2578,0.039292,0.154133,0.351328,-0.963947,0.010714,-0.987747,-0.935614,0.147511,0.1378,-0.056016,0.507603,0.414468,0.104684,0.216908,0.682978,-1.268653,0.048082,-1.345612,-1.112595,0.128115,0.154763,-0.074339,0.594537,0.411922,0.159419,0.144744,0.69201,-1.335496,0.121739,-1.542287,-1.014588,0.109758,0.160942,-0.134028,0.599226,0.395534,0.181473,0.056285,0.671037,-1.350935,0.198259,-1.687692,-0.915366,0.103177,0.167368,-0.177931,0.603131,0.408731,0.035923,0.310374,0.492273,-0.814669,0.046358,-0.923302,-0.704833,0.100332,0.125536,-0.080118,0.417855,0.560498,0.110106,0.36063,0.762567,-1.13103,0.084929,-1.273411,-0.844411,0.079272,0.154327,-0.128344,0.532704,0.497918,0.171834,0.218599,0.707733,-1.140112,0.140128,-1.417608,-0.740568,0.056157,0.165502,-0.204993,0.514492,0.446027,0.185799,0.137259,0.75701,-1.096827,0.201965,-1.464599,-0.653341,0.052765,0.167711,-0.228653,0.497445,0.534639,0.032256,0.4602,0.60568,-0.621273,0.09224,-0.841449,-0.43181,0.043738,0.110299,-0.100812,0.312917,0.659811,0.119451,0.475703,0.813834,-0.901743,0.131284,-1.150368,-0.562313,0.011132,0.149976,-0.201061,0.430439,0.553712,0.184534,0.277482,0.779814,-0.854784,0.155503,-1.290564,-0.480377,0.025264,0.155738,-0.220339,0.459446,0.47924,0.193422,0.202404,0.824842,-0.765546,0.200249,-1.264299,-0.399087,0.048792,0.147615,-0.202982,0.464617,0.645835,0.029096,0.584704,0.7192,-0.38905,0.130974,-0.725433,-0.149863,-0.011571,0.104216,-0.150896,0.313218,0.723102,0.118192,0.536783,0.85396,-0.618267,0.182682,-0.996429,-0.23998,-0.022985,0.147432,-0.250692,0.424724,0.620315,0.176949,0.347017,0.825232,-0.604524,0.186905,-1.130097,-0.20594,0.014254,0.156416,-0.248913,0.48328,0.542128,0.183737,0.273709,0.834724,-0.539536,0.198055,-1.116765,-0.163242,0.052492,0.153614,-0.220524,0.516819
20260711_215959_axw0jl,user4,ই,output/user4/ই/ই_20260711_215959_axw0jl.mp4,223,48,15,0.3125,2.61767,5.400201,0.042521,0.125038,0.646959,0.082916,0.0,0.0,0.0,0.0,0.0,0.0,0.0,0.0,0.0,0.0,0.0,0.0,-0.099712,0.044763,-0.187115,0.02099,-0.455875,0.045844,-0.532102,-0.372445,-0.01369,0.038825,-0.092921,0.080427,-0.031267,0.096344,-0.206794,0.19834,-0.892129,0.061557,-1.0048,-0.754385,-0.004977,0.068607,-0.154034,0.141984,0.092482,0.120994,-0.124196,0.391035,-1.178466,0.070101,-1.288616,-1.032943,-0.016121,0.092259,-0.214816,0.175121,0.216718,0.137216,-0.024159,0.587914,-1.359413,0.085375,-1.514366,-1.206553,-0.019557,0.114582,-0.261507,0.205738,0.301857,0.107676,0.093126,0.532053,-0.94134,0.039539,-0.99494,-0.845375,0.137699,0.096555,-0.052499,0.336039,0.415549,0.138372,0.154077,0.717476,-1.250834,0.05301,-1.328837,-1.057246,0.075027,0.126414,-0.172227,0.234474,0.374042,0.189775,0.038896,0.886628,-1.317727,0.130014,-1.538778,-1.016431,0.015239,0.138441,-0.261646,0.198036,0.344108,0.224717,-0.037702,1.000685,-1.31584,0.209294,-1.685727,-0.90737,-0.016398,0.14315,-0.303525,0.177125,0.441388,0.096881,0.241628,0.6521,-0.795918,0.059907,-0.918233,-0.644834,0.10496,0.088664,-0.062578,0.256759,0.544139,0.13961,0.257291,0.844937,-1.101676,0.08498,-1.209089,-0.834482,0.036367,0.127041,-0.191321,0.221581,0.451109,0.205159,0.09147,0.996775,-1.094624,0.14741,-1.350022,-0.820885,-0.016198,0.128412,-0.229809,0.209425,0.398403,0.237035,0.015284,1.103718,-1.030222,0.220361,-1.455289,-0.700964,-0.031613,0.120318,-0.248386,0.193528,0.550097,0.084652,0.381441,0.748577,-0.615849,0.087091,-0.797707,-0.370705,0.052088,0.084073,-0.091148,0.162395,0.634501,0.136316,0.35977,0.912386,-0.890402,0.129975,-1.071965,-0.532469,-0.022661,0.122015,-0.2481,0.179635,0.522214,0.201335,0.198404,1.045469,-0.855824,0.170756,-1.130316,-0.554956,-0.025924,0.1103,-0.193783,0.179661,0.460062,0.226453,0.143279,1.133319,-0.767866,0.223834,-1.20827,-0.509314,-0.004878,0.093887,-0.175049,0.1774,0.644209,0.074511,0.518583,0.82885,-0.399741,0.116119,-0.62564,-0.066357,-0.004866,0.085856,-0.161506,0.13545,0.691951,0.121183,0.467349,0.925596,-0.639421,0.166772,-0.862882,-0.182748,-0.049562,0.111734,-0.233716,0.14942,0.596428,0.179265,0.315264,1.018804,-0.639893,0.190256,-0.939875,-0.243135,-0.03028,0.107367,-0.193979,0.165709,0.539885,0.200153,0.262113,1.084297,-0.581479,0.220178,-0.979608,-0.262512,0.001445,0.098345,-0.145222,0.177731
20260711_220013_x16qxh,user4,ই,output/user4/ই/ই_20260711_220013_x16qxh.mp4,225,48,12,0.25,2.211555,4.869057,0.038339,0.091524,0.657646,0.108907,0.0,0.0,0.0,0.0,0.0,0.0,0.0,0.0,0.0,0.0,0.0,0.0,-0.121068,0.030014,-0.180005,-0.042108,-0.442635,0.031259,-0.495729,-0.304539,-0.025013,0.051935,-0.118781,0.102158,-0.085502,0.055965,-0.178624,0.082932,-0.901089,0.074574,-1.049139,-0.549931,-0.026378,0.082783,-0.187316,0.165762,0.017905,0.074973,-0.127225,0.246945,-1.216981,0.117809,-1.470121,-0.725463,-0.041289,0.099288,-0.239607,0.174615,0.133554,0.096707,-0.063516,0.423974,-1.417925,0.140969,-1.706554,-0.934904,-0.048466,0.11461,-0.275985,0.189237,0.211771,0.070542,0.009372,0.376844,-0.967187,0.027568,-0.999313,-0.798495,0.091648,0.115584,-0.100884,0.348931,0.345704,0.094763,0.105293,0.599523,-1.288923,0.048687,-1.371849,-1.119252,0.053541,0.132698,-0.169747,0.329937,0.339308,0.129854,0.158297,0.733593,-1.361841,0.127111,-1.572176,-1.087866,0.018977,0.137787,-0.21561,0.295316,0.326762,0.163281,0.074517,0.825644,-1.376238,0.21512,-1.703073,-0.93902,0.002241,0.140624,-0.240432,0.283292,0.368385,0.064061,0.179051,0.520917,-0.827411,0.041452,-0.897852,-0.692555,0.072444,0.096779,-0.080093,0.266774,0.490171,0.096275,0.294033,0.763364,-1.138048,0.047229,-1.20765,-0.945917,0.039534,0.116959,-0.141983,0.249202,0.440892,0.144066,0.228822,0.885035,-1.157701,0.136497,-1.396922,-0.874538,0.006095,0.118428,-0.217175,0.207985,0.410721,0.173973,0.140615,0.969806,-1.123218,0.22889,-1.501462,-0.693989,-0.006676,0.116836,-0.224944,0.178695,0.498314,0.060152,0.324169,0.625514,-0.654459,0.075809,-0.824369,-0.429561,0.037947,0.081651,-0.07117,0.163899,0.605972,0.097317,0.459111,0.865458,-0.925252,0.075293,-1.156278,-0.648425,-0.000921,0.10521,-0.227293,0.16703,0.528765,0.149021,0.271604,0.971063,-0.906446,0.131751,-1.37391,-0.659332,0.002256,0.095824,-0.209584,0.155422,0.477526,0.175668,0.183075,1.045751,-0.838628,0.206334,-1.482826,-0.471044,0.016937,0.084124,-0.148956,0.149798,0.612847,0.055696,0.458071,0.696752,-0.451409,0.113074,-0.833562,-0.151676,-0.000959,0.07818,-0.15587,0.091384,0.692556,0.090053,0.547431,0.905667,-0.680283,0.118457,-1.107327,-0.328401,-0.019968,0.101851,-0.256895,0.130382,0.624092,0.138172,0.378246,0.997447,-0.685999,0.141237,-1.314813,-0.402993,0.005077,0.097594,-0.216611,0.162105,0.571992,0.163818,0.284934,1.055744,-0.637565,0.184483,-1.441564,-0.388519,0.033994,0.089565,-0.152281,0.184644
20260711_220027_1j40u6,user4,ই,output/user4/ই/ই_20260711_220027_1j40u6.mp4,204,48,17,0.354167,2.163739,4.439896,0.03496,0.099229,0.62121,0.23043,0.0,0.0,0.0,0.0,0.0,0.0,0.0,0.0,0.0,0.0,0.0,0.0,-0.058059,0.040571,-0.147196,0.054518,-0.466363,0.046674,-0.564905,-0.392588,0.01193,0.03413,-0.050212,0.087047,0.058974,0.081654,-0.089327,0.254082,-0.903516,0.076257,-1.026346,-0.731733,0.019858,0.058489,-0.089928,0.145228,0.224406,0.118774,0.031334,0.516836,-1.182538,0.090872,-1.368381,-0.986063,0.005956,0.067762,-0.124488,0.14974,0.373304,0.155279,0.116587,0.76037,-1.353129,0.080546,-1.541978,-1.196409,0.000107,0.075472,-0.144556,0.156169,0.375896,0.105795,0.206746,0.635548,-0.896969,0.081234,-0.978351,-0.683819,0.10204,0.141407,-0.142878,0.336534,0.562944,0.139489,0.31258,0.768701,-1.2193,0.063989,-1.328218,-1.042346,0.038453,0.128152,-0.207583,0.263445,0.530903,0.220127,0.167397,0.896449,-1.325751,0.093971,-1.487154,-1.09859,-0.006296,0.103858,-0.21454,0.187411,0.468716,0.257478,0.094893,0.946783,-1.348597,0.169989,-1.584152,-0.961976,-0.021061,0.096008,-0.200739,0.15516,0.495374,0.092292,0.363641,0.722303,-0.746417,0.07383,-0.870584,-0.592158,0.060563,0.119593,-0.149797,0.255654,0.671713,0.164905,0.386862,0.931324,-1.060002,0.10886,-1.300986,-0.768067,0.00234,0.095924,-0.179734,0.152145,0.58988,0.274826,0.182482,1.07662,-1.085044,0.182382,-1.380388,-0.802601,-0.030128,0.071728,-0.167415,0.09264,0.529213,0.310606,0.137415,1.170256,-1.045238,0.27542,-1.58185,-0.766326,-0.032469,0.064544,-0.151902,0.066452,0.587566,0.081371,0.483725,0.794993,-0.565598,0.135101,-0.745259,-0.258344,0.00583,0.08782,-0.155606,0.151231,0.750192,0.161681,0.465799,1.005622,-0.846873,0.209698,-1.172301,-0.343759,-0.051373,0.071477,-0.184244,0.061813,0.65855,0.270119,0.256348,1.143459,-0.853346,0.271328,-1.311309,-0.35422,-0.040767,0.055089,-0.156807,0.057383,0.597732,0.302185,0.208599,1.228696,-0.798471,0.340114,-1.487274,-0.335737,-0.013661,0.053075,-0.134005,0.099529,0.662068,0.072661,0.573326,0.854154,-0.361896,0.213228,-0.623833,0.057388,-0.049616,0.058794,-0.181891,0.075207,0.790327,0.129891,0.545085,1.038129,-0.595337,0.310224,-0.988922,0.027077,-0.07558,0.057073,-0.174987,0.036721,0.719698,0.218615,0.36658,1.161554,-0.628603,0.363639,-1.179848,0.013892,-0.042063,0.051013,-0.135541,0.06272,0.665258,0.244215,0.316755,1.23779,-0.598021,0.407373,-1.330781,0.022152,-0.001897,0.050781,-0.09747,0.112135
20260711_220043_yyhe4o,user4,ই,output/user4/ই/ই_20260711_220043_yyhe4o.mp4,252,48,22,0.458333,2.839059,5.472776,0.043093,0.127756,0.717111,0.115877,0.0,0.0,0.0,0.0,0.0,0.0,0.0,0.0,0.0,0.0,0.0,0.0,-0.039929,0.061348,-0.141784,0.090984,-0.491694,0.041245,-0.565157,-0.33941,0.008445,0.047754,-0.068357,0.144183,0.086973,0.113601,-0.110266,0.337233,-0.911899,0.057282,-1.035048,-0.729547,0.01444,0.074542,-0.123441,0.199243,0.269365,0.150771,-0.020186,0.611914,-1.161621,0.078584,-1.299435,-0.963592,-0.002519,0.089983,-0.196663,0.208014,0.425953,0.182003,0.033644,0.839568,-1.318451,0.087817,-1.460548,-1.051649,-0.013571,0.105172,-0.261368,0.220929,0.378072,0.097508,0.164475,0.574523,-0.917818,0.041618,-0.986331,-0.818427,0.108722,0.114102,-0.058425,0.346145,0.572581,0.111995,0.354409,0.823909,-1.200764,0.049931,-1.32767,-1.093897,0.03706,0.109124,-0.127333,0.296118,0.546218,0.170469,0.257933,0.938359,-1.255047,0.08773,-1.449012,-1.065741,-0.019053,0.105229,-0.220816,0.223209,0.504972,0.234637,0.17099,1.058751,-1.239736,0.143479,-1.541638,-0.958038,-0.043877,0.107549,-0.256576,0.20103,0.502011,0.083999,0.325778,0.687989,-0.736924,0.055002,-0.874717,-0.587071,0.063974,0.094448,-0.070556,0.253489,0.691193,0.119014,0.479393,0.946074,-1.02678,0.083428,-1.216648,-0.770171,-0.011309,0.079663,-0.158727,0.193038,0.605772,0.205199,0.295658,1.085824,-1.012905,0.095997,-1.291277,-0.868037,-0.056828,0.077567,-0.225164,0.111029,0.541977,0.269454,0.19913,1.202278,-0.933111,0.133551,-1.264559,-0.715564,-0.064805,0.078739,-0.227509,0.109891,0.599878,0.076034,0.456246,0.78763,-0.521818,0.092458,-0.739445,-0.281302,0.004962,0.070054,-0.123699,0.16824,0.763762,0.12037,0.552803,1.006802,-0.790086,0.130105,-1.034342,-0.430841,-0.068209,0.066758,-0.210364,0.089763,0.654965,0.211122,0.354276,1.151144,-0.757084,0.120182,-1.140621,-0.510538,-0.058972,0.067126,-0.214261,0.076538,0.581008,0.270183,0.239773,1.262417,-0.667569,0.132996,-1.153229,-0.474114,-0.028861,0.063396,-0.165166,0.11843,0.682566,0.067762,0.545399,0.87077,-0.272159,0.125708,-0.574811,0.033936,-0.055368,0.052363,-0.1833,0.107134,0.797367,0.10682,0.620066,1.011894,-0.509896,0.169811,-0.81749,-0.068539,-0.094766,0.061255,-0.226329,0.065769,0.701776,0.185409,0.442749,1.098271,-0.51239,0.15931,-0.92986,-0.143615,-0.062916,0.066369,-0.203504,0.080019,0.631517,0.233494,0.326824,1.189098,-0.452993,0.144141,-0.963289,-0.212024,-0.021996,0.066189,-0.151196,0.133513
20260711_220058_6cy90j,user4,ই,output/user4/ই/ই_20260711_220058_6cy90j.mp4,225,48,14,0.291667,2.159325,4.364117,0.034363,0.10633,0.687248,0.088605,0.0,0.0,0.0,0.0,0.0,0.0,0.0,0.0,0.0,0.0,0.0,0.0,-0.107036,0.033026,-0.181513,-0.0514,-0.450785,0.038433,-0.558916,-0.390314,0.00648,0.037191,-0.029557,0.161933,-0.038182,0.070458,-0.210213,0.064296,-0.869897,0.040017,-0.987599,-0.813012,0.015488,0.069597,-0.050505,0.284422,0.108959,0.09585,-0.152197,0.257894,-1.131679,0.038963,-1.219102,-1.063766,0.001005,0.096212,-0.07497,0.343059,0.235407,0.106876,-0.061763,0.381982,-1.304574,0.053516,-1.40343,-1.168215,-0.008573,0.122529,-0.087112,0.398192,0.277259,0.047767,0.17397,0.377958,-0.955477,0.018533,-0.984751,-0.895654,0.121631,0.116149,-0.018142,0.535408,0.413766,0.082826,0.210975,0.528904,-1.25847,0.030709,-1.319326,-1.195137,0.054822,0.150867,-0.071639,0.617825,0.381366,0.12844,0.070291,0.585744,-1.316508,0.072483,-1.430602,-1.107857,-0.002509,0.172863,-0.133131,0.607088,0.339178,0.155792,-0.016159,0.631496,-1.310365,0.144585,-1.539732,-0.949119,-0.031649,0.18554,-0.191796,0.604186,0.424674,0.050508,0.306002,0.515528,-0.80047,0.032893,-0.871795,-0.753035,0.074023,0.106247,-0.040078,0.456183,0.55675,0.104578,0.325767,0.675522,-1.112094,0.051886,-1.282957,-1.011414,-0.004864,0.154264,-0.128559,0.55851,0.45377,0.161421,0.153141,0.723856,-1.066691,0.083959,-1.429449,-0.918985,-0.056646,0.175319,-0.245243,0.512552,0.370497,0.178128,0.074761,0.744298,-0.962719,0.136113,-1.433214,-0.756184,-0.068209,0.178724,-0.265392,0.480148,0.540593,0.051413,0.420746,0.612205,-0.609293,0.068347,-0.813405,-0.515409,0.01099,0.098053,-0.067392,0.358254,0.644921,0.123015,0.373926,0.755306,-0.884224,0.081478,-1.189126,-0.7714,-0.072615,0.1535,-0.24806,0.453797,0.51348,0.178068,0.18704,0.792635,-0.820315,0.113182,-1.351962,-0.680571,-0.067554,0.159289,-0.262609,0.434443,0.421134,0.185687,0.115743,0.811057,-0.708036,0.158275,-1.333787,-0.492949,-0.038182,0.14771,-0.205593,0.427693,0.641744,0.049037,0.52867,0.708146,-0.377425,0.104941,-0.706066,-0.241627,-0.053392,0.099356,-0.159365,0.262719,0.704207,0.123677,0.438417,0.87004,-0.615241,0.116437,-1.005919,-0.463333,-0.100828,0.148365,-0.290371,0.380484,0.58442,0.166811,0.267893,0.800555,-0.590163,0.116168,-1.160309,-0.456287,-0.069843,0.157362,-0.267507,0.432247,0.496216,0.163014,0.212154,0.796226,-0.509629,0.134564,-1.174234,-0.378507,-0.029175,0.153352,-0.210213,0.474294
20260711_220112_94lc88,user4,ই,output/user4/ই/ই_20260711_220112_94lc88.mp4,257,48,17,0.354167,3.386218,6.593758,0.051919,0.130785,0.664094,0.101174,0.0,0.0,0.0,0.0,0.0,0.0,0.0,0.0,0.0,0.0,0.0,0.0,-0.060484,0.03403,-0.153037,0.007092,-0.487564,0.063225,-0.61426,-0.368647,0.0048,0.043706,-0.119146,0.108463,0.05845,0.073777,-0.105022,0.197934,-0.913033,0.085808,-1.161882,-0.773214,0.01823,0.06722,-0.158133,0.167766,0.22931,0.12898,-0.031127,0.444071,-1.16387,0.102534,-1.500047,-0.966265,0.006607,0.082138,-0.197202,0.169822,0.381218,0.167665,0.032463,0.643414,-1.317165,0.136592,-1.748863,-1.068148,0.000664,0.096308,-0.207142,0.16942,0.380798,0.06007,0.24914,0.475972,-0.921117,0.024284,-0.968392,-0.879456,0.155336,0.112871,-0.028064,0.367673,0.552388,0.102549,0.338554,0.74052,-1.204383,0.042386,-1.311291,-1.125623,0.099556,0.138326,-0.14806,0.360471,0.523467,0.157254,0.178633,0.855787,-1.287207,0.130178,-1.578084,-1.005118,0.047304,0.147014,-0.229288,0.328958,0.480697,0.194775,0.082659,0.915695,-1.304049,0.213759,-1.74936,-0.908043,0.021772,0.150204,-0.256438,0.308847,0.504556,0.062952,0.372895,0.64221,-0.756815,0.059002,-0.887134,-0.637866,0.115197,0.101671,-0.063175,0.309611,0.646717,0.103319,0.427252,0.894769,-1.056309,0.094761,-1.266959,-0.869979,0.052616,0.13411,-0.195121,0.345963,0.545532,0.179604,0.22615,0.995322,-1.069964,0.191193,-1.537638,-0.810077,0.002582,0.135449,-0.241453,0.295548,0.481479,0.231494,0.130227,1.04849,-1.021103,0.284831,-1.735633,-0.675258,-0.011251,0.127158,-0.242494,0.265921,0.604896,0.066253,0.486513,0.786374,-0.565599,0.095927,-0.80117,-0.373229,0.056699,0.091604,-0.112863,0.260007,0.722765,0.105296,0.508261,1.020266,-0.851011,0.135967,-1.138706,-0.566816,-0.008659,0.128936,-0.240353,0.296687,0.602704,0.183138,0.308055,1.081892,-0.839644,0.20576,-1.388865,-0.574045,-0.007012,0.119491,-0.220556,0.275207,0.534119,0.230783,0.219247,1.103018,-0.768463,0.287006,-1.564109,-0.419205,0.016083,0.101197,-0.175118,0.250621,0.691646,0.069402,0.588113,0.908891,-0.33955,0.133742,-0.694489,-0.09293,-0.00478,0.089321,-0.166214,0.203837,0.773569,0.108858,0.550454,1.109301,-0.59533,0.164419,-0.960769,-0.259662,-0.03828,0.121121,-0.260889,0.251645,0.674589,0.175785,0.376728,1.16557,-0.615538,0.200574,-1.16068,-0.310763,-0.010372,0.119665,-0.232975,0.272543,0.614113,0.214849,0.309776,1.172351,-0.57077,0.253761,-1.317532,-0.274036,0.025938,0.110092,-0.186285,0.280995
20260711_220132_3b6d70,user4,ই,output/user4/ই/ই_20260711_220132_3b6d70.mp4,338,47,21,0.446809,4.845163,8.460268,0.066616,0.150377,0.662529,0.077519,0.0,0.0,0.0,0.0,0.0,0.0,0.0,0.0,0.0,0.0,0.0,0.0,-0.121974,0.064286,-0.323092,0.031848,-0.441216,0.065117,-0.569154,-0.232795,-0.004414,0.051691,-0.09084,0.108322,-0.087639,0.141801,-0.589097,0.20119,-0.866763,0.077782,-1.082243,-0.592503,-0.002777,0.08082,-0.1496,0.165435,0.031375,0.192297,-0.736676,0.418371,-1.158701,0.087128,-1.419134,-0.887453,-0.021744,0.09875,-0.230378,0.19629,0.160936,0.233501,-0.82318,0.643804,-1.32247,0.114585,-1.624991,-1.087787,-0.034704,0.118305,-0.311734,0.25092,0.190682,0.178952,-0.334838,0.530396,-0.958238,0.03475,-0.998952,-0.847742,0.111768,0.115246,-0.110964,0.330989,0.315179,0.229258,-0.392492,0.764228,-1.282661,0.043585,-1.400031,-1.210773,0.055529,0.136078,-0.304072,0.307386,0.286843,0.227137,-0.458965,0.70584,-1.345297,0.118198,-1.607885,-1.130759,0.004454,0.147663,-0.45567,0.288391,0.245474,0.225105,-0.493244,0.687315,-1.331897,0.192172,-1.687422,-0.992025,-0.02075,0.156181,-0.541267,0.285387,0.349121,0.165192,-0.164273,0.671716,-0.832073,0.056413,-0.988049,-0.684382,0.077741,0.101186,-0.16172,0.259969,0.467069,0.227938,-0.234557,0.952789,-1.163953,0.068733,-1.343862,-1.033943,0.021243,0.128374,-0.382562,0.290313,0.395065,0.225964,-0.291201,0.792955,-1.178565,0.147948,-1.519478,-0.936692,-0.029275,0.137062,-0.501394,0.258074,0.332473,0.229281,-0.344662,0.873686,-1.120861,0.226942,-1.63647,-0.789663,-0.048299,0.138373,-0.544021,0.228826,0.488257,0.15482,0.006175,0.814266,-0.667748,0.097728,-0.970016,-0.478406,0.028618,0.090528,-0.228326,0.221104,0.59343,0.212648,-0.066945,1.063223,-0.977148,0.115961,-1.305714,-0.750161,-0.02731,0.121288,-0.421515,0.271197,0.503508,0.219349,-0.120618,0.93609,-0.975599,0.177094,-1.435251,-0.669668,-0.033137,0.122085,-0.445047,0.262971,0.430322,0.228574,-0.190166,1.002805,-0.903815,0.240968,-1.499721,-0.548477,-0.020038,0.115212,-0.419239,0.249138,0.611447,0.140861,0.18581,0.928018,-0.463763,0.140193,-0.904166,-0.232868,-0.023427,0.089439,-0.302009,0.212289,0.682072,0.188225,0.102846,1.109904,-0.722895,0.153586,-1.154428,-0.411107,-0.054655,0.118136,-0.445618,0.27276,0.604141,0.206144,0.040607,1.018305,-0.746594,0.19149,-1.245335,-0.369073,-0.034462,0.122408,-0.444502,0.304242,0.535203,0.217685,0.007957,1.082218,-0.702186,0.241131,-1.288641,-0.293202,-0.005287,0.120444,-0.411698,0.321449
20260711_220151_kjuuzh,user4,ই,output/user4/ই/ই_20260711_220151_kjuuzh.mp4,255,48,4,0.083333,0.739681,1.315423,0.010358,0.034555,0.688739,0.016226,0.0,0.0,0.0,0.0,0.0,0.0,0.0,0.0,0.0,0.0,0.0,0.0,-0.25439,0.043503,-0.373468,-0.188073,-0.303748,0.060926,-0.350729,-0.115842,-0.028205,0.011725,-0.049021,-0.007158,-0.361494,0.099962,-0.637862,-0.216334,-0.746865,0.089043,-0.797861,-0.481847,-0.066581,0.021294,-0.09802,-0.016024,-0.33982,0.138395,-0.707815,-0.141994,-1.127892,0.088579,-1.218175,-0.903881,-0.102712,0.028965,-0.142393,-0.011811,-0.28448,0.161645,-0.666229,-0.056456,-1.39412,0.096646,-1.526737,-1.178803,-0.13395,0.038591,-0.183236,-0.001737,-0.228065,0.132211,-0.530334,-0.004792,-0.956157,0.032778,-0.999988,-0.847789,-0.1178,0.04954,-0.197856,0.008644,-0.180946,0.196798,-0.636544,0.137995,-1.439589,0.053364,-1.470446,-1.241234,-0.179732,0.067626,-0.28224,0.016094,-0.184642,0.201813,-0.707303,0.114182,-1.638422,0.067559,-1.728252,-1.433415,-0.199011,0.079061,-0.315904,0.027072,-0.209575,0.192243,-0.759988,0.042575,-1.728602,0.123722,-1.947199,-1.511909,-0.203677,0.087682,-0.331347,0.030451,-0.013103,0.123049,-0.288432,0.197599,-0.929338,0.018139,-0.975068,-0.912583,-0.136659,0.049697,-0.212427,0.005225,0.047127,0.167524,-0.34585,0.318151,-1.416417,0.025424,-1.468436,-1.373656,-0.190326,0.063523,-0.275915,0.016951,0.035676,0.149187,-0.349304,0.257338,-1.453648,0.078314,-1.593633,-1.330662,-0.193759,0.06655,-0.308743,0.029937,0.011669,0.125446,-0.3266,0.180054,-1.394156,0.142741,-1.650335,-1.195841,-0.190454,0.068465,-0.298819,0.041229,0.203065,0.106683,-0.046472,0.381197,-0.841292,0.04899,-0.961479,-0.796291,-0.152923,0.049221,-0.222156,0.001041,0.27955,0.144481,-0.09175,0.502931,-1.301727,0.048886,-1.38616,-1.227881,-0.199615,0.063304,-0.311784,0.000467,0.263377,0.130565,-0.114061,0.436674,-1.298828,0.062681,-1.415078,-1.183684,-0.167695,0.059312,-0.282774,0.027757,0.232108,0.108688,-0.101701,0.343848,-1.20127,0.107979,-1.402036,-1.028847,-0.139319,0.054361,-0.228966,0.046324,0.406834,0.086448,0.188069,0.543487,-0.71337,0.069822,-0.902119,-0.627977,-0.168337,0.049662,-0.231749,-0.002896,0.469578,0.112791,0.168555,0.643626,-1.062081,0.066206,-1.222651,-0.958154,-0.190324,0.060357,-0.312348,0.008317,0.450206,0.108719,0.144713,0.602141,-1.078544,0.066173,-1.195694,-0.950509,-0.150736,0.058165,-0.275208,0.047537,0.412813,0.093142,0.154278,0.531244,-1.010864,0.104751,-1.206221,-0.837988,-0.114403,0.055134,-0.223887,0.07801
20260711_220205_cr3boy,user4,ই,output/user4/ই/ই_20260711_220205_cr3boy.mp4,210,48,9,0.1875,1.078187,2.221469,0.017492,0.034533,0.664352,0.043467,0.0,0.0,0.0,0.0,0.0,0.0,0.0,0.0,0.0,0.0,0.0,0.0,-0.251395,0.04238,-0.302495,-0.140304,-0.376674,0.040627,-0.466651,-0.306316,0.01531,0.044171,-0.08468,0.077623,-0.322992,0.065835,-0.396461,-0.148808,-0.809143,0.051132,-0.948645,-0.742916,0.043756,0.087255,-0.152394,0.173384,-0.256722,0.081256,-0.350458,-0.048149,-1.140131,0.055101,-1.293442,-1.074611,0.054427,0.123611,-0.230089,0.226628,-0.165141,0.109299,-0.305736,0.108386,-1.344462,0.057189,-1.494871,-1.242823,0.071049,0.159668,-0.303173,0.282946,-0.047436,0.067937,-0.169934,0.110555,-0.995528,0.003238,-0.999943,-0.985401,0.14022,0.119224,-0.073337,0.381954,0.018024,0.109059,-0.194467,0.242982,-1.316624,0.030315,-1.379785,-1.260811,0.12747,0.152589,-0.136232,0.380901,-0.008815,0.14337,-0.265,0.3176,-1.366722,0.088534,-1.536501,-1.170555,0.104624,0.168959,-0.215223,0.326518,-0.041445,0.164735,-0.303105,0.348472,-1.347782,0.146801,-1.63209,-1.051012,0.092409,0.176992,-0.254686,0.285345,0.156639,0.058386,0.055731,0.302562,-0.926124,0.038084,-0.986161,-0.827704,0.111998,0.108111,-0.104462,0.32064,0.207364,0.10996,0.000589,0.469375,-1.238294,0.026553,-1.288171,-1.172865,0.099979,0.129551,-0.133308,0.253549,0.152165,0.152224,-0.084108,0.538312,-1.192755,0.100207,-1.328389,-1.010037,0.068413,0.135331,-0.183479,0.214409,0.112864,0.173835,-0.10689,0.5587,-1.092266,0.167151,-1.383713,-0.836667,0.054648,0.138384,-0.214196,0.197834,0.33302,0.049562,0.27412,0.458438,-0.807027,0.072103,-0.919369,-0.607517,0.072689,0.095759,-0.131936,0.238376,0.381305,0.102704,0.202568,0.633705,-1.098486,0.053208,-1.193912,-0.930393,0.049284,0.115645,-0.175346,0.16692,0.305286,0.153367,0.094495,0.702169,-1.032249,0.094231,-1.189763,-0.867278,0.050409,0.11529,-0.16178,0.185147,0.256454,0.176849,0.054354,0.721032,-0.911113,0.157331,-1.133195,-0.663518,0.059816,0.109516,-0.148065,0.190177,0.504948,0.038082,0.457827,0.610412,-0.640353,0.100736,-0.78632,-0.345984,0.033273,0.088346,-0.155049,0.161421,0.525107,0.091868,0.401849,0.757625,-0.884909,0.085432,-0.983344,-0.577749,0.022839,0.108294,-0.196238,0.153125,0.43962,0.146063,0.270997,0.815524,-0.841449,0.048699,-0.941058,-0.694928,0.048034,0.110997,-0.173199,0.20296,0.378805,0.173578,0.187141,0.830364,-0.744213,0.083561,-0.88775,-0.595099,0.075132,0.108411,-0.146537,0.230934
20260711_220217_85rgxu,user4,ই,output/user4/ই/ই_20260711_220217_85rgxu.mp4,199,48,11,0.229167,1.236956,2.793903,0.021999,0.036318,0.652946,0.03697,0.0,0.0,0.0,0.0,0.0,0.0,0.0,0.0,0.0,0.0,0.0,0.0,-0.15534,0.027519,-0.19286,-0.079885,-0.415306,0.03068,-0.484245,-0.348027,-0.02706,0.055266,-0.083459,0.120129,-0.161398,0.049303,-0.225962,-0.03631,-0.855099,0.039608,-0.935892,-0.801443,-0.036338,0.080739,-0.139491,0.174323,-0.069699,0.06644,-0.167894,0.063712,-1.1822,0.0723,-1.305891,-1.050452,-0.05512,0.099446,-0.199885,0.209188,0.030943,0.088661,-0.131551,0.195343,-1.385846,0.070513,-1.507397,-1.25601,-0.068314,0.117775,-0.256492,0.250625,0.064689,0.04097,-0.071087,0.214542,-0.99668,0.003808,-0.999862,-0.976715,0.039853,0.063284,-0.14626,0.119906,0.154219,0.058381,0.031544,0.342883,-1.36923,0.040932,-1.427088,-1.278639,-0.012731,0.090405,-0.256165,0.130615,0.178126,0.085608,-0.007958,0.374876,-1.526697,0.081327,-1.640934,-1.326736,-0.054953,0.109548,-0.324597,0.16868,0.18509,0.117572,-0.052484,0.459893,-1.607694,0.118869,-1.781067,-1.297143,-0.077393,0.122289,-0.360269,0.206658,0.251613,0.043206,0.08813,0.353095,-0.894329,0.018971,-0.932995,-0.838776,0.01683,0.055003,-0.151975,0.082794,0.367775,0.049573,0.230057,0.458707,-1.260655,0.044572,-1.333008,-1.151372,-0.036487,0.076778,-0.23357,0.09101,0.346244,0.065152,0.16717,0.454939,-1.295406,0.131735,-1.448881,-1.060299,-0.071759,0.093045,-0.270536,0.180475,0.30627,0.089287,0.117348,0.570305,-1.254801,0.20461,-1.550279,-0.933007,-0.082673,0.109608,-0.293758,0.261974,0.411453,0.050905,0.251054,0.480966,-0.748089,0.033045,-0.821754,-0.653889,-0.017801,0.054408,-0.163217,0.086823,0.53876,0.055848,0.401107,0.61139,-1.077203,0.055558,-1.164258,-0.947662,-0.073926,0.071651,-0.236138,0.063997,0.491914,0.0754,0.315462,0.618076,-1.073997,0.120972,-1.235815,-0.85579,-0.068345,0.078254,-0.228776,0.126213,0.434317,0.094188,0.255203,0.69911,-0.996367,0.162989,-1.210153,-0.707898,-0.047857,0.086396,-0.214679,0.208373,0.553223,0.062695,0.399107,0.644499,-0.568855,0.046884,-0.665603,-0.427185,-0.055901,0.059142,-0.179275,0.081887,0.649167,0.078041,0.507043,0.756685,-0.835631,0.062625,-0.928895,-0.676313,-0.086272,0.068741,-0.225145,0.067051,0.604808,0.097784,0.443289,0.761918,-0.855147,0.106612,-0.984686,-0.640893,-0.060871,0.072428,-0.2058,0.098422,0.548432,0.109817,0.390828,0.76176,-0.798407,0.138164,-0.999397,-0.525504,-0.029575,0.077875,-0.182399,0.17613
20260711_220235_4uai7u,user4,ই,output/user4/ই/ই_20260711_220235_4uai7u.mp4,323,47,1,0.021277,0.0,0.0,0.0,0.0,0.544478,0.0,0.0,0.0,0.0,0.0,0.0,0.0,0.0,0.0,0.0,0.0,0.0,0.0,-0.126786,0.0,-0.126786,-0.126786,-0.358495,0.0,-0.358495,-0.358495,-0.051044,0.0,-0.051044,-0.051044,-0.100915,0.0,-0.100915,-0.100915,-0.763303,1e-06,-0.763302,-0.763302,-0.069597,0.0,-0.069597,-0.069597,-0.035598,0.0,-0.035598,-0.035598,-1.040573,1e-06,-1.040574,-1.040574,-0.102117,0.0,-0.102117,-0.102117,0.037843,0.0,0.037843,0.037843,-1.248991,2e-06,-1.248989,-1.248989,-0.118861,0.0,-0.118861,-0.118861,0.205499,0.0,0.205499,0.205499,-0.978659,1e-06,-0.978657,-0.978657,0.07479,0.0,0.07479,0.07479,0.23283,0.0,0.23283,0.23283,-1.250723,1e-06,-1.250724,-1.250724,-0.04917,0.0,-0.04917,-0.04917,0.118835,0.0,0.118835,0.118835,-1.157289,1e-06,-1.15729,-1.15729,-0.130061,0.0,-0.130061,-0.130061,0.076632,0.0,0.076632,0.076632,-1.030303,1e-06,-1.030302,-1.030302,-0.161209,0.0,-0.161209,-0.161209,0.336809,0.0,0.336809,0.336809,-0.880762,0.0,-0.880762,-0.880762,0.053627,0.0,0.053627,0.053627,0.336325,0.0,0.336325,0.336325,-1.153025,1e-06,-1.153026,-1.153026,-0.071312,0.0,-0.071312,-0.071312,0.190802,0.0,0.190802,0.190802,-1.016405,1e-06,-1.016405,-1.016405,-0.121297,0.0,-0.121297,-0.121297,0.163303,0.0,0.163303,0.163303,-0.869018,0.0,-0.869018,-0.869018,-0.11811,0.0,-0.11811,-0.11811,0.459538,0.0,0.459538,0.459538,-0.750697,0.0,-0.750697,-0.750697,0.005431,0.0,0.005431,0.005431,0.445682,0.0,0.445681,0.445681,-0.997561,2e-06,-0.997562,-0.997562,-0.108556,0.0,-0.108556,-0.108556,0.298054,0.0,0.298054,0.298054,-0.873604,1e-06,-0.873603,-0.873603,-0.098741,0.0,-0.098741,-0.098741,0.259684,0.0,0.259684,0.259684,-0.734106,0.0,-0.734106,-0.734106,-0.055083,0.0,-0.055083,-0.055083,0.578013,0.0,0.578013,0.578013,-0.581556,0.0,-0.581556,-0.581556,-0.050652,0.0,-0.050652,-0.050652,0.553432,0.0,0.553432,0.553432,-0.79763,1e-06,-0.797629,-0.797629,-0.111654,0.0,-0.111654,-0.111654,0.427056,1e-06,0.427057,0.427057,-0.733582,1e-06,-0.733583,-0.733583,-0.087212,0.0,-0.087212,-0.087212,0.379341,0.0,0.37934,0.37934,-0.631233,0.0,-0.631232,-0.631232,-0.041823,0.0,-0.041823,-0.041823
20260711_220308_e7l7wm,user4,ই,output/user4/ই/ই_20260711_220308_e7l7wm.mp4,281,47,3,0.06383,0.628811,0.96487,0.007597,0.022898,0.61883,0.016615,0.0,0.0,0.0,0.0,0.0,0.0,0.0,0.0,0.0,0.0,0.0,0.0,-0.172789,0.036127,-0.23418,-0.106369,-0.338247,0.040602,-0.399941,-0.263945,-0.077966,0.01564,-0.103874,-0.0455,-0.215473,0.069837,-0.335739,-0.097069,-0.752197,0.048842,-0.827136,-0.662624,-0.105523,0.040868,-0.180606,-0.042213,-0.171203,0.08491,-0.31958,-0.04238,-1.065708,0.040005,-1.125727,-0.992736,-0.125727,0.066512,-0.247933,-0.017311,-0.094899,0.074349,-0.224969,0.01678,-1.308957,0.044446,-1.374659,-1.22823,-0.131999,0.092204,-0.299781,0.02173,-0.005007,0.056795,-0.096359,0.125949,-0.996607,0.001207,-0.998316,-0.992037,-0.021054,0.079324,-0.167156,0.106009,0.087455,0.055733,0.005361,0.244947,-1.385983,0.035492,-1.447821,-1.330785,-0.059931,0.112199,-0.26505,0.125656,0.089147,0.086291,-0.054038,0.266991,-1.511505,0.012543,-1.523311,-1.454799,-0.083452,0.119132,-0.298679,0.116789,0.071146,0.12148,-0.140877,0.257393,-1.55732,0.062326,-1.662341,-1.445058,-0.091966,0.118331,-0.303222,0.108528,0.173108,0.035448,0.120756,0.272816,-0.902872,0.022728,-0.942861,-0.870511,-0.008527,0.085392,-0.164514,0.132943,0.291346,0.036965,0.248089,0.424903,-1.278847,0.065712,-1.399341,-1.178093,-0.031255,0.123902,-0.252614,0.178603,0.284949,0.060428,0.178001,0.368109,-1.340841,0.036304,-1.369866,-1.188435,-0.045141,0.131028,-0.27607,0.177919,0.265848,0.090574,0.099177,0.407764,-1.335538,0.07855,-1.453456,-1.059861,-0.050044,0.129899,-0.278174,0.17128,0.315534,0.017843,0.308699,0.397451,-0.761124,0.041426,-0.831949,-0.687584,-0.009822,0.089019,-0.169429,0.140653,0.446672,0.024627,0.438513,0.559166,-1.068658,0.082732,-1.219132,-0.945795,-0.032605,0.116794,-0.236847,0.166551,0.437197,0.039369,0.36885,0.500191,-1.088658,0.048913,-1.154142,-0.931056,-0.018164,0.116759,-0.220235,0.181168,0.41869,0.067491,0.294374,0.526602,-1.053572,0.056602,-1.122025,-0.814569,-0.004072,0.112099,-0.198287,0.187289,0.441155,0.023159,0.402066,0.494021,-0.577546,0.058504,-0.676493,-0.467217,-0.019489,0.092661,-0.181632,0.1385,0.560938,0.020051,0.527541,0.612233,-0.805038,0.10018,-0.982428,-0.667004,-0.02993,0.11575,-0.229656,0.16771,0.560254,0.009677,0.544805,0.583079,-0.830082,0.082468,-0.961131,-0.632955,-0.003969,0.118663,-0.207183,0.198673,0.543814,0.033396,0.482604,0.598715,-0.807182,0.061405,-0.85966,-0.553578,0.020933,0.11653,-0.178008,0.21992
20260711_220404_itceug,user4,ঈ,output/user4/ঈ/ঈ_20260711_220404_itceug.mp4,305,47,4,0.085106,0.646031,1.295919,0.010204,0.041545,0.61205,0.072452,0.0,0.0,0.0,0.0,0.0,0.0,0.0,0.0,0.0,0.0,0.0,0.0,-0.234095,0.025491,-0.27215,-0.152366,-0.297989,0.033817,-0.360452,-0.23757,-0.008956,0.030795,-0.145143,0.033226,-0.360368,0.061291,-0.480176,-0.212113,-0.707211,0.0471,-0.796008,-0.635812,-0.030265,0.043185,-0.214218,0.030918,-0.371998,0.082802,-0.524867,-0.213312,-1.020096,0.047231,-1.108447,-0.94315,-0.062667,0.054132,-0.277575,0.019108,-0.308554,0.10881,-0.499772,-0.11024,-1.207236,0.021338,-1.301169,-1.182397,-0.089188,0.065016,-0.31509,0.017095,-0.109105,0.037671,-0.254705,-0.019961,-0.991779,0.005226,-0.998217,-0.967019,-0.008496,0.033241,-0.034482,0.123777,-0.091577,0.075587,-0.236235,0.048607,-1.350342,0.039766,-1.389398,-1.17956,-0.070874,0.046658,-0.158454,0.021768,-0.144503,0.112453,-0.321807,0.069474,-1.346104,0.087198,-1.40376,-0.938802,-0.100861,0.079096,-0.241022,0.046185,-0.200199,0.134041,-0.414121,0.054414,-1.258255,0.117529,-1.327735,-0.715395,-0.107128,0.100551,-0.270516,0.081702,0.087767,0.041591,-0.038412,0.159232,-0.964887,0.016709,-0.994565,-0.9373,-0.037981,0.030608,-0.065825,0.066358,0.100439,0.105817,-0.049624,0.295913,-1.302139,0.02396,-1.327553,-1.193297,-0.104471,0.049726,-0.191868,-0.017792,0.057123,0.139587,-0.132394,0.312382,-1.157843,0.085339,-1.302486,-0.902483,-0.126462,0.06934,-0.241442,0.003751,0.040773,0.143909,-0.167614,0.299505,-0.970997,0.126352,-1.199253,-0.674606,-0.123587,0.073347,-0.242451,0.014989,0.276247,0.053024,0.164668,0.367511,-0.880245,0.043507,-0.96598,-0.809758,-0.072353,0.027108,-0.108192,-0.007851,0.290906,0.121134,0.12449,0.509537,-1.213163,0.003986,-1.226004,-1.193062,-0.133704,0.051482,-0.224261,-0.039127,0.239643,0.149136,0.0093,0.506731,-1.069527,0.066326,-1.190115,-0.919282,-0.111104,0.057668,-0.209152,-0.002417,0.216061,0.1465,-0.029105,0.473767,-0.886672,0.106435,-1.083841,-0.68217,-0.07774,0.05113,-0.165877,0.018339,0.449297,0.059758,0.339765,0.54606,-0.747691,0.071553,-0.892814,-0.63242,-0.105439,0.028576,-0.15216,-0.030939,0.467368,0.125925,0.257589,0.687546,-1.026772,0.037336,-1.085517,-0.960802,-0.137914,0.059314,-0.240514,-0.026426,0.417416,0.151948,0.161603,0.684244,-0.939736,0.023271,-0.992789,-0.859026,-0.097079,0.069828,-0.213791,0.035723,0.390565,0.147554,0.127602,0.645907,-0.798726,0.054757,-0.895602,-0.670459,-0.051501,0.068676,-0.165823,0.079201
20260711_220444_r35mfs,user4,ঈ,output/user4/ঈ/ঈ_20260711_220444_r35mfs.mp4,246,47,19,0.404255,4.562708,7.943301,0.062546,0.213212,0.591435,0.107231,0.0,0.0,0.0,0.0,0.0,0.0,0.0,0.0,0.0,0.0,0.0,0.0,-0.180389,0.077837,-0.349515,0.016606,-0.379166,0.059622,-0.46927,-0.054935,-0.027894,0.070047,-0.236627,0.141094,-0.224784,0.122646,-0.52048,-0.007716,-0.8102,0.08779,-0.953895,-0.292528,-0.02178,0.118277,-0.358192,0.237425,-0.173196,0.15666,-0.559959,0.128251,-1.130128,0.097317,-1.285297,-0.529311,-0.024083,0.156069,-0.470289,0.283121,-0.100995,0.195928,-0.604266,0.367576,-1.337499,0.105481,-1.480927,-0.749452,-0.017404,0.189298,-0.581966,0.313193,-0.021247,0.15477,-0.297523,0.358339,-0.975424,0.044329,-0.999262,-0.655406,0.085163,0.135163,-0.19567,0.438041,0.048148,0.20415,-0.340582,0.602948,-1.303472,0.103858,-1.452855,-0.950125,0.058672,0.198705,-0.36871,0.56827,0.053229,0.201237,-0.385154,0.599849,-1.416086,0.188323,-1.717467,-0.700786,0.030678,0.225394,-0.531673,0.601093,0.044798,0.196417,-0.42139,0.534479,-1.46651,0.250029,-1.902439,-0.585523,0.015385,0.237966,-0.617181,0.610599,0.152193,0.164276,-0.238558,0.523803,-0.906677,0.046466,-0.967202,-0.748784,0.070202,0.128278,-0.148835,0.371942,0.227828,0.201999,-0.149047,0.760209,-1.23929,0.127133,-1.428784,-0.814992,0.045508,0.197352,-0.407884,0.541221,0.208731,0.187816,-0.211821,0.741044,-1.297249,0.20236,-1.689078,-0.567515,0.012937,0.208449,-0.529659,0.540888,0.181953,0.175104,-0.327559,0.664397,-1.299659,0.241688,-1.862406,-0.515036,-0.001783,0.206329,-0.541836,0.514196,0.304246,0.16793,-0.187553,0.634716,-0.793258,0.078047,-0.936675,-0.543388,0.041277,0.125228,-0.146877,0.316724,0.393574,0.197793,-0.09832,0.877655,-1.101761,0.147925,-1.269868,-0.683902,0.006185,0.187138,-0.456395,0.423416,0.35564,0.183348,-0.115849,0.85555,-1.114463,0.198777,-1.457081,-0.471548,0.008318,0.184661,-0.491218,0.416354,0.315656,0.169082,-0.229084,0.777386,-1.076604,0.221433,-1.563496,-0.430826,0.020397,0.171094,-0.430757,0.384149,0.445899,0.163567,-0.111398,0.70523,-0.642805,0.118204,-0.978815,-0.326679,0.007699,0.126573,-0.210253,0.257727,0.510834,0.18813,-0.04956,0.911604,-0.888321,0.168274,-1.244843,-0.525911,-0.012366,0.172466,-0.424071,0.309628,0.473203,0.181356,0.023619,0.935296,-0.903518,0.204654,-1.361741,-0.384868,0.010351,0.176569,-0.446357,0.355343,0.429929,0.17418,-0.06508,0.894592,-0.868903,0.223535,-1.435725,-0.363996,0.03677,0.171825,-0.407882,0.387242
20260711_220519_ila5ji,user4,ঈ,output/user4/ঈ/ঈ_20260711_220519_ila5ji.mp4,341,47,0,0.0,0.0,0.0,0.0,0.0,0.0,0.0,0.0,0.0,0.0,0.0,0.0,0.0,0.0,0.0,0.0,0.0,0.0,0.0,0.0,0.0,0.0,0.0,0.0,0.0,0.0,0.0,0.0,0.0,0.0,0.0,0.0,0.0,0.0,0.0,0.0,0.0,0.0,0.0,0.0,0.0,0.0,0.0,0.0,0.0,0.0,0.0,0.0,0.0,0.0,0.0,0.0,0.0,0.0,0.0,0.0,0.0,0.0,0.0,0.0,0.0,0.0,0.0,0.0,0.0,0.0,0.0,0.0,0.0,0.0,0.0,0.0,0.0,0.0,0.0,0.0,0.0,0.0,0.0,0.0,0.0,0.0,0.0,0.0,0.0,0.0,0.0,0.0,0.0,0.0,0.0,0.0,0.0,0.0,0.0,0.0,0.0,0.0,0.0,0.0,0.0,0.0,0.0,0.0,0.0,0.0,0.0,0.0,0.0,0.0,0.0,0.0,0.0,0.0,0.0,0.0,0.0,0.0,0.0,0.0,0.0,0.0,0.0,0.0,0.0,0.0,0.0,0.0,0.0,0.0,0.0,0.0,0.0,0.0,0.0,0.0,0.0,0.0,0.0,0.0,0.0,0.0,0.0,0.0,0.0,0.0,0.0,0.0,0.0,0.0,0.0,0.0,0.0,0.0,0.0,0.0,0.0,0.0,0.0,0.0,0.0,0.0,0.0,0.0,0.0,0.0,0.0,0.0,0.0,0.0,0.0,0.0,0.0,0.0,0.0,0.0,0.0,0.0,0.0,0.0,0.0,0.0,0.0,0.0,0.0,0.0,0.0,0.0,0.0,0.0,0.0,0.0,0.0,0.0,0.0,0.0,0.0,0.0,0.0,0.0,0.0,0.0,0.0,0.0,0.0,0.0,0.0,0.0,0.0,0.0,0.0,0.0,0.0,0.0,0.0,0.0,0.0,0.0,0.0,0.0,0.0,0.0,0.0,0.0,0.0,0.0,0.0,0.0,0.0,0.0,0.0,0.0,0.0,0.0,0.0,0.0,0.0,0.0,0.0,0.0,0.0,0.0,0.0,0.0,0.0,0.0,0.0,0.0,0.0,0.0,0.0,0.0,0.0,0.0,0.0,0.0,0.0,0.0,0.0
20260711_220543_7o5bd0,user4,ঈ,output/user4/ঈ/ঈ_20260711_220543_7o5bd0.mp4,346,47,13,0.276596,3.891711,7.144936,0.056259,0.207381,0.480265,0.110717,0.0,0.0,0.0,0.0,0.0,0.0,0.0,0.0,0.0,0.0,0.0,0.0,-0.143138,0.136327,-0.326552,0.394864,-0.322688,0.085821,-0.513958,-0.101627,-0.042128,0.051539,-0.108686,0.131451,-0.186739,0.225735,-0.523719,0.618655,-0.711689,0.103552,-0.940288,-0.40574,-0.05519,0.079185,-0.180116,0.224371,-0.160682,0.266509,-0.579683,0.722934,-1.025403,0.099535,-1.248028,-0.707386,-0.071275,0.101389,-0.242473,0.2785,-0.109808,0.282008,-0.565419,0.733521,-1.261357,0.11197,-1.606334,-0.946963,-0.079942,0.123705,-0.294849,0.317837,0.049191,0.213557,-0.289114,0.656066,-0.947377,0.052767,-0.999942,-0.715531,0.036507,0.096387,-0.202493,0.296617,0.094841,0.268641,-0.34482,0.769703,-1.324491,0.086304,-1.527735,-1.081237,0.011819,0.139931,-0.224168,0.384579,0.071241,0.310373,-0.440071,0.802011,-1.456737,0.094468,-1.651683,-1.256948,-0.012951,0.168938,-0.277562,0.471526,0.048844,0.344652,-0.511268,0.82034,-1.505831,0.132046,-1.835696,-1.303171,-0.02579,0.190877,-0.337239,0.532919,0.180307,0.145768,-0.091502,0.523205,-0.910866,0.052508,-0.985376,-0.767451,0.034222,0.101628,-0.163194,0.349718,0.221319,0.216982,-0.174413,0.62034,-1.277855,0.113905,-1.552089,-0.999101,0.020701,0.159629,-0.221645,0.562432,0.179398,0.265448,-0.289561,0.664196,-1.35369,0.101211,-1.612386,-1.153659,-0.003018,0.195624,-0.350987,0.667907,0.141265,0.300763,-0.348524,0.70682,-1.35268,0.105669,-1.557628,-1.100954,-0.016046,0.222243,-0.463951,0.742345,0.287859,0.088363,0.089194,0.441622,-0.836565,0.093399,-0.977236,-0.668755,0.020149,0.114967,-0.159581,0.443621,0.319712,0.159671,-0.004714,0.527798,-1.176182,0.159456,-1.530785,-0.897753,0.005635,0.172327,-0.281178,0.639717,0.267272,0.202143,-0.098641,0.520925,-1.238314,0.156965,-1.576012,-1.025019,0.010011,0.203281,-0.392277,0.734214,0.219512,0.230886,-0.169536,0.552898,-1.227085,0.163017,-1.715912,-0.93003,0.016944,0.223535,-0.47525,0.796553,0.38049,0.080709,0.146477,0.505977,-0.725887,0.144562,-0.981752,-0.522492,2e-06,0.132092,-0.211371,0.514286,0.39536,0.125865,0.164836,0.559781,-1.008319,0.199847,-1.389046,-0.707262,-0.007293,0.180369,-0.315806,0.673067,0.344773,0.14283,0.088981,0.574747,-1.07913,0.219883,-1.621264,-0.71795,0.012251,0.204822,-0.381174,0.757087,0.295954,0.156338,0.022067,0.557139,-1.083191,0.236551,-1.799312,-0.693827,0.033193,0.222648,-0.441688,0.823009
20260711_220606_essesa,user4,ঈ,output/user4/ঈ/ঈ_20260711_220606_essesa.mp4,320,47,14,0.297872,4.131906,7.81242,0.061515,0.199695,0.572536,0.105185,0.0,0.0,0.0,0.0,0.0,0.0,0.0,0.0,0.0,0.0,0.0,0.0,-0.231332,0.066166,-0.367447,-0.06428,-0.295338,0.093416,-0.456675,-0.017167,-0.06109,0.071246,-0.168497,0.111904,-0.335286,0.132525,-0.616354,-0.044687,-0.7175,0.151998,-0.959907,-0.371724,-0.081294,0.106425,-0.222411,0.164577,-0.330691,0.188304,-0.706763,0.065803,-1.067426,0.203308,-1.396553,-0.648332,-0.105784,0.125382,-0.276821,0.172204,-0.28337,0.249081,-0.716378,0.201678,-1.322702,0.229329,-1.683439,-0.840338,-0.120432,0.144215,-0.345876,0.209471,-0.147976,0.144693,-0.436419,0.207745,-0.965775,0.025762,-0.999779,-0.899535,0.03769,0.116237,-0.186965,0.322364,-0.13272,0.22333,-0.50204,0.397528,-1.320081,0.099749,-1.62946,-1.130201,-0.021912,0.135234,-0.293195,0.299364,-0.126017,0.262633,-0.538141,0.485166,-1.411825,0.226955,-1.921404,-0.883799,-0.067453,0.137816,-0.339604,0.249065,-0.112762,0.279076,-0.544717,0.52553,-1.459366,0.329077,-2.098532,-0.667947,-0.091151,0.139404,-0.358414,0.221245,0.036323,0.144818,-0.23001,0.364974,-0.935826,0.033491,-0.985003,-0.840888,0.033067,0.090852,-0.184207,0.226603,0.041743,0.228951,-0.349265,0.54418,-1.268418,0.084241,-1.575675,-1.142671,-0.019221,0.104501,-0.267739,0.224732,0.041561,0.265044,-0.380636,0.620218,-1.27674,0.214111,-1.833305,-0.754295,-0.055082,0.100072,-0.293231,0.182317,0.060597,0.269458,-0.328523,0.649268,-1.260056,0.310862,-1.980591,-0.53776,-0.068499,0.099687,-0.3077,0.174813,0.205216,0.14306,-0.045332,0.488992,-0.867719,0.07782,-0.984289,-0.677583,0.010167,0.073789,-0.195122,0.173137,0.215889,0.233453,-0.208595,0.67119,-1.166088,0.085648,-1.407821,-0.966645,-0.045881,0.092136,-0.291036,0.148959,0.197724,0.262578,-0.244818,0.717908,-1.141273,0.177092,-1.605686,-0.622666,-0.043254,0.089477,-0.29558,0.169116,0.206184,0.257659,-0.18696,0.751327,-1.101527,0.264792,-1.718536,-0.40728,-0.02724,0.087823,-0.281135,0.176819,0.372963,0.136141,0.06537,0.637579,-0.770689,0.118373,-0.973202,-0.499798,-0.020337,0.070521,-0.213002,0.120575,0.380009,0.217677,-0.043064,0.765667,-1.019302,0.109946,-1.24663,-0.733992,-0.055867,0.08574,-0.283231,0.109095,0.352386,0.24953,-0.09747,0.80675,-1.01689,0.133797,-1.326465,-0.475405,-0.038174,0.08757,-0.272255,0.162627,0.34553,0.252369,-0.06273,0.890909,-0.984095,0.180151,-1.377472,-0.323969,-0.012718,0.087398,-0.24878,0.200032
20260711_220641_ufswp1,user4,ঈ,output/user4/ঈ/ঈ_20260711_220641_ufswp1.mp4,302,48,14,0.291667,3.228693,6.106758,0.048085,0.228329,0.60424,0.116139,0.0,0.0,0.0,0.0,0.0,0.0,0.0,0.0,0.0,0.0,0.0,0.0,-0.132024,0.085853,-0.28414,0.062998,-0.375536,0.051906,-0.469613,-0.262892,-0.052734,0.051553,-0.136064,0.048735,-0.139776,0.149659,-0.409051,0.093859,-0.808199,0.094941,-1.058276,-0.63742,-0.069905,0.073801,-0.217723,0.065284,-0.056692,0.193489,-0.404589,0.228858,-1.132863,0.13273,-1.483908,-0.933379,-0.087854,0.085052,-0.274547,0.084935,0.041125,0.232228,-0.393017,0.4044,-1.341034,0.14639,-1.692298,-1.089411,-0.093748,0.0986,-0.314839,0.12586,0.025157,0.17678,-0.362581,0.370556,-0.98106,0.019484,-0.999501,-0.928687,0.0237,0.106114,-0.184074,0.257075,0.169587,0.246336,-0.350682,0.607027,-1.34726,0.074684,-1.517208,-1.182958,-0.016117,0.124958,-0.263492,0.230203,0.234411,0.276503,-0.332835,0.787493,-1.472955,0.153182,-1.815914,-1.175984,-0.047637,0.131476,-0.302474,0.225918,0.275134,0.296128,-0.304795,0.924456,-1.528173,0.240508,-2.029481,-1.074881,-0.063094,0.136556,-0.320862,0.237611,0.184656,0.180827,-0.193275,0.500744,-0.880135,0.073105,-0.9767,-0.724823,0.023167,0.090159,-0.155509,0.209579,0.334914,0.254016,-0.155252,0.812328,-1.232085,0.118678,-1.460053,-0.990778,-0.00569,0.105136,-0.224159,0.310676,0.361073,0.260735,-0.142383,0.864978,-1.302989,0.192831,-1.757941,-0.95769,-0.030449,0.103766,-0.237608,0.309592,0.376927,0.249695,-0.131342,0.857693,-1.320805,0.284091,-1.989601,-0.816697,-0.040413,0.10418,-0.233013,0.296314,0.324509,0.174361,-0.14422,0.595619,-0.744755,0.122856,-0.924701,-0.49111,0.009617,0.080588,-0.13252,0.277564,0.470493,0.243416,-0.026846,0.940561,-1.057674,0.165342,-1.278023,-0.747394,-0.017163,0.10141,-0.189235,0.362555,0.477205,0.252127,0.027658,0.985203,-1.111613,0.205981,-1.515247,-0.730789,-0.00752,0.095129,-0.152872,0.347735,0.479833,0.244066,-0.000458,0.971591,-1.10978,0.271955,-1.696167,-0.664025,0.006999,0.087401,-0.11324,0.321463,0.453744,0.161219,-0.077971,0.684283,-0.583393,0.168694,-0.830058,-0.263336,-0.011072,0.082959,-0.119742,0.336078,0.571862,0.209064,0.005367,0.970894,-0.841457,0.207379,-1.088228,-0.498768,-0.018731,0.103723,-0.161926,0.395322,0.574391,0.221003,0.091936,1.030885,-0.906077,0.232988,-1.209782,-0.494837,0.007721,0.102735,-0.127879,0.403291,0.566787,0.223242,0.122131,1.031929,-0.915461,0.26213,-1.349521,-0.440578,0.034707,0.098561,-0.086348,0.405348
20260711_220701_y1rftt,user4,ঈ,output/user4/ঈ/ঈ_20260711_220701_y1rftt.mp4,331,47,13,0.276596,3.37978,6.200331,0.048822,0.279982,0.670163,0.107118,0.0,0.0,0.0,0.0,0.0,0.0,0.0,0.0,0.0,0.0,0.0,0.0,-0.190533,0.076458,-0.400766,-0.077321,-0.397749,0.07955,-0.466789,-0.157937,-0.002382,0.060668,-0.053079,0.272745,-0.228882,0.148718,-0.708158,-0.017217,-0.847611,0.102231,-0.954519,-0.395091,0.019997,0.109394,-0.093098,0.469048,-0.17167,0.199631,-0.837674,0.108375,-1.175662,0.095515,-1.305677,-0.5887,0.030443,0.142619,-0.130243,0.585596,-0.087744,0.231192,-0.817436,0.240896,-1.344207,0.09844,-1.468713,-0.81293,0.047115,0.173225,-0.160612,0.695926,0.030853,0.168792,-0.50931,0.287716,-0.972825,0.036813,-0.99774,-0.734894,0.131172,0.17947,-0.07066,0.79228,0.129958,0.239955,-0.622159,0.502866,-1.321885,0.062345,-1.44505,-0.949169,0.147275,0.235697,-0.108501,1.079542,0.180605,0.275833,-0.646206,0.62613,-1.482391,0.084724,-1.68905,-1.100001,0.143047,0.254233,-0.147287,1.245508,0.211183,0.29831,-0.636969,0.699607,-1.577872,0.117655,-1.859034,-1.193688,0.137712,0.262774,-0.168054,1.350919,0.218336,0.148166,-0.271666,0.456881,-0.871276,0.057335,-0.9735,-0.75567,0.112775,0.164259,-0.071155,0.693172,0.326364,0.222602,-0.396312,0.69305,-1.20271,0.112691,-1.446954,-1.021559,0.138191,0.215083,-0.095399,1.022292,0.363863,0.271229,-0.417422,0.825228,-1.337335,0.116668,-1.580192,-1.115541,0.117713,0.216052,-0.123628,1.175307,0.390211,0.312044,-0.38961,0.924034,-1.401476,0.138266,-1.73048,-0.956261,0.098925,0.216714,-0.148451,1.278455,0.378875,0.129439,-0.027142,0.592044,-0.729865,0.114168,-0.979242,-0.524628,0.082259,0.146671,-0.0911,0.566303,0.497224,0.204167,-0.156929,0.839534,-1.032755,0.175403,-1.465459,-0.755841,0.087653,0.177546,-0.123952,0.808554,0.516416,0.257911,-0.186238,0.960214,-1.119736,0.180624,-1.487801,-0.874102,0.084393,0.167038,-0.126221,0.903539,0.5268,0.299691,-0.166802,1.042206,-1.130771,0.211962,-1.570674,-0.771577,0.083669,0.161395,-0.127392,0.956221,0.523653,0.114856,0.155956,0.695953,-0.55966,0.169521,-0.987764,-0.280442,0.048693,0.134331,-0.122399,0.442755,0.643524,0.183104,0.099332,0.92465,-0.808041,0.219409,-1.358787,-0.458191,0.058976,0.154955,-0.1408,0.582953,0.656956,0.227552,0.062758,1.036547,-0.894174,0.217131,-1.34697,-0.565236,0.081645,0.149948,-0.118656,0.636927,0.647783,0.264714,0.017199,1.108552,-0.915349,0.226721,-1.443672,-0.589013,0.101165,0.144834,-0.098819,0.674718
20260711_220721_h9k2mi,user4,ঈ,output/user4/ঈ/ঈ_20260711_220721_h9k2mi.mp4,358,47,4,0.085106,0.932243,1.109436,0.008736,0.021127,0.58911,0.214348,0.0,0.0,0.0,0.0,0.0,0.0,0.0,0.0,0.0,0.0,0.0,0.0,-0.044807,0.049679,-0.117013,0.061022,-0.435425,0.077616,-0.58165,-0.319093,-0.050763,0.018924,-0.073054,0.009377,0.066049,0.064456,-0.040567,0.198131,-0.889535,0.073597,-1.023003,-0.771529,-0.051605,0.040557,-0.095269,0.034998,0.228264,0.051729,0.152476,0.336984,-1.189614,0.044403,-1.257137,-1.107816,-0.05813,0.060526,-0.125852,0.081411,0.36946,0.036507,0.331054,0.449013,-1.375485,0.02548,-1.409316,-1.325958,-0.054321,0.079559,-0.14544,0.135598,0.25501,0.040741,0.164857,0.31938,-0.964541,0.010117,-0.986318,-0.947591,0.096437,0.101833,-0.020064,0.320055,0.442005,0.033916,0.374011,0.501704,-1.295279,0.059128,-1.417255,-1.227123,0.06571,0.151106,-0.067058,0.412686,0.511848,0.025551,0.454902,0.545248,-1.455321,0.069411,-1.593619,-1.36978,0.025039,0.169087,-0.097258,0.416562,0.55298,0.051604,0.497113,0.665976,-1.553168,0.082982,-1.726554,-1.427702,-0.001216,0.174745,-0.131335,0.402853,0.371462,0.083097,0.18563,0.476757,-0.83129,0.068598,-0.976988,-0.767598,0.095195,0.105684,-0.019955,0.333491,0.549551,0.061815,0.41881,0.664733,-1.182327,0.119086,-1.421739,-1.035718,0.083934,0.156205,-0.051366,0.448328,0.598891,0.017976,0.56938,0.63162,-1.317523,0.144949,-1.613952,-1.124808,0.054808,0.160885,-0.068566,0.431561,0.640581,0.039916,0.499894,0.705657,-1.382141,0.182432,-1.761094,-1.022968,0.035645,0.157347,-0.077604,0.40282,0.463397,0.113544,0.209403,0.608387,-0.666213,0.12554,-0.935499,-0.543827,0.073017,0.106789,-0.030219,0.321059,0.637447,0.098437,0.418256,0.773313,-0.986775,0.184095,-1.365362,-0.784306,0.054709,0.152565,-0.060476,0.414631,0.67187,0.056853,0.544692,0.74684,-1.119741,0.206494,-1.542733,-0.8925,0.063782,0.159519,-0.054635,0.437627,0.701036,0.034549,0.576585,0.755381,-1.177462,0.238965,-1.669501,-0.790152,0.073602,0.154717,-0.044738,0.434198,0.544443,0.142153,0.225831,0.731005,-0.451641,0.196957,-0.878484,-0.249904,0.040838,0.107006,-0.046876,0.295268,0.682922,0.135631,0.378704,0.870571,-0.70406,0.242956,-1.212858,-0.458725,0.036429,0.145818,-0.064697,0.383507,0.701975,0.097737,0.482338,0.842521,-0.824287,0.276199,-1.388303,-0.524233,0.063874,0.161899,-0.052179,0.447747,0.708204,0.059683,0.578443,0.79718,-0.888532,0.311523,-1.517205,-0.550927,0.088006,0.167319,-0.037964,0.483205
20260711_220738_j2qzn6,user4,ঈ,output/user4/ঈ/ঈ_20260711_220738_j2qzn6.mp4,288,47,22,0.468085,4.163634,7.05702,0.055567,0.19315,0.68282,0.075308,0.0,0.0,0.0,0.0,0.0,0.0,0.0,0.0,0.0,0.0,0.0,0.0,-0.181252,0.056274,-0.290675,-0.082306,-0.390359,0.074203,-0.555039,-0.155802,-0.039468,0.027282,-0.129517,0.036024,-0.19706,0.119979,-0.426248,-0.012294,-0.840494,0.106074,-0.982276,-0.426666,-0.043074,0.049456,-0.195512,0.087682,-0.110765,0.166124,-0.482991,0.217329,-1.182516,0.123644,-1.339708,-0.692287,-0.052406,0.066835,-0.257349,0.151999,-0.023577,0.202365,-0.51872,0.420587,-1.409393,0.128248,-1.575253,-0.932749,-0.05493,0.085543,-0.314625,0.224015,0.019168,0.131164,-0.326722,0.28434,-0.982276,0.035462,-0.999849,-0.75889,0.053605,0.102734,-0.192244,0.397008,0.125307,0.188061,-0.318924,0.453752,-1.342624,0.060098,-1.50715,-1.08487,0.019783,0.121403,-0.24752,0.468885,0.176403,0.233259,-0.302,0.552844,-1.524492,0.077068,-1.675953,-1.259794,-0.011414,0.121992,-0.268516,0.46022,0.210842,0.269691,-0.291534,0.611711,-1.641737,0.110586,-1.843647,-1.286885,-0.032598,0.12284,-0.33656,0.44168,0.209978,0.125001,-0.090312,0.45884,-0.878197,0.037446,-0.952366,-0.829467,0.040462,0.095447,-0.184952,0.395488,0.32206,0.176248,-0.086072,0.631668,-1.232096,0.070121,-1.365604,-1.045999,-0.000886,0.10523,-0.242937,0.377902,0.329901,0.228996,-0.094695,0.723452,-1.272562,0.157953,-1.576708,-0.909453,-0.03155,0.10026,-0.315365,0.264632,0.32718,0.273665,-0.212665,0.77247,-1.259389,0.272439,-1.790997,-0.795375,-0.040602,0.098466,-0.328597,0.21587,0.375291,0.118145,0.146308,0.60462,-0.730912,0.078062,-0.9172,-0.630599,0.014549,0.085648,-0.17301,0.372441,0.489619,0.171645,0.119932,0.796771,-1.056025,0.102328,-1.29231,-0.831878,-0.033132,0.094427,-0.277227,0.323489,0.473712,0.229519,0.039659,0.871298,-1.067652,0.157223,-1.475288,-0.696295,-0.02445,0.089839,-0.283268,0.238089,0.45445,0.269492,-0.06703,0.908521,-1.031537,0.243351,-1.599272,-0.602536,-0.003326,0.086756,-0.246131,0.226294,0.525145,0.110202,0.358491,0.726625,-0.546015,0.117346,-0.929249,-0.416757,-0.016673,0.079659,-0.160236,0.35054,0.619283,0.166989,0.290029,0.908235,-0.799391,0.140035,-1.261662,-0.566223,-0.044642,0.089649,-0.272563,0.330038,0.594887,0.223546,0.199726,0.979998,-0.820344,0.159972,-1.416057,-0.472298,-0.018949,0.090959,-0.264366,0.310295,0.566032,0.259155,0.109929,1.013111,-0.794127,0.208224,-1.464638,-0.400069,0.011966,0.092175,-0.231326,0.314416
20260711_220751_axw80l,user4,ঈ,output/user4/ঈ/ঈ_20260711_220751_axw80l.mp4,216,48,11,0.229167,2.121335,3.303664,0.026013,0.115053,0.713593,0.072295,0.0,0.0,0.0,0.0,0.0,0.0,0.0,0.0,0.0,0.0,0.0,0.0,-0.148269,0.061623,-0.28097,-0.028286,-0.398166,0.06222,-0.547869,-0.196352,-0.043431,0.029081,-0.088401,0.046716,-0.122204,0.120599,-0.458543,0.116917,-0.87515,0.088904,-1.077389,-0.574203,-0.056621,0.045702,-0.125465,0.109631,-0.015348,0.1649,-0.529217,0.301346,-1.210767,0.101948,-1.485322,-0.902575,-0.071102,0.058833,-0.155088,0.158621,0.099151,0.195958,-0.529878,0.473633,-1.430068,0.126821,-1.710506,-1.18125,-0.077833,0.072907,-0.174979,0.219011,0.085634,0.134356,-0.269981,0.407877,-0.983445,0.016603,-0.999081,-0.912696,-0.003833,0.055957,-0.090649,0.231764,0.217238,0.183092,-0.259086,0.572391,-1.36182,0.055393,-1.437675,-1.173453,-0.050501,0.081884,-0.165252,0.289026,0.285185,0.220649,-0.243632,0.676785,-1.556287,0.09309,-1.713346,-1.338078,-0.081452,0.096191,-0.216198,0.303751,0.331509,0.257265,-0.220053,0.766085,-1.683762,0.133403,-1.915934,-1.386484,-0.100185,0.105096,-0.246045,0.310057,0.264845,0.130753,-0.058835,0.546072,-0.857066,0.05629,-0.974759,-0.702001,-0.015564,0.051929,-0.08581,0.210857,0.387422,0.188276,-0.047634,0.74069,-1.208861,0.09649,-1.384258,-0.935531,-0.050586,0.07848,-0.137201,0.286033,0.427128,0.237602,-0.043299,0.849234,-1.32978,0.154313,-1.609444,-1.074998,-0.075026,0.088214,-0.180768,0.281283,0.462289,0.289841,-0.017199,0.939467,-1.390624,0.229272,-1.797585,-0.974223,-0.089234,0.092543,-0.209891,0.270656,0.42437,0.118699,0.130576,0.637888,-0.683354,0.097226,-0.925418,-0.458573,-0.03799,0.049774,-0.111174,0.180555,0.551565,0.171517,0.198553,0.844448,-0.989593,0.134945,-1.297828,-0.661322,-0.081477,0.075598,-0.183825,0.243428,0.569684,0.227696,0.194253,0.954842,-1.077907,0.174075,-1.443083,-0.767106,-0.078394,0.088395,-0.221022,0.263259,0.583043,0.288491,0.210698,1.041735,-1.111555,0.23665,-1.519837,-0.682158,-0.069181,0.09325,-0.237491,0.265208,0.570317,0.105283,0.287311,0.700745,-0.475989,0.133704,-0.844299,-0.181944,-0.065012,0.049923,-0.153567,0.149203,0.678301,0.135183,0.418563,0.896604,-0.72027,0.164799,-1.149389,-0.355619,-0.098988,0.076409,-0.218768,0.216845,0.682894,0.182797,0.427203,0.973127,-0.802366,0.192904,-1.269444,-0.443291,-0.084994,0.093899,-0.239319,0.271314,0.682683,0.236741,0.426219,1.030289,-0.842205,0.23583,-1.326442,-0.482827,-0.065946,0.102732,-0.243545,0.305604
20260711_220807_mldxj2,user4,ঈ,output/user4/ঈ/ঈ_20260711_220807_mldxj2.mp4,264,47,19,0.404255,3.588085,7.51018,0.059135,0.316308,0.717863,0.12488,0.0,0.0,0.0,0.0,0.0,0.0,0.0,0.0,0.0,0.0,0.0,0.0,-0.087106,0.04488,-0.192726,0.02179,-0.458275,0.047698,-0.537866,-0.340141,-0.040284,0.059837,-0.131572,0.149508,0.006305,0.100259,-0.222822,0.214108,-0.907793,0.062503,-1.018013,-0.762617,-0.050765,0.095414,-0.210614,0.212779,0.171085,0.151615,-0.173498,0.520343,-1.187981,0.077809,-1.313063,-1.015315,-0.070481,0.109667,-0.293075,0.209039,0.313964,0.187949,-0.140795,0.749801,-1.350517,0.104874,-1.485008,-1.08787,-0.083332,0.122405,-0.365527,0.203081,0.308898,0.092306,0.052849,0.43984,-0.943224,0.024489,-0.998603,-0.897962,0.041215,0.150913,-0.258285,0.328135,0.473831,0.157979,0.088256,0.778429,-1.253154,0.047844,-1.331917,-1.12034,-0.032897,0.1659,-0.369152,0.266951,0.502528,0.24084,-0.027202,0.998235,-1.369988,0.105869,-1.536543,-1.078643,-0.09295,0.170882,-0.468466,0.190251,0.515034,0.303494,-0.051851,1.162327,-1.429466,0.186314,-1.682257,-0.903748,-0.126117,0.174412,-0.532864,0.142597,0.451328,0.086757,0.173792,0.59664,-0.764367,0.082075,-0.939771,-0.610865,0.019138,0.119187,-0.229013,0.238999,0.607186,0.165154,0.187568,0.923253,-1.082415,0.096718,-1.267991,-0.841541,-0.054311,0.118901,-0.342203,0.099702,0.571884,0.265164,0.043886,1.100476,-1.128401,0.133149,-1.403042,-0.896825,-0.097642,0.112644,-0.408111,0.046479,0.546924,0.33883,0.032658,1.232028,-1.110969,0.235035,-1.481412,-0.697673,-0.10939,0.111407,-0.40474,0.039326,0.56335,0.075732,0.28983,0.704776,-0.556543,0.133788,-0.850742,-0.321097,-0.018556,0.086698,-0.203709,0.125558,0.706486,0.16821,0.306425,1.014836,-0.837509,0.158641,-1.162097,-0.535659,-0.099332,0.094058,-0.370248,0.040485,0.64657,0.274191,0.155534,1.165822,-0.838017,0.119467,-1.079868,-0.593275,-0.09204,0.091804,-0.360464,0.055665,0.607508,0.33927,0.134509,1.255511,-0.778199,0.166251,-1.076536,-0.523836,-0.062825,0.088634,-0.304633,0.062926,0.654542,0.062973,0.405358,0.771946,-0.324406,0.172035,-0.726381,-0.024956,-0.061278,0.065625,-0.221762,0.028908,0.750991,0.147677,0.391545,1.013492,-0.55734,0.206122,-0.994098,-0.162345,-0.117702,0.088824,-0.390132,0.034914,0.690237,0.241133,0.274106,1.124917,-0.576187,0.159267,-0.900906,-0.249434,-0.093383,0.095655,-0.387581,0.065254,0.647174,0.298132,0.254902,1.191284,-0.529263,0.141655,-0.784834,-0.261098,-0.05541,0.095895,-0.340465,0.096364
20260711_220822_wgaxvc,user4,ঈ,output/user4/ঈ/ঈ_20260711_220822_wgaxvc.mp4,252,48,17,0.354167,4.865764,8.314461,0.065468,0.337966,0.557666,0.186727,0.0,0.0,0.0,0.0,0.0,0.0,0.0,0.0,0.0,0.0,0.0,0.0,-0.07517,0.094793,-0.214517,0.155727,-0.410897,0.068263,-0.500628,-0.173701,-0.012565,0.090603,-0.280661,0.184313,-0.023441,0.158171,-0.259892,0.266767,-0.834128,0.106972,-0.951921,-0.326244,-0.022981,0.137183,-0.462318,0.293504,0.090706,0.209229,-0.264318,0.513214,-1.146079,0.13296,-1.312184,-0.474841,-0.042889,0.161385,-0.569266,0.340167,0.20173,0.260675,-0.335997,0.764098,-1.357594,0.15179,-1.607595,-0.637674,-0.059272,0.184517,-0.669258,0.373745,0.178142,0.105861,-0.040374,0.305982,-0.963811,0.03935,-0.999882,-0.738979,0.022009,0.216316,-0.641119,0.478099,0.323716,0.185315,-0.025735,0.649502,-1.331824,0.073618,-1.469824,-1.019761,-0.03069,0.275971,-0.886342,0.599374,0.362644,0.253233,-0.078468,0.944122,-1.446983,0.086092,-1.629108,-1.184321,-0.069634,0.296385,-1.013699,0.625891,0.382291,0.306102,-0.151689,1.182403,-1.489012,0.138143,-1.78926,-1.177241,-0.089185,0.304603,-1.07814,0.63427,0.303018,0.101336,0.02311,0.461759,-0.855592,0.070879,-0.979452,-0.727993,-0.00367,0.191784,-0.549854,0.372999,0.459981,0.193354,0.133986,0.886246,-1.220767,0.095994,-1.37193,-1.050864,-0.051779,0.245051,-0.779806,0.520416,0.4678,0.261935,-0.026087,1.075272,-1.248231,0.127892,-1.577921,-0.84579,-0.08203,0.24494,-0.852027,0.515738,0.468593,0.315581,-0.085136,1.294701,-1.218322,0.214763,-1.800248,-0.676673,-0.094803,0.245552,-0.894091,0.495027,0.409243,0.126862,0.058442,0.620453,-0.713776,0.135627,-0.961563,-0.475264,-0.036968,0.167297,-0.454619,0.318013,0.565036,0.210711,0.182407,1.035445,-1.051279,0.156056,-1.317532,-0.770857,-0.0794,0.203315,-0.622409,0.391572,0.555723,0.253672,0.054344,1.064943,-1.066425,0.180207,-1.539781,-0.655073,-0.070664,0.191677,-0.620453,0.384792,0.545481,0.283182,0.009904,1.194472,-1.029151,0.259214,-1.737999,-0.506086,-0.056421,0.183446,-0.607289,0.367315,0.497957,0.165003,0.017242,0.757037,-0.548476,0.193452,-0.907672,-0.241752,-0.072468,0.150788,-0.373361,0.330646,0.626144,0.228868,0.122023,1.127887,-0.818496,0.215302,-1.202679,-0.464557,-0.094685,0.173861,-0.49373,0.395915,0.624955,0.25681,0.173948,1.159461,-0.845756,0.227824,-1.388722,-0.495462,-0.070669,0.172736,-0.506132,0.409481,0.620117,0.276939,0.124289,1.14479,-0.822785,0.27625,-1.553985,-0.394056,-0.044863,0.171321,-0.503407,0.416938
20260711_220837_dby4gx,user4,ঈ,output/user4/ঈ/ঈ_20260711_220837_dby4gx.mp4,256,47,23,0.489362,4.574938,9.264834,0.072951,0.25277,0.642882,0.168063,0.0,0.0,0.0,0.0,0.0,0.0,0.0,0.0,0.0,0.0,0.0,0.0,-0.065373,0.127893,-0.252683,0.270711,-0.413488,0.072511,-0.517952,-0.145628,-0.059092,0.076426,-0.259695,0.146104,0.01823,0.222631,-0.347449,0.522739,-0.850783,0.115856,-1.061057,-0.46943,-0.076756,0.110626,-0.356824,0.203473,0.163898,0.28629,-0.329669,0.711173,-1.150587,0.126432,-1.446043,-0.792659,-0.095528,0.124159,-0.421955,0.190339,0.308614,0.335439,-0.283097,0.86479,-1.34306,0.113765,-1.629378,-1.079929,-0.106243,0.137938,-0.475615,0.187605,0.218402,0.155149,-0.144563,0.473036,-0.95673,0.033165,-0.999536,-0.866535,0.030842,0.118759,-0.349083,0.326297,0.393389,0.252326,-0.15988,0.705589,-1.287889,0.05815,-1.412778,-1.150528,-0.018721,0.14107,-0.513373,0.268654,0.477877,0.343493,-0.172441,0.975654,-1.398959,0.113979,-1.586975,-1.068299,-0.061665,0.156833,-0.610019,0.21873,0.539849,0.41138,-0.20422,1.184436,-1.454599,0.187657,-1.749802,-0.880092,-0.08579,0.167617,-0.657047,0.197932,0.359012,0.144089,0.042615,0.614607,-0.816823,0.094434,-0.980576,-0.63989,0.030295,0.085297,-0.26112,0.230996,0.537947,0.240651,0.026254,0.857163,-1.133092,0.116958,-1.311863,-0.875918,-0.006364,0.117144,-0.415671,0.198497,0.591361,0.349333,-0.095108,1.00072,-1.179216,0.14018,-1.478538,-0.934983,-0.03955,0.133699,-0.483841,0.205547,0.64041,0.425453,-0.148796,1.22183,-1.178096,0.228794,-1.621218,-0.71792,-0.055737,0.140436,-0.517872,0.211235,0.473242,0.132168,0.214351,0.700681,-0.644967,0.155015,-0.923159,-0.397344,0.013964,0.066432,-0.188672,0.150546,0.644848,0.224982,0.163975,0.954922,-0.918812,0.181515,-1.269495,-0.569894,-0.025036,0.108143,-0.325052,0.190483,0.675798,0.326747,0.002725,1.07655,-0.942932,0.161794,-1.360394,-0.640625,-0.021744,0.119311,-0.37465,0.22917,0.708212,0.391867,-0.037923,1.208341,-0.923749,0.218052,-1.420329,-0.590758,-0.010221,0.118798,-0.390402,0.254767,0.573811,0.121327,0.302913,0.754208,-0.444284,0.20805,-0.916725,-0.103991,-0.009503,0.07251,-0.153916,0.141281,0.70636,0.195492,0.289998,0.987916,-0.664602,0.234263,-1.187337,-0.229844,-0.030271,0.10543,-0.284121,0.185159,0.72304,0.280004,0.144858,1.094229,-0.696952,0.19775,-1.27841,-0.29833,-0.008636,0.113229,-0.288954,0.236817,0.737663,0.336673,0.076196,1.185242,-0.687108,0.199052,-1.325915,-0.3392,0.016057,0.113687,-0.283709,0.276288
20260711_220850_xo5kch,user4,ঈ,output/user4/ঈ/ঈ_20260711_220850_xo5kch.mp4,209,47,22,0.468085,3.278748,5.881,0.046307,0.118224,0.671972,0.09109,0.0,0.0,0.0,0.0,0.0,0.0,0.0,0.0,0.0,0.0,0.0,0.0,-0.164386,0.042546,-0.234151,-0.073645,-0.417464,0.041051,-0.530206,-0.351697,-0.034214,0.043047,-0.097986,0.217099,-0.152348,0.086619,-0.304419,0.024063,-0.860273,0.061268,-1.030753,-0.710702,-0.035518,0.068381,-0.133216,0.33298,-0.037742,0.11508,-0.233818,0.212417,-1.185766,0.069874,-1.371849,-0.936762,-0.043993,0.087916,-0.177221,0.37531,0.076772,0.140891,-0.158186,0.396152,-1.395116,0.075098,-1.609095,-1.150407,-0.04657,0.108027,-0.21298,0.407287,0.07861,0.078109,-0.06098,0.240173,-0.98831,0.012649,-0.999977,-0.922851,0.057096,0.112719,-0.199479,0.441242,0.199071,0.117627,-0.029767,0.4117,-1.36205,0.052093,-1.506216,-1.204353,0.025839,0.136494,-0.288986,0.461068,0.244727,0.147629,-0.038837,0.489388,-1.52373,0.083586,-1.694143,-1.183909,-0.00461,0.143015,-0.329801,0.425104,0.272988,0.175133,-0.100845,0.560822,-1.619071,0.132375,-1.822988,-1.080044,-0.02518,0.147997,-0.349806,0.402062,0.25706,0.07226,0.13328,0.397089,-0.865439,0.046769,-0.963577,-0.781856,0.039316,0.104258,-0.202812,0.303745,0.389938,0.118638,0.17769,0.596044,-1.238453,0.063159,-1.385726,-1.041978,-0.004726,0.138761,-0.266237,0.324029,0.363008,0.13656,0.076447,0.610687,-1.272936,0.107496,-1.519351,-1.020452,-0.040894,0.148974,-0.268661,0.27863,0.3238,0.152932,-0.013295,0.586656,-1.234923,0.18334,-1.562083,-0.87253,-0.053492,0.147363,-0.319186,0.257476,0.406104,0.064926,0.297631,0.526442,-0.704073,0.087781,-0.933283,-0.556429,0.009629,0.09613,-0.205597,0.243332,0.54248,0.116918,0.323706,0.754978,-1.030913,0.100739,-1.318942,-0.808211,-0.042007,0.133642,-0.257266,0.275392,0.488391,0.145249,0.18274,0.743043,-1.027612,0.125774,-1.493032,-0.796819,-0.041585,0.13661,-0.300549,0.277647,0.434229,0.167755,0.02037,0.707548,-0.963505,0.18666,-1.537298,-0.660541,-0.026205,0.124807,-0.295631,0.261305,0.539812,0.057982,0.377368,0.644634,-0.511519,0.125284,-0.87672,-0.302314,-0.024144,0.094703,-0.214189,0.206883,0.639751,0.107385,0.405357,0.8235,-0.766554,0.146153,-1.22004,-0.46623,-0.054332,0.127066,-0.248914,0.265681,0.594175,0.14568,0.264426,0.84316,-0.777696,0.160611,-1.37166,-0.544356,-0.033694,0.132429,-0.268924,0.291807,0.545285,0.175473,0.1053,0.922428,-0.729338,0.18959,-1.428826,-0.452041,-0.007686,0.128282,-0.254938,0.302454
20260711_220906_ehc737,user4,ঈ,output/user4/ঈ/ঈ_20260711_220906_ehc737.mp4,287,47,21,0.446809,3.432867,6.161148,0.048513,0.150821,0.678735,0.097703,0.0,0.0,0.0,0.0,0.0,0.0,0.0,0.0,0.0,0.0,0.0,0.0,-0.137066,0.04326,-0.239615,-0.033882,-0.418554,0.051099,-0.515687,-0.292388,-0.039141,0.056111,-0.140072,0.211065,-0.102597,0.097083,-0.324875,0.136032,-0.864832,0.079097,-1.065238,-0.687503,-0.046828,0.086889,-0.213457,0.330949,0.024842,0.138107,-0.288954,0.354851,-1.186036,0.089674,-1.443719,-0.95365,-0.063485,0.105063,-0.281264,0.372681,0.149842,0.174528,-0.211773,0.548679,-1.393226,0.102538,-1.711851,-1.173131,-0.071461,0.120185,-0.332997,0.397114,0.157754,0.115145,-0.213135,0.385912,-0.974886,0.024401,-0.999239,-0.872426,0.069957,0.113363,-0.087974,0.525595,0.303093,0.160658,-0.196825,0.601171,-1.312974,0.041173,-1.413957,-1.19413,0.030014,0.140877,-0.181437,0.633856,0.337839,0.202733,-0.16722,0.771451,-1.430352,0.100133,-1.630391,-1.264447,-0.003712,0.150176,-0.254232,0.641617,0.357684,0.243314,-0.132562,0.92682,-1.476956,0.181599,-1.799764,-1.171895,-0.023351,0.15749,-0.286715,0.639778,0.325259,0.110948,-0.002029,0.538621,-0.837725,0.063293,-0.97835,-0.682096,0.054803,0.094834,-0.096846,0.40579,0.479446,0.158191,0.029929,0.783022,-1.184109,0.090699,-1.383185,-0.993119,0.003077,0.127791,-0.181452,0.532256,0.437756,0.204123,0.049934,0.852322,-1.173488,0.096594,-1.579795,-1.007592,-0.029414,0.132796,-0.228704,0.50638,0.399588,0.237026,0.055338,0.926179,-1.101694,0.154618,-1.716644,-0.815001,-0.035299,0.133115,-0.250702,0.473167,0.460147,0.099641,0.206019,0.647836,-0.663663,0.108302,-0.911412,-0.429416,0.024596,0.077095,-0.10885,0.274742,0.615296,0.1501,0.256353,0.89618,-0.971076,0.137987,-1.287331,-0.684281,-0.034025,0.112731,-0.20221,0.386676,0.554235,0.194223,0.218517,0.960078,-0.94845,0.137864,-1.47372,-0.756238,-0.026511,0.113942,-0.199123,0.361548,0.502405,0.219657,0.160708,1.015882,-0.872681,0.16801,-1.58914,-0.607423,-0.002766,0.109015,-0.187352,0.319975,0.576868,0.084592,0.372361,0.727912,-0.454368,0.148132,-0.86306,-0.16791,-0.010318,0.065584,-0.123483,0.150118,0.704129,0.130069,0.485169,0.946876,-0.699919,0.179974,-1.177693,-0.348253,-0.042815,0.098884,-0.199222,0.236063,0.655409,0.172179,0.346255,1.028368,-0.704537,0.181814,-1.208293,-0.463124,-0.017913,0.10874,-0.208544,0.263057,0.603959,0.199991,0.295414,1.079121,-0.653333,0.186581,-1.269459,-0.368582,0.013112,0.111429,-0.196787,0.268911
