outer_fold_id,inner_fold_id,augmented_sample_id,source_sample_id,role,user_id,label,rotation_deg,scale,translation_x,translation_y,jitter_sigma,point_dropout_rate,temporal_warp
0,0,20260703_231939_jmltkn__outer00__inner00__aug01,20260703_231939_jmltkn,train,user1,অ,0.715513,0.939576,-0.019574,0.012478,0.004278,0.035259,1.168058
0,0,20260703_231939_jmltkn__outer00__inner00__aug02,20260703_231939_jmltkn,train,user1,অ,5.224401,1.020603,-0.026632,-0.025502,0.005455,0.068365,0.858724
0,0,20260703_231939_jmltkn__outer00__inner00__aug03,20260703_231939_jmltkn,train,user1,অ,-5.144565,0.938388,-0.040227,0.04547,0.004397,0.075834,0.898879
0,0,20260704_230134_0i7e7o__outer00__inner00__aug01,20260704_230134_0i7e7o,train,user1,অ,-0.389186,1.080719,-0.032817,0.0497,0.005934,0.05046,1.126028
0,0,20260704_230134_0i7e7o__outer00__inner00__aug02,20260704_230134_0i7e7o,train,user1,অ,-3.806685,0.902494,-0.01311,-0.016984,0.006777,0.078594,1.05274
0,0,20260704_230134_0i7e7o__outer00__inner00__aug03,20260704_230134_0i7e7o,train,user1,অ,-5.625126,1.072694,0.037217,-0.010868,0.005956,0.034054,0.899927
0,0,20260704_230207_s0bru0__outer00__inner00__aug01,20260704_230207_s0bru0,train,user1,অ,4.606558,1.037408,-0.015541,0.006705,0.00646,0.030659,1.033994
0,0,20260704_230207_s0bru0__outer00__inner00__aug02,20260704_230207_s0bru0,train,user1,অ,-4.802119,1.03174,0.044953,-0.035946,0.003414,0.048796,0.930402
0,0,20260704_230207_s0bru0__outer00__inner00__aug03,20260704_230207_s0bru0,train,user1,অ,-3.070391,0.924964,-0.02689,0.048883,0.006424,0.07743,1.233135
0,0,20260704_230243_20ggrl__outer00__inner00__aug01,20260704_230243_20ggrl,train,user1,অ,6.978709,1.028169,0.036665,0.023984,0.005231,0.075946,0.846169
0,0,20260704_230243_20ggrl__outer00__inner00__aug02,20260704_230243_20ggrl,train,user1,অ,5.99912,1.009685,0.005163,0.009214,0.003395,0.057437,1.164912
0,0,20260704_230243_20ggrl__outer00__inner00__aug03,20260704_230243_20ggrl,train,user1,অ,3.109694,0.99267,0.011972,0.006253,0.006606,0.067507,1.15177
0,0,20260704_230314_biogka__outer00__inner00__aug01,20260704_230314_biogka,train,user1,অ,0.150433,1.024418,0.046553,-0.018334,0.007881,0.063868,1.209634
0,0,20260704_230314_biogka__outer00__inner00__aug02,20260704_230314_biogka,train,user1,অ,-3.260413,0.911632,-0.015467,-0.040295,0.007687,0.037016,1.106979
0,0,20260704_230314_biogka__outer00__inner00__aug03,20260704_230314_biogka,train,user1,অ,2.810714,1.065999,-0.036661,-0.03204,0.00696,0.048754,1.232305
0,0,20260704_230343_z76un4__outer00__inner00__aug01,20260704_230343_z76un4,train,user1,অ,1.090181,0.997372,-0.026707,0.026717,0.007512,0.06878,0.860316
0,0,20260704_230343_z76un4__outer00__inner00__aug02,20260704_230343_z76un4,train,user1,অ,0.937578,1.019965,0.025767,0.011525,0.003884,0.056776,1.177375
0,0,20260704_230343_z76un4__outer00__inner00__aug03,20260704_230343_z76un4,train,user1,অ,-6.35217,1.080617,-0.035709,0.037537,0.007264,0.05798,1.065729
0,0,20260704_230438_1by20a__outer00__inner00__aug01,20260704_230438_1by20a,train,user1,অ,-1.614805,0.969493,-0.016415,-0.015198,0.005793,0.043465,1.181712
0,0,20260704_230438_1by20a__outer00__inner00__aug02,20260704_230438_1by20a,train,user1,অ,4.96915,0.918793,-0.006157,-0.001848,0.004003,0.05568,0.833555
0,0,20260704_230438_1by20a__outer00__inner00__aug03,20260704_230438_1by20a,train,user1,অ,-6.253752,1.001951,0.005044,-0.044383,0.006846,0.043405,1.041397
0,0,20260704_230508_zz8agk__outer00__inner00__aug01,20260704_230508_zz8agk,train,user1,অ,1.517612,1.036689,-0.027966,-0.006578,0.003396,0.030973,0.921253
0,0,20260704_230508_zz8agk__outer00__inner00__aug02,20260704_230508_zz8agk,train,user1,অ,0.628118,0.934376,-0.033254,-0.018181,0.007538,0.031271,0.964953
0,0,20260704_230508_zz8agk__outer00__inner00__aug03,20260704_230508_zz8agk,train,user1,অ,3.360221,0.977999,-0.045928,0.033645,0.003553,0.052249,0.832155
0,0,20260704_230530_8783vw__outer00__inner00__aug01,20260704_230530_8783vw,train,user1,অ,-0.100406,1.014645,0.041036,-0.005785,0.007406,0.078723,1.245391
0,0,20260704_230530_8783vw__outer00__inner00__aug02,20260704_230530_8783vw,train,user1,অ,-0.862098,0.97471,-0.031758,-0.048149,0.004762,0.070155,1.047784
0,0,20260704_230530_8783vw__outer00__inner00__aug03,20260704_230530_8783vw,train,user1,অ,3.001896,1.001841,0.029039,0.039545,0.004273,0.068192,0.974491
0,0,20260704_230601_9fuwl5__outer00__inner00__aug01,20260704_230601_9fuwl5,train,user1,অ,-3.053346,0.968999,0.00049,-0.049253,0.006566,0.067782,1.102168
0,0,20260704_230601_9fuwl5__outer00__inner00__aug02,20260704_230601_9fuwl5,train,user1,অ,0.394709,0.903034,-0.018426,0.045561,0.006192,0.072376,0.820167
0,0,20260704_230601_9fuwl5__outer00__inner00__aug03,20260704_230601_9fuwl5,train,user1,অ,-3.180894,0.965682,0.043742,0.011798,0.004597,0.078018,1.174933
0,0,20260704_230631_iep9zz__outer00__inner00__aug01,20260704_230631_iep9zz,train,user1,অ,-0.492296,0.99461,-0.017201,0.015056,0.00542,0.044008,0.887718
0,0,20260704_230631_iep9zz__outer00__inner00__aug02,20260704_230631_iep9zz,train,user1,অ,6.207089,0.992048,-0.042765,0.035187,0.006933,0.056348,0.807494
0,0,20260704_230631_iep9zz__outer00__inner00__aug03,20260704_230631_iep9zz,train,user1,অ,-4.53833,0.941461,0.045828,-0.003322,0.007223,0.060728,1.105679
0,0,20260709_222041_giojuy__outer00__inner00__aug01,20260709_222041_giojuy,train,user1,অ,-1.417117,0.931995,0.003385,-0.034941,0.005085,0.042034,0.868461
0,0,20260709_222041_giojuy__outer00__inner00__aug02,20260709_222041_giojuy,train,user1,অ,-2.942145,0.95218,0.036871,-0.007073,0.006084,0.056831,1.098781
0,0,20260709_222041_giojuy__outer00__inner00__aug03,20260709_222041_giojuy,train,user1,অ,-4.385983,0.990743,-0.038668,-0.036422,0.004275,0.065789,0.975097
0,0,20260704_230720_4nlmlz__outer00__inner00__aug01,20260704_230720_4nlmlz,train,user1,আ,6.488232,0.932661,0.027165,0.010633,0.003096,0.072455,0.84009
0,0,20260704_230720_4nlmlz__outer00__inner00__aug02,20260704_230720_4nlmlz,train,user1,আ,-1.977384,1.003198,-0.035747,0.004139,0.007784,0.040916,1.018923
0,0,20260704_230720_4nlmlz__outer00__inner00__aug03,20260704_230720_4nlmlz,train,user1,আ,2.195494,1.001251,0.041783,0.038308,0.005558,0.079599,1.090351
0,0,20260704_230748_cofjqd__outer00__inner00__aug01,20260704_230748_cofjqd,train,user1,আ,6.76542,0.972834,-0.018243,-0.009073,0.004596,0.068081,1.131779
0,0,20260704_230748_cofjqd__outer00__inner00__aug02,20260704_230748_cofjqd,train,user1,আ,-6.039495,0.92244,0.015086,-0.032314,0.00354,0.049042,0.854632
0,0,20260704_230748_cofjqd__outer00__inner00__aug03,20260704_230748_cofjqd,train,user1,আ,-6.073245,1.087235,0.04064,-0.015798,0.005231,0.052904,0.957238
0,0,20260704_230823_p4djtm__outer00__inner00__aug01,20260704_230823_p4djtm,train,user1,আ,0.716711,1.037583,-0.040289,0.008792,0.007702,0.062857,1.241462
0,0,20260704_230823_p4djtm__outer00__inner00__aug02,20260704_230823_p4djtm,train,user1,আ,2.718265,0.940417,-0.018114,0.017938,0.005023,0.035457,0.860502
0,0,20260704_230823_p4djtm__outer00__inner00__aug03,20260704_230823_p4djtm,train,user1,আ,-6.21175,1.00234,0.012368,0.024175,0.005785,0.040406,1.238223
0,0,20260704_230900_jm6b9y__outer00__inner00__aug01,20260704_230900_jm6b9y,train,user1,আ,4.248974,1.052841,-0.030275,0.03343,0.003585,0.044196,1.052486
0,0,20260704_230900_jm6b9y__outer00__inner00__aug02,20260704_230900_jm6b9y,train,user1,আ,2.984009,0.948585,0.029484,-0.012352,0.007398,0.030678,0.901965
0,0,20260704_230900_jm6b9y__outer00__inner00__aug03,20260704_230900_jm6b9y,train,user1,আ,-3.96403,0.917216,-0.007114,-0.045065,0.003767,0.03666,0.886164
0,0,20260704_230941_ogdcp4__outer00__inner00__aug01,20260704_230941_ogdcp4,train,user1,আ,-1.299492,0.966412,-0.001115,0.048711,0.007592,0.034379,1.185814
0,0,20260704_230941_ogdcp4__outer00__inner00__aug02,20260704_230941_ogdcp4,train,user1,আ,-1.9729,1.039019,0.003691,-0.015717,0.004737,0.078298,0.928855
0,0,20260704_230941_ogdcp4__outer00__inner00__aug03,20260704_230941_ogdcp4,train,user1,আ,-5.59076,0.908305,0.035419,-0.009122,0.003675,0.048852,1.134006
0,0,20260704_231010_4ha6y7__outer00__inner00__aug01,20260704_231010_4ha6y7,train,user1,আ,2.522139,0.926063,-0.007884,0.034449,0.00666,0.074521,0.849112
0,0,20260704_231010_4ha6y7__outer00__inner00__aug02,20260704_231010_4ha6y7,train,user1,আ,-4.226044,1.010826,0.025708,0.015823,0.006428,0.059657,0.849574
0,0,20260704_231010_4ha6y7__outer00__inner00__aug03,20260704_231010_4ha6y7,train,user1,আ,1.928322,1.020201,0.030706,0.026827,0.004675,0.047266,0.83952
0,0,20260728_232136_0wkg0v__outer00__inner00__aug01,20260728_232136_0wkg0v,train,user1,আ,-3.39479,0.999192,-0.03882,-0.032611,0.007016,0.031954,1.223621
0,0,20260728_232136_0wkg0v__outer00__inner00__aug02,20260728_232136_0wkg0v,train,user1,আ,-0.545298,1.008889,0.027681,0.015227,0.004032,0.051488,0.94882
0,0,20260728_232136_0wkg0v__outer00__inner00__aug03,20260728_232136_0wkg0v,train,user1,আ,0.618639,1.081524,-0.004191,-0.017035,0.003084,0.037624,0.818303
0,0,20260728_232203_7c77zv__outer00__inner00__aug01,20260728_232203_7c77zv,train,user1,আ,-0.735408,1.025295,-0.007865,0.012858,0.005266,0.068979,1.033016
0,0,20260728_232203_7c77zv__outer00__inner00__aug02,20260728_232203_7c77zv,train,user1,আ,-3.483661,0.971301,0.003013,-0.014141,0.00571,0.070868,1.235246
0,0,20260728_232203_7c77zv__outer00__inner00__aug03,20260728_232203_7c77zv,train,user1,আ,-3.183882,0.914915,0.048853,-0.025123,0.007018,0.056819,0.971259
0,0,20260728_232238_kgwkds__outer00__inner00__aug01,20260728_232238_kgwkds,train,user1,আ,2.558346,0.908566,-0.042513,-0.007854,0.006013,0.038624,1.19823
0,0,20260728_232238_kgwkds__outer00__inner00__aug02,20260728_232238_kgwkds,train,user1,আ,-3.453533,0.992312,-0.014305,0.000835,0.005503,0.074663,0.97291
0,0,20260728_232238_kgwkds__outer00__inner00__aug03,20260728_232238_kgwkds,train,user1,আ,-1.879005,1.089539,-0.022234,-0.021313,0.007035,0.072536,0.965375
0,0,20260728_232316_s2ep8l__outer00__inner00__aug01,20260728_232316_s2ep8l,train,user1,আ,6.55743,1.08008,0.012035,-0.041464,0.004983,0.052006,1.158653
0,0,20260728_232316_s2ep8l__outer00__inner00__aug02,20260728_232316_s2ep8l,train,user1,আ,4.256751,0.960182,-0.04426,-0.028123,0.007574,0.037063,1.102475
0,0,20260728_232316_s2ep8l__outer00__inner00__aug03,20260728_232316_s2ep8l,train,user1,আ,6.0458,0.940045,-0.000569,-0.022774,0.00668,0.032887,1.216422
0,0,20260705_210750_hp0ub6__outer00__inner00__aug01,20260705_210750_hp0ub6,train,user1,ই,-4.124771,0.976941,-0.003135,-0.025024,0.007372,0.067951,0.853149
0,0,20260705_210750_hp0ub6__outer00__inner00__aug02,20260705_210750_hp0ub6,train,user1,ই,3.584636,0.942179,-0.019077,0.006307,0.005949,0.071019,0.872376
0,0,20260705_210750_hp0ub6__outer00__inner00__aug03,20260705_210750_hp0ub6,train,user1,ই,-0.38678,1.096743,0.008323,-0.046347,0.006653,0.042434,0.887556
0,0,20260705_210817_cpe63z__outer00__inner00__aug01,20260705_210817_cpe63z,train,user1,ই,-6.471665,1.085819,0.022921,-0.015514,0.00627,0.065233,1.165044
0,0,20260705_210817_cpe63z__outer00__inner00__aug02,20260705_210817_cpe63z,train,user1,ই,0.692505,1.047812,-0.039662,0.018635,0.004398,0.056922,1.001023
0,0,20260705_210817_cpe63z__outer00__inner00__aug03,20260705_210817_cpe63z,train,user1,ই,-5.608735,0.961475,-0.014297,0.018163,0.007345,0.042316,0.855675
0,0,20260705_210847_8d63gb__outer00__inner00__aug01,20260705_210847_8d63gb,train,user1,ই,-5.549512,0.994519,-0.005718,0.007462,0.003952,0.039152,1.204784
0,0,20260705_210847_8d63gb__outer00__inner00__aug02,20260705_210847_8d63gb,train,user1,ই,5.432286,1.038999,0.009145,-0.034033,0.006267,0.066888,1.046215
0,0,20260705_210847_8d63gb__outer00__inner00__aug03,20260705_210847_8d63gb,train,user1,ই,3.959109,1.011017,0.03767,0.049758,0.007527,0.049281,0.962411
0,0,20260705_210914_6z0wyv__outer00__inner00__aug01,20260705_210914_6z0wyv,train,user1,ই,-5.769935,0.93529,0.040961,-0.018349,0.005427,0.0372,1.037521
0,0,20260705_210914_6z0wyv__outer00__inner00__aug02,20260705_210914_6z0wyv,train,user1,ই,4.519029,1.038505,-0.030281,-0.03371,0.005303,0.05761,1.246294
0,0,20260705_210914_6z0wyv__outer00__inner00__aug03,20260705_210914_6z0wyv,train,user1,ই,-0.854843,1.054633,0.042624,-0.004358,0.004912,0.079774,1.005831
0,0,20260705_211104_cee4mp__outer00__inner00__aug01,20260705_211104_cee4mp,train,user1,ই,0.618563,1.048544,-0.021515,0.015972,0.005137,0.057352,0.919192
0,0,20260705_211104_cee4mp__outer00__inner00__aug02,20260705_211104_cee4mp,train,user1,ই,-6.995444,0.971599,-0.014624,-0.002209,0.005687,0.067353,1.060046
0,0,20260705_211104_cee4mp__outer00__inner00__aug03,20260705_211104_cee4mp,train,user1,ই,-1.800592,0.930884,-0.012528,0.002026,0.006941,0.070795,1.014668
0,0,20260705_211129_q9xd7j__outer00__inner00__aug01,20260705_211129_q9xd7j,train,user1,ই,-3.72494,1.003286,0.03224,0.042666,0.005483,0.049933,1.176571
0,0,20260705_211129_q9xd7j__outer00__inner00__aug02,20260705_211129_q9xd7j,train,user1,ই,-1.323026,1.077841,0.031451,0.013121,0.007828,0.076152,1.128912
0,0,20260705_211129_q9xd7j__outer00__inner00__aug03,20260705_211129_q9xd7j,train,user1,ই,3.960299,1.02268,-0.029765,-0.037288,0.007985,0.064564,1.018651
0,0,20260705_211202_fwdefr__outer00__inner00__aug01,20260705_211202_fwdefr,train,user1,ই,-4.12117,1.093424,-0.012943,0.031938,0.003995,0.076643,0.963209
0,0,20260705_211202_fwdefr__outer00__inner00__aug02,20260705_211202_fwdefr,train,user1,ই,1.973228,1.072794,-0.023133,0.039904,0.007947,0.042301,0.916086
0,0,20260705_211202_fwdefr__outer00__inner00__aug03,20260705_211202_fwdefr,train,user1,ই,-2.855246,1.094337,0.013135,-0.020907,0.004582,0.042857,1.179499
0,0,20260705_211229_nco6f5__outer00__inner00__aug01,20260705_211229_nco6f5,train,user1,ই,-1.87621,1.023633,0.041849,-0.034466,0.007006,0.034578,1.190002
0,0,20260705_211229_nco6f5__outer00__inner00__aug02,20260705_211229_nco6f5,train,user1,ই,-4.216929,0.914223,0.001563,0.00176,0.006192,0.060201,0.912603
0,0,20260705_211229_nco6f5__outer00__inner00__aug03,20260705_211229_nco6f5,train,user1,ই,-6.425822,1.02372,0.018041,0.008125,0.00531,0.047479,1.13801
0,0,20260705_211257_5zxk15__outer00__inner00__aug01,20260705_211257_5zxk15,train,user1,ই,0.060131,0.999087,-0.042821,-0.046659,0.004383,0.071873,0.805078
0,0,20260705_211257_5zxk15__outer00__inner00__aug02,20260705_211257_5zxk15,train,user1,ই,5.176258,0.991598,-0.025945,0.041127,0.005602,0.079388,0.841316
0,0,20260705_211257_5zxk15__outer00__inner00__aug03,20260705_211257_5zxk15,train,user1,ই,2.688524,0.971339,0.040115,-0.002761,0.007059,0.060489,1.104708
0,0,20260705_211324_69n6hy__outer00__inner00__aug01,20260705_211324_69n6hy,train,user1,ই,4.226391,1.035027,-0.040422,0.000847,0.003465,0.064624,0.912177
0,0,20260705_211324_69n6hy__outer00__inner00__aug02,20260705_211324_69n6hy,train,user1,ই,5.923319,0.968759,-0.028146,0.004733,0.003903,0.033424,1.119569
0,0,20260705_211324_69n6hy__outer00__inner00__aug03,20260705_211324_69n6hy,train,user1,ই,-6.220806,0.908507,-0.024333,-0.04237,0.004497,0.063188,0.967458
0,0,20260705_213721_6edrqn__outer00__inner00__aug01,20260705_213721_6edrqn,train,user1,ঈ,-1.235951,1.049122,0.019613,-0.03183,0.005119,0.040179,0.938023
0,0,20260705_213721_6edrqn__outer00__inner00__aug02,20260705_213721_6edrqn,train,user1,ঈ,-3.728884,1.080465,-0.01424,-0.001871,0.004301,0.069245,0.844327
0,0,20260705_213721_6edrqn__outer00__inner00__aug03,20260705_213721_6edrqn,train,user1,ঈ,1.383599,0.992023,0.043367,0.0423,0.005093,0.054571,1.089162
0,0,20260705_213804_scynf9__outer00__inner00__aug01,20260705_213804_scynf9,train,user1,ঈ,-3.77346,0.937742,-0.001891,0.041809,0.006636,0.055137,1.197171
0,0,20260705_213804_scynf9__outer00__inner00__aug02,20260705_213804_scynf9,train,user1,ঈ,6.594894,1.009715,0.01385,-0.010555,0.006351,0.030811,1.122801
0,0,20260705_213804_scynf9__outer00__inner00__aug03,20260705_213804_scynf9,train,user1,ঈ,1.213633,1.069912,0.047655,-0.047118,0.007714,0.068422,1.043049
0,0,20260705_213852_tuebtl__outer00__inner00__aug01,20260705_213852_tuebtl,train,user1,ঈ,-2.269907,0.954992,-0.046934,0.035755,0.007557,0.041078,1.171545
0,0,20260705_213852_tuebtl__outer00__inner00__aug02,20260705_213852_tuebtl,train,user1,ঈ,6.850859,0.918765,0.011856,0.017265,0.003646,0.065072,1.127231
0,0,20260705_213852_tuebtl__outer00__inner00__aug03,20260705_213852_tuebtl,train,user1,ঈ,2.213588,1.046095,-0.001409,-0.049213,0.007996,0.06605,1.158585
0,0,20260705_213943_7qqvt7__outer00__inner00__aug01,20260705_213943_7qqvt7,train,user1,ঈ,5.693485,0.984242,-0.029968,-0.006706,0.004433,0.039501,0.989514
0,0,20260705_213943_7qqvt7__outer00__inner00__aug02,20260705_213943_7qqvt7,train,user1,ঈ,5.028359,0.97016,-0.021184,0.018491,0.005806,0.054022,0.916867
0,0,20260705_213943_7qqvt7__outer00__inner00__aug03,20260705_213943_7qqvt7,train,user1,ঈ,-3.350485,1.090281,-0.018585,-0.009156,0.006502,0.042413,1.198125
0,0,20260705_214029_z7ddbl__outer00__inner00__aug01,20260705_214029_z7ddbl,train,user1,ঈ,-4.174825,1.088175,0.027525,-0.014622,0.005396,0.034847,1.124301
0,0,20260705_214029_z7ddbl__outer00__inner00__aug02,20260705_214029_z7ddbl,train,user1,ঈ,2.059173,1.027411,-0.008383,-0.044782,0.005891,0.04821,1.228515
0,0,20260705_214029_z7ddbl__outer00__inner00__aug03,20260705_214029_z7ddbl,train,user1,ঈ,4.88083,1.039554,-0.018782,-0.047539,0.003652,0.035775,1.002668
0,0,20260705_214107_b894ld__outer00__inner00__aug01,20260705_214107_b894ld,train,user1,ঈ,-3.082787,1.028338,-0.044969,-0.005935,0.004477,0.038985,1.040024
0,0,20260705_214107_b894ld__outer00__inner00__aug02,20260705_214107_b894ld,train,user1,ঈ,1.096192,1.036375,-0.039882,-0.014538,0.004067,0.078723,0.994232
0,0,20260705_214107_b894ld__outer00__inner00__aug03,20260705_214107_b894ld,train,user1,ঈ,1.42978,1.039319,0.030467,-0.012724,0.007732,0.030064,1.191923
0,0,20260705_215457_yruoxw__outer00__inner00__aug01,20260705_215457_yruoxw,train,user1,ঈ,-1.59782,0.96196,-0.003499,-0.005297,0.005996,0.071822,1.070345
0,0,20260705_215457_yruoxw__outer00__inner00__aug02,20260705_215457_yruoxw,train,user1,ঈ,6.181488,1.010743,0.022885,0.039008,0.003806,0.044189,0.835238
0,0,20260705_215457_yruoxw__outer00__inner00__aug03,20260705_215457_yruoxw,train,user1,ঈ,-1.748821,1.062336,0.027377,0.02844,0.004527,0.030506,0.968346
0,0,20260705_215539_dr61qv__outer00__inner00__aug01,20260705_215539_dr61qv,train,user1,ঈ,3.451601,0.922859,0.026837,0.026965,0.006913,0.05846,0.85278
0,0,20260705_215539_dr61qv__outer00__inner00__aug02,20260705_215539_dr61qv,train,user1,ঈ,-6.288689,0.930774,0.008503,0.015753,0.004151,0.050747,1.040844
0,0,20260705_215539_dr61qv__outer00__inner00__aug03,20260705_215539_dr61qv,train,user1,ঈ,-4.260921,0.948305,-0.004557,-0.006513,0.005821,0.065146,1.129061
0,0,20260705_215654_07cd7w__outer00__inner00__aug01,20260705_215654_07cd7w,train,user1,ঈ,-1.805583,0.971441,0.010743,-0.04662,0.006787,0.075384,1.130336
0,0,20260705_215654_07cd7w__outer00__inner00__aug02,20260705_215654_07cd7w,train,user1,ঈ,3.325588,0.950436,-0.027171,-0.049865,0.003084,0.040178,0.860653
0,0,20260705_215654_07cd7w__outer00__inner00__aug03,20260705_215654_07cd7w,train,user1,ঈ,-4.422084,1.093802,0.034292,-0.010444,0.006328,0.038341,1.097744
0,0,20260705_215745_i5n9h7__outer00__inner00__aug01,20260705_215745_i5n9h7,train,user1,ঈ,-2.061896,1.057838,0.007748,-0.03159,0.004794,0.078708,0.870392
0,0,20260705_215745_i5n9h7__outer00__inner00__aug02,20260705_215745_i5n9h7,train,user1,ঈ,4.276984,0.915913,-0.026904,-0.038559,0.006646,0.062146,0.807733
0,0,20260705_215745_i5n9h7__outer00__inner00__aug03,20260705_215745_i5n9h7,train,user1,ঈ,-1.149499,0.954028,-0.009182,0.002922,0.006549,0.069776,1.237852
0,0,20260704_232121_lcxi4y__outer00__inner00__aug01,20260704_232121_lcxi4y,train,user2,অ,3.308439,1.041536,-0.040558,0.042336,0.006766,0.046951,1.191982
0,0,20260704_232121_lcxi4y__outer00__inner00__aug02,20260704_232121_lcxi4y,train,user2,অ,0.570297,1.033967,-0.003071,-0.042722,0.005204,0.073704,0.967039
0,0,20260704_232121_lcxi4y__outer00__inner00__aug03,20260704_232121_lcxi4y,train,user2,অ,-4.120142,1.02438,0.02709,-0.006963,0.005142,0.06711,1.221885
0,0,20260728_232630_znnts0__outer00__inner00__aug01,20260728_232630_znnts0,train,user2,অ,-5.585449,1.015079,0.018983,0.006635,0.004501,0.039356,1.239666
0,0,20260728_232630_znnts0__outer00__inner00__aug02,20260728_232630_znnts0,train,user2,অ,3.000305,0.987424,0.039804,-0.027737,0.003024,0.078877,0.80273
0,0,20260728_232630_znnts0__outer00__inner00__aug03,20260728_232630_znnts0,train,user2,অ,-5.771644,0.996451,-0.044095,0.017856,0.005322,0.051886,1.029497
0,0,20260728_232652_hdsmyh__outer00__inner00__aug01,20260728_232652_hdsmyh,train,user2,অ,-1.272467,0.90471,-0.004489,0.034976,0.007954,0.066307,1.172216
0,0,20260728_232652_hdsmyh__outer00__inner00__aug02,20260728_232652_hdsmyh,train,user2,অ,-1.184712,1.071502,0.048057,-0.006836,0.006801,0.058361,0.933269
0,0,20260728_232652_hdsmyh__outer00__inner00__aug03,20260728_232652_hdsmyh,train,user2,অ,6.944071,1.060097,-0.007145,0.027644,0.006601,0.054899,0.97043
0,0,20260728_232714_hincfq__outer00__inner00__aug01,20260728_232714_hincfq,train,user2,অ,2.450144,1.021675,0.040871,-0.019572,0.003465,0.052706,0.810479
0,0,20260728_232714_hincfq__outer00__inner00__aug02,20260728_232714_hincfq,train,user2,অ,1.466832,1.042666,-0.001966,0.037587,0.003605,0.041252,0.927618
0,0,20260728_232714_hincfq__outer00__inner00__aug03,20260728_232714_hincfq,train,user2,অ,2.1018,1.018023,0.047531,0.048146,0.00729,0.067345,1.074391
0,0,20260728_232741_j1gvgu__outer00__inner00__aug01,20260728_232741_j1gvgu,train,user2,অ,3.475664,0.941462,0.002889,0.035127,0.00491,0.032852,1.226889
0,0,20260728_232741_j1gvgu__outer00__inner00__aug02,20260728_232741_j1gvgu,train,user2,অ,-4.297776,1.039452,-0.027702,-0.013105,0.003293,0.075218,1.170404
0,0,20260728_232741_j1gvgu__outer00__inner00__aug03,20260728_232741_j1gvgu,train,user2,অ,6.539929,1.024901,0.036691,-0.034486,0.007683,0.052633,0.938456
0,0,20260704_232148_mqf5ea__outer00__inner00__aug01,20260704_232148_mqf5ea,train,user2,আ,0.334845,1.051873,-0.004838,-0.001468,0.003733,0.0538,1.071348
0,0,20260704_232148_mqf5ea__outer00__inner00__aug02,20260704_232148_mqf5ea,train,user2,আ,-3.08894,0.922115,0.028774,-0.039462,0.004654,0.078617,0.918719
0,0,20260704_232148_mqf5ea__outer00__inner00__aug03,20260704_232148_mqf5ea,train,user2,আ,-6.852556,0.947841,-0.014727,0.022174,0.005314,0.041027,0.898346
0,0,20260728_232436_9i4gi8__outer00__inner00__aug01,20260728_232436_9i4gi8,train,user2,আ,5.59694,1.010516,0.015098,-0.015174,0.003838,0.045258,0.913904
0,0,20260728_232436_9i4gi8__outer00__inner00__aug02,20260728_232436_9i4gi8,train,user2,আ,1.803894,0.976878,-0.041049,0.001074,0.007106,0.075766,0.943022
0,0,20260728_232436_9i4gi8__outer00__inner00__aug03,20260728_232436_9i4gi8,train,user2,আ,2.459811,1.099853,0.015112,0.045651,0.005412,0.059153,1.026668
0,0,20260728_232459_m6l3cf__outer00__inner00__aug01,20260728_232459_m6l3cf,train,user2,আ,4.204968,0.95929,0.049442,0.019077,0.004747,0.06353,0.993782
0,0,20260728_232459_m6l3cf__outer00__inner00__aug02,20260728_232459_m6l3cf,train,user2,আ,2.333216,0.943548,-0.049573,-0.040778,0.006765,0.063116,0.821489
0,0,20260728_232459_m6l3cf__outer00__inner00__aug03,20260728_232459_m6l3cf,train,user2,আ,-0.608349,1.048865,-0.022867,0.011265,0.003733,0.067934,0.835545
0,0,20260728_232520_l4uaan__outer00__inner00__aug01,20260728_232520_l4uaan,train,user2,আ,5.471293,0.996293,-0.015638,0.046981,0.004402,0.031743,1.136023
0,0,20260728_232520_l4uaan__outer00__inner00__aug02,20260728_232520_l4uaan,train,user2,আ,0.719419,1.018376,-0.030314,-0.028182,0.004694,0.038894,1.106486
0,0,20260728_232520_l4uaan__outer00__inner00__aug03,20260728_232520_l4uaan,train,user2,আ,0.37052,1.03827,0.02393,-0.045614,0.003406,0.044016,0.909284
0,0,20260728_232556_dwfz7c__outer00__inner00__aug01,20260728_232556_dwfz7c,train,user2,আ,3.537914,0.982197,0.007356,-0.028726,0.004411,0.039078,1.0427
0,0,20260728_232556_dwfz7c__outer00__inner00__aug02,20260728_232556_dwfz7c,train,user2,আ,-4.917777,0.927748,0.02866,-0.030227,0.006933,0.055239,0.918275
0,0,20260728_232556_dwfz7c__outer00__inner00__aug03,20260728_232556_dwfz7c,train,user2,আ,-3.76274,1.074129,0.031574,-0.048249,0.0048,0.037014,1.03331
0,0,20260704_232218_jf6rio__outer00__inner00__aug01,20260704_232218_jf6rio,train,user2,ই,6.376144,0.934102,-0.032569,0.019719,0.006056,0.033549,0.922085
0,0,20260704_232218_jf6rio__outer00__inner00__aug02,20260704_232218_jf6rio,train,user2,ই,5.843651,0.920991,0.014878,0.0167,0.003476,0.059317,1.021943
0,0,20260704_232218_jf6rio__outer00__inner00__aug03,20260704_232218_jf6rio,train,user2,ই,3.180192,0.925655,-0.035677,0.039075,0.00629,0.060333,0.991771
0,0,20260728_232810_781yo6__outer00__inner00__aug01,20260728_232810_781yo6,train,user2,ই,-2.826361,1.03918,-0.043124,0.017025,0.006394,0.048636,1.021608
0,0,20260728_232810_781yo6__outer00__inner00__aug02,20260728_232810_781yo6,train,user2,ই,-6.28891,1.003633,-0.005896,-0.005092,0.006119,0.079553,1.019831
0,0,20260728_232810_781yo6__outer00__inner00__aug03,20260728_232810_781yo6,train,user2,ই,0.854647,0.960404,-0.032566,0.046002,0.006596,0.071405,0.877674
0,0,20260728_232836_pvgrxn__outer00__inner00__aug01,20260728_232836_pvgrxn,train,user2,ই,-5.286844,1.036973,-0.045101,-0.049651,0.006832,0.035947,0.903599
0,0,20260728_232836_pvgrxn__outer00__inner00__aug02,20260728_232836_pvgrxn,train,user2,ই,1.903697,0.972793,0.018191,0.039427,0.006247,0.034359,1.13615
0,0,20260728_232836_pvgrxn__outer00__inner00__aug03,20260728_232836_pvgrxn,train,user2,ই,6.314019,0.994158,-0.02297,0.027986,0.006974,0.065136,0.849071
0,0,20260728_233118_pcjncu__outer00__inner00__aug01,20260728_233118_pcjncu,train,user2,ই,-0.786371,0.968403,0.031141,-0.038853,0.006717,0.039557,0.957944
0,0,20260728_233118_pcjncu__outer00__inner00__aug02,20260728_233118_pcjncu,train,user2,ই,-3.533203,0.937515,0.046453,0.005794,0.005697,0.056696,1.216923
0,0,20260728_233118_pcjncu__outer00__inner00__aug03,20260728_233118_pcjncu,train,user2,ই,-4.134505,1.089949,-0.038961,-0.017734,0.005691,0.064328,0.823458
0,0,20260728_233205_n417cm__outer00__inner00__aug01,20260728_233205_n417cm,train,user2,ই,-0.67245,0.926534,0.022459,-0.027299,0.005252,0.075703,1.05544
0,0,20260728_233205_n417cm__outer00__inner00__aug02,20260728_233205_n417cm,train,user2,ই,-6.195345,1.007362,-0.04299,0.006024,0.005504,0.050921,0.862249
0,0,20260728_233205_n417cm__outer00__inner00__aug03,20260728_233205_n417cm,train,user2,ই,6.518991,0.908988,-0.045328,-0.048202,0.00617,0.066818,0.83251
0,0,20260704_232243_1fsapx__outer00__inner00__aug01,20260704_232243_1fsapx,train,user2,ঈ,0.035569,1.001612,-0.029843,0.004312,0.004746,0.072826,0.883975
0,0,20260704_232243_1fsapx__outer00__inner00__aug02,20260704_232243_1fsapx,train,user2,ঈ,2.489388,0.965181,0.015219,0.006957,0.004107,0.06524,1.211799
0,0,20260704_232243_1fsapx__outer00__inner00__aug03,20260704_232243_1fsapx,train,user2,ঈ,5.752135,1.078722,-0.031979,-0.022126,0.004805,0.050169,1.154967
0,0,20260728_233238_q39ioy__outer00__inner00__aug01,20260728_233238_q39ioy,train,user2,ঈ,-5.865554,1.010978,0.023723,0.011154,0.006586,0.04755,1.177117
0,0,20260728_233238_q39ioy__outer00__inner00__aug02,20260728_233238_q39ioy,train,user2,ঈ,-5.834846,1.038428,0.008031,-0.007159,0.003923,0.038316,0.961371
0,0,20260728_233238_q39ioy__outer00__inner00__aug03,20260728_233238_q39ioy,train,user2,ঈ,6.243749,0.954932,0.015433,0.020671,0.00647,0.047649,0.979672
0,0,20260728_233302_e8k0ge__outer00__inner00__aug01,20260728_233302_e8k0ge,train,user2,ঈ,-5.555216,0.916655,-0.021932,0.00609,0.007781,0.071335,1.16408
0,0,20260728_233302_e8k0ge__outer00__inner00__aug02,20260728_233302_e8k0ge,train,user2,ঈ,-5.87407,1.010471,0.018876,-0.001743,0.004294,0.068043,0.965104
0,0,20260728_233302_e8k0ge__outer00__inner00__aug03,20260728_233302_e8k0ge,train,user2,ঈ,5.293949,1.010266,0.002666,0.005979,0.007075,0.067497,1.048085
0,0,20260728_233333_nvf18a__outer00__inner00__aug01,20260728_233333_nvf18a,train,user2,ঈ,6.243701,0.972674,-0.01323,-0.034969,0.005741,0.05397,1.147342
0,0,20260728_233333_nvf18a__outer00__inner00__aug02,20260728_233333_nvf18a,train,user2,ঈ,-2.667313,0.947479,0.027824,-0.007861,0.006955,0.067321,0.935258
0,0,20260728_233333_nvf18a__outer00__inner00__aug03,20260728_233333_nvf18a,train,user2,ঈ,-4.345314,0.912435,-0.042838,-0.02552,0.004322,0.031421,1.010606
0,0,20260728_233359_9wg8n4__outer00__inner00__aug01,20260728_233359_9wg8n4,train,user2,ঈ,-3.042757,0.907007,0.017588,-0.029844,0.003677,0.053398,0.879554
0,0,20260728_233359_9wg8n4__outer00__inner00__aug02,20260728_233359_9wg8n4,train,user2,ঈ,6.81002,0.913982,-0.016092,0.004354,0.006687,0.044813,0.864623
0,0,20260728_233359_9wg8n4__outer00__inner00__aug03,20260728_233359_9wg8n4,train,user2,ঈ,0.901651,0.974775,0.039556,0.029802,0.007342,0.069728,1.22159
0,0,20260711_200812_18txgi__outer00__inner00__aug01,20260711_200812_18txgi,train,user3,অ,2.4085,1.022063,0.029702,0.031106,0.004391,0.03359,1.08459
0,0,20260711_200812_18txgi__outer00__inner00__aug02,20260711_200812_18txgi,train,user3,অ,6.35228,1.022134,-0.029373,-0.048372,0.007857,0.059485,1.04454
0,0,20260711_200812_18txgi__outer00__inner00__aug03,20260711_200812_18txgi,train,user3,অ,-5.519952,1.064181,-0.043515,-0.040067,0.007629,0.031057,0.94081
0,0,20260711_200917_z1na4w__outer00__inner00__aug01,20260711_200917_z1na4w,train,user3,অ,6.455963,0.989216,0.019812,-0.039969,0.003803,0.043876,0.993824
0,0,20260711_200917_z1na4w__outer00__inner00__aug02,20260711_200917_z1na4w,train,user3,অ,0.677435,1.081,-0.021855,0.033169,0.00372,0.055774,1.077136
0,0,20260711_200917_z1na4w__outer00__inner00__aug03,20260711_200917_z1na4w,train,user3,অ,0.348926,1.053986,-0.041753,0.036976,0.006079,0.054961,1.018945
0,0,20260711_200954_0muns4__outer00__inner00__aug01,20260711_200954_0muns4,train,user3,অ,1.619905,0.973137,-0.022772,-0.012666,0.003018,0.045304,1.224529
0,0,20260711_200954_0muns4__outer00__inner00__aug02,20260711_200954_0muns4,train,user3,অ,-2.716494,1.098459,-0.04567,-0.023216,0.003852,0.039922,1.199644
0,0,20260711_200954_0muns4__outer00__inner00__aug03,20260711_200954_0muns4,train,user3,অ,-6.928998,0.9376,0.017639,0.026895,0.006843,0.06853,1.084571
0,0,20260711_201110_jw6cqh__outer00__inner00__aug01,20260711_201110_jw6cqh,train,user3,অ,-6.99175,0.976389,-0.030015,0.046739,0.007708,0.064721,1.091498
0,0,20260711_201110_jw6cqh__outer00__inner00__aug02,20260711_201110_jw6cqh,train,user3,অ,1.59894,1.077494,-0.001434,-0.041066,0.003122,0.067365,1.1554
0,0,20260711_201110_jw6cqh__outer00__inner00__aug03,20260711_201110_jw6cqh,train,user3,অ,5.870162,0.90473,-0.030622,-0.045427,0.003778,0.071516,0.97469
0,0,20260711_201208_6ylgz1__outer00__inner00__aug01,20260711_201208_6ylgz1,train,user3,অ,2.290844,0.919528,0.032325,-0.039402,0.006214,0.056912,1.216683
0,0,20260711_201208_6ylgz1__outer00__inner00__aug02,20260711_201208_6ylgz1,train,user3,অ,2.141322,0.940958,0.03198,0.032326,0.007472,0.037291,0.953763
0,0,20260711_201208_6ylgz1__outer00__inner00__aug03,20260711_201208_6ylgz1,train,user3,অ,5.249779,0.908093,-0.014891,0.036805,0.004439,0.075981,0.824571
0,0,20260711_201526_9elfv0__outer00__inner00__aug01,20260711_201526_9elfv0,train,user3,অ,-0.791339,1.033207,0.004157,-0.048091,0.005841,0.037894,0.857099
0,0,20260711_201526_9elfv0__outer00__inner00__aug02,20260711_201526_9elfv0,train,user3,অ,5.283964,1.020788,0.043158,0.035632,0.006351,0.044537,0.868008
0,0,20260711_201526_9elfv0__outer00__inner00__aug03,20260711_201526_9elfv0,train,user3,অ,4.279191,1.094292,-0.025188,-0.005124,0.005498,0.054063,1.119773
0,0,20260711_201609_iv7642__outer00__inner00__aug01,20260711_201609_iv7642,train,user3,অ,6.301924,1.040282,-0.008904,-0.017693,0.005858,0.046302,1.036482
0,0,20260711_201609_iv7642__outer00__inner00__aug02,20260711_201609_iv7642,train,user3,অ,1.594917,1.070728,0.012813,0.04551,0.004397,0.06301,0.874656
0,0,20260711_201609_iv7642__outer00__inner00__aug03,20260711_201609_iv7642,train,user3,অ,-6.900855,1.044533,0.037245,0.022194,0.003865,0.045563,0.994445
0,0,20260711_201811_0znu6g__outer00__inner00__aug01,20260711_201811_0znu6g,train,user3,অ,-2.080242,1.094954,0.014592,0.045144,0.007152,0.049899,0.887034
0,0,20260711_201811_0znu6g__outer00__inner00__aug02,20260711_201811_0znu6g,train,user3,অ,-0.173068,0.96037,-0.034661,-0.006374,0.003059,0.051714,1.212298
0,0,20260711_201811_0znu6g__outer00__inner00__aug03,20260711_201811_0znu6g,train,user3,অ,6.394087,1.053383,0.005028,-0.009262,0.006296,0.078062,1.197575
0,0,20260711_201916_nc9ara__outer00__inner00__aug01,20260711_201916_nc9ara,train,user3,অ,4.688829,0.911843,-0.037833,0.021399,0.006696,0.036506,1.167368
0,0,20260711_201916_nc9ara__outer00__inner00__aug02,20260711_201916_nc9ara,train,user3,অ,-3.646231,1.024897,-0.017953,0.006657,0.003888,0.050424,1.192364
0,0,20260711_201916_nc9ara__outer00__inner00__aug03,20260711_201916_nc9ara,train,user3,অ,-0.526846,0.943585,0.025366,0.039531,0.004666,0.048178,1.043163
0,0,20260711_201953_sai9ew__outer00__inner00__aug01,20260711_201953_sai9ew,train,user3,অ,2.0073,0.974446,-0.044856,0.007689,0.007576,0.068508,0.900123
0,0,20260711_201953_sai9ew__outer00__inner00__aug02,20260711_201953_sai9ew,train,user3,অ,-6.191073,1.045532,-0.045994,-0.032048,0.005043,0.052972,1.075213
0,0,20260711_201953_sai9ew__outer00__inner00__aug03,20260711_201953_sai9ew,train,user3,অ,-2.567997,1.012608,-0.049818,0.049608,0.003193,0.030609,0.821318
0,0,20260711_202025_bntr0i__outer00__inner00__aug01,20260711_202025_bntr0i,train,user3,অ,-6.599883,1.07447,0.038598,0.025314,0.00627,0.068526,1.062662
0,0,20260711_202025_bntr0i__outer00__inner00__aug02,20260711_202025_bntr0i,train,user3,অ,3.113037,0.934869,0.029783,-0.031622,0.007354,0.054352,1.249134
0,0,20260711_202025_bntr0i__outer00__inner00__aug03,20260711_202025_bntr0i,train,user3,অ,-0.001441,0.990615,-0.01998,0.049315,0.004123,0.035244,1.034421
0,0,20260711_202714_mwa7m1__outer00__inner00__aug01,20260711_202714_mwa7m1,train,user3,অ,-0.860414,1.062718,-0.034318,0.002957,0.007498,0.052448,1.06298
0,0,20260711_202714_mwa7m1__outer00__inner00__aug02,20260711_202714_mwa7m1,train,user3,অ,-4.200568,0.936648,-0.026607,0.022844,0.003731,0.046642,1.159949
0,0,20260711_202714_mwa7m1__outer00__inner00__aug03,20260711_202714_mwa7m1,train,user3,অ,0.674994,0.934964,-0.014077,0.045231,0.004894,0.078865,1.065679
0,0,20260711_202846_kmy51g__outer00__inner00__aug01,20260711_202846_kmy51g,train,user3,অ,-6.321808,0.983602,0.049638,0.004418,0.006633,0.076128,0.848726
0,0,20260711_202846_kmy51g__outer00__inner00__aug02,20260711_202846_kmy51g,train,user3,অ,5.493334,1.04589,-0.023531,-0.006918,0.006773,0.04946,1.238387
0,0,20260711_202846_kmy51g__outer00__inner00__aug03,20260711_202846_kmy51g,train,user3,অ,5.863306,1.096159,-0.037508,-0.025794,0.005852,0.07879,0.8433
0,0,20260711_203013_i4o0om__outer00__inner00__aug01,20260711_203013_i4o0om,train,user3,অ,3.384325,1.072041,0.023252,-0.045555,0.003908,0.05528,1.138962
0,0,20260711_203013_i4o0om__outer00__inner00__aug02,20260711_203013_i4o0om,train,user3,অ,-1.884845,0.966657,0.033405,0.044173,0.005298,0.052485,1.105328
0,0,20260711_203013_i4o0om__outer00__inner00__aug03,20260711_203013_i4o0om,train,user3,অ,-6.128814,0.989137,0.023471,-0.04215,0.006002,0.030121,1.084559
0,0,20260711_203112_15gnzj__outer00__inner00__aug01,20260711_203112_15gnzj,train,user3,অ,-2.563119,0.93094,-0.00326,-0.0103,0.003417,0.035059,0.80965
0,0,20260711_203112_15gnzj__outer00__inner00__aug02,20260711_203112_15gnzj,train,user3,অ,3.513105,1.092647,0.049826,-0.029256,0.005769,0.057514,1.036577
0,0,20260711_203112_15gnzj__outer00__inner00__aug03,20260711_203112_15gnzj,train,user3,অ,-6.402898,0.951664,0.049653,0.004679,0.004334,0.046342,1.007002
0,0,20260711_205524_jbk5pv__outer00__inner00__aug01,20260711_205524_jbk5pv,train,user3,আ,-4.056232,0.967516,0.046925,0.006289,0.004819,0.071642,0.96004
0,0,20260711_205524_jbk5pv__outer00__inner00__aug02,20260711_205524_jbk5pv,train,user3,আ,-4.721056,0.968911,0.046671,-0.038412,0.003117,0.048382,1.179467
0,0,20260711_205524_jbk5pv__outer00__inner00__aug03,20260711_205524_jbk5pv,train,user3,আ,1.705393,0.96626,-0.01118,-0.009926,0.004762,0.077844,1.123823
0,0,20260711_205559_azslan__outer00__inner00__aug01,20260711_205559_azslan,train,user3,আ,-3.494591,1.092421,-0.001654,0.027048,0.003576,0.049075,1.033041
0,0,20260711_205559_azslan__outer00__inner00__aug02,20260711_205559_azslan,train,user3,আ,-4.651062,1.031547,-0.028455,0.002991,0.004534,0.031408,0.99157
0,0,20260711_205559_azslan__outer00__inner00__aug03,20260711_205559_azslan,train,user3,আ,-2.816103,1.010685,0.036163,0.043885,0.004587,0.041491,1.163582
0,0,20260711_205630_gydvnp__outer00__inner00__aug01,20260711_205630_gydvnp,train,user3,আ,3.312852,0.919302,-0.0278,-0.008034,0.005412,0.046204,1.186329
0,0,20260711_205630_gydvnp__outer00__inner00__aug02,20260711_205630_gydvnp,train,user3,আ,-5.247593,0.930152,-0.028213,-0.007088,0.004052,0.063883,0.939657
0,0,20260711_205630_gydvnp__outer00__inner00__aug03,20260711_205630_gydvnp,train,user3,আ,-1.840879,1.054455,-0.009866,-0.002309,0.00556,0.067871,1.03083
0,0,20260711_205707_n57400__outer00__inner00__aug01,20260711_205707_n57400,train,user3,আ,-6.605648,1.095923,0.01693,-0.011578,0.003344,0.059594,1.138659
0,0,20260711_205707_n57400__outer00__inner00__aug02,20260711_205707_n57400,train,user3,আ,-6.778623,0.955371,0.049043,0.028181,0.005824,0.065663,0.954346
0,0,20260711_205707_n57400__outer00__inner00__aug03,20260711_205707_n57400,train,user3,আ,5.945298,0.962175,0.0398,0.041487,0.005794,0.03489,1.075925
0,0,20260711_205748_usnulf__outer00__inner00__aug01,20260711_205748_usnulf,train,user3,আ,-1.804892,0.923132,-0.003581,-0.012006,0.005575,0.056784,0.931299
0,0,20260711_205748_usnulf__outer00__inner00__aug02,20260711_205748_usnulf,train,user3,আ,-5.674231,1.014663,0.017263,0.042268,0.005998,0.075048,1.10289
0,0,20260711_205748_usnulf__outer00__inner00__aug03,20260711_205748_usnulf,train,user3,আ,1.376184,1.061101,-0.046121,0.042171,0.00753,0.061528,1.245306
0,1,20260704_232121_lcxi4y__outer00__inner01__aug01,20260704_232121_lcxi4y,train,user2,অ,-5.573499,1.033359,0.025865,-0.044465,0.007052,0.067184,1.04627
0,1,20260704_232121_lcxi4y__outer00__inner01__aug02,20260704_232121_lcxi4y,train,user2,অ,6.523788,1.033947,0.002155,-0.029474,0.004504,0.060907,0.977807
0,1,20260704_232121_lcxi4y__outer00__inner01__aug03,20260704_232121_lcxi4y,train,user2,অ,-5.727815,1.005874,0.042457,0.045229,0.004085,0.04972,1.183379
0,1,20260728_232630_znnts0__outer00__inner01__aug01,20260728_232630_znnts0,train,user2,অ,-1.722601,1.090585,-0.014733,0.018316,0.00329,0.039165,1.101981
0,1,20260728_232630_znnts0__outer00__inner01__aug02,20260728_232630_znnts0,train,user2,অ,5.895669,0.961759,-0.038333,-0.040477,0.006723,0.052328,0.939948
0,1,20260728_232630_znnts0__outer00__inner01__aug03,20260728_232630_znnts0,train,user2,অ,5.941759,0.928243,0.000128,-0.026755,0.00596,0.037874,1.169137
0,1,20260728_232652_hdsmyh__outer00__inner01__aug01,20260728_232652_hdsmyh,train,user2,অ,-5.466081,1.025114,0.035691,-0.009112,0.007878,0.049821,0.947805
0,1,20260728_232652_hdsmyh__outer00__inner01__aug02,20260728_232652_hdsmyh,train,user2,অ,4.072467,0.925084,0.031523,0.044382,0.0065,0.072089,1.06139
0,1,20260728_232652_hdsmyh__outer00__inner01__aug03,20260728_232652_hdsmyh,train,user2,অ,2.962851,0.99674,0.006158,-0.012154,0.003046,0.068497,0.830628
0,1,20260728_232714_hincfq__outer00__inner01__aug01,20260728_232714_hincfq,train,user2,অ,-1.457547,0.930841,-0.030045,0.019335,0.007376,0.030075,0.974209
0,1,20260728_232714_hincfq__outer00__inner01__aug02,20260728_232714_hincfq,train,user2,অ,-5.755025,0.915556,-0.039481,0.006216,0.004165,0.036207,0.837558
0,1,20260728_232714_hincfq__outer00__inner01__aug03,20260728_232714_hincfq,train,user2,অ,1.885448,1.046399,0.037698,-0.023668,0.007181,0.040038,0.966586
0,1,20260728_232741_j1gvgu__outer00__inner01__aug01,20260728_232741_j1gvgu,train,user2,অ,-6.762393,0.906643,0.036756,-0.037354,0.006647,0.033107,1.153196
0,1,20260728_232741_j1gvgu__outer00__inner01__aug02,20260728_232741_j1gvgu,train,user2,অ,-5.284111,1.08913,0.011741,-0.043836,0.003125,0.064379,1.200858
0,1,20260728_232741_j1gvgu__outer00__inner01__aug03,20260728_232741_j1gvgu,train,user2,অ,-2.029937,1.022341,-0.044716,-0.015366,0.005633,0.079888,1.231424
0,1,20260704_232148_mqf5ea__outer00__inner01__aug01,20260704_232148_mqf5ea,train,user2,আ,-5.828246,0.960953,0.028921,-0.011286,0.005176,0.053831,0.816731
0,1,20260704_232148_mqf5ea__outer00__inner01__aug02,20260704_232148_mqf5ea,train,user2,আ,-5.873561,1.060949,-0.019837,-0.04119,0.003177,0.0383,1.193636
0,1,20260704_232148_mqf5ea__outer00__inner01__aug03,20260704_232148_mqf5ea,train,user2,আ,3.725907,0.952569,0.015627,-0.047908,0.004117,0.050465,1.037542
0,1,20260728_232436_9i4gi8__outer00__inner01__aug01,20260728_232436_9i4gi8,train,user2,আ,-1.995256,0.969914,0.00364,0.037094,0.004123,0.051336,0.865764
0,1,20260728_232436_9i4gi8__outer00__inner01__aug02,20260728_232436_9i4gi8,train,user2,আ,1.819473,1.088718,-0.014981,-0.029974,0.007174,0.071357,1.183591
0,1,20260728_232436_9i4gi8__outer00__inner01__aug03,20260728_232436_9i4gi8,train,user2,আ,6.232674,1.065405,0.024057,-0.015887,0.007144,0.036576,1.181582
0,1,20260728_232459_m6l3cf__outer00__inner01__aug01,20260728_232459_m6l3cf,train,user2,আ,4.073955,1.09839,0.002915,-0.035049,0.006491,0.032287,0.852051
0,1,20260728_232459_m6l3cf__outer00__inner01__aug02,20260728_232459_m6l3cf,train,user2,আ,2.136885,0.959352,-0.013738,0.0177,0.006636,0.041752,0.94903
0,1,20260728_232459_m6l3cf__outer00__inner01__aug03,20260728_232459_m6l3cf,train,user2,আ,-6.791048,0.945463,0.013093,-0.011263,0.003215,0.071944,0.874193
0,1,20260728_232520_l4uaan__outer00__inner01__aug01,20260728_232520_l4uaan,train,user2,আ,-2.984965,1.0191,0.028119,-0.048076,0.007372,0.038217,1.00719
0,1,20260728_232520_l4uaan__outer00__inner01__aug02,20260728_232520_l4uaan,train,user2,আ,6.537717,1.080667,0.041948,0.006033,0.007037,0.079945,1.045188
0,1,20260728_232520_l4uaan__outer00__inner01__aug03,20260728_232520_l4uaan,train,user2,আ,5.560608,0.96941,0.030256,0.043035,0.003625,0.071181,1.0902
0,1,20260728_232556_dwfz7c__outer00__inner01__aug01,20260728_232556_dwfz7c,train,user2,আ,4.248703,0.984663,0.008618,-0.016215,0.003911,0.034064,1.11608
0,1,20260728_232556_dwfz7c__outer00__inner01__aug02,20260728_232556_dwfz7c,train,user2,আ,-0.28045,0.955918,-0.037198,-0.020883,0.006596,0.055276,0.948893
0,1,20260728_232556_dwfz7c__outer00__inner01__aug03,20260728_232556_dwfz7c,train,user2,আ,5.992382,0.961601,0.018623,-0.007313,0.007517,0.065784,1.035478
0,1,20260704_232218_jf6rio__outer00__inner01__aug01,20260704_232218_jf6rio,train,user2,ই,-6.957134,1.097694,0.0213,0.018629,0.003849,0.066966,1.106937
0,1,20260704_232218_jf6rio__outer00__inner01__aug02,20260704_232218_jf6rio,train,user2,ই,-5.747592,1.050876,0.014737,0.024205,0.00762,0.039617,1.16654
0,1,20260704_232218_jf6rio__outer00__inner01__aug03,20260704_232218_jf6rio,train,user2,ই,-0.084526,1.065623,0.04066,-0.000526,0.005446,0.041222,1.205455
0,1,20260728_232810_781yo6__outer00__inner01__aug01,20260728_232810_781yo6,train,user2,ই,5.534551,0.95711,0.011787,0.04544,0.004442,0.031944,1.114713
0,1,20260728_232810_781yo6__outer00__inner01__aug02,20260728_232810_781yo6,train,user2,ই,2.8759,1.011165,0.004297,-0.026805,0.00519,0.045128,0.998633
0,1,20260728_232810_781yo6__outer00__inner01__aug03,20260728_232810_781yo6,train,user2,ই,5.049066,1.091053,-0.041291,-0.026835,0.004956,0.072311,0.888498
0,1,20260728_232836_pvgrxn__outer00__inner01__aug01,20260728_232836_pvgrxn,train,user2,ই,-3.228344,1.081027,0.008772,0.041671,0.004996,0.033334,0.819443
0,1,20260728_232836_pvgrxn__outer00__inner01__aug02,20260728_232836_pvgrxn,train,user2,ই,1.785896,0.978565,0.003145,-0.017949,0.003931,0.055512,1.140782
0,1,20260728_232836_pvgrxn__outer00__inner01__aug03,20260728_232836_pvgrxn,train,user2,ই,-0.071008,1.037962,0.028963,0.035308,0.003465,0.051886,0.968285
0,1,20260728_233118_pcjncu__outer00__inner01__aug01,20260728_233118_pcjncu,train,user2,ই,-6.579273,1.071845,0.031221,0.011697,0.00792,0.043385,1.196816
0,1,20260728_233118_pcjncu__outer00__inner01__aug02,20260728_233118_pcjncu,train,user2,ই,6.107311,1.052726,-0.038498,-0.033253,0.00424,0.070405,0.813908
0,1,20260728_233118_pcjncu__outer00__inner01__aug03,20260728_233118_pcjncu,train,user2,ই,3.222029,0.901621,0.027613,-0.024645,0.005576,0.032722,0.851087
0,1,20260728_233205_n417cm__outer00__inner01__aug01,20260728_233205_n417cm,train,user2,ই,-0.739819,1.023418,0.045646,0.021555,0.007468,0.047985,1.152475
0,1,20260728_233205_n417cm__outer00__inner01__aug02,20260728_233205_n417cm,train,user2,ই,6.975461,0.913977,-0.018976,0.033411,0.004069,0.03119,0.809268
0,1,20260728_233205_n417cm__outer00__inner01__aug03,20260728_233205_n417cm,train,user2,ই,-1.109953,0.997469,-0.031509,-0.043904,0.003924,0.048563,1.042015
0,1,20260704_232243_1fsapx__outer00__inner01__aug01,20260704_232243_1fsapx,train,user2,ঈ,-0.108392,1.063331,-0.028817,-0.023308,0.003233,0.045671,0.839748
0,1,20260704_232243_1fsapx__outer00__inner01__aug02,20260704_232243_1fsapx,train,user2,ঈ,-4.37219,0.982567,0.015229,0.029533,0.00307,0.076788,1.113005
0,1,20260704_232243_1fsapx__outer00__inner01__aug03,20260704_232243_1fsapx,train,user2,ঈ,-6.086445,0.9884,0.005127,-0.007639,0.006926,0.061645,0.83646
0,1,20260728_233238_q39ioy__outer00__inner01__aug01,20260728_233238_q39ioy,train,user2,ঈ,-2.322591,1.088137,-0.040036,0.012718,0.006353,0.033664,1.043508
0,1,20260728_233238_q39ioy__outer00__inner01__aug02,20260728_233238_q39ioy,train,user2,ঈ,6.647773,0.992957,0.01518,0.044691,0.004086,0.062756,0.92751
0,1,20260728_233238_q39ioy__outer00__inner01__aug03,20260728_233238_q39ioy,train,user2,ঈ,4.415028,0.917378,0.028468,-0.038486,0.005526,0.049294,0.952914
0,1,20260728_233302_e8k0ge__outer00__inner01__aug01,20260728_233302_e8k0ge,train,user2,ঈ,-3.252811,1.047126,0.047237,0.019501,0.003232,0.047126,1.141876
0,1,20260728_233302_e8k0ge__outer00__inner01__aug02,20260728_233302_e8k0ge,train,user2,ঈ,0.188746,1.0382,-0.014886,-0.017385,0.007776,0.06587,0.977248
0,1,20260728_233302_e8k0ge__outer00__inner01__aug03,20260728_233302_e8k0ge,train,user2,ঈ,-2.226953,0.985406,0.007053,-0.033758,0.00464,0.041183,1.168162
0,1,20260728_233333_nvf18a__outer00__inner01__aug01,20260728_233333_nvf18a,train,user2,ঈ,1.210099,0.971589,0.021342,-0.029835,0.004113,0.068699,1.00787
0,1,20260728_233333_nvf18a__outer00__inner01__aug02,20260728_233333_nvf18a,train,user2,ঈ,5.478135,1.013992,-0.006736,0.033919,0.006982,0.070631,0.845646
0,1,20260728_233333_nvf18a__outer00__inner01__aug03,20260728_233333_nvf18a,train,user2,ঈ,-1.247036,0.906271,-0.049074,-0.014534,0.007913,0.042218,0.999523
0,1,20260728_233359_9wg8n4__outer00__inner01__aug01,20260728_233359_9wg8n4,train,user2,ঈ,-4.655747,1.012314,0.013262,0.031452,0.007273,0.05402,1.224074
0,1,20260728_233359_9wg8n4__outer00__inner01__aug02,20260728_233359_9wg8n4,train,user2,ঈ,5.889839,1.064812,-0.011559,0.034968,0.004665,0.060571,1.021098
0,1,20260728_233359_9wg8n4__outer00__inner01__aug03,20260728_233359_9wg8n4,train,user2,ঈ,-5.071604,1.064417,-0.042342,0.037004,0.005102,0.068096,0.808445
0,1,20260711_200812_18txgi__outer00__inner01__aug01,20260711_200812_18txgi,train,user3,অ,4.952783,0.907479,0.000536,-0.029047,0.006727,0.067189,0.83747
0,1,20260711_200812_18txgi__outer00__inner01__aug02,20260711_200812_18txgi,train,user3,অ,3.540188,0.98662,-0.043363,-0.019886,0.005576,0.058006,1.191464
0,1,20260711_200812_18txgi__outer00__inner01__aug03,20260711_200812_18txgi,train,user3,অ,2.445476,1.007738,-0.045153,-0.008844,0.007321,0.076241,1.050918
0,1,20260711_200917_z1na4w__outer00__inner01__aug01,20260711_200917_z1na4w,train,user3,অ,-3.917576,0.942835,-0.030864,-0.019135,0.004864,0.060043,0.909139
0,1,20260711_200917_z1na4w__outer00__inner01__aug02,20260711_200917_z1na4w,train,user3,অ,4.231128,1.069567,-0.048788,-0.02129,0.004391,0.056467,0.957537
0,1,20260711_200917_z1na4w__outer00__inner01__aug03,20260711_200917_z1na4w,train,user3,অ,-6.604678,0.943315,-0.014207,-0.00501,0.003726,0.078129,0.930469
0,1,20260711_200954_0muns4__outer00__inner01__aug01,20260711_200954_0muns4,train,user3,অ,-6.920709,0.984115,0.040672,0.004864,0.003204,0.037325,0.869575
0,1,20260711_200954_0muns4__outer00__inner01__aug02,20260711_200954_0muns4,train,user3,অ,-2.084312,0.934729,0.021309,0.039943,0.005698,0.072037,1.088748
0,1,20260711_200954_0muns4__outer00__inner01__aug03,20260711_200954_0muns4,train,user3,অ,-3.069261,0.969214,-0.038016,-0.027033,0.006228,0.033902,1.07761
0,1,20260711_201110_jw6cqh__outer00__inner01__aug01,20260711_201110_jw6cqh,train,user3,অ,-2.519461,0.996012,-0.046471,-0.016949,0.005468,0.033234,1.245209
0,1,20260711_201110_jw6cqh__outer00__inner01__aug02,20260711_201110_jw6cqh,train,user3,অ,6.01684,1.043414,-0.000282,-0.01217,0.006404,0.073527,1.133109
0,1,20260711_201110_jw6cqh__outer00__inner01__aug03,20260711_201110_jw6cqh,train,user3,অ,-5.710755,1.076173,-0.041282,-0.047565,0.004596,0.075478,1.042197
0,1,20260711_201208_6ylgz1__outer00__inner01__aug01,20260711_201208_6ylgz1,train,user3,অ,3.583502,1.047372,0.014015,-0.04373,0.005264,0.036985,0.805294
0,1,20260711_201208_6ylgz1__outer00__inner01__aug02,20260711_201208_6ylgz1,train,user3,অ,-1.938368,1.022755,0.035518,-0.003323,0.00332,0.046291,0.930574
0,1,20260711_201208_6ylgz1__outer00__inner01__aug03,20260711_201208_6ylgz1,train,user3,অ,-5.739154,0.973224,0.044344,0.010082,0.006505,0.063088,1.134682
0,1,20260711_201526_9elfv0__outer00__inner01__aug01,20260711_201526_9elfv0,train,user3,অ,6.491266,0.923996,-0.012047,0.04328,0.005887,0.071686,1.020997
0,1,20260711_201526_9elfv0__outer00__inner01__aug02,20260711_201526_9elfv0,train,user3,অ,-0.176279,1.084681,0.033855,-0.000357,0.003969,0.061511,1.194452
0,1,20260711_201526_9elfv0__outer00__inner01__aug03,20260711_201526_9elfv0,train,user3,অ,-4.290399,1.079946,0.039516,0.033308,0.003753,0.070042,0.96116
0,1,20260711_201609_iv7642__outer00__inner01__aug01,20260711_201609_iv7642,train,user3,অ,2.512802,0.954422,0.007703,-0.042864,0.004554,0.068501,1.05008
0,1,20260711_201609_iv7642__outer00__inner01__aug02,20260711_201609_iv7642,train,user3,অ,0.177234,0.939545,-0.013757,0.040186,0.005179,0.03964,1.03202
0,1,20260711_201609_iv7642__outer00__inner01__aug03,20260711_201609_iv7642,train,user3,অ,-1.299062,0.942387,0.008191,-0.034756,0.0045,0.061169,0.822686
0,1,20260711_201811_0znu6g__outer00__inner01__aug01,20260711_201811_0znu6g,train,user3,অ,0.034377,1.028556,-0.00323,0.042781,0.004926,0.033318,0.923355
0,1,20260711_201811_0znu6g__outer00__inner01__aug02,20260711_201811_0znu6g,train,user3,অ,6.662858,0.910599,-0.002204,-0.041455,0.004366,0.041556,0.974016
0,1,20260711_201811_0znu6g__outer00__inner01__aug03,20260711_201811_0znu6g,train,user3,অ,3.403378,1.021678,-0.034183,0.042927,0.003145,0.056679,1.217321
0,1,20260711_201916_nc9ara__outer00__inner01__aug01,20260711_201916_nc9ara,train,user3,অ,-2.977809,0.948435,-0.006262,0.032952,0.003732,0.043381,0.94329
0,1,20260711_201916_nc9ara__outer00__inner01__aug02,20260711_201916_nc9ara,train,user3,অ,-5.101551,1.024867,-0.017117,-0.036765,0.005294,0.03951,0.871322
0,1,20260711_201916_nc9ara__outer00__inner01__aug03,20260711_201916_nc9ara,train,user3,অ,6.672436,0.982234,0.011796,0.040824,0.006227,0.039146,1.037182
0,1,20260711_201953_sai9ew__outer00__inner01__aug01,20260711_201953_sai9ew,train,user3,অ,-3.800869,0.949663,0.041444,0.000363,0.007054,0.079821,1.076138
0,1,20260711_201953_sai9ew__outer00__inner01__aug02,20260711_201953_sai9ew,train,user3,অ,-6.535608,1.021276,-0.015075,0.02029,0.006627,0.073935,1.191628
0,1,20260711_201953_sai9ew__outer00__inner01__aug03,20260711_201953_sai9ew,train,user3,অ,2.558545,1.062791,0.045723,-0.019216,0.004812,0.0302,0.888513
0,1,20260711_202025_bntr0i__outer00__inner01__aug01,20260711_202025_bntr0i,train,user3,অ,-4.344197,0.965543,-0.02392,0.036102,0.004601,0.07568,1.109477
0,1,20260711_202025_bntr0i__outer00__inner01__aug02,20260711_202025_bntr0i,train,user3,অ,-1.655584,1.06536,0.04164,0.040599,0.004907,0.032309,0.856774
0,1,20260711_202025_bntr0i__outer00__inner01__aug03,20260711_202025_bntr0i,train,user3,অ,6.405487,0.931619,-0.044824,-0.027116,0.007955,0.038904,0.968764
0,1,20260711_202714_mwa7m1__outer00__inner01__aug01,20260711_202714_mwa7m1,train,user3,অ,-3.829692,1.020479,0.032647,0.04608,0.007909,0.069188,1.015265
0,1,20260711_202714_mwa7m1__outer00__inner01__aug02,20260711_202714_mwa7m1,train,user3,অ,2.510012,1.058928,-0.007618,0.035782,0.006693,0.066547,1.076282
0,1,20260711_202714_mwa7m1__outer00__inner01__aug03,20260711_202714_mwa7m1,train,user3,অ,2.937216,1.006671,-0.030312,-0.004923,0.004801,0.052148,1.043904
0,1,20260711_202846_kmy51g__outer00__inner01__aug01,20260711_202846_kmy51g,train,user3,অ,-3.353112,1.084904,0.027829,-0.044378,0.006671,0.076847,0.819687
0,1,20260711_202846_kmy51g__outer00__inner01__aug02,20260711_202846_kmy51g,train,user3,অ,0.478536,0.913366,-0.019715,-0.042978,0.003988,0.038188,0.973518
0,1,20260711_202846_kmy51g__outer00__inner01__aug03,20260711_202846_kmy51g,train,user3,অ,5.683853,0.925749,-0.024691,0.014882,0.004417,0.038933,1.111211
0,1,20260711_203013_i4o0om__outer00__inner01__aug01,20260711_203013_i4o0om,train,user3,অ,-2.859899,1.012982,0.002303,-0.003124,0.006177,0.059417,0.852582
0,1,20260711_203013_i4o0om__outer00__inner01__aug02,20260711_203013_i4o0om,train,user3,অ,-5.546171,0.935871,-0.015341,-0.046636,0.005879,0.059472,1.042977
0,1,20260711_203013_i4o0om__outer00__inner01__aug03,20260711_203013_i4o0om,train,user3,অ,3.36165,1.063038,-0.042429,-0.045164,0.006428,0.041484,1.083472
0,1,20260711_203112_15gnzj__outer00__inner01__aug01,20260711_203112_15gnzj,train,user3,অ,-2.267473,1.039238,0.004259,0.014602,0.005895,0.045183,1.049789
0,1,20260711_203112_15gnzj__outer00__inner01__aug02,20260711_203112_15gnzj,train,user3,অ,0.063536,0.959597,-0.011406,0.043402,0.005643,0.03586,0.934669
0,1,20260711_203112_15gnzj__outer00__inner01__aug03,20260711_203112_15gnzj,train,user3,অ,6.607545,0.927596,0.004182,0.032072,0.005926,0.033536,1.067218
0,1,20260711_205524_jbk5pv__outer00__inner01__aug01,20260711_205524_jbk5pv,train,user3,আ,-2.038414,0.900392,0.041573,0.037458,0.003001,0.073353,1.173302
0,1,20260711_205524_jbk5pv__outer00__inner01__aug02,20260711_205524_jbk5pv,train,user3,আ,-1.801638,0.978771,-0.01113,0.026375,0.00543,0.049449,1.094514
0,1,20260711_205524_jbk5pv__outer00__inner01__aug03,20260711_205524_jbk5pv,train,user3,আ,0.501926,0.949337,0.017771,-0.038091,0.003451,0.045137,0.960166
0,1,20260711_205559_azslan__outer00__inner01__aug01,20260711_205559_azslan,train,user3,আ,-1.202678,0.972505,0.042983,0.011452,0.004789,0.043035,0.843233
0,1,20260711_205559_azslan__outer00__inner01__aug02,20260711_205559_azslan,train,user3,আ,-6.833287,1.037077,0.013731,0.003671,0.006476,0.037617,1.107666
0,1,20260711_205559_azslan__outer00__inner01__aug03,20260711_205559_azslan,train,user3,আ,1.616654,1.090636,0.005496,-0.039084,0.0062,0.058657,0.880473
0,1,20260711_205630_gydvnp__outer00__inner01__aug01,20260711_205630_gydvnp,train,user3,আ,3.428802,0.937332,0.015571,-0.02598,0.005537,0.040827,0.980834
0,1,20260711_205630_gydvnp__outer00__inner01__aug02,20260711_205630_gydvnp,train,user3,আ,-5.806958,0.954319,-0.009708,-0.041465,0.005633,0.060596,1.119073
0,1,20260711_205630_gydvnp__outer00__inner01__aug03,20260711_205630_gydvnp,train,user3,আ,5.052227,1.036712,0.007527,0.033979,0.003405,0.045606,0.989702
0,1,20260711_205707_n57400__outer00__inner01__aug01,20260711_205707_n57400,train,user3,আ,-5.660354,0.92272,-0.037531,-0.00795,0.007476,0.051673,1.249428
0,1,20260711_205707_n57400__outer00__inner01__aug02,20260711_205707_n57400,train,user3,আ,0.888473,1.099404,0.045619,-0.002155,0.004068,0.070159,1.077272
0,1,20260711_205707_n57400__outer00__inner01__aug03,20260711_205707_n57400,train,user3,আ,-3.959784,1.074763,-0.000431,-0.013471,0.00452,0.068325,1.086207
0,1,20260711_205748_usnulf__outer00__inner01__aug01,20260711_205748_usnulf,train,user3,আ,5.796329,1.092513,-0.029433,-0.023499,0.007734,0.062519,0.829883
0,1,20260711_205748_usnulf__outer00__inner01__aug02,20260711_205748_usnulf,train,user3,আ,-3.029453,0.929639,0.008765,-0.027854,0.004362,0.065214,1.158208
0,1,20260711_205748_usnulf__outer00__inner01__aug03,20260711_205748_usnulf,train,user3,আ,3.319454,1.068482,0.013898,-0.046108,0.006728,0.060082,0.928536
0,1,20260711_211455_ab7vb3__outer00__inner01__aug01,20260711_211455_ab7vb3,train,user4,অ,6.566869,1.039601,0.013273,0.032036,0.007634,0.060388,1.129085
0,1,20260711_211455_ab7vb3__outer00__inner01__aug02,20260711_211455_ab7vb3,train,user4,অ,3.982575,0.925795,0.047151,-0.016054,0.004091,0.048585,1.202802
0,1,20260711_211455_ab7vb3__outer00__inner01__aug03,20260711_211455_ab7vb3,train,user4,অ,0.329336,0.956817,-0.017044,-0.010282,0.006321,0.062961,1.142955
0,1,20260711_214733_y28o8p__outer00__inner01__aug01,20260711_214733_y28o8p,train,user4,অ,3.324113,1.097091,-0.003418,-0.001509,0.005223,0.060962,0.96225
0,1,20260711_214733_y28o8p__outer00__inner01__aug02,20260711_214733_y28o8p,train,user4,অ,-5.127088,0.980339,0.042603,0.032445,0.007647,0.045595,0.90858
0,1,20260711_214733_y28o8p__outer00__inner01__aug03,20260711_214733_y28o8p,train,user4,অ,-2.937482,1.02408,-0.008817,0.030626,0.005414,0.044218,1.186517
0,1,20260711_214747_h8ad4n__outer00__inner01__aug01,20260711_214747_h8ad4n,train,user4,অ,1.61745,1.096368,-0.009093,0.015939,0.006522,0.066891,0.986182
0,1,20260711_214747_h8ad4n__outer00__inner01__aug02,20260711_214747_h8ad4n,train,user4,অ,-5.370911,1.035825,0.017191,0.035075,0.004453,0.052047,1.091718
0,1,20260711_214747_h8ad4n__outer00__inner01__aug03,20260711_214747_h8ad4n,train,user4,অ,5.100267,1.022244,0.008833,-0.033654,0.00595,0.039235,1.144823
0,1,20260711_214802_iotb3d__outer00__inner01__aug01,20260711_214802_iotb3d,train,user4,অ,2.428336,0.913736,0.027099,-0.004587,0.004067,0.069923,0.913235
0,1,20260711_214802_iotb3d__outer00__inner01__aug02,20260711_214802_iotb3d,train,user4,অ,-6.302814,0.989646,-0.037042,0.035239,0.00477,0.032783,1.122476
0,1,20260711_214802_iotb3d__outer00__inner01__aug03,20260711_214802_iotb3d,train,user4,অ,-2.185418,1.050219,0.016284,0.001514,0.006756,0.065804,0.803572
0,1,20260711_214818_1kqyjw__outer00__inner01__aug01,20260711_214818_1kqyjw,train,user4,অ,1.364233,1.064057,-0.04692,-0.007106,0.007129,0.061945,0.980948
0,1,20260711_214818_1kqyjw__outer00__inner01__aug02,20260711_214818_1kqyjw,train,user4,অ,6.763782,0.939729,-0.021995,-0.006551,0.006177,0.059539,0.855381
0,1,20260711_214818_1kqyjw__outer00__inner01__aug03,20260711_214818_1kqyjw,train,user4,অ,5.238593,0.962332,-0.042898,0.01402,0.003513,0.079116,0.81239
0,1,20260711_214838_nmfk2j__outer00__inner01__aug01,20260711_214838_nmfk2j,train,user4,অ,-2.768505,0.908194,0.037353,0.022106,0.005428,0.069029,1.033475
0,1,20260711_214838_nmfk2j__outer00__inner01__aug02,20260711_214838_nmfk2j,train,user4,অ,-3.858811,0.927459,-0.013641,0.0162,0.006876,0.075879,0.827612
0,1,20260711_214838_nmfk2j__outer00__inner01__aug03,20260711_214838_nmfk2j,train,user4,অ,0.577003,1.041216,-0.025263,-0.00164,0.006956,0.033639,1.147311
0,1,20260711_214856_wh1jdl__outer00__inner01__aug01,20260711_214856_wh1jdl,train,user4,অ,-4.434621,1.016694,0.021407,0.031558,0.003647,0.043155,1.113664
0,1,20260711_214856_wh1jdl__outer00__inner01__aug02,20260711_214856_wh1jdl,train,user4,অ,5.397505,0.967387,-0.032639,-0.039061,0.00424,0.039106,1.029258
0,1,20260711_214856_wh1jdl__outer00__inner01__aug03,20260711_214856_wh1jdl,train,user4,অ,6.058822,1.095402,0.031531,-0.036825,0.006553,0.075882,1.206634
0,1,20260711_214912_5jyzoq__outer00__inner01__aug01,20260711_214912_5jyzoq,train,user4,অ,-2.249259,0.979746,-0.023417,-0.036008,0.003621,0.046024,1.057815
0,1,20260711_214912_5jyzoq__outer00__inner01__aug02,20260711_214912_5jyzoq,train,user4,অ,-5.259642,0.959765,-0.007088,-0.023076,0.004399,0.07294,0.814451
0,1,20260711_214912_5jyzoq__outer00__inner01__aug03,20260711_214912_5jyzoq,train,user4,অ,6.750565,0.941872,-0.040288,-0.042225,0.007626,0.05611,0.872681
0,1,20260711_215025_9ahjj1__outer00__inner01__aug01,20260711_215025_9ahjj1,train,user4,অ,6.378273,0.910259,0.025135,0.014838,0.005655,0.039825,0.832483
0,1,20260711_215025_9ahjj1__outer00__inner01__aug02,20260711_215025_9ahjj1,train,user4,অ,-4.865061,1.060599,-0.007275,-0.036082,0.005454,0.046951,0.88883
0,1,20260711_215025_9ahjj1__outer00__inner01__aug03,20260711_215025_9ahjj1,train,user4,অ,-0.308635,1.000929,-0.012858,-0.02243,0.003386,0.079036,1.080366
0,1,20260711_215040_totmvz__outer00__inner01__aug01,20260711_215040_totmvz,train,user4,অ,-4.292238,0.978145,0.049065,-0.023529,0.003381,0.044938,1.06456
0,1,20260711_215040_totmvz__outer00__inner01__aug02,20260711_215040_totmvz,train,user4,অ,-4.958399,0.918997,0.034874,0.002297,0.004579,0.036448,0.899342
0,1,20260711_215040_totmvz__outer00__inner01__aug03,20260711_215040_totmvz,train,user4,অ,-3.321952,0.989635,0.001407,0.016158,0.005542,0.078298,1.028103
0,1,20260711_215057_m3q3bw__outer00__inner01__aug01,20260711_215057_m3q3bw,train,user4,অ,-5.530305,0.986138,0.02185,-0.024569,0.005176,0.035273,0.851978
0,1,20260711_215057_m3q3bw__outer00__inner01__aug02,20260711_215057_m3q3bw,train,user4,অ,-2.773975,1.016549,-0.006727,0.01685,0.003166,0.039214,0.943076
0,1,20260711_215057_m3q3bw__outer00__inner01__aug03,20260711_215057_m3q3bw,train,user4,অ,-5.803396,1.067165,-0.041009,0.030122,0.005614,0.06777,1.04023
0,1,20260711_215120_wa3iw4__outer00__inner01__aug01,20260711_215120_wa3iw4,train,user4,অ,4.086493,0.976746,0.041731,-0.034815,0.005117,0.069178,1.064984
0,1,20260711_215120_wa3iw4__outer00__inner01__aug02,20260711_215120_wa3iw4,train,user4,অ,-6.354337,1.048067,0.010534,0.019323,0.006827,0.033762,1.067039
0,1,20260711_215120_wa3iw4__outer00__inner01__aug03,20260711_215120_wa3iw4,train,user4,অ,6.186769,0.904076,0.003538,0.012121,0.007589,0.051173,1.233377
0,1,20260711_215140_jzmdn9__outer00__inner01__aug01,20260711_215140_jzmdn9,train,user4,অ,-0.315125,0.966559,0.039965,0.014391,0.003254,0.0696,0.980174
0,1,20260711_215140_jzmdn9__outer00__inner01__aug02,20260711_215140_jzmdn9,train,user4,অ,1.927878,1.078869,0.004687,-0.024441,0.003465,0.060536,1.050007
0,1,20260711_215140_jzmdn9__outer00__inner01__aug03,20260711_215140_jzmdn9,train,user4,অ,-3.807432,0.994553,-0.032152,-0.042095,0.004137,0.064917,0.933338
0,1,20260711_215153_8dj6mi__outer00__inner01__aug01,20260711_215153_8dj6mi,train,user4,অ,-0.228305,1.050583,-0.046864,-0.030015,0.007371,0.059272,0.813224
0,1,20260711_215153_8dj6mi__outer00__inner01__aug02,20260711_215153_8dj6mi,train,user4,অ,1.279607,1.021513,-0.044704,0.015411,0.005619,0.073832,0.808476
0,1,20260711_215153_8dj6mi__outer00__inner01__aug03,20260711_215153_8dj6mi,train,user4,অ,-6.297616,1.009202,-0.006174,-0.006515,0.004371,0.066418,1.080701
0,1,20260711_215210_14cuph__outer00__inner01__aug01,20260711_215210_14cuph,train,user4,অ,4.21048,0.92347,0.021199,0.042823,0.004461,0.063383,0.889051
0,1,20260711_215210_14cuph__outer00__inner01__aug02,20260711_215210_14cuph,train,user4,অ,-2.950163,0.973614,0.018171,-0.00752,0.00598,0.062494,0.800131
0,1,20260711_215210_14cuph__outer00__inner01__aug03,20260711_215210_14cuph,train,user4,অ,-4.571314,1.047711,0.020538,0.023948,0.007655,0.060469,1.090652
0,1,20260711_215224_s1nefb__outer00__inner01__aug01,20260711_215224_s1nefb,train,user4,অ,4.562761,0.973239,-0.00853,-0.028478,0.006478,0.06532,0.89614
0,1,20260711_215224_s1nefb__outer00__inner01__aug02,20260711_215224_s1nefb,train,user4,অ,3.954972,0.958555,0.010455,-0.024945,0.007387,0.075989,0.964916
0,1,20260711_215224_s1nefb__outer00__inner01__aug03,20260711_215224_s1nefb,train,user4,অ,1.11827,0.962823,0.04813,-0.007331,0.003639,0.075936,1.05998
0,1,20260711_211553_8q738s__outer00__inner01__aug01,20260711_211553_8q738s,train,user4,আ,-4.007942,1.029102,0.004566,0.024903,0.004513,0.045176,1.191554
0,1,20260711_211553_8q738s__outer00__inner01__aug02,20260711_211553_8q738s,train,user4,আ,-2.376598,0.953789,0.023584,-0.010021,0.007428,0.044443,0.896364
0,1,20260711_211553_8q738s__outer00__inner01__aug03,20260711_211553_8q738s,train,user4,আ,5.686704,1.026577,-0.03404,-0.023911,0.005574,0.03577,0.868582
0,1,20260711_215326_rdw0i7__outer00__inner01__aug01,20260711_215326_rdw0i7,train,user4,আ,0.344408,1.064681,-0.013065,0.018488,0.007971,0.057343,1.095971
0,1,20260711_215326_rdw0i7__outer00__inner01__aug02,20260711_215326_rdw0i7,train,user4,আ,-1.368272,1.067333,0.004852,-0.035674,0.007715,0.075198,1.076212
0,1,20260711_215326_rdw0i7__outer00__inner01__aug03,20260711_215326_rdw0i7,train,user4,আ,4.245385,1.037772,-0.034974,0.044156,0.005846,0.05066,0.918695
0,1,20260711_215355_gtir0d__outer00__inner01__aug01,20260711_215355_gtir0d,train,user4,আ,-3.025065,1.080254,0.043042,-0.026008,0.005981,0.043406,0.980499
0,1,20260711_215355_gtir0d__outer00__inner01__aug02,20260711_215355_gtir0d,train,user4,আ,4.92325,1.035534,0.04265,-0.047911,0.004374,0.060307,1.134513
0,1,20260711_215355_gtir0d__outer00__inner01__aug03,20260711_215355_gtir0d,train,user4,আ,0.351757,0.931261,-0.007898,-0.006404,0.005646,0.049117,1.091844
0,1,20260711_215413_4z3pac__outer00__inner01__aug01,20260711_215413_4z3pac,train,user4,আ,4.455709,0.926148,-0.024079,0.037017,0.007026,0.032335,0.878585
0,1,20260711_215413_4z3pac__outer00__inner01__aug02,20260711_215413_4z3pac,train,user4,আ,4.588214,1.08289,0.025731,0.001567,0.004543,0.073441,0.819296
0,1,20260711_215413_4z3pac__outer00__inner01__aug03,20260711_215413_4z3pac,train,user4,আ,-1.079547,0.983616,-0.012585,0.015779,0.003226,0.070869,1.066521
0,1,20260711_215505_noe4fp__outer00__inner01__aug01,20260711_215505_noe4fp,train,user4,আ,2.265384,1.088582,0.027527,0.047741,0.005067,0.047255,0.890832
0,1,20260711_215505_noe4fp__outer00__inner01__aug02,20260711_215505_noe4fp,train,user4,আ,0.768425,1.020782,0.043626,0.032926,0.003315,0.064601,1.160746
0,1,20260711_215505_noe4fp__outer00__inner01__aug03,20260711_215505_noe4fp,train,user4,আ,3.934288,1.055679,0.043291,-0.014259,0.005647,0.073407,0.910603
0,1,20260711_215527_oaoi6c__outer00__inner01__aug01,20260711_215527_oaoi6c,train,user4,আ,-3.303223,0.923155,0.035206,-0.005541,0.005023,0.067078,1.157597
0,1,20260711_215527_oaoi6c__outer00__inner01__aug02,20260711_215527_oaoi6c,train,user4,আ,-0.34401,0.981535,-0.048041,-0.026816,0.007806,0.075925,1.161842
0,1,20260711_215527_oaoi6c__outer00__inner01__aug03,20260711_215527_oaoi6c,train,user4,আ,4.328977,1.035076,-0.00257,0.043424,0.005101,0.036299,1.147053
0,1,20260711_215554_41w3p4__outer00__inner01__aug01,20260711_215554_41w3p4,train,user4,আ,3.249794,1.026386,0.015144,-0.006232,0.005945,0.07406,0.968588
0,1,20260711_215554_41w3p4__outer00__inner01__aug02,20260711_215554_41w3p4,train,user4,আ,6.166367,0.951543,-0.023048,-0.014962,0.00404,0.032793,1.075837
0,1,20260711_215554_41w3p4__outer00__inner01__aug03,20260711_215554_41w3p4,train,user4,আ,-4.222041,0.984593,0.000622,0.04112,0.003844,0.056527,0.874012
0,1,20260711_215623_q6sua3__outer00__inner01__aug01,20260711_215623_q6sua3,train,user4,আ,-3.404705,0.917841,0.044597,0.020384,0.004973,0.061201,0.852496
0,1,20260711_215623_q6sua3__outer00__inner01__aug02,20260711_215623_q6sua3,train,user4,আ,-2.470823,0.962515,0.03203,0.012163,0.006468,0.074991,1.150685
0,1,20260711_215623_q6sua3__outer00__inner01__aug03,20260711_215623_q6sua3,train,user4,আ,0.606911,0.907179,-0.016063,-0.043031,0.003774,0.04434,0.934817
0,1,20260711_215646_y25z4x__outer00__inner01__aug01,20260711_215646_y25z4x,train,user4,আ,-4.771642,1.074886,0.043693,-0.003082,0.00401,0.066685,0.807424
0,1,20260711_215646_y25z4x__outer00__inner01__aug02,20260711_215646_y25z4x,train,user4,আ,-3.775179,1.006718,-0.005301,0.04006,0.005906,0.075603,1.083603
0,1,20260711_215646_y25z4x__outer00__inner01__aug03,20260711_215646_y25z4x,train,user4,আ,1.315184,0.978294,0.016903,0.000277,0.005943,0.075388,0.80272
0,1,20260711_215701_i0we24__outer00__inner01__aug01,20260711_215701_i0we24,train,user4,আ,2.610194,0.923886,-0.013729,-0.043418,0.007353,0.060644,1.133506
0,1,20260711_215701_i0we24__outer00__inner01__aug02,20260711_215701_i0we24,train,user4,আ,5.557546,0.986048,-0.022248,-0.034533,0.005942,0.060961,1.149386
0,1,20260711_215701_i0we24__outer00__inner01__aug03,20260711_215701_i0we24,train,user4,আ,-4.433188,1.088149,-0.013897,0.036353,0.003074,0.043786,1.014506
0,1,20260711_215719_fym8k2__outer00__inner01__aug01,20260711_215719_fym8k2,train,user4,আ,-3.864102,0.99895,0.019534,-0.028784,0.004446,0.030467,0.986367
0,1,20260711_215719_fym8k2__outer00__inner01__aug02,20260711_215719_fym8k2,train,user4,আ,0.195273,0.959268,-0.002945,-0.043567,0.003395,0.069619,0.994857
0,1,20260711_215719_fym8k2__outer00__inner01__aug03,20260711_215719_fym8k2,train,user4,আ,-3.133953,0.986836,-0.027372,0.039284,0.0064,0.040876,1.245524
0,1,20260711_215732_e3wli4__outer00__inner01__aug01,20260711_215732_e3wli4,train,user4,আ,-5.994721,1.083885,-0.043224,0.045289,0.004922,0.072822,0.916176
0,1,20260711_215732_e3wli4__outer00__inner01__aug02,20260711_215732_e3wli4,train,user4,আ,-1.039522,1.019694,0.036735,-0.003181,0.004697,0.037594,1.241039
0,1,20260711_215732_e3wli4__outer00__inner01__aug03,20260711_215732_e3wli4,train,user4,আ,-6.047931,1.000027,-0.040541,0.048475,0.007542,0.059254,0.985272
0,1,20260711_215746_pw5glc__outer00__inner01__aug01,20260711_215746_pw5glc,train,user4,আ,-5.353777,0.974423,0.002894,-0.041618,0.007754,0.05266,0.93191
0,1,20260711_215746_pw5glc__outer00__inner01__aug02,20260711_215746_pw5glc,train,user4,আ,-3.31377,1.084398,0.005956,-0.014811,0.005616,0.052225,1.245547
0,1,20260711_215746_pw5glc__outer00__inner01__aug03,20260711_215746_pw5glc,train,user4,আ,4.001341,1.06728,-0.02183,-0.040223,0.007019,0.06018,0.817371
0,1,20260711_215803_gtb1nz__outer00__inner01__aug01,20260711_215803_gtb1nz,train,user4,আ,3.073624,0.933223,-0.043065,0.040579,0.005067,0.063578,1.106829
0,1,20260711_215803_gtb1nz__outer00__inner01__aug02,20260711_215803_gtb1nz,train,user4,আ,5.0722,0.985822,-0.038937,-0.019179,0.004323,0.03873,0.825081
0,1,20260711_215803_gtb1nz__outer00__inner01__aug03,20260711_215803_gtb1nz,train,user4,আ,1.706213,0.902047,-0.00188,0.031872,0.005553,0.047723,0.849067
0,1,20260711_215826_09me7o__outer00__inner01__aug01,20260711_215826_09me7o,train,user4,আ,-0.324014,0.956959,0.030401,-0.048311,0.005913,0.036017,1.099877
0,1,20260711_215826_09me7o__outer00__inner01__aug02,20260711_215826_09me7o,train,user4,আ,-1.081243,0.925768,0.009883,0.015508,0.00397,0.044022,1.018929
0,1,20260711_215826_09me7o__outer00__inner01__aug03,20260711_215826_09me7o,train,user4,আ,-5.901656,0.954145,-0.013392,-0.044249,0.00452,0.036193,1.12981
0,1,20260711_215850_2a6qfe__outer00__inner01__aug01,20260711_215850_2a6qfe,train,user4,আ,-6.98938,0.931272,0.016897,0.004072,0.003125,0.048017,1.206967
0,1,20260711_215850_2a6qfe__outer00__inner01__aug02,20260711_215850_2a6qfe,train,user4,আ,-4.043781,1.022635,0.006956,-0.002957,0.006222,0.044976,1.019095
0,1,20260711_215850_2a6qfe__outer00__inner01__aug03,20260711_215850_2a6qfe,train,user4,আ,-1.679431,1.002161,0.003013,0.018525,0.005013,0.057979,1.157512
0,1,20260711_211613_pni7yl__outer00__inner01__aug01,20260711_211613_pni7yl,train,user4,ই,6.487426,0.919671,0.026956,0.026972,0.006063,0.069129,0.848693
0,1,20260711_211613_pni7yl__outer00__inner01__aug02,20260711_211613_pni7yl,train,user4,ই,-5.882812,1.060968,0.047365,0.028988,0.006552,0.048405,0.918272
0,1,20260711_211613_pni7yl__outer00__inner01__aug03,20260711_211613_pni7yl,train,user4,ই,-4.313808,0.984439,-0.049653,-0.037116,0.003236,0.050753,1.232132
0,1,20260711_211631_omhqof__outer00__inner01__aug01,20260711_211631_omhqof,train,user4,ই,4.074322,1.081118,-0.017447,-0.006356,0.003229,0.057166,0.826807
0,1,20260711_211631_omhqof__outer00__inner01__aug02,20260711_211631_omhqof,train,user4,ই,-3.253556,1.020658,-0.027683,-0.002646,0.0073,0.049047,1.039799
0,1,20260711_211631_omhqof__outer00__inner01__aug03,20260711_211631_omhqof,train,user4,ই,-5.261834,0.973394,-0.006466,-0.0153,0.007701,0.067916,1.00783
0,1,20260711_215916_5xq3ym__outer00__inner01__aug01,20260711_215916_5xq3ym,train,user4,ই,4.913022,0.948662,0.008235,-0.030904,0.005537,0.061397,1.180478
0,1,20260711_215916_5xq3ym__outer00__inner01__aug02,20260711_215916_5xq3ym,train,user4,ই,0.843749,1.075629,0.022639,-0.034087,0.007441,0.055893,1.08021
0,1,20260711_215916_5xq3ym__outer00__inner01__aug03,20260711_215916_5xq3ym,train,user4,ই,0.292998,0.976504,-0.021965,-0.034758,0.006395,0.057657,0.964766
0,1,20260711_215928_ckxbi5__outer00__inner01__aug01,20260711_215928_ckxbi5,train,user4,ই,4.644354,1.046697,-0.038526,-0.045927,0.004177,0.033622,1.038307
0,1,20260711_215928_ckxbi5__outer00__inner01__aug02,20260711_215928_ckxbi5,train,user4,ই,1.02658,0.941841,0.020802,0.007428,0.006738,0.037938,1.233312
0,1,20260711_215928_ckxbi5__outer00__inner01__aug03,20260711_215928_ckxbi5,train,user4,ই,1.894648,0.911494,0.010491,0.018206,0.007635,0.046965,1.056842
0,1,20260711_215945_ovgs11__outer00__inner01__aug01,20260711_215945_ovgs11,train,user4,ই,6.107502,0.985937,-0.01765,-0.043581,0.004424,0.045143,0.818353
0,1,20260711_215945_ovgs11__outer00__inner01__aug02,20260711_215945_ovgs11,train,user4,ই,-6.902023,0.99947,0.020085,0.045448,0.007806,0.038529,1.02982
0,1,20260711_215945_ovgs11__outer00__inner01__aug03,20260711_215945_ovgs11,train,user4,ই,-5.670611,0.99443,-0.038684,0.039031,0.006499,0.054024,1.164461
0,1,20260711_215959_axw0jl__outer00__inner01__aug01,20260711_215959_axw0jl,train,user4,ই,6.726916,0.975982,-0.041876,0.015836,0.003169,0.045971,1.107932
0,1,20260711_215959_axw0jl__outer00__inner01__aug02,20260711_215959_axw0jl,train,user4,ই,5.372572,0.967168,0.011725,-0.009604,0.005915,0.078977,1.169381
0,1,20260711_215959_axw0jl__outer00__inner01__aug03,20260711_215959_axw0jl,train,user4,ই,-4.006417,0.939035,0.004951,0.009323,0.006621,0.03305,0.896758
0,1,20260711_220013_x16qxh__outer00__inner01__aug01,20260711_220013_x16qxh,train,user4,ই,4.762543,1.092452,0.012371,-0.006639,0.005647,0.042408,1.217718
0,1,20260711_220013_x16qxh__outer00__inner01__aug02,20260711_220013_x16qxh,train,user4,ই,5.995449,1.04469,-0.025761,-0.036552,0.006694,0.067941,1.042399
0,1,20260711_220013_x16qxh__outer00__inner01__aug03,20260711_220013_x16qxh,train,user4,ই,-1.394621,1.09161,0.049287,0.025394,0.003489,0.061363,1.245449
0,1,20260711_220027_1j40u6__outer00__inner01__aug01,20260711_220027_1j40u6,train,user4,ই,1.669742,1.069439,-0.035916,0.041057,0.006594,0.036892,0.908196
0,1,20260711_220027_1j40u6__outer00__inner01__aug02,20260711_220027_1j40u6,train,user4,ই,2.640733,1.085999,-0.027426,-0.001888,0.00347,0.046457,1.066243
0,1,20260711_220027_1j40u6__outer00__inner01__aug03,20260711_220027_1j40u6,train,user4,ই,2.461673,0.929775,0.024551,-0.03473,0.007663,0.057855,0.915773
0,1,20260711_220043_yyhe4o__outer00__inner01__aug01,20260711_220043_yyhe4o,train,user4,ই,-1.678584,1.058527,0.026038,0.036493,0.005873,0.049276,1.098413
0,1,20260711_220043_yyhe4o__outer00__inner01__aug02,20260711_220043_yyhe4o,train,user4,ই,3.523004,0.950632,-0.037688,0.015798,0.004964,0.0402,0.827236
0,1,20260711_220043_yyhe4o__outer00__inner01__aug03,20260711_220043_yyhe4o,train,user4,ই,5.539537,1.037806,0.020505,-0.003294,0.003969,0.054266,1.008679
0,1,20260711_220058_6cy90j__outer00__inner01__aug01,20260711_220058_6cy90j,train,user4,ই,-1.799056,0.93667,-0.013935,-0.002065,0.003853,0.045571,0.876669
0,1,20260711_220058_6cy90j__outer00__inner01__aug02,20260711_220058_6cy90j,train,user4,ই,-5.791525,0.920591,-0.030422,0.029194,0.004001,0.069288,0.830882
0,1,20260711_220058_6cy90j__outer00__inner01__aug03,20260711_220058_6cy90j,train,user4,ই,6.476244,0.928261,0.034183,0.026869,0.006904,0.053049,1.021936
0,1,20260711_220112_94lc88__outer00__inner01__aug01,20260711_220112_94lc88,train,user4,ই,-3.288728,1.092418,-0.029009,0.027077,0.007772,0.039518,0.838976
0,1,20260711_220112_94lc88__outer00__inner01__aug02,20260711_220112_94lc88,train,user4,ই,-0.479554,1.01355,-0.039195,-0.046874,0.004284,0.069746,1.113528
0,1,20260711_220112_94lc88__outer00__inner01__aug03,20260711_220112_94lc88,train,user4,ই,0.231198,1.026243,0.005206,0.038817,0.004227,0.059142,1.01739
0,1,20260711_220132_3b6d70__outer00__inner01__aug01,20260711_220132_3b6d70,train,user4,ই,3.927411,1.015407,-0.024168,-0.009478,0.003824,0.079598,1.123299
0,1,20260711_220132_3b6d70__outer00__inner01__aug02,20260711_220132_3b6d70,train,user4,ই,-1.376775,1.08998,0.024486,-0.024899,0.006719,0.040529,1.102573
0,1,20260711_220132_3b6d70__outer00__inner01__aug03,20260711_220132_3b6d70,train,user4,ই,3.925194,1.093456,0.017059,-0.001532,0.005694,0.033648,1.180645
0,1,20260711_220151_kjuuzh__outer00__inner01__aug01,20260711_220151_kjuuzh,train,user4,ই,-3.244582,0.957527,0.038248,-0.034471,0.006848,0.06725,1.249125
0,1,20260711_220151_kjuuzh__outer00__inner01__aug02,20260711_220151_kjuuzh,train,user4,ই,-1.978898,1.048214,-0.021719,0.034642,0.00791,0.048682,0.93379
0,1,20260711_220151_kjuuzh__outer00__inner01__aug03,20260711_220151_kjuuzh,train,user4,ই,1.416462,0.995388,-0.003224,-0.041585,0.006313,0.041023,1.207181
0,1,20260711_220205_cr3boy__outer00__inner01__aug01,20260711_220205_cr3boy,train,user4,ই,-0.1338,1.001721,0.017298,-0.006472,0.007489,0.079443,0.918285
0,1,20260711_220205_cr3boy__outer00__inner01__aug02,20260711_220205_cr3boy,train,user4,ই,2.770722,1.025843,-0.032226,-0.04094,0.00751,0.053249,1.134638
0,1,20260711_220205_cr3boy__outer00__inner01__aug03,20260711_220205_cr3boy,train,user4,ই,4.065922,1.073625,-0.03803,-0.048663,0.006356,0.03194,1.104825
0,1,20260711_220217_85rgxu__outer00__inner01__aug01,20260711_220217_85rgxu,train,user4,ই,0.892232,0.946492,-0.010661,0.014589,0.007808,0.033972,1.061102
0,1,20260711_220217_85rgxu__outer00__inner01__aug02,20260711_220217_85rgxu,train,user4,ই,3.033829,1.076158,0.043724,-0.048448,0.003015,0.061573,1.120766
0,1,20260711_220217_85rgxu__outer00__inner01__aug03,20260711_220217_85rgxu,train,user4,ই,0.662926,1.081049,0.044837,-0.006961,0.006134,0.063667,0.918927
0,1,20260711_220235_4uai7u__outer00__inner01__aug01,20260711_220235_4uai7u,train,user4,ই,-5.614572,1.066032,0.024749,-0.031874,0.005661,0.048241,1.034046
0,1,20260711_220235_4uai7u__outer00__inner01__aug02,20260711_220235_4uai7u,train,user4,ই,5.103917,1.047251,-0.020616,0.011431,0.003172,0.068092,0.823436
0,1,20260711_220235_4uai7u__outer00__inner01__aug03,20260711_220235_4uai7u,train,user4,ই,-0.744984,0.952266,-0.006552,0.009062,0.007499,0.071581,1.209926
0,1,20260711_220308_e7l7wm__outer00__inner01__aug01,20260711_220308_e7l7wm,train,user4,ই,2.15554,0.963567,0.018548,-0.019762,0.004675,0.048216,1.053832
0,1,20260711_220308_e7l7wm__outer00__inner01__aug02,20260711_220308_e7l7wm,train,user4,ই,4.199039,0.907002,0.032594,-0.026917,0.003176,0.073031,1.234044
0,1,20260711_220308_e7l7wm__outer00__inner01__aug03,20260711_220308_e7l7wm,train,user4,ই,4.660413,1.070612,-0.01796,-0.027203,0.007567,0.078975,1.243215
0,1,20260711_220404_itceug__outer00__inner01__aug01,20260711_220404_itceug,train,user4,ঈ,5.921139,1.01101,-0.008005,-0.044721,0.003343,0.078979,0.814153
0,1,20260711_220404_itceug__outer00__inner01__aug02,20260711_220404_itceug,train,user4,ঈ,3.262482,0.991083,0.012189,0.015964,0.004136,0.033956,0.901499
0,1,20260711_220404_itceug__outer00__inner01__aug03,20260711_220404_itceug,train,user4,ঈ,-0.635185,0.969094,-0.011508,0.006476,0.005894,0.049935,1.104235
0,1,20260711_220444_r35mfs__outer00__inner01__aug01,20260711_220444_r35mfs,train,user4,ঈ,-4.732354,0.991077,0.044647,-0.045161,0.004333,0.073283,1.100264
0,1,20260711_220444_r35mfs__outer00__inner01__aug02,20260711_220444_r35mfs,train,user4,ঈ,-6.632692,0.946508,-0.034214,-0.040601,0.003183,0.058974,0.871265
0,1,20260711_220444_r35mfs__outer00__inner01__aug03,20260711_220444_r35mfs,train,user4,ঈ,-1.336232,0.946945,-0.049403,-0.021874,0.007564,0.047219,1.14551
0,1,20260711_220519_ila5ji__outer00__inner01__aug01,20260711_220519_ila5ji,train,user4,ঈ,4.238671,1.059798,-0.041729,0.033636,0.003343,0.062616,1.084685
0,1,20260711_220519_ila5ji__outer00__inner01__aug02,20260711_220519_ila5ji,train,user4,ঈ,-6.371902,0.955149,0.027196,-0.017883,0.004863,0.045602,1.150218
0,1,20260711_220519_ila5ji__outer00__inner01__aug03,20260711_220519_ila5ji,train,user4,ঈ,4.632518,0.929415,0.024714,-0.028322,0.005824,0.04289,0.980781
0,1,20260711_220543_7o5bd0__outer00__inner01__aug01,20260711_220543_7o5bd0,train,user4,ঈ,-3.805649,0.935868,-0.007876,-0.026984,0.006858,0.04423,1.088775
0,1,20260711_220543_7o5bd0__outer00__inner01__aug02,20260711_220543_7o5bd0,train,user4,ঈ,-2.613679,0.97328,0.01746,-0.044763,0.005246,0.051225,0.85947
0,1,20260711_220543_7o5bd0__outer00__inner01__aug03,20260711_220543_7o5bd0,train,user4,ঈ,6.094893,0.982792,-0.027133,-0.009702,0.003261,0.046627,1.102986
0,1,20260711_220606_essesa__outer00__inner01__aug01,20260711_220606_essesa,train,user4,ঈ,2.184859,1.049647,0.046254,-0.020488,0.006193,0.03692,1.200632
0,1,20260711_220606_essesa__outer00__inner01__aug02,20260711_220606_essesa,train,user4,ঈ,6.086372,1.05773,-0.019033,-0.000245,0.003231,0.052172,1.18763
0,1,20260711_220606_essesa__outer00__inner01__aug03,20260711_220606_essesa,train,user4,ঈ,6.641076,1.036823,-0.026067,-0.013466,0.007563,0.063962,1.142975
0,1,20260711_220641_ufswp1__outer00__inner01__aug01,20260711_220641_ufswp1,train,user4,ঈ,1.879834,1.057897,-0.020695,-0.002936,0.006874,0.079083,1.071021
0,1,20260711_220641_ufswp1__outer00__inner01__aug02,20260711_220641_ufswp1,train,user4,ঈ,-3.221421,0.934891,0.012207,-0.046576,0.004953,0.05166,1.243608
0,1,20260711_220641_ufswp1__outer00__inner01__aug03,20260711_220641_ufswp1,train,user4,ঈ,6.631851,0.985572,-0.031333,0.046711,0.003265,0.034695,0.816984
0,1,20260711_220701_y1rftt__outer00__inner01__aug01,20260711_220701_y1rftt,train,user4,ঈ,5.029106,1.070359,-0.026812,0.041712,0.005187,0.054318,0.907487
0,1,20260711_220701_y1rftt__outer00__inner01__aug02,20260711_220701_y1rftt,train,user4,ঈ,6.889635,1.082541,-0.036195,0.006347,0.003366,0.037245,0.981004
0,1,20260711_220701_y1rftt__outer00__inner01__aug03,20260711_220701_y1rftt,train,user4,ঈ,-2.624942,0.910452,0.048562,-0.034042,0.005849,0.077366,0.892702
0,1,20260711_220721_h9k2mi__outer00__inner01__aug01,20260711_220721_h9k2mi,train,user4,ঈ,-0.872625,0.999275,0.019951,0.019332,0.005084,0.031444,1.068388
0,1,20260711_220721_h9k2mi__outer00__inner01__aug02,20260711_220721_h9k2mi,train,user4,ঈ,-0.365671,1.068366,0.036711,0.026442,0.004544,0.053858,0.902655
0,1,20260711_220721_h9k2mi__outer00__inner01__aug03,20260711_220721_h9k2mi,train,user4,ঈ,3.763031,1.01852,-0.045218,0.039002,0.00708,0.061318,0.807755
0,1,20260711_220738_j2qzn6__outer00__inner01__aug01,20260711_220738_j2qzn6,train,user4,ঈ,2.272824,1.000339,-0.022376,-0.03914,0.003602,0.054668,1.23728
0,1,20260711_220738_j2qzn6__outer00__inner01__aug02,20260711_220738_j2qzn6,train,user4,ঈ,6.888149,0.908764,-0.036918,-0.023503,0.006964,0.079275,1.111071
0,1,20260711_220738_j2qzn6__outer00__inner01__aug03,20260711_220738_j2qzn6,train,user4,ঈ,-2.16982,0.981349,0.005493,-0.012366,0.005662,0.034203,0.934363
0,1,20260711_220751_axw80l__outer00__inner01__aug01,20260711_220751_axw80l,train,user4,ঈ,-4.700455,1.056785,0.003467,0.018749,0.004388,0.075903,1.222164
0,1,20260711_220751_axw80l__outer00__inner01__aug02,20260711_220751_axw80l,train,user4,ঈ,6.957393,0.967959,-0.042348,0.037913,0.005346,0.075779,1.164749
0,1,20260711_220751_axw80l__outer00__inner01__aug03,20260711_220751_axw80l,train,user4,ঈ,5.60751,0.94201,0.041102,0.00339,0.006335,0.056533,1.011108
0,1,20260711_220807_mldxj2__outer00__inner01__aug01,20260711_220807_mldxj2,train,user4,ঈ,-6.931871,0.90898,-0.016428,0.008176,0.006595,0.039792,1.086145
0,1,20260711_220807_mldxj2__outer00__inner01__aug02,20260711_220807_mldxj2,train,user4,ঈ,3.657393,1.08627,-0.013765,0.039591,0.00621,0.041776,0.833415
0,1,20260711_220807_mldxj2__outer00__inner01__aug03,20260711_220807_mldxj2,train,user4,ঈ,-2.094598,1.027788,-0.008761,0.042737,0.005255,0.063411,0.839251
0,1,20260711_220822_wgaxvc__outer00__inner01__aug01,20260711_220822_wgaxvc,train,user4,ঈ,-5.154865,0.949378,-0.007909,0.037157,0.005702,0.041854,1.121765
0,1,20260711_220822_wgaxvc__outer00__inner01__aug02,20260711_220822_wgaxvc,train,user4,ঈ,-0.541112,0.935147,-0.037568,0.041439,0.004948,0.038806,0.847228
0,1,20260711_220822_wgaxvc__outer00__inner01__aug03,20260711_220822_wgaxvc,train,user4,ঈ,1.757465,1.0837,-0.012273,0.007401,0.006841,0.064568,1.198835
0,1,20260711_220837_dby4gx__outer00__inner01__aug01,20260711_220837_dby4gx,train,user4,ঈ,-4.21859,0.914578,0.036487,0.013336,0.005999,0.037344,0.939327
0,1,20260711_220837_dby4gx__outer00__inner01__aug02,20260711_220837_dby4gx,train,user4,ঈ,-2.489956,1.00157,-0.024533,0.027058,0.003015,0.063471,1.139521
0,1,20260711_220837_dby4gx__outer00__inner01__aug03,20260711_220837_dby4gx,train,user4,ঈ,1.417973,1.034289,0.007218,0.041576,0.005903,0.038842,0.891238
0,1,20260711_220850_xo5kch__outer00__inner01__aug01,20260711_220850_xo5kch,train,user4,ঈ,-3.554413,1.027629,-0.009905,0.028018,0.003626,0.058043,0.958974
0,1,20260711_220850_xo5kch__outer00__inner01__aug02,20260711_220850_xo5kch,train,user4,ঈ,-5.567343,0.945796,0.016158,-0.01319,0.003366,0.036415,0.872432
0,1,20260711_220850_xo5kch__outer00__inner01__aug03,20260711_220850_xo5kch,train,user4,ঈ,-1.849133,1.083111,0.043936,-0.037971,0.007631,0.045027,0.813002
0,1,20260711_220906_ehc737__outer00__inner01__aug01,20260711_220906_ehc737,train,user4,ঈ,0.647806,1.039537,-0.032405,0.014802,0.005022,0.046504,0.952883
0,1,20260711_220906_ehc737__outer00__inner01__aug02,20260711_220906_ehc737,train,user4,ঈ,6.249453,1.083847,0.036667,-0.00623,0.006366,0.057303,0.889505
0,1,20260711_220906_ehc737__outer00__inner01__aug03,20260711_220906_ehc737,train,user4,ঈ,5.121592,0.964635,0.039533,0.028146,0.007124,0.04854,1.193638
0,2,20260703_231939_jmltkn__outer00__inner02__aug01,20260703_231939_jmltkn,train,user1,অ,-4.480828,0.970773,-0.02126,-0.038724,0.005303,0.072232,1.211527
0,2,20260703_231939_jmltkn__outer00__inner02__aug02,20260703_231939_jmltkn,train,user1,অ,-5.624228,1.023807,-0.027907,-0.000194,0.005516,0.061417,0.988512
0,2,20260703_231939_jmltkn__outer00__inner02__aug03,20260703_231939_jmltkn,train,user1,অ,-5.214362,0.905624,0.047653,-0.002155,0.006868,0.069547,1.074151
0,2,20260704_230134_0i7e7o__outer00__inner02__aug01,20260704_230134_0i7e7o,train,user1,অ,-1.806176,1.099472,-0.029936,0.022613,0.004925,0.074442,0.925641
0,2,20260704_230134_0i7e7o__outer00__inner02__aug02,20260704_230134_0i7e7o,train,user1,অ,0.706704,0.903376,0.026254,-0.041567,0.007735,0.071433,0.906361
0,2,20260704_230134_0i7e7o__outer00__inner02__aug03,20260704_230134_0i7e7o,train,user1,অ,-4.200136,0.997139,-0.02502,-0.004449,0.004421,0.057621,1.106991
0,2,20260704_230207_s0bru0__outer00__inner02__aug01,20260704_230207_s0bru0,train,user1,অ,-6.825453,0.974361,-0.027381,-0.000668,0.004895,0.070323,1.024732
0,2,20260704_230207_s0bru0__outer00__inner02__aug02,20260704_230207_s0bru0,train,user1,অ,1.034596,0.967899,-0.029804,0.022715,0.00403,0.053213,1.032336
0,2,20260704_230207_s0bru0__outer00__inner02__aug03,20260704_230207_s0bru0,train,user1,অ,3.046279,1.038772,0.034388,-0.0382,0.005855,0.036462,1.045628
0,2,20260704_230243_20ggrl__outer00__inner02__aug01,20260704_230243_20ggrl,train,user1,অ,-2.866477,1.089346,0.034974,-0.00986,0.00508,0.054652,0.914736
0,2,20260704_230243_20ggrl__outer00__inner02__aug02,20260704_230243_20ggrl,train,user1,অ,6.245336,1.043839,0.025678,-0.001908,0.007989,0.049385,0.963084
0,2,20260704_230243_20ggrl__outer00__inner02__aug03,20260704_230243_20ggrl,train,user1,অ,4.201019,0.928922,0.034022,-0.049606,0.007972,0.038987,0.966687
0,2,20260704_230314_biogka__outer00__inner02__aug01,20260704_230314_biogka,train,user1,অ,-6.36583,1.042334,-0.017338,-0.034933,0.005215,0.061942,0.941432
0,2,20260704_230314_biogka__outer00__inner02__aug02,20260704_230314_biogka,train,user1,অ,0.007976,0.977274,0.016581,0.029843,0.006033,0.068847,1.206191
0,2,20260704_230314_biogka__outer00__inner02__aug03,20260704_230314_biogka,train,user1,অ,0.678717,1.083464,0.01995,0.038393,0.006528,0.056544,0.922608
0,2,20260704_230343_z76un4__outer00__inner02__aug01,20260704_230343_z76un4,train,user1,অ,-0.411647,0.941767,-0.034828,-0.023372,0.004653,0.034623,1.049744
0,2,20260704_230343_z76un4__outer00__inner02__aug02,20260704_230343_z76un4,train,user1,অ,4.810509,1.075602,-0.002776,-0.017573,0.003521,0.054035,1.028054
0,2,20260704_230343_z76un4__outer00__inner02__aug03,20260704_230343_z76un4,train,user1,অ,0.826955,1.042799,0.030893,-0.008814,0.003012,0.039676,1.218643
0,2,20260704_230438_1by20a__outer00__inner02__aug01,20260704_230438_1by20a,train,user1,অ,-2.512356,1.018638,-0.035155,-0.007427,0.007598,0.052685,1.027642
0,2,20260704_230438_1by20a__outer00__inner02__aug02,20260704_230438_1by20a,train,user1,অ,5.393081,1.089854,0.02699,-0.031526,0.006274,0.072232,1.182672
0,2,20260704_230438_1by20a__outer00__inner02__aug03,20260704_230438_1by20a,train,user1,অ,-1.924158,1.09094,0.003469,-0.018185,0.003718,0.039072,1.069923
0,2,20260704_230508_zz8agk__outer00__inner02__aug01,20260704_230508_zz8agk,train,user1,অ,-4.751326,0.983337,-0.012458,0.024648,0.003263,0.037185,0.819742
0,2,20260704_230508_zz8agk__outer00__inner02__aug02,20260704_230508_zz8agk,train,user1,অ,-5.640088,0.919339,0.03587,0.036401,0.006479,0.053826,0.882514
0,2,20260704_230508_zz8agk__outer00__inner02__aug03,20260704_230508_zz8agk,train,user1,অ,-1.580976,0.945613,-0.0248,0.028746,0.006927,0.066822,0.878581
0,2,20260704_230530_8783vw__outer00__inner02__aug01,20260704_230530_8783vw,train,user1,অ,-4.25048,1.052591,-0.026042,-0.022288,0.005532,0.039297,1.178673
0,2,20260704_230530_8783vw__outer00__inner02__aug02,20260704_230530_8783vw,train,user1,অ,6.122605,0.947378,-0.031544,0.034458,0.007777,0.047634,0.816012
0,2,20260704_230530_8783vw__outer00__inner02__aug03,20260704_230530_8783vw,train,user1,অ,-5.979836,1.038497,-0.009459,0.001885,0.003666,0.061403,1.241984
0,2,20260704_230601_9fuwl5__outer00__inner02__aug01,20260704_230601_9fuwl5,train,user1,অ,-4.635117,0.988527,-0.000357,-0.01593,0.004243,0.050126,1.162482
0,2,20260704_230601_9fuwl5__outer00__inner02__aug02,20260704_230601_9fuwl5,train,user1,অ,2.946234,1.037008,-0.010641,-0.046948,0.007307,0.061874,1.03986
0,2,20260704_230601_9fuwl5__outer00__inner02__aug03,20260704_230601_9fuwl5,train,user1,অ,-2.291045,1.024942,0.027393,0.000263,0.004311,0.067977,1.046936
0,2,20260704_230631_iep9zz__outer00__inner02__aug01,20260704_230631_iep9zz,train,user1,অ,2.516357,0.973732,-0.006192,0.026272,0.003759,0.073414,1.118666
0,2,20260704_230631_iep9zz__outer00__inner02__aug02,20260704_230631_iep9zz,train,user1,অ,-3.413992,0.976751,-0.041886,0.001552,0.0042,0.06767,1.00938
0,2,20260704_230631_iep9zz__outer00__inner02__aug03,20260704_230631_iep9zz,train,user1,অ,-0.363827,1.078034,0.041598,-0.013272,0.006244,0.069144,1.194573
0,2,20260709_222041_giojuy__outer00__inner02__aug01,20260709_222041_giojuy,train,user1,অ,5.741722,1.07956,0.002121,-0.045042,0.006408,0.076504,0.882899
0,2,20260709_222041_giojuy__outer00__inner02__aug02,20260709_222041_giojuy,train,user1,অ,3.773957,0.942109,0.049565,-0.007995,0.004805,0.041232,0.943165
0,2,20260709_222041_giojuy__outer00__inner02__aug03,20260709_222041_giojuy,train,user1,অ,0.442018,1.016609,-0.028957,-0.044109,0.005789,0.030251,1.039734
0,2,20260704_230720_4nlmlz__outer00__inner02__aug01,20260704_230720_4nlmlz,train,user1,আ,-3.032152,1.005532,-0.000433,0.042128,0.004221,0.073914,1.186208
0,2,20260704_230720_4nlmlz__outer00__inner02__aug02,20260704_230720_4nlmlz,train,user1,আ,5.339886,0.987795,-0.037329,0.010843,0.004203,0.079581,0.871011
0,2,20260704_230720_4nlmlz__outer00__inner02__aug03,20260704_230720_4nlmlz,train,user1,আ,-1.922699,1.073745,-0.007782,0.010639,0.005726,0.044009,0.983759
0,2,20260704_230748_cofjqd__outer00__inner02__aug01,20260704_230748_cofjqd,train,user1,আ,5.245392,0.944114,0.028455,0.007809,0.003348,0.047861,0.876877
0,2,20260704_230748_cofjqd__outer00__inner02__aug02,20260704_230748_cofjqd,train,user1,আ,-6.198333,0.979517,-0.029778,-0.001588,0.00791,0.053129,0.916797
0,2,20260704_230748_cofjqd__outer00__inner02__aug03,20260704_230748_cofjqd,train,user1,আ,6.625566,1.00408,-0.029069,-0.048507,0.006621,0.073847,1.074855
0,2,20260704_230823_p4djtm__outer00__inner02__aug01,20260704_230823_p4djtm,train,user1,আ,5.327067,0.940565,-0.001884,0.023215,0.003442,0.078547,1.168512
0,2,20260704_230823_p4djtm__outer00__inner02__aug02,20260704_230823_p4djtm,train,user1,আ,5.792112,0.918686,0.011852,0.02675,0.004629,0.057647,1.158644
0,2,20260704_230823_p4djtm__outer00__inner02__aug03,20260704_230823_p4djtm,train,user1,আ,4.259369,0.935877,0.045129,0.044355,0.004906,0.036253,0.815662
0,2,20260704_230900_jm6b9y__outer00__inner02__aug01,20260704_230900_jm6b9y,train,user1,আ,1.526563,1.020827,0.01072,0.005841,0.005701,0.056582,1.187458
0,2,20260704_230900_jm6b9y__outer00__inner02__aug02,20260704_230900_jm6b9y,train,user1,আ,-1.427198,0.906078,0.020868,-0.004201,0.006384,0.050931,0.997139
0,2,20260704_230900_jm6b9y__outer00__inner02__aug03,20260704_230900_jm6b9y,train,user1,আ,4.813227,1.00702,-0.031369,0.007695,0.004374,0.046902,1.070227
0,2,20260704_230941_ogdcp4__outer00__inner02__aug01,20260704_230941_ogdcp4,train,user1,আ,-0.334053,0.999344,-0.047652,0.017613,0.004368,0.047695,1.052049
0,2,20260704_230941_ogdcp4__outer00__inner02__aug02,20260704_230941_ogdcp4,train,user1,আ,1.316748,1.034482,-0.033349,0.009707,0.003265,0.04233,1.186746
0,2,20260704_230941_ogdcp4__outer00__inner02__aug03,20260704_230941_ogdcp4,train,user1,আ,-3.939452,1.024705,-0.001007,0.035757,0.006237,0.030789,1.215843
0,2,20260704_231010_4ha6y7__outer00__inner02__aug01,20260704_231010_4ha6y7,train,user1,আ,3.889879,1.086619,-0.028933,0.026473,0.004371,0.062232,1.136419
0,2,20260704_231010_4ha6y7__outer00__inner02__aug02,20260704_231010_4ha6y7,train,user1,আ,-5.659089,1.08085,0.029132,0.041377,0.005214,0.040091,1.163896
0,2,20260704_231010_4ha6y7__outer00__inner02__aug03,20260704_231010_4ha6y7,train,user1,আ,3.754161,1.009645,0.030851,0.016768,0.003128,0.044945,1.11567
0,2,20260728_232136_0wkg0v__outer00__inner02__aug01,20260728_232136_0wkg0v,train,user1,আ,5.31002,1.021076,0.025059,-0.024725,0.003947,0.048634,0.904631
0,2,20260728_232136_0wkg0v__outer00__inner02__aug02,20260728_232136_0wkg0v,train,user1,আ,5.154694,0.968412,0.004646,-0.019494,0.00575,0.062877,1.022577
0,2,20260728_232136_0wkg0v__outer00__inner02__aug03,20260728_232136_0wkg0v,train,user1,আ,6.892761,1.006478,0.046413,0.037273,0.007961,0.058735,0.916554
0,2,20260728_232203_7c77zv__outer00__inner02__aug01,20260728_232203_7c77zv,train,user1,আ,-0.179209,1.063295,-0.028235,0.0306,0.005771,0.058486,1.113675
0,2,20260728_232203_7c77zv__outer00__inner02__aug02,20260728_232203_7c77zv,train,user1,আ,-3.83258,1.068473,0.005921,0.046418,0.004509,0.047816,1.018503
0,2,20260728_232203_7c77zv__outer00__inner02__aug03,20260728_232203_7c77zv,train,user1,আ,-4.32099,1.053047,-0.037308,0.049085,0.004958,0.075224,1.152296
0,2,20260728_232238_kgwkds__outer00__inner02__aug01,20260728_232238_kgwkds,train,user1,আ,-2.68925,1.016297,-0.007946,0.036554,0.003247,0.072458,1.04655
0,2,20260728_232238_kgwkds__outer00__inner02__aug02,20260728_232238_kgwkds,train,user1,আ,6.128945,0.957774,-0.040485,-0.034556,0.004752,0.035363,0.971991
0,2,20260728_232238_kgwkds__outer00__inner02__aug03,20260728_232238_kgwkds,train,user1,আ,4.042026,0.989969,-0.002122,0.012215,0.00349,0.049214,1.058109
0,2,20260728_232316_s2ep8l__outer00__inner02__aug01,20260728_232316_s2ep8l,train,user1,আ,-3.01126,1.078756,-0.019244,0.027359,0.006533,0.066864,1.180801
0,2,20260728_232316_s2ep8l__outer00__inner02__aug02,20260728_232316_s2ep8l,train,user1,আ,-2.959542,1.095135,-0.002041,-0.046608,0.005817,0.059713,1.011406
0,2,20260728_232316_s2ep8l__outer00__inner02__aug03,20260728_232316_s2ep8l,train,user1,আ,6.560201,0.914467,0.027401,-0.010785,0.004676,0.049279,1.122294
0,2,20260705_210750_hp0ub6__outer00__inner02__aug01,20260705_210750_hp0ub6,train,user1,ই,-0.172631,1.016124,0.037472,-0.017551,0.006588,0.036959,0.817487
0,2,20260705_210750_hp0ub6__outer00__inner02__aug02,20260705_210750_hp0ub6,train,user1,ই,-2.202558,1.085833,-0.024478,-0.022093,0.004065,0.031916,0.973085
0,2,20260705_210750_hp0ub6__outer00__inner02__aug03,20260705_210750_hp0ub6,train,user1,ই,3.587817,1.098953,-0.004153,0.039576,0.007212,0.051208,0.95433
0,2,20260705_210817_cpe63z__outer00__inner02__aug01,20260705_210817_cpe63z,train,user1,ই,6.464879,0.928536,0.023624,-0.034185,0.005882,0.078551,1.115045
0,2,20260705_210817_cpe63z__outer00__inner02__aug02,20260705_210817_cpe63z,train,user1,ই,3.930301,1.087418,-0.024,0.048058,0.006215,0.044463,1.111214
0,2,20260705_210817_cpe63z__outer00__inner02__aug03,20260705_210817_cpe63z,train,user1,ই,4.913525,0.986727,0.028285,-0.046872,0.005651,0.058737,1.201306
0,2,20260705_210847_8d63gb__outer00__inner02__aug01,20260705_210847_8d63gb,train,user1,ই,4.486057,0.90549,-0.039941,0.024439,0.004332,0.043526,1.244376
0,2,20260705_210847_8d63gb__outer00__inner02__aug02,20260705_210847_8d63gb,train,user1,ই,-1.14189,1.026734,-0.045162,-0.003235,0.007135,0.040701,1.017798
0,2,20260705_210847_8d63gb__outer00__inner02__aug03,20260705_210847_8d63gb,train,user1,ই,-4.975343,0.998198,0.037919,-0.004532,0.003254,0.074547,1.041326
0,2,20260705_210914_6z0wyv__outer00__inner02__aug01,20260705_210914_6z0wyv,train,user1,ই,-6.356209,1.074409,0.012692,0.032869,0.007304,0.030652,1.142279
0,2,20260705_210914_6z0wyv__outer00__inner02__aug02,20260705_210914_6z0wyv,train,user1,ই,5.713486,0.908988,0.043221,-0.035021,0.004073,0.073729,0.915719
0,2,20260705_210914_6z0wyv__outer00__inner02__aug03,20260705_210914_6z0wyv,train,user1,ই,-1.885152,0.960387,0.017721,0.044519,0.004196,0.05821,1.007938
0,2,20260705_211104_cee4mp__outer00__inner02__aug01,20260705_211104_cee4mp,train,user1,ই,2.055447,0.943129,0.015122,0.030378,0.007499,0.037077,0.990498
0,2,20260705_211104_cee4mp__outer00__inner02__aug02,20260705_211104_cee4mp,train,user1,ই,-5.714882,1.082322,0.042903,-0.014414,0.004747,0.053423,1.063585
0,2,20260705_211104_cee4mp__outer00__inner02__aug03,20260705_211104_cee4mp,train,user1,ই,0.280248,1.094304,-0.023001,-0.048071,0.005456,0.065015,0.924753
0,2,20260705_211129_q9xd7j__outer00__inner02__aug01,20260705_211129_q9xd7j,train,user1,ই,-5.810568,0.914816,0.031401,0.039461,0.005342,0.045427,1.049023
0,2,20260705_211129_q9xd7j__outer00__inner02__aug02,20260705_211129_q9xd7j,train,user1,ই,0.555075,1.056338,0.005561,0.033975,0.005667,0.037088,1.077181
0,2,20260705_211129_q9xd7j__outer00__inner02__aug03,20260705_211129_q9xd7j,train,user1,ই,-3.198884,1.01746,-0.039083,0.001226,0.006094,0.044082,0.807385
0,2,20260705_211202_fwdefr__outer00__inner02__aug01,20260705_211202_fwdefr,train,user1,ই,1.881632,1.005025,-0.003064,-0.028085,0.004187,0.039666,0.991697
0,2,20260705_211202_fwdefr__outer00__inner02__aug02,20260705_211202_fwdefr,train,user1,ই,2.768107,0.908654,-0.002915,-0.015529,0.004771,0.044234,0.935698
0,2,20260705_211202_fwdefr__outer00__inner02__aug03,20260705_211202_fwdefr,train,user1,ই,0.321555,0.936953,0.040838,0.0456,0.004397,0.031124,1.150508
0,2,20260705_211229_nco6f5__outer00__inner02__aug01,20260705_211229_nco6f5,train,user1,ই,1.225775,1.056483,-0.027332,0.010516,0.003314,0.047758,0.864034
0,2,20260705_211229_nco6f5__outer00__inner02__aug02,20260705_211229_nco6f5,train,user1,ই,-6.794947,0.901656,-0.028041,-0.020348,0.004331,0.052395,0.961259
0,2,20260705_211229_nco6f5__outer00__inner02__aug03,20260705_211229_nco6f5,train,user1,ই,-2.081931,0.970579,-0.008377,0.029783,0.005148,0.054319,1.025045
0,2,20260705_211257_5zxk15__outer00__inner02__aug01,20260705_211257_5zxk15,train,user1,ই,4.77609,0.991753,-0.013157,-0.036858,0.004402,0.052542,0.909907
0,2,20260705_211257_5zxk15__outer00__inner02__aug02,20260705_211257_5zxk15,train,user1,ই,5.193107,1.099713,-0.004833,-0.004104,0.004516,0.065725,1.075745
0,2,20260705_211257_5zxk15__outer00__inner02__aug03,20260705_211257_5zxk15,train,user1,ই,-6.782478,0.948224,-0.026635,0.024839,0.003855,0.061583,0.87353
0,2,20260705_211324_69n6hy__outer00__inner02__aug01,20260705_211324_69n6hy,train,user1,ই,-1.782056,0.915437,-0.025648,-0.001224,0.006993,0.030716,1.017411
0,2,20260705_211324_69n6hy__outer00__inner02__aug02,20260705_211324_69n6hy,train,user1,ই,-2.789113,0.936505,0.033814,-0.029854,0.005132,0.030047,1.07378
0,2,20260705_211324_69n6hy__outer00__inner02__aug03,20260705_211324_69n6hy,train,user1,ই,4.285176,0.934062,-0.009911,0.013949,0.004976,0.035714,0.883992
0,2,20260705_213721_6edrqn__outer00__inner02__aug01,20260705_213721_6edrqn,train,user1,ঈ,5.282281,0.928788,-0.026943,0.006764,0.006674,0.035585,1.06346
0,2,20260705_213721_6edrqn__outer00__inner02__aug02,20260705_213721_6edrqn,train,user1,ঈ,-2.676509,0.979415,0.000201,0.04021,0.003457,0.040231,1.122636
0,2,20260705_213721_6edrqn__outer00__inner02__aug03,20260705_213721_6edrqn,train,user1,ঈ,-1.037632,1.033882,0.04393,0.039035,0.003091,0.043903,0.89301
0,2,20260705_213804_scynf9__outer00__inner02__aug01,20260705_213804_scynf9,train,user1,ঈ,3.845257,1.007288,0.040955,0.0153,0.005737,0.04827,1.082653
0,2,20260705_213804_scynf9__outer00__inner02__aug02,20260705_213804_scynf9,train,user1,ঈ,-1.531157,0.986196,0.028133,-0.016443,0.006364,0.078224,0.969705
0,2,20260705_213804_scynf9__outer00__inner02__aug03,20260705_213804_scynf9,train,user1,ঈ,1.55863,0.947758,-0.02683,-0.0383,0.007397,0.037453,1.005283
0,2,20260705_213852_tuebtl__outer00__inner02__aug01,20260705_213852_tuebtl,train,user1,ঈ,0.7835,0.98486,-0.002932,-0.046295,0.005946,0.037611,1.138296
0,2,20260705_213852_tuebtl__outer00__inner02__aug02,20260705_213852_tuebtl,train,user1,ঈ,-0.44936,1.031355,-0.047055,0.013144,0.005758,0.070668,1.175396
0,2,20260705_213852_tuebtl__outer00__inner02__aug03,20260705_213852_tuebtl,train,user1,ঈ,-1.758455,0.994086,-0.015283,0.006581,0.003889,0.049564,1.094051
0,2,20260705_213943_7qqvt7__outer00__inner02__aug01,20260705_213943_7qqvt7,train,user1,ঈ,-6.727417,1.088846,-0.015706,-0.034702,0.005707,0.052151,0.885986
0,2,20260705_213943_7qqvt7__outer00__inner02__aug02,20260705_213943_7qqvt7,train,user1,ঈ,3.105641,0.921209,0.024067,0.0226,0.003154,0.039688,0.991359
0,2,20260705_213943_7qqvt7__outer00__inner02__aug03,20260705_213943_7qqvt7,train,user1,ঈ,-6.686634,1.085422,-0.034775,0.045658,0.00467,0.069517,0.919981
0,2,20260705_214029_z7ddbl__outer00__inner02__aug01,20260705_214029_z7ddbl,train,user1,ঈ,0.401624,1.023557,-0.027717,0.02046,0.004681,0.03091,0.826883
0,2,20260705_214029_z7ddbl__outer00__inner02__aug02,20260705_214029_z7ddbl,train,user1,ঈ,0.420324,1.010625,-0.03766,0.042717,0.006195,0.079369,1.00835
0,2,20260705_214029_z7ddbl__outer00__inner02__aug03,20260705_214029_z7ddbl,train,user1,ঈ,-0.562434,0.983007,0.04967,-0.001163,0.006783,0.030004,0.818184
0,2,20260705_214107_b894ld__outer00__inner02__aug01,20260705_214107_b894ld,train,user1,ঈ,0.078549,0.901208,-0.00122,-0.031902,0.004488,0.041956,0.994
0,2,20260705_214107_b894ld__outer00__inner02__aug02,20260705_214107_b894ld,train,user1,ঈ,-6.763824,1.096234,0.024259,-0.044393,0.00502,0.057812,1.247733
0,2,20260705_214107_b894ld__outer00__inner02__aug03,20260705_214107_b894ld,train,user1,ঈ,-4.804692,0.94973,-0.02442,-0.01224,0.007901,0.040329,1.15291
0,2,20260705_215457_yruoxw__outer00__inner02__aug01,20260705_215457_yruoxw,train,user1,ঈ,-5.591308,0.952413,0.011715,0.001876,0.0034,0.030969,0.916502
0,2,20260705_215457_yruoxw__outer00__inner02__aug02,20260705_215457_yruoxw,train,user1,ঈ,6.543619,1.089538,0.048496,-0.037461,0.005281,0.05909,1.223379
0,2,20260705_215457_yruoxw__outer00__inner02__aug03,20260705_215457_yruoxw,train,user1,ঈ,-4.849805,1.062816,0.001176,-3.1e-05,0.005136,0.073031,1.024969
0,2,20260705_215539_dr61qv__outer00__inner02__aug01,20260705_215539_dr61qv,train,user1,ঈ,0.502898,0.920961,0.047268,0.000763,0.00509,0.06212,0.962203
0,2,20260705_215539_dr61qv__outer00__inner02__aug02,20260705_215539_dr61qv,train,user1,ঈ,4.879125,0.968445,-0.032136,-0.032223,0.003008,0.07238,1.092526
0,2,20260705_215539_dr61qv__outer00__inner02__aug03,20260705_215539_dr61qv,train,user1,ঈ,1.557466,0.93796,-0.03925,0.032001,0.00647,0.078334,0.904023
0,2,20260705_215654_07cd7w__outer00__inner02__aug01,20260705_215654_07cd7w,train,user1,ঈ,-6.306263,1.067771,-0.006167,0.018882,0.007026,0.07047,1.109472
0,2,20260705_215654_07cd7w__outer00__inner02__aug02,20260705_215654_07cd7w,train,user1,ঈ,-1.087229,1.002503,0.004097,0.026402,0.007321,0.037397,1.116344
0,2,20260705_215654_07cd7w__outer00__inner02__aug03,20260705_215654_07cd7w,train,user1,ঈ,1.551647,0.986737,0.027702,-0.033855,0.006364,0.032214,1.184003
0,2,20260705_215745_i5n9h7__outer00__inner02__aug01,20260705_215745_i5n9h7,train,user1,ঈ,6.667159,0.970763,-0.014661,0.008507,0.004434,0.044599,0.870644
0,2,20260705_215745_i5n9h7__outer00__inner02__aug02,20260705_215745_i5n9h7,train,user1,ঈ,4.4662,1.043281,-0.008655,-0.016611,0.005936,0.03025,1.218604
0,2,20260705_215745_i5n9h7__outer00__inner02__aug03,20260705_215745_i5n9h7,train,user1,ঈ,-2.38184,1.047683,0.033509,-0.031024,0.005034,0.039153,1.039365
0,2,20260711_211455_ab7vb3__outer00__inner02__aug01,20260711_211455_ab7vb3,train,user4,অ,3.154803,1.004367,0.030863,0.028005,0.005941,0.051603,1.238899
0,2,20260711_211455_ab7vb3__outer00__inner02__aug02,20260711_211455_ab7vb3,train,user4,অ,4.04222,1.054033,0.021452,0.020111,0.004525,0.032387,1.025519
0,2,20260711_211455_ab7vb3__outer00__inner02__aug03,20260711_211455_ab7vb3,train,user4,অ,1.780371,1.064923,-0.047574,-0.03759,0.005331,0.065705,1.12386
0,2,20260711_214733_y28o8p__outer00__inner02__aug01,20260711_214733_y28o8p,train,user4,অ,5.175725,0.927709,-0.006889,0.001944,0.004186,0.072318,0.832756
0,2,20260711_214733_y28o8p__outer00__inner02__aug02,20260711_214733_y28o8p,train,user4,অ,1.278245,0.996842,-0.001675,0.043081,0.005412,0.060968,1.130986
0,2,20260711_214733_y28o8p__outer00__inner02__aug03,20260711_214733_y28o8p,train,user4,অ,-2.16303,0.933334,0.013437,0.007051,0.004504,0.064223,1.070835
0,2,20260711_214747_h8ad4n__outer00__inner02__aug01,20260711_214747_h8ad4n,train,user4,অ,-5.944402,1.021504,0.003984,0.039473,0.004828,0.042246,1.165801
0,2,20260711_214747_h8ad4n__outer00__inner02__aug02,20260711_214747_h8ad4n,train,user4,অ,-5.595096,1.043132,-0.034522,0.004553,0.005304,0.070642,1.241532
0,2,20260711_214747_h8ad4n__outer00__inner02__aug03,20260711_214747_h8ad4n,train,user4,অ,-6.684605,1.088395,-0.014494,-0.04538,0.006961,0.070686,1.03142
0,2,20260711_214802_iotb3d__outer00__inner02__aug01,20260711_214802_iotb3d,train,user4,অ,-6.981711,1.098712,-0.008864,-0.047789,0.003499,0.03029,1.025685
0,2,20260711_214802_iotb3d__outer00__inner02__aug02,20260711_214802_iotb3d,train,user4,অ,6.168219,0.978703,-0.042677,-0.039129,0.004481,0.055503,1.027173
0,2,20260711_214802_iotb3d__outer00__inner02__aug03,20260711_214802_iotb3d,train,user4,অ,-5.864699,0.98873,0.038824,-0.016573,0.007692,0.052152,0.801024
0,2,20260711_214818_1kqyjw__outer00__inner02__aug01,20260711_214818_1kqyjw,train,user4,অ,1.167279,1.014866,-0.031455,0.002763,0.006826,0.0573,1.214589
0,2,20260711_214818_1kqyjw__outer00__inner02__aug02,20260711_214818_1kqyjw,train,user4,অ,6.330698,0.928819,-0.00758,0.03064,0.004884,0.046743,1.169405
0,2,20260711_214818_1kqyjw__outer00__inner02__aug03,20260711_214818_1kqyjw,train,user4,অ,-4.333483,0.910743,-0.049439,-0.013296,0.006449,0.034537,1.246026
0,2,20260711_214838_nmfk2j__outer00__inner02__aug01,20260711_214838_nmfk2j,train,user4,অ,-1.618173,1.069699,0.03294,0.033686,0.005271,0.035144,0.818359
0,2,20260711_214838_nmfk2j__outer00__inner02__aug02,20260711_214838_nmfk2j,train,user4,অ,-6.060373,0.934661,-0.030328,-0.00307,0.005452,0.045126,1.172364
0,2,20260711_214838_nmfk2j__outer00__inner02__aug03,20260711_214838_nmfk2j,train,user4,অ,-5.701037,0.975457,0.04585,-0.021343,0.007422,0.057916,0.937465
0,2,20260711_214856_wh1jdl__outer00__inner02__aug01,20260711_214856_wh1jdl,train,user4,অ,-6.289879,0.972918,0.023123,0.037324,0.0061,0.043466,1.055832
0,2,20260711_214856_wh1jdl__outer00__inner02__aug02,20260711_214856_wh1jdl,train,user4,অ,1.104399,1.025483,-0.035166,-0.018763,0.004752,0.062593,0.996276
0,2,20260711_214856_wh1jdl__outer00__inner02__aug03,20260711_214856_wh1jdl,train,user4,অ,3.538103,1.051672,-0.03245,0.043428,0.004955,0.071917,1.077736
0,2,20260711_214912_5jyzoq__outer00__inner02__aug01,20260711_214912_5jyzoq,train,user4,অ,4.301407,0.91466,0.048799,-0.01217,0.006503,0.03987,1.239836
0,2,20260711_214912_5jyzoq__outer00__inner02__aug02,20260711_214912_5jyzoq,train,user4,অ,1.730782,1.070562,-0.025988,0.025642,0.003865,0.040296,1.120361
0,2,20260711_214912_5jyzoq__outer00__inner02__aug03,20260711_214912_5jyzoq,train,user4,অ,0.525023,1.021248,0.030241,0.04361,0.003522,0.071038,0.833387
0,2,20260711_215025_9ahjj1__outer00__inner02__aug01,20260711_215025_9ahjj1,train,user4,অ,-5.494466,1.022573,0.038185,0.027257,0.003311,0.068458,1.243644
0,2,20260711_215025_9ahjj1__outer00__inner02__aug02,20260711_215025_9ahjj1,train,user4,অ,-0.434132,1.069881,-0.030502,-0.039165,0.004115,0.041307,1.011197
0,2,20260711_215025_9ahjj1__outer00__inner02__aug03,20260711_215025_9ahjj1,train,user4,অ,5.868188,0.94515,-0.011184,0.037808,0.003515,0.063709,1.096493
0,2,20260711_215040_totmvz__outer00__inner02__aug01,20260711_215040_totmvz,train,user4,অ,-1.622863,0.977581,-0.032438,-0.003061,0.005104,0.061852,1.171438
0,2,20260711_215040_totmvz__outer00__inner02__aug02,20260711_215040_totmvz,train,user4,অ,-6.139345,0.904893,-0.011754,0.001244,0.005512,0.047221,0.864984
0,2,20260711_215040_totmvz__outer00__inner02__aug03,20260711_215040_totmvz,train,user4,অ,2.293707,0.988978,-0.04247,0.049979,0.004254,0.053332,1.09706
0,2,20260711_215057_m3q3bw__outer00__inner02__aug01,20260711_215057_m3q3bw,train,user4,অ,-4.568607,0.985535,-0.020604,-0.038892,0.004067,0.069779,1.157877
0,2,20260711_215057_m3q3bw__outer00__inner02__aug02,20260711_215057_m3q3bw,train,user4,অ,0.746073,0.990841,-0.039456,0.012143,0.00791,0.059657,1.134708
0,2,20260711_215057_m3q3bw__outer00__inner02__aug03,20260711_215057_m3q3bw,train,user4,অ,4.408325,1.055958,-0.036516,0.006113,0.007661,0.066156,0.883471
0,2,20260711_215120_wa3iw4__outer00__inner02__aug01,20260711_215120_wa3iw4,train,user4,অ,-1.761659,0.970683,-0.011897,-0.022026,0.003793,0.036238,1.085975
0,2,20260711_215120_wa3iw4__outer00__inner02__aug02,20260711_215120_wa3iw4,train,user4,অ,-4.78914,0.960473,0.001946,0.039186,0.007701,0.048953,0.812643
0,2,20260711_215120_wa3iw4__outer00__inner02__aug03,20260711_215120_wa3iw4,train,user4,অ,4.705518,0.9237,-0.04888,-0.023874,0.003387,0.047702,1.119816
0,2,20260711_215140_jzmdn9__outer00__inner02__aug01,20260711_215140_jzmdn9,train,user4,অ,-4.890196,0.936649,-0.033203,0.042697,0.006544,0.061111,1.019163
0,2,20260711_215140_jzmdn9__outer00__inner02__aug02,20260711_215140_jzmdn9,train,user4,অ,6.616719,0.972645,0.037333,0.028877,0.004235,0.072639,1.01114
0,2,20260711_215140_jzmdn9__outer00__inner02__aug03,20260711_215140_jzmdn9,train,user4,অ,3.286457,0.942267,-0.008189,-0.020776,0.006083,0.036993,0.994966
0,2,20260711_215153_8dj6mi__outer00__inner02__aug01,20260711_215153_8dj6mi,train,user4,অ,-1.573019,0.926611,0.031403,-0.023994,0.007648,0.05468,0.82975
0,2,20260711_215153_8dj6mi__outer00__inner02__aug02,20260711_215153_8dj6mi,train,user4,অ,1.232773,0.981914,0.012147,-0.010161,0.004428,0.047999,1.003544
0,2,20260711_215153_8dj6mi__outer00__inner02__aug03,20260711_215153_8dj6mi,train,user4,অ,0.828891,0.940356,-0.006864,-0.000689,0.007935,0.060261,1.232645
0,2,20260711_215210_14cuph__outer00__inner02__aug01,20260711_215210_14cuph,train,user4,অ,-4.144637,0.97445,0.031415,0.007089,0.005294,0.030626,0.836518
0,2,20260711_215210_14cuph__outer00__inner02__aug02,20260711_215210_14cuph,train,user4,অ,1.20562,1.041297,-0.016094,0.044755,0.004119,0.072144,1.24728
0,2,20260711_215210_14cuph__outer00__inner02__aug03,20260711_215210_14cuph,train,user4,অ,4.9668,1.024404,0.04628,-0.037448,0.003166,0.071441,0.838641
0,2,20260711_215224_s1nefb__outer00__inner02__aug01,20260711_215224_s1nefb,train,user4,অ,2.128163,1.088558,0.049985,-0.036759,0.004048,0.050512,1.14122
0,2,20260711_215224_s1nefb__outer00__inner02__aug02,20260711_215224_s1nefb,train,user4,অ,1.067318,0.954609,0.00715,-0.018785,0.007945,0.047231,1.017974
0,2,20260711_215224_s1nefb__outer00__inner02__aug03,20260711_215224_s1nefb,train,user4,অ,-6.088049,1.017156,0.005027,0.008123,0.005069,0.077653,1.182037
0,2,20260711_211553_8q738s__outer00__inner02__aug01,20260711_211553_8q738s,train,user4,আ,0.516448,0.914374,0.01744,0.011278,0.004537,0.057934,0.990215
0,2,20260711_211553_8q738s__outer00__inner02__aug02,20260711_211553_8q738s,train,user4,আ,-6.038182,0.988192,0.013641,-0.032808,0.005243,0.053306,1.000118
0,2,20260711_211553_8q738s__outer00__inner02__aug03,20260711_211553_8q738s,train,user4,আ,3.298142,0.936334,0.034349,0.040739,0.005844,0.04808,0.918575
0,2,20260711_215326_rdw0i7__outer00__inner02__aug01,20260711_215326_rdw0i7,train,user4,আ,2.632238,1.013198,-0.048483,0.030539,0.005395,0.073753,1.015501
0,2,20260711_215326_rdw0i7__outer00__inner02__aug02,20260711_215326_rdw0i7,train,user4,আ,-3.388085,1.069661,0.033399,-0.005684,0.006168,0.042938,1.072241
0,2,20260711_215326_rdw0i7__outer00__inner02__aug03,20260711_215326_rdw0i7,train,user4,আ,-6.449697,1.01792,0.009723,0.030664,0.003185,0.047108,0.893635
0,2,20260711_215355_gtir0d__outer00__inner02__aug01,20260711_215355_gtir0d,train,user4,আ,1.054868,0.958584,0.043569,0.00032,0.005699,0.066524,1.170519
0,2,20260711_215355_gtir0d__outer00__inner02__aug02,20260711_215355_gtir0d,train,user4,আ,0.813691,1.025936,0.026264,0.014851,0.003637,0.061828,1.067997
0,2,20260711_215355_gtir0d__outer00__inner02__aug03,20260711_215355_gtir0d,train,user4,আ,6.196801,1.080162,-0.009951,-0.020396,0.004473,0.057726,1.117145
0,2,20260711_215413_4z3pac__outer00__inner02__aug01,20260711_215413_4z3pac,train,user4,আ,0.330677,1.03622,0.001955,0.021081,0.00533,0.079222,0.936774
0,2,20260711_215413_4z3pac__outer00__inner02__aug02,20260711_215413_4z3pac,train,user4,আ,-2.147811,0.959587,-0.044001,0.00046,0.003813,0.049828,0.815459
0,2,20260711_215413_4z3pac__outer00__inner02__aug03,20260711_215413_4z3pac,train,user4,আ,5.441782,0.990327,0.02503,-0.04273,0.007877,0.043781,1.195125
0,2,20260711_215505_noe4fp__outer00__inner02__aug01,20260711_215505_noe4fp,train,user4,আ,1.860851,0.916608,-0.004334,-0.027303,0.00663,0.075795,0.916472
0,2,20260711_215505_noe4fp__outer00__inner02__aug02,20260711_215505_noe4fp,train,user4,আ,0.057997,0.914566,0.026399,0.020189,0.006272,0.068534,1.166648
0,2,20260711_215505_noe4fp__outer00__inner02__aug03,20260711_215505_noe4fp,train,user4,আ,5.018059,1.093539,-0.001221,0.02486,0.00503,0.079219,1.172819
0,2,20260711_215527_oaoi6c__outer00__inner02__aug01,20260711_215527_oaoi6c,train,user4,আ,5.473882,0.916458,0.026371,0.027641,0.004606,0.044839,0.944085
0,2,20260711_215527_oaoi6c__outer00__inner02__aug02,20260711_215527_oaoi6c,train,user4,আ,-2.964531,1.062468,-0.038454,0.024894,0.003758,0.05919,1.214842
0,2,20260711_215527_oaoi6c__outer00__inner02__aug03,20260711_215527_oaoi6c,train,user4,আ,1.723108,0.933813,0.036977,0.034706,0.004762,0.072952,1.149299
0,2,20260711_215554_41w3p4__outer00__inner02__aug01,20260711_215554_41w3p4,train,user4,আ,5.650825,1.037308,0.000249,-0.013918,0.007542,0.046953,1.084031
0,2,20260711_215554_41w3p4__outer00__inner02__aug02,20260711_215554_41w3p4,train,user4,আ,-6.114464,0.960367,-0.014328,-0.030536,0.005822,0.043206,0.937181
0,2,20260711_215554_41w3p4__outer00__inner02__aug03,20260711_215554_41w3p4,train,user4,আ,6.869931,0.943493,-0.043238,0.04854,0.004047,0.067582,0.890728
0,2,20260711_215623_q6sua3__outer00__inner02__aug01,20260711_215623_q6sua3,train,user4,আ,2.906464,1.087647,-0.035324,-0.047371,0.003161,0.077776,1.236804
0,2,20260711_215623_q6sua3__outer00__inner02__aug02,20260711_215623_q6sua3,train,user4,আ,4.814474,1.051772,0.017014,-0.015036,0.005496,0.070634,0.809785
0,2,20260711_215623_q6sua3__outer00__inner02__aug03,20260711_215623_q6sua3,train,user4,আ,6.011331,0.900469,0.004583,0.007781,0.005848,0.039439,1.248927
0,2,20260711_215646_y25z4x__outer00__inner02__aug01,20260711_215646_y25z4x,train,user4,আ,1.38669,1.072871,0.009196,-0.028366,0.004755,0.063653,0.914994
0,2,20260711_215646_y25z4x__outer00__inner02__aug02,20260711_215646_y25z4x,train,user4,আ,-5.443007,0.90407,-0.001495,-0.047088,0.006803,0.075029,1.196775
0,2,20260711_215646_y25z4x__outer00__inner02__aug03,20260711_215646_y25z4x,train,user4,আ,-1.193718,0.995067,-0.000972,0.036571,0.004687,0.038193,0.806683
0,2,20260711_215701_i0we24__outer00__inner02__aug01,20260711_215701_i0we24,train,user4,আ,0.018155,0.962028,0.01815,-0.021786,0.005974,0.042163,1.239307
0,2,20260711_215701_i0we24__outer00__inner02__aug02,20260711_215701_i0we24,train,user4,আ,0.3834,1.050062,0.049765,-0.022422,0.003442,0.059527,1.090943
0,2,20260711_215701_i0we24__outer00__inner02__aug03,20260711_215701_i0we24,train,user4,আ,-6.423713,0.953523,-0.049336,0.003004,0.003317,0.031035,0.929993
0,2,20260711_215719_fym8k2__outer00__inner02__aug01,20260711_215719_fym8k2,train,user4,আ,3.845808,1.044073,0.004918,0.032809,0.007208,0.077279,1.12711
0,2,20260711_215719_fym8k2__outer00__inner02__aug02,20260711_215719_fym8k2,train,user4,আ,-5.740215,0.979617,-0.014798,-0.02781,0.007049,0.049145,1.222092
0,2,20260711_215719_fym8k2__outer00__inner02__aug03,20260711_215719_fym8k2,train,user4,আ,4.664114,0.920711,0.010918,-0.015624,0.007348,0.078199,1.164987
0,2,20260711_215732_e3wli4__outer00__inner02__aug01,20260711_215732_e3wli4,train,user4,আ,4.140097,1.005605,0.028487,-0.045564,0.007728,0.030786,0.911051
0,2,20260711_215732_e3wli4__outer00__inner02__aug02,20260711_215732_e3wli4,train,user4,আ,0.534021,0.971481,-0.027068,-0.021088,0.00355,0.039217,1.066654
0,2,20260711_215732_e3wli4__outer00__inner02__aug03,20260711_215732_e3wli4,train,user4,আ,-1.001115,1.098291,-0.03536,-0.011567,0.00466,0.05561,1.118623
0,2,20260711_215746_pw5glc__outer00__inner02__aug01,20260711_215746_pw5glc,train,user4,আ,1.985137,1.019803,0.015112,0.025322,0.005841,0.043825,1.095152
0,2,20260711_215746_pw5glc__outer00__inner02__aug02,20260711_215746_pw5glc,train,user4,আ,-4.825555,1.093496,-0.045772,-0.047521,0.005119,0.051701,0.966561
0,2,20260711_215746_pw5glc__outer00__inner02__aug03,20260711_215746_pw5glc,train,user4,আ,3.742091,0.944414,0.027122,-0.008989,0.007814,0.048338,1.232799
0,2,20260711_215803_gtb1nz__outer00__inner02__aug01,20260711_215803_gtb1nz,train,user4,আ,5.637737,0.949485,-0.029521,0.021667,0.007078,0.060986,0.883227
0,2,20260711_215803_gtb1nz__outer00__inner02__aug02,20260711_215803_gtb1nz,train,user4,আ,-2.943713,1.067468,-0.002925,-0.006252,0.005182,0.052694,0.963162
0,2,20260711_215803_gtb1nz__outer00__inner02__aug03,20260711_215803_gtb1nz,train,user4,আ,3.531105,0.934983,0.033131,-0.025384,0.005083,0.073702,1.116712
0,2,20260711_215826_09me7o__outer00__inner02__aug01,20260711_215826_09me7o,train,user4,আ,-6.498097,1.033969,-0.045944,0.017032,0.004821,0.049441,1.169142
0,2,20260711_215826_09me7o__outer00__inner02__aug02,20260711_215826_09me7o,train,user4,আ,1.182063,1.076486,-0.029283,0.036847,0.00594,0.039751,0.957165
0,2,20260711_215826_09me7o__outer00__inner02__aug03,20260711_215826_09me7o,train,user4,আ,-6.549539,1.014033,-0.027661,0.012498,0.00533,0.044346,1.236978
0,2,20260711_215850_2a6qfe__outer00__inner02__aug01,20260711_215850_2a6qfe,train,user4,আ,-4.818204,0.900085,0.025554,-0.018076,0.007563,0.067978,0.857385
0,2,20260711_215850_2a6qfe__outer00__inner02__aug02,20260711_215850_2a6qfe,train,user4,আ,-0.588908,1.04715,0.010553,0.017066,0.007025,0.04877,0.988472
0,2,20260711_215850_2a6qfe__outer00__inner02__aug03,20260711_215850_2a6qfe,train,user4,আ,1.903361,1.031303,-0.049391,-0.040572,0.003207,0.045361,1.067404
0,2,20260711_211613_pni7yl__outer00__inner02__aug01,20260711_211613_pni7yl,train,user4,ই,-0.062591,1.063707,-0.031259,-0.000204,0.007652,0.067481,1.020427
0,2,20260711_211613_pni7yl__outer00__inner02__aug02,20260711_211613_pni7yl,train,user4,ই,2.100692,1.045715,0.041424,0.04151,0.006709,0.037768,0.853124
0,2,20260711_211613_pni7yl__outer00__inner02__aug03,20260711_211613_pni7yl,train,user4,ই,-6.268646,1.066857,-0.025517,-0.040231,0.005809,0.04578,1.10993
0,2,20260711_211631_omhqof__outer00__inner02__aug01,20260711_211631_omhqof,train,user4,ই,-2.440906,0.960669,0.048641,-0.023804,0.005553,0.05238,1.224707
0,2,20260711_211631_omhqof__outer00__inner02__aug02,20260711_211631_omhqof,train,user4,ই,0.382157,0.960507,0.028516,-0.048267,0.004533,0.078562,0.884279
0,2,20260711_211631_omhqof__outer00__inner02__aug03,20260711_211631_omhqof,train,user4,ই,-4.013353,1.080266,-0.043026,-0.009353,0.006624,0.073306,0.826992
0,2,20260711_215916_5xq3ym__outer00__inner02__aug01,20260711_215916_5xq3ym,train,user4,ই,4.785655,1.004015,0.016753,0.016943,0.006357,0.0632,1.167006
0,2,20260711_215916_5xq3ym__outer00__inner02__aug02,20260711_215916_5xq3ym,train,user4,ই,6.176528,1.024809,-0.019395,0.042023,0.005644,0.050626,1.108918
0,2,20260711_215916_5xq3ym__outer00__inner02__aug03,20260711_215916_5xq3ym,train,user4,ই,3.70106,0.948946,0.041566,0.049199,0.003614,0.051959,1.107072
0,2,20260711_215928_ckxbi5__outer00__inner02__aug01,20260711_215928_ckxbi5,train,user4,ই,0.543824,0.973173,-0.03994,-0.047428,0.007221,0.033381,0.929677
0,2,20260711_215928_ckxbi5__outer00__inner02__aug02,20260711_215928_ckxbi5,train,user4,ই,3.05786,1.046262,0.005252,0.047641,0.007117,0.057591,1.199198
0,2,20260711_215928_ckxbi5__outer00__inner02__aug03,20260711_215928_ckxbi5,train,user4,ই,1.286669,0.980011,0.014627,0.043954,0.004471,0.061789,0.993843
0,2,20260711_215945_ovgs11__outer00__inner02__aug01,20260711_215945_ovgs11,train,user4,ই,-0.660167,1.060579,0.014031,-0.033266,0.006358,0.075458,1.046138
0,2,20260711_215945_ovgs11__outer00__inner02__aug02,20260711_215945_ovgs11,train,user4,ই,-1.317735,1.02723,-0.0414,0.012881,0.006177,0.041665,0.813457
0,2,20260711_215945_ovgs11__outer00__inner02__aug03,20260711_215945_ovgs11,train,user4,ই,4.424354,1.038694,0.01291,0.003469,0.005167,0.057254,1.181488
0,2,20260711_215959_axw0jl__outer00__inner02__aug01,20260711_215959_axw0jl,train,user4,ই,0.898558,1.000471,0.035053,-0.028293,0.004212,0.072526,0.920969
0,2,20260711_215959_axw0jl__outer00__inner02__aug02,20260711_215959_axw0jl,train,user4,ই,1.762696,1.069047,-0.020751,-0.038711,0.007608,0.039868,0.865593
0,2,20260711_215959_axw0jl__outer00__inner02__aug03,20260711_215959_axw0jl,train,user4,ই,6.130589,1.046714,-0.015455,-0.036672,0.003866,0.059999,1.153954
0,2,20260711_220013_x16qxh__outer00__inner02__aug01,20260711_220013_x16qxh,train,user4,ই,-4.920508,1.076552,0.008113,0.002031,0.007045,0.033542,1.155283
0,2,20260711_220013_x16qxh__outer00__inner02__aug02,20260711_220013_x16qxh,train,user4,ই,-5.809352,0.924621,-0.019701,-0.03251,0.003744,0.043586,0.867937
0,2,20260711_220013_x16qxh__outer00__inner02__aug03,20260711_220013_x16qxh,train,user4,ই,4.700114,0.95976,0.031899,-0.016717,0.006728,0.065668,1.168331
0,2,20260711_220027_1j40u6__outer00__inner02__aug01,20260711_220027_1j40u6,train,user4,ই,-5.867148,0.921104,0.032655,0.044037,0.00647,0.076999,0.833888
0,2,20260711_220027_1j40u6__outer00__inner02__aug02,20260711_220027_1j40u6,train,user4,ই,-5.785102,1.03428,0.035222,-0.004016,0.007028,0.071335,0.955778
0,2,20260711_220027_1j40u6__outer00__inner02__aug03,20260711_220027_1j40u6,train,user4,ই,-0.852252,0.967846,-0.015476,0.020712,0.005965,0.051844,0.824718
0,2,20260711_220043_yyhe4o__outer00__inner02__aug01,20260711_220043_yyhe4o,train,user4,ই,-3.845708,1.037929,0.02158,0.049544,0.006487,0.055639,1.241718
0,2,20260711_220043_yyhe4o__outer00__inner02__aug02,20260711_220043_yyhe4o,train,user4,ই,0.24147,0.988751,-0.033289,-0.0248,0.004453,0.032868,0.981953
0,2,20260711_220043_yyhe4o__outer00__inner02__aug03,20260711_220043_yyhe4o,train,user4,ই,0.027328,1.018105,0.016518,0.04337,0.006935,0.052423,1.121224
0,2,20260711_220058_6cy90j__outer00__inner02__aug01,20260711_220058_6cy90j,train,user4,ই,6.469979,1.061342,-0.0226,0.040196,0.004153,0.062483,0.977797
0,2,20260711_220058_6cy90j__outer00__inner02__aug02,20260711_220058_6cy90j,train,user4,ই,5.79276,1.052933,-0.041742,0.009743,0.005754,0.061348,1.243077
0,2,20260711_220058_6cy90j__outer00__inner02__aug03,20260711_220058_6cy90j,train,user4,ই,-6.978058,0.98863,0.035133,0.009657,0.004042,0.061118,0.928909
0,2,20260711_220112_94lc88__outer00__inner02__aug01,20260711_220112_94lc88,train,user4,ই,4.011574,1.075655,0.002525,-0.029229,0.003229,0.060156,1.030819
0,2,20260711_220112_94lc88__outer00__inner02__aug02,20260711_220112_94lc88,train,user4,ই,-6.224073,0.967655,-0.028347,0.021264,0.005579,0.030101,0.903237
0,2,20260711_220112_94lc88__outer00__inner02__aug03,20260711_220112_94lc88,train,user4,ই,4.836936,0.933666,-0.044756,0.030497,0.00501,0.048118,1.20562
0,2,20260711_220132_3b6d70__outer00__inner02__aug01,20260711_220132_3b6d70,train,user4,ই,0.891611,0.967784,0.014467,-0.006599,0.007226,0.060059,1.175994
0,2,20260711_220132_3b6d70__outer00__inner02__aug02,20260711_220132_3b6d70,train,user4,ই,-3.376137,1.068642,-0.007819,-0.031811,0.004407,0.040844,1.236871
0,2,20260711_220132_3b6d70__outer00__inner02__aug03,20260711_220132_3b6d70,train,user4,ই,-3.35659,1.079014,-0.043832,-0.018232,0.003074,0.044432,0.988114
0,2,20260711_220151_kjuuzh__outer00__inner02__aug01,20260711_220151_kjuuzh,train,user4,ই,1.066223,1.022754,0.011461,-0.0132,0.003837,0.037988,0.803458
0,2,20260711_220151_kjuuzh__outer00__inner02__aug02,20260711_220151_kjuuzh,train,user4,ই,6.00868,0.932164,-0.003714,-0.008968,0.007653,0.069454,0.954348
0,2,20260711_220151_kjuuzh__outer00__inner02__aug03,20260711_220151_kjuuzh,train,user4,ই,1.91575,1.085308,-0.011224,-0.003601,0.006877,0.040576,1.11967
0,2,20260711_220205_cr3boy__outer00__inner02__aug01,20260711_220205_cr3boy,train,user4,ই,3.317733,0.962966,0.017079,-0.049525,0.006946,0.046306,0.985682
0,2,20260711_220205_cr3boy__outer00__inner02__aug02,20260711_220205_cr3boy,train,user4,ই,-1.82311,1.021228,0.009731,-0.040436,0.003398,0.036215,0.984482
0,2,20260711_220205_cr3boy__outer00__inner02__aug03,20260711_220205_cr3boy,train,user4,ই,5.28821,0.960628,0.030888,0.020533,0.004826,0.04424,0.911087
0,2,20260711_220217_85rgxu__outer00__inner02__aug01,20260711_220217_85rgxu,train,user4,ই,-5.018248,0.941136,0.020375,-0.016726,0.00653,0.057923,1.203937
0,2,20260711_220217_85rgxu__outer00__inner02__aug02,20260711_220217_85rgxu,train,user4,ই,-5.8433,1.031379,-0.011993,-0.029073,0.003188,0.071842,0.946017
0,2,20260711_220217_85rgxu__outer00__inner02__aug03,20260711_220217_85rgxu,train,user4,ই,-4.875894,0.967801,0.016178,-0.004863,0.004432,0.068519,1.18892
0,2,20260711_220235_4uai7u__outer00__inner02__aug01,20260711_220235_4uai7u,train,user4,ই,-5.335654,1.023157,-0.043944,0.008154,0.006159,0.030386,0.934386
0,2,20260711_220235_4uai7u__outer00__inner02__aug02,20260711_220235_4uai7u,train,user4,ই,6.839715,0.917918,-0.029632,-0.022443,0.005372,0.069369,1.239729
0,2,20260711_220235_4uai7u__outer00__inner02__aug03,20260711_220235_4uai7u,train,user4,ই,5.590285,1.024935,0.004657,-0.041238,0.005927,0.031019,1.014269
0,2,20260711_220308_e7l7wm__outer00__inner02__aug01,20260711_220308_e7l7wm,train,user4,ই,3.594638,0.956616,-0.045203,0.01103,0.003231,0.063955,1.199239
0,2,20260711_220308_e7l7wm__outer00__inner02__aug02,20260711_220308_e7l7wm,train,user4,ই,5.909513,1.064128,0.016736,0.022044,0.003568,0.072338,0.836085
0,2,20260711_220308_e7l7wm__outer00__inner02__aug03,20260711_220308_e7l7wm,train,user4,ই,4.63153,1.064333,-0.011747,-0.019222,0.003656,0.079089,0.855551
0,2,20260711_220404_itceug__outer00__inner02__aug01,20260711_220404_itceug,train,user4,ঈ,6.994173,1.036756,-0.009083,-0.030898,0.004765,0.051066,0.801552
0,2,20260711_220404_itceug__outer00__inner02__aug02,20260711_220404_itceug,train,user4,ঈ,3.55662,0.912367,-0.013805,0.04905,0.00776,0.045068,1.155413
0,2,20260711_220404_itceug__outer00__inner02__aug03,20260711_220404_itceug,train,user4,ঈ,4.743383,0.930295,0.018462,-0.047319,0.003757,0.073863,1.130657
0,2,20260711_220444_r35mfs__outer00__inner02__aug01,20260711_220444_r35mfs,train,user4,ঈ,5.961617,1.000603,-0.003168,0.038544,0.006287,0.061539,0.805048
0,2,20260711_220444_r35mfs__outer00__inner02__aug02,20260711_220444_r35mfs,train,user4,ঈ,-1.827801,1.005276,-0.034716,0.018536,0.007076,0.04577,1.027548
0,2,20260711_220444_r35mfs__outer00__inner02__aug03,20260711_220444_r35mfs,train,user4,ঈ,-0.965025,1.054389,-0.004167,0.013591,0.007701,0.036062,1.059341
0,2,20260711_220519_ila5ji__outer00__inner02__aug01,20260711_220519_ila5ji,train,user4,ঈ,-4.381262,1.097446,-0.009912,-0.018466,0.004745,0.040057,0.837268
0,2,20260711_220519_ila5ji__outer00__inner02__aug02,20260711_220519_ila5ji,train,user4,ঈ,-4.75108,0.989625,-0.023991,0.006901,0.006776,0.038022,0.972012
0,2,20260711_220519_ila5ji__outer00__inner02__aug03,20260711_220519_ila5ji,train,user4,ঈ,-2.552845,1.08872,0.004325,-0.037045,0.004688,0.037903,1.173617
0,2,20260711_220543_7o5bd0__outer00__inner02__aug01,20260711_220543_7o5bd0,train,user4,ঈ,5.126691,1.007691,0.022043,0.027613,0.00395,0.061248,0.834766
0,2,20260711_220543_7o5bd0__outer00__inner02__aug02,20260711_220543_7o5bd0,train,user4,ঈ,1.641237,0.92041,0.005278,0.03706,0.004459,0.065234,0.933029
0,2,20260711_220543_7o5bd0__outer00__inner02__aug03,20260711_220543_7o5bd0,train,user4,ঈ,4.298242,0.918874,0.02318,0.028169,0.005822,0.045275,0.950363
0,2,20260711_220606_essesa__outer00__inner02__aug01,20260711_220606_essesa,train,user4,ঈ,-6.856276,1.074653,0.020205,0.011352,0.006514,0.067883,1.199195
0,2,20260711_220606_essesa__outer00__inner02__aug02,20260711_220606_essesa,train,user4,ঈ,6.469523,0.992424,-0.042114,-0.002303,0.003944,0.035402,1.039785
0,2,20260711_220606_essesa__outer00__inner02__aug03,20260711_220606_essesa,train,user4,ঈ,-6.642227,1.087594,-0.006657,-0.031887,0.007466,0.063041,1.054095
0,2,20260711_220641_ufswp1__outer00__inner02__aug01,20260711_220641_ufswp1,train,user4,ঈ,-3.095082,1.010934,0.028727,0.035099,0.006734,0.073594,1.048341
0,2,20260711_220641_ufswp1__outer00__inner02__aug02,20260711_220641_ufswp1,train,user4,ঈ,1.455521,1.041272,-0.008427,-0.045526,0.005045,0.041863,0.984893
0,2,20260711_220641_ufswp1__outer00__inner02__aug03,20260711_220641_ufswp1,train,user4,ঈ,3.862168,1.090872,-0.009292,-0.01718,0.005454,0.060889,1.196466
0,2,20260711_220701_y1rftt__outer00__inner02__aug01,20260711_220701_y1rftt,train,user4,ঈ,-5.741877,1.002184,0.047086,-0.039821,0.005731,0.072241,1.175898
0,2,20260711_220701_y1rftt__outer00__inner02__aug02,20260711_220701_y1rftt,train,user4,ঈ,-1.088782,1.075053,-0.004816,0.042059,0.004236,0.072858,1.130262
0,2,20260711_220701_y1rftt__outer00__inner02__aug03,20260711_220701_y1rftt,train,user4,ঈ,-0.008884,1.006645,0.016633,0.018795,0.005144,0.053418,0.97306
0,2,20260711_220721_h9k2mi__outer00__inner02__aug01,20260711_220721_h9k2mi,train,user4,ঈ,2.750148,1.037804,-0.010488,0.027785,0.003552,0.078103,0.819451
0,2,20260711_220721_h9k2mi__outer00__inner02__aug02,20260711_220721_h9k2mi,train,user4,ঈ,6.15651,1.029061,0.029218,0.012988,0.007016,0.066279,0.835884
0,2,20260711_220721_h9k2mi__outer00__inner02__aug03,20260711_220721_h9k2mi,train,user4,ঈ,1.563741,0.961803,0.001142,-0.016553,0.00575,0.052859,1.030483
0,2,20260711_220738_j2qzn6__outer00__inner02__aug01,20260711_220738_j2qzn6,train,user4,ঈ,4.847189,1.022649,-0.031762,0.030138,0.006311,0.044256,0.865285
0,2,20260711_220738_j2qzn6__outer00__inner02__aug02,20260711_220738_j2qzn6,train,user4,ঈ,1.391637,1.04991,0.017306,0.046928,0.005092,0.031171,1.243517
0,2,20260711_220738_j2qzn6__outer00__inner02__aug03,20260711_220738_j2qzn6,train,user4,ঈ,-4.295542,0.987339,0.042529,-0.011766,0.005921,0.072752,1.053391
0,2,20260711_220751_axw80l__outer00__inner02__aug01,20260711_220751_axw80l,train,user4,ঈ,3.068596,1.04118,0.002188,-0.035113,0.007811,0.059169,1.081633
0,2,20260711_220751_axw80l__outer00__inner02__aug02,20260711_220751_axw80l,train,user4,ঈ,1.749931,1.073242,-0.024172,0.00651,0.007689,0.048681,1.247334
0,2,20260711_220751_axw80l__outer00__inner02__aug03,20260711_220751_axw80l,train,user4,ঈ,-4.078398,0.935154,-0.042656,-0.019073,0.006897,0.060863,1.127491
0,2,20260711_220807_mldxj2__outer00__inner02__aug01,20260711_220807_mldxj2,train,user4,ঈ,-6.848571,1.089228,-0.025413,-0.01649,0.005077,0.042977,0.830524
0,2,20260711_220807_mldxj2__outer00__inner02__aug02,20260711_220807_mldxj2,train,user4,ঈ,3.463232,0.955269,-0.022616,0.035898,0.007024,0.044467,1.043383
0,2,20260711_220807_mldxj2__outer00__inner02__aug03,20260711_220807_mldxj2,train,user4,ঈ,-4.397375,1.075172,-0.029966,0.009017,0.004844,0.075834,0.989731
0,2,20260711_220822_wgaxvc__outer00__inner02__aug01,20260711_220822_wgaxvc,train,user4,ঈ,2.907372,0.93288,-0.045296,0.044889,0.004961,0.041705,1.106426
0,2,20260711_220822_wgaxvc__outer00__inner02__aug02,20260711_220822_wgaxvc,train,user4,ঈ,-2.272354,1.094022,-0.012435,0.012257,0.005307,0.058899,1.176298
0,2,20260711_220822_wgaxvc__outer00__inner02__aug03,20260711_220822_wgaxvc,train,user4,ঈ,-1.204885,0.931117,-0.041035,-0.02387,0.007696,0.0408,0.806107
0,2,20260711_220837_dby4gx__outer00__inner02__aug01,20260711_220837_dby4gx,train,user4,ঈ,5.054885,0.98075,-0.00264,0.032291,0.005909,0.053807,0.825763
0,2,20260711_220837_dby4gx__outer00__inner02__aug02,20260711_220837_dby4gx,train,user4,ঈ,-0.307953,1.070334,-0.004125,0.028602,0.004847,0.041197,0.949001
0,2,20260711_220837_dby4gx__outer00__inner02__aug03,20260711_220837_dby4gx,train,user4,ঈ,6.527732,1.091626,0.043898,-0.027345,0.004671,0.058988,1.229907
0,2,20260711_220850_xo5kch__outer00__inner02__aug01,20260711_220850_xo5kch,train,user4,ঈ,-4.345655,0.915727,-0.043259,-0.012934,0.006039,0.078944,0.983315
0,2,20260711_220850_xo5kch__outer00__inner02__aug02,20260711_220850_xo5kch,train,user4,ঈ,-1.705879,0.999636,-0.013703,0.039702,0.004273,0.044584,1.038277
0,2,20260711_220850_xo5kch__outer00__inner02__aug03,20260711_220850_xo5kch,train,user4,ঈ,-0.60891,0.917007,0.049044,0.01217,0.003807,0.0715,1.10033
0,2,20260711_220906_ehc737__outer00__inner02__aug01,20260711_220906_ehc737,train,user4,ঈ,-2.671182,1.051097,0.00709,0.047956,0.007256,0.073333,0.872723
0,2,20260711_220906_ehc737__outer00__inner02__aug02,20260711_220906_ehc737,train,user4,ঈ,-3.446416,0.971896,0.045985,0.017158,0.007173,0.06218,0.893068
0,2,20260711_220906_ehc737__outer00__inner02__aug03,20260711_220906_ehc737,train,user4,ঈ,-1.168917,1.013217,-0.025943,-0.002689,0.006874,0.078701,0.955012
1,0,20260711_220930_a944cy__outer01__inner00__aug01,20260711_220930_a944cy,train,for_bonhi,ঔ,1.614746,0.988612,0.02309,-0.021405,0.004962,0.040269,0.945585
1,0,20260711_220930_a944cy__outer01__inner00__aug02,20260711_220930_a944cy,train,for_bonhi,ঔ,-5.078337,1.042829,0.036878,-0.016101,0.003703,0.052989,1.098166
1,0,20260711_220930_a944cy__outer01__inner00__aug03,20260711_220930_a944cy,train,for_bonhi,ঔ,-2.220857,1.046676,0.022212,0.016249,0.003065,0.057419,1.031541
1,0,20260704_232121_lcxi4y__outer01__inner00__aug01,20260704_232121_lcxi4y,train,user2,অ,-4.925704,0.923717,0.004642,-0.032051,0.00424,0.050481,1.147745
1,0,20260704_232121_lcxi4y__outer01__inner00__aug02,20260704_232121_lcxi4y,train,user2,অ,3.907483,1.00394,0.033659,-0.035659,0.00326,0.068775,1.074355
1,0,20260704_232121_lcxi4y__outer01__inner00__aug03,20260704_232121_lcxi4y,train,user2,অ,0.024395,0.925322,0.046528,-0.043978,0.005055,0.063244,1.187276
1,0,20260728_232630_znnts0__outer01__inner00__aug01,20260728_232630_znnts0,train,user2,অ,-4.522327,1.090609,0.041431,-0.034086,0.004287,0.049376,1.193674
1,0,20260728_232630_znnts0__outer01__inner00__aug02,20260728_232630_znnts0,train,user2,অ,-4.250538,1.021569,0.022042,-0.016269,0.004733,0.044487,0.943265
1,0,20260728_232630_znnts0__outer01__inner00__aug03,20260728_232630_znnts0,train,user2,অ,-0.41391,1.01959,-0.000178,-0.044412,0.003992,0.067992,1.038351
1,0,20260728_232652_hdsmyh__outer01__inner00__aug01,20260728_232652_hdsmyh,train,user2,অ,6.471433,0.908543,-0.029011,0.038649,0.005707,0.072914,1.24858
1,0,20260728_232652_hdsmyh__outer01__inner00__aug02,20260728_232652_hdsmyh,train,user2,অ,1.387513,1.012723,0.004784,-0.040808,0.00607,0.048973,1.144464
1,0,20260728_232652_hdsmyh__outer01__inner00__aug03,20260728_232652_hdsmyh,train,user2,অ,6.149178,0.958082,0.048664,-0.033441,0.003057,0.061291,1.130284
1,0,20260728_232714_hincfq__outer01__inner00__aug01,20260728_232714_hincfq,train,user2,অ,-2.064444,1.091933,-0.006138,0.020561,0.006791,0.075069,0.863645
1,0,20260728_232714_hincfq__outer01__inner00__aug02,20260728_232714_hincfq,train,user2,অ,-5.191752,1.039218,-0.007462,-0.041613,0.00763,0.063358,0.953618
1,0,20260728_232714_hincfq__outer01__inner00__aug03,20260728_232714_hincfq,train,user2,অ,4.62252,0.954725,-0.012001,-0.032919,0.004745,0.045363,0.894
1,0,20260728_232741_j1gvgu__outer01__inner00__aug01,20260728_232741_j1gvgu,train,user2,অ,-4.302128,0.940713,0.002079,0.043123,0.003037,0.077712,1.240572
1,0,20260728_232741_j1gvgu__outer01__inner00__aug02,20260728_232741_j1gvgu,train,user2,অ,-2.225474,0.913354,0.023186,0.036164,0.003871,0.066255,1.240971
1,0,20260728_232741_j1gvgu__outer01__inner00__aug03,20260728_232741_j1gvgu,train,user2,অ,-3.356537,1.041718,0.036755,-0.007805,0.006766,0.054255,1.165532
1,0,20260704_232148_mqf5ea__outer01__inner00__aug01,20260704_232148_mqf5ea,train,user2,আ,0.105104,0.909191,0.027565,-0.010321,0.00557,0.074947,0.994661
1,0,20260704_232148_mqf5ea__outer01__inner00__aug02,20260704_232148_mqf5ea,train,user2,আ,-6.920852,1.028534,0.001964,-0.013877,0.006946,0.046321,1.085388
1,0,20260704_232148_mqf5ea__outer01__inner00__aug03,20260704_232148_mqf5ea,train,user2,আ,-3.570281,0.947919,-0.017568,-0.040338,0.005622,0.067905,0.986064
1,0,20260728_232436_9i4gi8__outer01__inner00__aug01,20260728_232436_9i4gi8,train,user2,আ,-6.823999,0.999991,-0.011289,-0.028395,0.006388,0.063314,1.180788
1,0,20260728_232436_9i4gi8__outer01__inner00__aug02,20260728_232436_9i4gi8,train,user2,আ,-1.94522,1.071122,-0.035174,-0.036234,0.003612,0.047921,1.127252
1,0,20260728_232436_9i4gi8__outer01__inner00__aug03,20260728_232436_9i4gi8,train,user2,আ,-6.709439,1.003159,0.007829,-0.028638,0.006403,0.045754,0.850714
1,0,20260728_232459_m6l3cf__outer01__inner00__aug01,20260728_232459_m6l3cf,train,user2,আ,-6.410406,0.992015,0.028726,-0.011497,0.003467,0.074352,0.828652
1,0,20260728_232459_m6l3cf__outer01__inner00__aug02,20260728_232459_m6l3cf,train,user2,আ,-5.084736,0.950566,-0.048561,0.015017,0.004986,0.063076,0.850082
1,0,20260728_232459_m6l3cf__outer01__inner00__aug03,20260728_232459_m6l3cf,train,user2,আ,-2.196287,1.072769,0.037244,-0.010698,0.005493,0.071053,1.093125
1,0,20260728_232520_l4uaan__outer01__inner00__aug01,20260728_232520_l4uaan,train,user2,আ,-1.397332,1.090126,0.027654,0.035053,0.005448,0.058654,1.161181
1,0,20260728_232520_l4uaan__outer01__inner00__aug02,20260728_232520_l4uaan,train,user2,আ,6.773358,0.996951,-0.029658,-0.004344,0.004736,0.061248,0.963556
1,0,20260728_232520_l4uaan__outer01__inner00__aug03,20260728_232520_l4uaan,train,user2,আ,1.935954,0.902505,-0.034756,-0.019766,0.005396,0.056317,1.198893
1,0,20260728_232556_dwfz7c__outer01__inner00__aug01,20260728_232556_dwfz7c,train,user2,আ,-3.722956,0.962744,0.037607,0.012022,0.00635,0.059447,0.907901
1,0,20260728_232556_dwfz7c__outer01__inner00__aug02,20260728_232556_dwfz7c,train,user2,আ,-4.826187,1.045106,0.045704,-0.04575,0.005214,0.030784,1.012574
1,0,20260728_232556_dwfz7c__outer01__inner00__aug03,20260728_232556_dwfz7c,train,user2,আ,4.060381,0.967254,0.045842,0.038225,0.005839,0.03868,1.028676
1,0,20260704_232218_jf6rio__outer01__inner00__aug01,20260704_232218_jf6rio,train,user2,ই,2.53753,1.050952,-0.025301,0.024286,0.007737,0.042386,0.835004
1,0,20260704_232218_jf6rio__outer01__inner00__aug02,20260704_232218_jf6rio,train,user2,ই,4.40068,1.052529,-0.026308,-0.020435,0.00393,0.07849,1.165825
1,0,20260704_232218_jf6rio__outer01__inner00__aug03,20260704_232218_jf6rio,train,user2,ই,3.162063,1.060241,-0.036654,0.021802,0.004119,0.042017,1.190961
1,0,20260728_232810_781yo6__outer01__inner00__aug01,20260728_232810_781yo6,train,user2,ই,5.482274,1.029103,0.018787,-0.047226,0.004332,0.044063,1.090852
1,0,20260728_232810_781yo6__outer01__inner00__aug02,20260728_232810_781yo6,train,user2,ই,1.895828,0.939358,0.023633,0.036553,0.006533,0.035545,0.864388
1,0,20260728_232810_781yo6__outer01__inner00__aug03,20260728_232810_781yo6,train,user2,ই,4.593926,1.008634,-0.041451,0.009262,0.006707,0.063639,1.237771
1,0,20260728_232836_pvgrxn__outer01__inner00__aug01,20260728_232836_pvgrxn,train,user2,ই,3.177677,0.95696,-0.049587,-0.019056,0.004357,0.054222,0.910576
1,0,20260728_232836_pvgrxn__outer01__inner00__aug02,20260728_232836_pvgrxn,train,user2,ই,-1.076519,0.993682,0.04541,0.045442,0.004761,0.044785,1.204446
1,0,20260728_232836_pvgrxn__outer01__inner00__aug03,20260728_232836_pvgrxn,train,user2,ই,2.838975,0.994393,-0.025327,-0.016335,0.006516,0.079921,1.243824
1,0,20260728_233118_pcjncu__outer01__inner00__aug01,20260728_233118_pcjncu,train,user2,ই,-2.147915,1.06661,0.010101,0.004839,0.003914,0.079117,1.049513
1,0,20260728_233118_pcjncu__outer01__inner00__aug02,20260728_233118_pcjncu,train,user2,ই,-4.038982,0.998759,-0.022063,-0.029154,0.004124,0.036678,0.9803
1,0,20260728_233118_pcjncu__outer01__inner00__aug03,20260728_233118_pcjncu,train,user2,ই,3.452062,0.983793,-0.021871,-7.8e-05,0.005338,0.072929,1.150551
1,0,20260728_233205_n417cm__outer01__inner00__aug01,20260728_233205_n417cm,train,user2,ই,-3.689332,0.950156,-0.013895,0.013369,0.005113,0.058519,0.840435
1,0,20260728_233205_n417cm__outer01__inner00__aug02,20260728_233205_n417cm,train,user2,ই,3.298338,0.942716,-0.028582,-0.018187,0.006177,0.052917,1.157651
1,0,20260728_233205_n417cm__outer01__inner00__aug03,20260728_233205_n417cm,train,user2,ই,3.366923,1.081034,0.041777,-0.020378,0.003053,0.073153,0.900544
1,0,20260704_232243_1fsapx__outer01__inner00__aug01,20260704_232243_1fsapx,train,user2,ঈ,-2.614906,0.997011,-0.038028,0.04862,0.005466,0.044732,0.978112
1,0,20260704_232243_1fsapx__outer01__inner00__aug02,20260704_232243_1fsapx,train,user2,ঈ,-1.302037,0.962713,-0.029198,0.031601,0.007023,0.065862,0.98478
1,0,20260704_232243_1fsapx__outer01__inner00__aug03,20260704_232243_1fsapx,train,user2,ঈ,2.429672,0.968311,0.022649,-0.011837,0.007065,0.047889,1.158195
1,0,20260728_233238_q39ioy__outer01__inner00__aug01,20260728_233238_q39ioy,train,user2,ঈ,-4.84882,1.090793,0.014475,0.042573,0.004374,0.039129,0.860796
1,0,20260728_233238_q39ioy__outer01__inner00__aug02,20260728_233238_q39ioy,train,user2,ঈ,6.190809,1.033541,-0.000425,0.005845,0.004031,0.052275,1.1455
1,0,20260728_233238_q39ioy__outer01__inner00__aug03,20260728_233238_q39ioy,train,user2,ঈ,6.917447,0.946784,-0.04041,0.032698,0.004736,0.038586,1.204166
1,0,20260728_233302_e8k0ge__outer01__inner00__aug01,20260728_233302_e8k0ge,train,user2,ঈ,-5.111385,0.904916,-0.018634,0.030689,0.004253,0.062938,0.879776
1,0,20260728_233302_e8k0ge__outer01__inner00__aug02,20260728_233302_e8k0ge,train,user2,ঈ,3.076571,0.944707,-0.046695,-0.028061,0.00367,0.041359,1.14158
1,0,20260728_233302_e8k0ge__outer01__inner00__aug03,20260728_233302_e8k0ge,train,user2,ঈ,-3.623606,0.977653,0.008802,0.040015,0.004596,0.071738,0.902755
1,0,20260728_233333_nvf18a__outer01__inner00__aug01,20260728_233333_nvf18a,train,user2,ঈ,0.956355,1.061948,0.000203,0.004032,0.003583,0.076602,0.875687
1,0,20260728_233333_nvf18a__outer01__inner00__aug02,20260728_233333_nvf18a,train,user2,ঈ,-5.401448,0.927251,0.002073,0.01122,0.003785,0.034897,0.868422
1,0,20260728_233333_nvf18a__outer01__inner00__aug03,20260728_233333_nvf18a,train,user2,ঈ,-0.300352,0.989417,-0.041012,0.000196,0.007946,0.053829,0.92175
1,0,20260728_233359_9wg8n4__outer01__inner00__aug01,20260728_233359_9wg8n4,train,user2,ঈ,-5.441216,0.965916,-0.006242,-0.036622,0.003128,0.051829,1.10623
1,0,20260728_233359_9wg8n4__outer01__inner00__aug02,20260728_233359_9wg8n4,train,user2,ঈ,-2.006089,1.006116,-0.024502,-0.032825,0.007334,0.065941,1.104095
1,0,20260728_233359_9wg8n4__outer01__inner00__aug03,20260728_233359_9wg8n4,train,user2,ঈ,-5.846762,0.955043,-0.006216,0.040332,0.007771,0.079524,1.152085
1,0,20260711_200812_18txgi__outer01__inner00__aug01,20260711_200812_18txgi,train,user3,অ,6.373155,0.953919,-0.001659,0.004157,0.004708,0.043635,0.878223
1,0,20260711_200812_18txgi__outer01__inner00__aug02,20260711_200812_18txgi,train,user3,অ,-1.009169,1.085521,-0.026453,0.004343,0.005943,0.063865,1.044066
1,0,20260711_200812_18txgi__outer01__inner00__aug03,20260711_200812_18txgi,train,user3,অ,-6.105794,1.093321,0.010395,0.049574,0.003617,0.041128,0.944001
1,0,20260711_200917_z1na4w__outer01__inner00__aug01,20260711_200917_z1na4w,train,user3,অ,-3.715168,1.003679,-0.02104,-0.026195,0.007661,0.046819,1.003665
1,0,20260711_200917_z1na4w__outer01__inner00__aug02,20260711_200917_z1na4w,train,user3,অ,-2.735705,0.954008,-0.012888,-0.045051,0.004686,0.040521,1.027983
1,0,20260711_200917_z1na4w__outer01__inner00__aug03,20260711_200917_z1na4w,train,user3,অ,-0.41552,0.943208,-0.042381,0.022795,0.00547,0.041363,1.084478
1,0,20260711_200954_0muns4__outer01__inner00__aug01,20260711_200954_0muns4,train,user3,অ,-1.405596,1.009782,0.036501,0.033102,0.004412,0.077379,0.847683
1,0,20260711_200954_0muns4__outer01__inner00__aug02,20260711_200954_0muns4,train,user3,অ,-6.154211,0.948829,0.033923,0.035588,0.005787,0.068804,1.011329
1,0,20260711_200954_0muns4__outer01__inner00__aug03,20260711_200954_0muns4,train,user3,অ,-0.468588,0.962112,-0.011764,0.04459,0.00681,0.058034,1.240595
1,0,20260711_201110_jw6cqh__outer01__inner00__aug01,20260711_201110_jw6cqh,train,user3,অ,-4.137889,0.987586,-0.01357,-0.003897,0.00454,0.062725,0.956852
1,0,20260711_201110_jw6cqh__outer01__inner00__aug02,20260711_201110_jw6cqh,train,user3,অ,-1.346323,0.946989,0.048035,0.034406,0.003818,0.052572,1.115254
1,0,20260711_201110_jw6cqh__outer01__inner00__aug03,20260711_201110_jw6cqh,train,user3,অ,-4.374306,1.032033,0.038271,0.024531,0.006412,0.056768,1.147659
1,0,20260711_201208_6ylgz1__outer01__inner00__aug01,20260711_201208_6ylgz1,train,user3,অ,-6.810736,1.052317,-0.024076,0.036146,0.005608,0.056862,0.993153
1,0,20260711_201208_6ylgz1__outer01__inner00__aug02,20260711_201208_6ylgz1,train,user3,অ,-0.138032,0.922872,0.010706,-0.037649,0.007224,0.032644,1.128532
1,0,20260711_201208_6ylgz1__outer01__inner00__aug03,20260711_201208_6ylgz1,train,user3,অ,-2.738031,0.96316,0.00603,-0.022162,0.003127,0.056395,0.895231
1,0,20260711_201526_9elfv0__outer01__inner00__aug01,20260711_201526_9elfv0,train,user3,অ,3.239449,0.999095,0.010232,0.022344,0.005192,0.068636,0.811925
1,0,20260711_201526_9elfv0__outer01__inner00__aug02,20260711_201526_9elfv0,train,user3,অ,-1.241331,1.050552,0.038086,0.003691,0.007315,0.056327,0.828216
1,0,20260711_201526_9elfv0__outer01__inner00__aug03,20260711_201526_9elfv0,train,user3,অ,-1.283071,1.002026,-0.036931,0.048206,0.00385,0.050103,1.200671
1,0,20260711_201609_iv7642__outer01__inner00__aug01,20260711_201609_iv7642,train,user3,অ,-5.37576,1.019832,-0.024211,-0.048949,0.006624,0.071097,0.946135
1,0,20260711_201609_iv7642__outer01__inner00__aug02,20260711_201609_iv7642,train,user3,অ,-4.324023,0.954511,0.042557,-0.03218,0.00646,0.06009,1.166676
1,0,20260711_201609_iv7642__outer01__inner00__aug03,20260711_201609_iv7642,train,user3,অ,3.343724,1.020663,0.040903,0.01381,0.006337,0.071782,0.84545
1,0,20260711_201811_0znu6g__outer01__inner00__aug01,20260711_201811_0znu6g,train,user3,অ,-6.299334,0.945583,0.045771,-0.045108,0.005985,0.069884,0.854515
1,0,20260711_201811_0znu6g__outer01__inner00__aug02,20260711_201811_0znu6g,train,user3,অ,-4.830685,1.082329,0.036107,-0.028984,0.005398,0.074779,0.842338
1,0,20260711_201811_0znu6g__outer01__inner00__aug03,20260711_201811_0znu6g,train,user3,অ,-1.209192,1.026223,0.047333,0.032561,0.004655,0.075909,1.081693
1,0,20260711_201916_nc9ara__outer01__inner00__aug01,20260711_201916_nc9ara,train,user3,অ,2.79523,1.026017,0.000587,0.020496,0.006495,0.050958,0.878551
1,0,20260711_201916_nc9ara__outer01__inner00__aug02,20260711_201916_nc9ara,train,user3,অ,-6.72467,1.026255,0.002661,0.00908,0.003834,0.069593,1.1302
1,0,20260711_201916_nc9ara__outer01__inner00__aug03,20260711_201916_nc9ara,train,user3,অ,2.536489,0.972597,0.000687,-0.013155,0.004603,0.069806,1.071626
1,0,20260711_201953_sai9ew__outer01__inner00__aug01,20260711_201953_sai9ew,train,user3,অ,-0.978723,0.90279,-0.019925,-0.026493,0.006095,0.069671,1.023859
1,0,20260711_201953_sai9ew__outer01__inner00__aug02,20260711_201953_sai9ew,train,user3,অ,-6.340903,1.001396,0.039966,-0.027644,0.007489,0.06757,1.089899
1,0,20260711_201953_sai9ew__outer01__inner00__aug03,20260711_201953_sai9ew,train,user3,অ,6.962238,0.929215,-0.0281,0.028723,0.003329,0.076542,0.899293
1,0,20260711_202025_bntr0i__outer01__inner00__aug01,20260711_202025_bntr0i,train,user3,অ,0.592866,0.9576,-0.0346,-0.045158,0.00733,0.071487,1.165258
1,0,20260711_202025_bntr0i__outer01__inner00__aug02,20260711_202025_bntr0i,train,user3,অ,2.473733,0.985567,-0.003057,-0.018824,0.007338,0.037404,1.096682
1,0,20260711_202025_bntr0i__outer01__inner00__aug03,20260711_202025_bntr0i,train,user3,অ,5.610614,0.932997,-0.019424,-0.047684,0.003473,0.041704,0.927591
1,0,20260711_202714_mwa7m1__outer01__inner00__aug01,20260711_202714_mwa7m1,train,user3,অ,-3.139235,1.041337,0.024723,0.042238,0.004285,0.036789,1.119641
1,0,20260711_202714_mwa7m1__outer01__inner00__aug02,20260711_202714_mwa7m1,train,user3,অ,3.215613,1.047727,0.019367,-0.048695,0.003074,0.067849,0.829147
1,0,20260711_202714_mwa7m1__outer01__inner00__aug03,20260711_202714_mwa7m1,train,user3,অ,3.415259,1.031585,0.036762,0.020278,0.003497,0.048727,0.871149
1,0,20260711_202846_kmy51g__outer01__inner00__aug01,20260711_202846_kmy51g,train,user3,অ,-6.93795,0.996854,-0.046974,0.012677,0.004763,0.055989,0.871518
1,0,20260711_202846_kmy51g__outer01__inner00__aug02,20260711_202846_kmy51g,train,user3,অ,4.947296,1.002897,-0.032804,0.042778,0.006887,0.040618,0.898178
1,0,20260711_202846_kmy51g__outer01__inner00__aug03,20260711_202846_kmy51g,train,user3,অ,1.780912,1.03282,0.04046,0.047958,0.004806,0.045745,0.804678
1,0,20260711_203013_i4o0om__outer01__inner00__aug01,20260711_203013_i4o0om,train,user3,অ,-4.157811,1.032772,-0.03797,-0.043807,0.003872,0.058055,1.162902
1,0,20260711_203013_i4o0om__outer01__inner00__aug02,20260711_203013_i4o0om,train,user3,অ,2.625633,1.012203,-0.045114,-0.027135,0.007264,0.072695,1.03234
1,0,20260711_203013_i4o0om__outer01__inner00__aug03,20260711_203013_i4o0om,train,user3,অ,3.96062,0.969249,-0.029367,-0.013621,0.003496,0.042323,1.202091
1,0,20260711_203112_15gnzj__outer01__inner00__aug01,20260711_203112_15gnzj,train,user3,অ,-5.017976,1.027832,0.045352,0.02321,0.004606,0.065835,1.01257
1,0,20260711_203112_15gnzj__outer01__inner00__aug02,20260711_203112_15gnzj,train,user3,অ,0.409516,0.95127,-0.041119,-0.003482,0.007884,0.076936,0.968526
1,0,20260711_203112_15gnzj__outer01__inner00__aug03,20260711_203112_15gnzj,train,user3,অ,2.865315,1.076328,-0.013885,-0.001812,0.00721,0.040857,0.834251
1,0,20260711_205524_jbk5pv__outer01__inner00__aug01,20260711_205524_jbk5pv,train,user3,আ,2.581957,0.932621,-0.004153,0.013623,0.005545,0.060635,1.205897
1,0,20260711_205524_jbk5pv__outer01__inner00__aug02,20260711_205524_jbk5pv,train,user3,আ,1.570665,0.918351,0.026766,-0.041898,0.005286,0.077953,1.205916
1,0,20260711_205524_jbk5pv__outer01__inner00__aug03,20260711_205524_jbk5pv,train,user3,আ,4.591514,0.948343,0.013607,-0.000687,0.005605,0.066859,1.074847
1,0,20260711_205559_azslan__outer01__inner00__aug01,20260711_205559_azslan,train,user3,আ,-2.560029,0.922719,-0.041155,-0.046589,0.003098,0.04617,0.861342
1,0,20260711_205559_azslan__outer01__inner00__aug02,20260711_205559_azslan,train,user3,আ,-1.008567,1.017954,-0.021505,-0.027887,0.005023,0.033494,0.953221
1,0,20260711_205559_azslan__outer01__inner00__aug03,20260711_205559_azslan,train,user3,আ,6.364458,1.025863,0.013919,0.033507,0.005365,0.049584,1.071935
1,0,20260711_205630_gydvnp__outer01__inner00__aug01,20260711_205630_gydvnp,train,user3,আ,-4.078615,1.063557,0.003849,0.034653,0.00311,0.059266,1.043273
1,0,20260711_205630_gydvnp__outer01__inner00__aug02,20260711_205630_gydvnp,train,user3,আ,-4.099335,1.035243,0.049306,-0.023365,0.004922,0.034704,0.819422
1,0,20260711_205630_gydvnp__outer01__inner00__aug03,20260711_205630_gydvnp,train,user3,আ,6.407592,0.985576,-0.030474,-0.031694,0.007477,0.04982,0.843537
1,0,20260711_205707_n57400__outer01__inner00__aug01,20260711_205707_n57400,train,user3,আ,1.317104,0.92973,-0.002434,-0.032008,0.004405,0.065592,1.178351
1,0,20260711_205707_n57400__outer01__inner00__aug02,20260711_205707_n57400,train,user3,আ,2.858552,0.935627,0.048854,-0.002332,0.004862,0.040172,1.222156
1,0,20260711_205707_n57400__outer01__inner00__aug03,20260711_205707_n57400,train,user3,আ,-4.545914,0.99985,0.020033,-0.038498,0.003392,0.030148,1.008487
1,0,20260711_205748_usnulf__outer01__inner00__aug01,20260711_205748_usnulf,train,user3,আ,5.85311,0.975359,-0.049554,0.012292,0.006887,0.079995,1.08234
1,0,20260711_205748_usnulf__outer01__inner00__aug02,20260711_205748_usnulf,train,user3,আ,5.105817,1.073574,0.028311,-0.037437,0.00757,0.035964,1.084651
1,0,20260711_205748_usnulf__outer01__inner00__aug03,20260711_205748_usnulf,train,user3,আ,-0.375141,1.081934,-0.003512,0.019057,0.007405,0.074547,1.082179
1,1,20260711_200812_18txgi__outer01__inner01__aug01,20260711_200812_18txgi,train,user3,অ,-5.690056,1.068888,-0.006844,0.012493,0.00631,0.040363,0.902044
1,1,20260711_200812_18txgi__outer01__inner01__aug02,20260711_200812_18txgi,train,user3,অ,1.461153,1.058697,-0.038972,-0.043288,0.003981,0.040412,0.801683
1,1,20260711_200812_18txgi__outer01__inner01__aug03,20260711_200812_18txgi,train,user3,অ,5.965859,0.949501,-0.030828,-0.014107,0.007378,0.055422,1.182227
1,1,20260711_200917_z1na4w__outer01__inner01__aug01,20260711_200917_z1na4w,train,user3,অ,0.085348,0.995817,-0.031592,-0.004586,0.007343,0.033462,1.233778
1,1,20260711_200917_z1na4w__outer01__inner01__aug02,20260711_200917_z1na4w,train,user3,অ,1.492248,1.039988,-0.000525,-0.021669,0.005917,0.040947,1.099796
1,1,20260711_200917_z1na4w__outer01__inner01__aug03,20260711_200917_z1na4w,train,user3,অ,-1.244252,1.014409,0.004353,0.02812,0.005326,0.058429,0.883142
1,1,20260711_200954_0muns4__outer01__inner01__aug01,20260711_200954_0muns4,train,user3,অ,-3.863093,0.944159,0.039601,-0.041112,0.007297,0.048569,0.810188
1,1,20260711_200954_0muns4__outer01__inner01__aug02,20260711_200954_0muns4,train,user3,অ,6.423729,1.06979,-0.025236,0.041645,0.003347,0.040295,1.170561
1,1,20260711_200954_0muns4__outer01__inner01__aug03,20260711_200954_0muns4,train,user3,অ,-2.446352,1.076519,-0.018017,0.004594,0.005536,0.033289,1.129894
1,1,20260711_201110_jw6cqh__outer01__inner01__aug01,20260711_201110_jw6cqh,train,user3,অ,-4.906199,1.091132,-0.033721,-0.03022,0.006572,0.057166,0.963095
1,1,20260711_201110_jw6cqh__outer01__inner01__aug02,20260711_201110_jw6cqh,train,user3,অ,-6.236282,1.08415,0.046345,-0.044477,0.007177,0.031533,1.070677
1,1,20260711_201110_jw6cqh__outer01__inner01__aug03,20260711_201110_jw6cqh,train,user3,অ,-5.00243,0.98493,-0.032446,0.039298,0.003347,0.055655,0.888046
1,1,20260711_201208_6ylgz1__outer01__inner01__aug01,20260711_201208_6ylgz1,train,user3,অ,5.913931,1.075687,0.023379,-0.024078,0.007248,0.078794,0.8783
1,1,20260711_201208_6ylgz1__outer01__inner01__aug02,20260711_201208_6ylgz1,train,user3,অ,-5.562187,0.90301,0.041544,-0.042027,0.004014,0.073968,0.877441
1,1,20260711_201208_6ylgz1__outer01__inner01__aug03,20260711_201208_6ylgz1,train,user3,অ,-0.10487,0.984757,0.007773,-0.001569,0.003883,0.06775,1.117031
1,1,20260711_201526_9elfv0__outer01__inner01__aug01,20260711_201526_9elfv0,train,user3,অ,-6.80623,1.008924,0.014191,0.040369,0.00506,0.031066,0.882473
1,1,20260711_201526_9elfv0__outer01__inner01__aug02,20260711_201526_9elfv0,train,user3,অ,0.745977,0.956198,-0.006389,0.005507,0.007557,0.07649,0.837576
1,1,20260711_201526_9elfv0__outer01__inner01__aug03,20260711_201526_9elfv0,train,user3,অ,5.777386,1.083862,-0.020064,0.037736,0.006227,0.073341,1.189649
1,1,20260711_201609_iv7642__outer01__inner01__aug01,20260711_201609_iv7642,train,user3,অ,-0.373885,0.990321,-0.023342,0.048356,0.006011,0.046436,1.172183
1,1,20260711_201609_iv7642__outer01__inner01__aug02,20260711_201609_iv7642,train,user3,অ,2.484096,0.910292,0.039584,0.007618,0.006003,0.034149,0.816707
1,1,20260711_201609_iv7642__outer01__inner01__aug03,20260711_201609_iv7642,train,user3,অ,5.061083,1.078092,-0.022043,-0.039371,0.005415,0.072244,0.901096
1,1,20260711_201811_0znu6g__outer01__inner01__aug01,20260711_201811_0znu6g,train,user3,অ,1.648407,0.959998,0.027114,0.008721,0.005728,0.074151,1.147403
1,1,20260711_201811_0znu6g__outer01__inner01__aug02,20260711_201811_0znu6g,train,user3,অ,-6.053169,0.90683,0.020609,0.011165,0.006757,0.052418,0.950877
1,1,20260711_201811_0znu6g__outer01__inner01__aug03,20260711_201811_0znu6g,train,user3,অ,-3.608334,1.057474,-0.030771,-0.03998,0.005324,0.030846,0.996883
1,1,20260711_201916_nc9ara__outer01__inner01__aug01,20260711_201916_nc9ara,train,user3,অ,3.785138,1.086978,0.036696,0.023645,0.003279,0.035295,0.857374
1,1,20260711_201916_nc9ara__outer01__inner01__aug02,20260711_201916_nc9ara,train,user3,অ,-1.817273,0.944904,-0.021539,0.019078,0.00568,0.034048,0.898563
1,1,20260711_201916_nc9ara__outer01__inner01__aug03,20260711_201916_nc9ara,train,user3,অ,5.631477,0.900826,-0.045344,-0.010338,0.007898,0.048567,0.81393
1,1,20260711_201953_sai9ew__outer01__inner01__aug01,20260711_201953_sai9ew,train,user3,অ,-4.736166,1.016909,-0.049589,-0.008983,0.003161,0.041243,1.030359
1,1,20260711_201953_sai9ew__outer01__inner01__aug02,20260711_201953_sai9ew,train,user3,অ,-1.052049,0.926903,0.041232,0.035694,0.003012,0.044121,1.054387
1,1,20260711_201953_sai9ew__outer01__inner01__aug03,20260711_201953_sai9ew,train,user3,অ,-1.563459,1.048607,-0.043253,-0.034045,0.0077,0.046948,1.045351
1,1,20260711_202025_bntr0i__outer01__inner01__aug01,20260711_202025_bntr0i,train,user3,অ,-0.464953,1.037194,-0.021062,0.008126,0.005591,0.060025,0.890224
1,1,20260711_202025_bntr0i__outer01__inner01__aug02,20260711_202025_bntr0i,train,user3,অ,-3.081946,0.924814,0.044877,0.042717,0.004893,0.039189,0.966904
1,1,20260711_202025_bntr0i__outer01__inner01__aug03,20260711_202025_bntr0i,train,user3,অ,0.741915,1.010912,0.033588,0.033123,0.005159,0.073649,1.231333
1,1,20260711_202714_mwa7m1__outer01__inner01__aug01,20260711_202714_mwa7m1,train,user3,অ,-2.753697,1.018171,0.035981,0.002267,0.006149,0.06764,0.997974
1,1,20260711_202714_mwa7m1__outer01__inner01__aug02,20260711_202714_mwa7m1,train,user3,অ,3.946572,1.074233,0.000433,-0.036134,0.007505,0.067255,1.080269
1,1,20260711_202714_mwa7m1__outer01__inner01__aug03,20260711_202714_mwa7m1,train,user3,অ,4.4939,0.99912,-0.045657,0.008186,0.004465,0.03278,1.040924
1,1,20260711_202846_kmy51g__outer01__inner01__aug01,20260711_202846_kmy51g,train,user3,অ,-3.005536,1.03816,-0.03307,-0.002379,0.004961,0.078501,1.028522
1,1,20260711_202846_kmy51g__outer01__inner01__aug02,20260711_202846_kmy51g,train,user3,অ,-3.76522,1.023357,0.020428,-0.0276,0.003133,0.037181,1.054763
1,1,20260711_202846_kmy51g__outer01__inner01__aug03,20260711_202846_kmy51g,train,user3,অ,2.917482,1.006927,0.044851,0.019457,0.007927,0.068366,1.24636
1,1,20260711_203013_i4o0om__outer01__inner01__aug01,20260711_203013_i4o0om,train,user3,অ,2.192342,0.907489,0.018045,0.042164,0.004696,0.04005,1.004162
1,1,20260711_203013_i4o0om__outer01__inner01__aug02,20260711_203013_i4o0om,train,user3,অ,-4.388588,0.958688,-0.005165,0.037455,0.005129,0.056302,0.828115
1,1,20260711_203013_i4o0om__outer01__inner01__aug03,20260711_203013_i4o0om,train,user3,অ,-0.316951,1.04586,0.037007,-0.02984,0.006793,0.051229,1.054547
1,1,20260711_203112_15gnzj__outer01__inner01__aug01,20260711_203112_15gnzj,train,user3,অ,0.223994,0.927084,0.046941,-0.022754,0.003007,0.06354,0.805358
1,1,20260711_203112_15gnzj__outer01__inner01__aug02,20260711_203112_15gnzj,train,user3,অ,-2.08078,0.901712,0.014945,0.009616,0.007443,0.054501,1.235887
1,1,20260711_203112_15gnzj__outer01__inner01__aug03,20260711_203112_15gnzj,train,user3,অ,5.13489,0.960062,-0.011184,-0.023147,0.003093,0.03817,1.078777
1,1,20260711_205524_jbk5pv__outer01__inner01__aug01,20260711_205524_jbk5pv,train,user3,আ,-3.950753,0.91594,0.026548,0.026943,0.003411,0.070844,0.933675
1,1,20260711_205524_jbk5pv__outer01__inner01__aug02,20260711_205524_jbk5pv,train,user3,আ,3.177412,1.027627,-0.025667,-0.020023,0.005781,0.052835,0.811122
1,1,20260711_205524_jbk5pv__outer01__inner01__aug03,20260711_205524_jbk5pv,train,user3,আ,6.499399,0.945828,0.040093,-0.027517,0.007327,0.033412,0.988951
1,1,20260711_205559_azslan__outer01__inner01__aug01,20260711_205559_azslan,train,user3,আ,-2.701389,0.90578,-0.004346,0.010111,0.006276,0.058417,0.807002
1,1,20260711_205559_azslan__outer01__inner01__aug02,20260711_205559_azslan,train,user3,আ,5.14222,1.036865,5e-06,-0.015919,0.003434,0.056496,1.171129
1,1,20260711_205559_azslan__outer01__inner01__aug03,20260711_205559_azslan,train,user3,আ,-6.580157,0.930352,-0.019995,0.006912,0.003269,0.031096,1.020855
1,1,20260711_205630_gydvnp__outer01__inner01__aug01,20260711_205630_gydvnp,train,user3,আ,-4.816892,0.913276,0.040366,-0.011853,0.004012,0.046343,1.179101
1,1,20260711_205630_gydvnp__outer01__inner01__aug02,20260711_205630_gydvnp,train,user3,আ,4.836916,1.047132,-0.047546,0.018692,0.003675,0.053219,1.241973
1,1,20260711_205630_gydvnp__outer01__inner01__aug03,20260711_205630_gydvnp,train,user3,আ,-0.661276,0.9602,0.028447,-0.020742,0.006249,0.053964,0.87188
1,1,20260711_205707_n57400__outer01__inner01__aug01,20260711_205707_n57400,train,user3,আ,-3.864856,1.025675,0.027208,0.030656,0.006441,0.077847,0.858592
1,1,20260711_205707_n57400__outer01__inner01__aug02,20260711_205707_n57400,train,user3,আ,-5.661448,1.051489,0.034043,-0.01986,0.005014,0.073691,0.847856
1,1,20260711_205707_n57400__outer01__inner01__aug03,20260711_205707_n57400,train,user3,আ,2.969205,1.070204,0.043175,0.021865,0.004936,0.044593,1.075882
1,1,20260711_205748_usnulf__outer01__inner01__aug01,20260711_205748_usnulf,train,user3,আ,5.641822,1.05729,-0.034977,0.018433,0.005664,0.037755,0.977093
1,1,20260711_205748_usnulf__outer01__inner01__aug02,20260711_205748_usnulf,train,user3,আ,5.15529,1.028559,0.02597,0.025363,0.005197,0.05878,1.080477
1,1,20260711_205748_usnulf__outer01__inner01__aug03,20260711_205748_usnulf,train,user3,আ,-6.493924,1.04452,-0.048916,-0.036483,0.004374,0.036029,1.232033
1,1,20260711_211455_ab7vb3__outer01__inner01__aug01,20260711_211455_ab7vb3,train,user4,অ,4.60596,0.933472,0.017322,-0.038635,0.006903,0.069354,0.950059
1,1,20260711_211455_ab7vb3__outer01__inner01__aug02,20260711_211455_ab7vb3,train,user4,অ,-1.779441,1.051613,0.017651,0.048674,0.007578,0.057634,1.043573
1,1,20260711_211455_ab7vb3__outer01__inner01__aug03,20260711_211455_ab7vb3,train,user4,অ,1.831419,0.9561,-0.019311,-0.033297,0.003968,0.04638,1.200991
1,1,20260711_214733_y28o8p__outer01__inner01__aug01,20260711_214733_y28o8p,train,user4,অ,-5.934462,1.045426,-0.045715,0.03547,0.003031,0.043624,0.99314
1,1,20260711_214733_y28o8p__outer01__inner01__aug02,20260711_214733_y28o8p,train,user4,অ,1.170896,1.04323,0.034998,-0.015684,0.006716,0.033492,0.928637
1,1,20260711_214733_y28o8p__outer01__inner01__aug03,20260711_214733_y28o8p,train,user4,অ,-2.450001,1.007919,-0.001061,-0.042961,0.007664,0.069942,1.225426
1,1,20260711_214747_h8ad4n__outer01__inner01__aug01,20260711_214747_h8ad4n,train,user4,অ,3.346018,1.065961,0.029727,-0.032103,0.003544,0.067468,0.857066
1,1,20260711_214747_h8ad4n__outer01__inner01__aug02,20260711_214747_h8ad4n,train,user4,অ,1.802521,1.077326,0.00762,-0.028059,0.007106,0.060107,0.817081
1,1,20260711_214747_h8ad4n__outer01__inner01__aug03,20260711_214747_h8ad4n,train,user4,অ,-5.664668,0.929781,0.033038,-0.008563,0.004009,0.035967,0.919977
1,1,20260711_214802_iotb3d__outer01__inner01__aug01,20260711_214802_iotb3d,train,user4,অ,3.662327,0.962993,0.045538,-0.048055,0.003928,0.052165,0.882714
1,1,20260711_214802_iotb3d__outer01__inner01__aug02,20260711_214802_iotb3d,train,user4,অ,5.089416,1.028779,-0.03028,-0.020162,0.004342,0.049062,0.818505
1,1,20260711_214802_iotb3d__outer01__inner01__aug03,20260711_214802_iotb3d,train,user4,অ,-6.735734,0.922324,-0.03508,0.00054,0.004767,0.079825,1.208729
1,1,20260711_214818_1kqyjw__outer01__inner01__aug01,20260711_214818_1kqyjw,train,user4,অ,4.306111,1.029723,0.046933,0.017598,0.007614,0.068205,1.226845
1,1,20260711_214818_1kqyjw__outer01__inner01__aug02,20260711_214818_1kqyjw,train,user4,অ,0.79313,0.97218,0.037262,-0.017669,0.005764,0.034683,0.913826
1,1,20260711_214818_1kqyjw__outer01__inner01__aug03,20260711_214818_1kqyjw,train,user4,অ,0.229713,0.982103,0.000543,-0.003281,0.003893,0.057176,0.938114
1,1,20260711_214838_nmfk2j__outer01__inner01__aug01,20260711_214838_nmfk2j,train,user4,অ,0.034326,0.9318,0.019842,0.038885,0.00583,0.033015,0.853566
1,1,20260711_214838_nmfk2j__outer01__inner01__aug02,20260711_214838_nmfk2j,train,user4,অ,0.73898,1.082531,0.001138,0.012629,0.005709,0.07217,1.073594
1,1,20260711_214838_nmfk2j__outer01__inner01__aug03,20260711_214838_nmfk2j,train,user4,অ,3.818632,1.071339,-0.02719,0.002373,0.004864,0.047911,0.844482
1,1,20260711_214856_wh1jdl__outer01__inner01__aug01,20260711_214856_wh1jdl,train,user4,অ,-1.138467,1.035337,0.042769,0.011727,0.003915,0.03372,0.842905
1,1,20260711_214856_wh1jdl__outer01__inner01__aug02,20260711_214856_wh1jdl,train,user4,অ,2.72855,1.056885,0.002431,0.044162,0.004434,0.053276,1.184242
1,1,20260711_214856_wh1jdl__outer01__inner01__aug03,20260711_214856_wh1jdl,train,user4,অ,-4.560236,0.909323,-0.029847,-0.022533,0.006237,0.055291,1.15576
1,1,20260711_214912_5jyzoq__outer01__inner01__aug01,20260711_214912_5jyzoq,train,user4,অ,-0.573932,0.999958,-0.01602,-0.035633,0.003488,0.032012,1.174399
1,1,20260711_214912_5jyzoq__outer01__inner01__aug02,20260711_214912_5jyzoq,train,user4,অ,-3.899891,0.924059,-0.011691,0.014092,0.007785,0.059444,1.181477
1,1,20260711_214912_5jyzoq__outer01__inner01__aug03,20260711_214912_5jyzoq,train,user4,অ,1.666426,1.000238,-0.017144,-0.016074,0.006284,0.062898,1.025397
1,1,20260711_215025_9ahjj1__outer01__inner01__aug01,20260711_215025_9ahjj1,train,user4,অ,1.778156,1.086125,-0.024686,0.041415,0.003618,0.071902,1.226749
1,1,20260711_215025_9ahjj1__outer01__inner01__aug02,20260711_215025_9ahjj1,train,user4,অ,5.155739,0.915696,0.039197,-0.03088,0.006809,0.060224,1.135586
1,1,20260711_215025_9ahjj1__outer01__inner01__aug03,20260711_215025_9ahjj1,train,user4,অ,-6.182068,0.963348,-0.027386,-0.026351,0.00452,0.040645,1.073164
1,1,20260711_215040_totmvz__outer01__inner01__aug01,20260711_215040_totmvz,train,user4,অ,-2.777184,1.064234,-0.014669,-0.033411,0.004927,0.069479,0.899967
1,1,20260711_215040_totmvz__outer01__inner01__aug02,20260711_215040_totmvz,train,user4,অ,-0.321627,1.08441,-0.001359,0.026477,0.00587,0.06159,1.121395
1,1,20260711_215040_totmvz__outer01__inner01__aug03,20260711_215040_totmvz,train,user4,অ,-4.149226,0.969723,0.04252,-0.026635,0.003229,0.053195,0.87431
1,1,20260711_215057_m3q3bw__outer01__inner01__aug01,20260711_215057_m3q3bw,train,user4,অ,-5.983227,0.940481,0.041135,0.044157,0.006487,0.055837,0.873162
1,1,20260711_215057_m3q3bw__outer01__inner01__aug02,20260711_215057_m3q3bw,train,user4,অ,3.863212,1.058595,0.013939,0.015362,0.003543,0.051744,0.844034
1,1,20260711_215057_m3q3bw__outer01__inner01__aug03,20260711_215057_m3q3bw,train,user4,অ,0.663606,0.937578,-0.039394,0.019774,0.006241,0.043889,1.148793
1,1,20260711_215120_wa3iw4__outer01__inner01__aug01,20260711_215120_wa3iw4,train,user4,অ,-6.683034,1.061439,0.0136,0.014252,0.006379,0.034567,1.150394
1,1,20260711_215120_wa3iw4__outer01__inner01__aug02,20260711_215120_wa3iw4,train,user4,অ,6.17219,0.990696,-0.018445,-0.023331,0.007982,0.056523,1.227047
1,1,20260711_215120_wa3iw4__outer01__inner01__aug03,20260711_215120_wa3iw4,train,user4,অ,4.544745,0.996304,0.027637,0.003389,0.006366,0.068804,1.230467
1,1,20260711_215140_jzmdn9__outer01__inner01__aug01,20260711_215140_jzmdn9,train,user4,অ,0.720679,1.043179,-0.026004,-0.014149,0.003391,0.065994,1.046835
1,1,20260711_215140_jzmdn9__outer01__inner01__aug02,20260711_215140_jzmdn9,train,user4,অ,3.401088,0.905826,-0.004362,-0.017012,0.006804,0.066577,0.996644
1,1,20260711_215140_jzmdn9__outer01__inner01__aug03,20260711_215140_jzmdn9,train,user4,অ,6.857301,1.004639,0.035778,-0.008712,0.005877,0.065309,0.95559
1,1,20260711_215153_8dj6mi__outer01__inner01__aug01,20260711_215153_8dj6mi,train,user4,অ,2.00639,0.970412,0.020401,-0.025321,0.007316,0.07605,0.952021
1,1,20260711_215153_8dj6mi__outer01__inner01__aug02,20260711_215153_8dj6mi,train,user4,অ,2.17339,0.989536,-0.030945,0.021267,0.003066,0.040657,1.101305
1,1,20260711_215153_8dj6mi__outer01__inner01__aug03,20260711_215153_8dj6mi,train,user4,অ,6.861262,0.927185,-0.017527,-0.041404,0.004534,0.067207,1.135826
1,1,20260711_215210_14cuph__outer01__inner01__aug01,20260711_215210_14cuph,train,user4,অ,-2.702106,0.947594,-0.013868,-0.036238,0.004183,0.05877,1.046803
1,1,20260711_215210_14cuph__outer01__inner01__aug02,20260711_215210_14cuph,train,user4,অ,1.676297,1.075073,-0.024287,0.043711,0.003629,0.040296,0.827088
1,1,20260711_215210_14cuph__outer01__inner01__aug03,20260711_215210_14cuph,train,user4,অ,-4.234654,1.034947,-0.001294,-0.049126,0.005401,0.031868,0.846996
1,1,20260711_215224_s1nefb__outer01__inner01__aug01,20260711_215224_s1nefb,train,user4,অ,1.125924,0.916729,-0.0279,-0.028424,0.003551,0.033248,0.913544
1,1,20260711_215224_s1nefb__outer01__inner01__aug02,20260711_215224_s1nefb,train,user4,অ,-5.464158,1.034598,0.005869,0.038679,0.003473,0.078278,1.111544
1,1,20260711_215224_s1nefb__outer01__inner01__aug03,20260711_215224_s1nefb,train,user4,অ,6.268122,1.026523,0.022982,-0.035913,0.006941,0.069544,1.088254
1,1,20260711_211553_8q738s__outer01__inner01__aug01,20260711_211553_8q738s,train,user4,আ,6.361651,0.930847,-0.039604,0.035905,0.005724,0.03699,1.007625
1,1,20260711_211553_8q738s__outer01__inner01__aug02,20260711_211553_8q738s,train,user4,আ,-2.885105,1.055997,0.023383,-0.028509,0.006826,0.067726,0.98603
1,1,20260711_211553_8q738s__outer01__inner01__aug03,20260711_211553_8q738s,train,user4,আ,3.834383,1.053658,0.017219,-0.022209,0.003444,0.035214,0.973298
1,1,20260711_215326_rdw0i7__outer01__inner01__aug01,20260711_215326_rdw0i7,train,user4,আ,-6.527003,1.048139,0.038263,0.00548,0.006567,0.048417,1.033005
1,1,20260711_215326_rdw0i7__outer01__inner01__aug02,20260711_215326_rdw0i7,train,user4,আ,-0.685115,0.963435,0.015823,-0.021256,0.003094,0.046758,0.880633
1,1,20260711_215326_rdw0i7__outer01__inner01__aug03,20260711_215326_rdw0i7,train,user4,আ,4.968904,1.018289,0.01142,0.002871,0.007434,0.048141,1.053088
1,1,20260711_215355_gtir0d__outer01__inner01__aug01,20260711_215355_gtir0d,train,user4,আ,-5.297678,1.054157,-0.001541,0.009069,0.005922,0.076681,1.064596
1,1,20260711_215355_gtir0d__outer01__inner01__aug02,20260711_215355_gtir0d,train,user4,আ,-5.121646,0.992333,-0.025536,-0.010091,0.003877,0.07758,0.998409
1,1,20260711_215355_gtir0d__outer01__inner01__aug03,20260711_215355_gtir0d,train,user4,আ,2.684094,1.034496,0.021686,-0.035843,0.007651,0.043319,1.073656
1,1,20260711_215413_4z3pac__outer01__inner01__aug01,20260711_215413_4z3pac,train,user4,আ,-0.174132,0.98799,-0.046265,0.003417,0.005144,0.059387,1.145589
1,1,20260711_215413_4z3pac__outer01__inner01__aug02,20260711_215413_4z3pac,train,user4,আ,2.449019,0.913656,-0.029391,0.003588,0.003601,0.039964,0.867555
1,1,20260711_215413_4z3pac__outer01__inner01__aug03,20260711_215413_4z3pac,train,user4,আ,-3.630551,1.062667,-0.02009,-0.028991,0.004109,0.038424,1.088541
1,1,20260711_215505_noe4fp__outer01__inner01__aug01,20260711_215505_noe4fp,train,user4,আ,-3.236708,1.073731,-0.031462,-0.024757,0.00679,0.048482,0.948727
1,1,20260711_215505_noe4fp__outer01__inner01__aug02,20260711_215505_noe4fp,train,user4,আ,-4.47799,1.047701,-0.024354,-0.014197,0.003271,0.074897,1.082222
1,1,20260711_215505_noe4fp__outer01__inner01__aug03,20260711_215505_noe4fp,train,user4,আ,-6.365239,0.950457,-0.001378,-0.022926,0.006896,0.074185,0.904642
1,1,20260711_215527_oaoi6c__outer01__inner01__aug01,20260711_215527_oaoi6c,train,user4,আ,-4.407756,1.029318,-0.037884,-0.013728,0.003805,0.051779,1.049631
1,1,20260711_215527_oaoi6c__outer01__inner01__aug02,20260711_215527_oaoi6c,train,user4,আ,-6.5951,1.054126,-0.038943,0.040846,0.005946,0.043139,1.246081
1,1,20260711_215527_oaoi6c__outer01__inner01__aug03,20260711_215527_oaoi6c,train,user4,আ,-5.673977,1.012663,0.012772,0.007027,0.007124,0.056145,1.037603
1,1,20260711_215554_41w3p4__outer01__inner01__aug01,20260711_215554_41w3p4,train,user4,আ,-6.156335,0.955501,0.040864,-0.004196,0.00725,0.0694,0.9876
1,1,20260711_215554_41w3p4__outer01__inner01__aug02,20260711_215554_41w3p4,train,user4,আ,-2.941516,0.920984,0.03917,0.029756,0.006008,0.069986,0.936116
1,1,20260711_215554_41w3p4__outer01__inner01__aug03,20260711_215554_41w3p4,train,user4,আ,5.705648,0.961682,-0.049971,-0.038527,0.003107,0.034436,0.822561
1,1,20260711_215623_q6sua3__outer01__inner01__aug01,20260711_215623_q6sua3,train,user4,আ,-4.023984,0.910423,0.017835,0.017126,0.006281,0.048592,0.89246
1,1,20260711_215623_q6sua3__outer01__inner01__aug02,20260711_215623_q6sua3,train,user4,আ,2.777414,0.993467,0.007236,-0.027016,0.006997,0.076356,1.165448
1,1,20260711_215623_q6sua3__outer01__inner01__aug03,20260711_215623_q6sua3,train,user4,আ,5.90402,0.986775,0.037669,0.021815,0.003999,0.063063,1.054337
1,1,20260711_215646_y25z4x__outer01__inner01__aug01,20260711_215646_y25z4x,train,user4,আ,-1.061604,0.947827,-0.013809,0.039978,0.003713,0.030934,1.066614
1,1,20260711_215646_y25z4x__outer01__inner01__aug02,20260711_215646_y25z4x,train,user4,আ,5.914581,1.088116,0.033667,-0.049322,0.004855,0.042777,0.81467
1,1,20260711_215646_y25z4x__outer01__inner01__aug03,20260711_215646_y25z4x,train,user4,আ,-5.745548,0.932852,0.029053,-0.005497,0.006995,0.038823,1.031416
1,1,20260711_215701_i0we24__outer01__inner01__aug01,20260711_215701_i0we24,train,user4,আ,6.411036,0.961904,0.019888,0.043472,0.003656,0.059096,0.802974
1,1,20260711_215701_i0we24__outer01__inner01__aug02,20260711_215701_i0we24,train,user4,আ,-5.709285,1.000637,0.031445,0.016019,0.007193,0.06816,0.888207
1,1,20260711_215701_i0we24__outer01__inner01__aug03,20260711_215701_i0we24,train,user4,আ,-3.219272,1.048808,0.038155,0.04558,0.007438,0.062567,1.028559
1,1,20260711_215719_fym8k2__outer01__inner01__aug01,20260711_215719_fym8k2,train,user4,আ,4.882584,0.949771,-0.037755,0.00431,0.003365,0.038546,0.944541
1,1,20260711_215719_fym8k2__outer01__inner01__aug02,20260711_215719_fym8k2,train,user4,আ,4.181099,0.925259,-0.004244,0.017955,0.007345,0.046123,1.099288
1,1,20260711_215719_fym8k2__outer01__inner01__aug03,20260711_215719_fym8k2,train,user4,আ,5.488802,1.010723,0.01658,-0.035444,0.004456,0.050446,1.10514
1,1,20260711_215732_e3wli4__outer01__inner01__aug01,20260711_215732_e3wli4,train,user4,আ,0.820839,1.010293,0.022758,0.015451,0.003027,0.044102,1.158091
1,1,20260711_215732_e3wli4__outer01__inner01__aug02,20260711_215732_e3wli4,train,user4,আ,1.82571,0.961786,-0.014004,0.041218,0.004586,0.079503,1.171304
1,1,20260711_215732_e3wli4__outer01__inner01__aug03,20260711_215732_e3wli4,train,user4,আ,-4.96952,0.923074,0.011243,-0.045399,0.005219,0.077541,1.187357
1,1,20260711_215746_pw5glc__outer01__inner01__aug01,20260711_215746_pw5glc,train,user4,আ,1.981501,0.990551,-0.041925,0.048555,0.005901,0.046912,0.939276
1,1,20260711_215746_pw5glc__outer01__inner01__aug02,20260711_215746_pw5glc,train,user4,আ,-6.19387,1.086848,0.03309,-0.005112,0.006427,0.075657,0.947418
1,1,20260711_215746_pw5glc__outer01__inner01__aug03,20260711_215746_pw5glc,train,user4,আ,1.427161,0.930568,-0.042698,0.03847,0.004035,0.044291,1.173499
1,1,20260711_215803_gtb1nz__outer01__inner01__aug01,20260711_215803_gtb1nz,train,user4,আ,1.35671,1.070522,-0.019431,-0.041968,0.003723,0.079567,1.004105
1,1,20260711_215803_gtb1nz__outer01__inner01__aug02,20260711_215803_gtb1nz,train,user4,আ,1.026118,1.035224,0.005489,0.038712,0.00446,0.06261,1.191766
1,1,20260711_215803_gtb1nz__outer01__inner01__aug03,20260711_215803_gtb1nz,train,user4,আ,-3.094636,0.978291,-0.031367,8.8e-05,0.003473,0.072341,0.935735
1,1,20260711_215826_09me7o__outer01__inner01__aug01,20260711_215826_09me7o,train,user4,আ,-3.419234,0.933851,-0.044291,0.030191,0.004522,0.077765,0.922037
1,1,20260711_215826_09me7o__outer01__inner01__aug02,20260711_215826_09me7o,train,user4,আ,-0.282625,0.950235,-0.011758,-0.037154,0.004141,0.046178,1.074001
1,1,20260711_215826_09me7o__outer01__inner01__aug03,20260711_215826_09me7o,train,user4,আ,-3.089551,0.916287,-0.036766,0.015025,0.005892,0.057932,0.897793
1,1,20260711_215850_2a6qfe__outer01__inner01__aug01,20260711_215850_2a6qfe,train,user4,আ,5.757174,0.941861,0.009771,-0.00171,0.005689,0.065538,0.937845
1,1,20260711_215850_2a6qfe__outer01__inner01__aug02,20260711_215850_2a6qfe,train,user4,আ,-2.872848,1.032379,0.046768,-0.003783,0.006123,0.072195,1.104389
1,1,20260711_215850_2a6qfe__outer01__inner01__aug03,20260711_215850_2a6qfe,train,user4,আ,1.834258,1.028708,0.002144,0.043641,0.005682,0.05876,1.23363
1,1,20260711_211613_pni7yl__outer01__inner01__aug01,20260711_211613_pni7yl,train,user4,ই,-5.616868,0.932376,-0.044609,0.025839,0.003451,0.043189,0.843575
1,1,20260711_211613_pni7yl__outer01__inner01__aug02,20260711_211613_pni7yl,train,user4,ই,-4.799373,0.929993,-0.034124,0.007077,0.005558,0.038132,1.218037
1,1,20260711_211613_pni7yl__outer01__inner01__aug03,20260711_211613_pni7yl,train,user4,ই,-0.699428,0.996022,-0.00396,-0.007502,0.00457,0.077722,1.188624
1,1,20260711_211631_omhqof__outer01__inner01__aug01,20260711_211631_omhqof,train,user4,ই,2.973428,1.048236,-0.011158,0.048006,0.006077,0.05454,0.85031
1,1,20260711_211631_omhqof__outer01__inner01__aug02,20260711_211631_omhqof,train,user4,ই,-1.054092,1.032791,-0.005999,0.03712,0.007317,0.055031,0.961948
1,1,20260711_211631_omhqof__outer01__inner01__aug03,20260711_211631_omhqof,train,user4,ই,-2.889304,0.927277,-0.006568,-0.029162,0.004598,0.050227,1.187821
1,1,20260711_215916_5xq3ym__outer01__inner01__aug01,20260711_215916_5xq3ym,train,user4,ই,5.89822,0.919698,-0.037201,0.048325,0.007089,0.048257,1.139353
1,1,20260711_215916_5xq3ym__outer01__inner01__aug02,20260711_215916_5xq3ym,train,user4,ই,-1.187942,0.930561,0.034139,-0.0008,0.007225,0.077107,0.892154
1,1,20260711_215916_5xq3ym__outer01__inner01__aug03,20260711_215916_5xq3ym,train,user4,ই,1.664765,1.050265,-0.020905,-0.045114,0.004101,0.049716,1.046204
1,1,20260711_215928_ckxbi5__outer01__inner01__aug01,20260711_215928_ckxbi5,train,user4,ই,4.532807,1.093453,-0.038014,-0.027346,0.003702,0.039883,0.837561
1,1,20260711_215928_ckxbi5__outer01__inner01__aug02,20260711_215928_ckxbi5,train,user4,ই,5.929223,0.970068,-0.041655,-0.016348,0.006099,0.046713,1.21345
1,1,20260711_215928_ckxbi5__outer01__inner01__aug03,20260711_215928_ckxbi5,train,user4,ই,-2.938187,1.025354,0.032953,-0.029663,0.004688,0.051163,1.065819
1,1,20260711_215945_ovgs11__outer01__inner01__aug01,20260711_215945_ovgs11,train,user4,ই,6.534504,0.923548,0.047955,-0.011098,0.003442,0.032209,1.16463
1,1,20260711_215945_ovgs11__outer01__inner01__aug02,20260711_215945_ovgs11,train,user4,ই,2.297928,1.010168,-0.028963,0.03394,0.006069,0.075861,0.956504
1,1,20260711_215945_ovgs11__outer01__inner01__aug03,20260711_215945_ovgs11,train,user4,ই,0.124193,0.941978,-0.020178,0.038886,0.00648,0.073467,0.924198
1,1,20260711_215959_axw0jl__outer01__inner01__aug01,20260711_215959_axw0jl,train,user4,ই,-4.592834,0.978709,0.026078,0.019109,0.005882,0.052278,0.934363
1,1,20260711_215959_axw0jl__outer01__inner01__aug02,20260711_215959_axw0jl,train,user4,ই,4.133546,0.909034,-0.037314,-0.03325,0.004331,0.067437,0.934875
1,1,20260711_215959_axw0jl__outer01__inner01__aug03,20260711_215959_axw0jl,train,user4,ই,6.567337,1.034161,0.019085,-0.028176,0.006697,0.07825,0.972144
1,1,20260711_220013_x16qxh__outer01__inner01__aug01,20260711_220013_x16qxh,train,user4,ই,-3.76522,1.059893,0.01677,0.032042,0.004389,0.032064,1.024881
1,1,20260711_220013_x16qxh__outer01__inner01__aug02,20260711_220013_x16qxh,train,user4,ই,3.887261,0.997322,0.024347,-0.048914,0.007673,0.077416,1.011062
1,1,20260711_220013_x16qxh__outer01__inner01__aug03,20260711_220013_x16qxh,train,user4,ই,-4.596095,0.948356,-0.045411,0.031916,0.003598,0.075557,0.870768
1,1,20260711_220027_1j40u6__outer01__inner01__aug01,20260711_220027_1j40u6,train,user4,ই,-4.422855,1.045866,0.034645,-0.048244,0.007307,0.057546,0.878768
1,1,20260711_220027_1j40u6__outer01__inner01__aug02,20260711_220027_1j40u6,train,user4,ই,-1.491881,1.092724,-0.04629,-0.027471,0.005469,0.055049,1.018149
1,1,20260711_220027_1j40u6__outer01__inner01__aug03,20260711_220027_1j40u6,train,user4,ই,-2.512379,0.933522,0.005663,0.022687,0.007109,0.062796,1.042645
1,1,20260711_220043_yyhe4o__outer01__inner01__aug01,20260711_220043_yyhe4o,train,user4,ই,-6.576806,0.959847,-0.005983,0.018779,0.003311,0.049472,0.882986
1,1,20260711_220043_yyhe4o__outer01__inner01__aug02,20260711_220043_yyhe4o,train,user4,ই,-1.524386,0.915301,0.012485,-0.048917,0.007443,0.061996,0.842262
1,1,20260711_220043_yyhe4o__outer01__inner01__aug03,20260711_220043_yyhe4o,train,user4,ই,3.377579,0.923483,-0.024945,-0.038203,0.007418,0.031853,0.894887
1,1,20260711_220058_6cy90j__outer01__inner01__aug01,20260711_220058_6cy90j,train,user4,ই,-3.110458,0.998792,-0.039157,-0.027317,0.005255,0.058469,1.04778
1,1,20260711_220058_6cy90j__outer01__inner01__aug02,20260711_220058_6cy90j,train,user4,ই,6.346435,1.073999,0.022513,0.026552,0.003772,0.043012,1.081626
1,1,20260711_220058_6cy90j__outer01__inner01__aug03,20260711_220058_6cy90j,train,user4,ই,0.856149,1.04396,0.038035,0.005966,0.003374,0.031595,1.110239
1,1,20260711_220112_94lc88__outer01__inner01__aug01,20260711_220112_94lc88,train,user4,ই,-6.393054,0.965287,-0.029055,-0.033478,0.00416,0.048831,1.005602
1,1,20260711_220112_94lc88__outer01__inner01__aug02,20260711_220112_94lc88,train,user4,ই,2.61918,1.020609,-0.041919,0.006162,0.007038,0.072305,1.129372
1,1,20260711_220112_94lc88__outer01__inner01__aug03,20260711_220112_94lc88,train,user4,ই,-1.203773,1.010394,0.031451,0.039654,0.004349,0.038791,1.177613
1,1,20260711_220132_3b6d70__outer01__inner01__aug01,20260711_220132_3b6d70,train,user4,ই,3.183166,0.997539,-0.041187,0.026281,0.004277,0.062558,0.887528
1,1,20260711_220132_3b6d70__outer01__inner01__aug02,20260711_220132_3b6d70,train,user4,ই,-2.702992,1.009386,0.00448,-0.042708,0.003357,0.077558,0.813364
1,1,20260711_220132_3b6d70__outer01__inner01__aug03,20260711_220132_3b6d70,train,user4,ই,-2.063444,0.901227,-0.016554,0.012513,0.004973,0.069043,1.206049
1,1,20260711_220151_kjuuzh__outer01__inner01__aug01,20260711_220151_kjuuzh,train,user4,ই,-4.065403,1.072356,-0.046912,0.028405,0.007933,0.073199,1.179499
1,1,20260711_220151_kjuuzh__outer01__inner01__aug02,20260711_220151_kjuuzh,train,user4,ই,-0.126388,0.950006,0.006163,0.024487,0.006105,0.056853,0.927924
1,1,20260711_220151_kjuuzh__outer01__inner01__aug03,20260711_220151_kjuuzh,train,user4,ই,2.910367,0.97192,0.028545,0.003141,0.005052,0.036381,1.153375
1,1,20260711_220205_cr3boy__outer01__inner01__aug01,20260711_220205_cr3boy,train,user4,ই,1.420007,0.974323,-0.032112,0.009409,0.00407,0.049279,1.237792
1,1,20260711_220205_cr3boy__outer01__inner01__aug02,20260711_220205_cr3boy,train,user4,ই,-0.803338,0.91989,0.048178,0.000583,0.007438,0.042531,0.92896
1,1,20260711_220205_cr3boy__outer01__inner01__aug03,20260711_220205_cr3boy,train,user4,ই,-0.944093,1.064189,-0.002434,-0.014056,0.007255,0.074616,0.972874
1,1,20260711_220217_85rgxu__outer01__inner01__aug01,20260711_220217_85rgxu,train,user4,ই,1.081884,0.960254,-0.016948,0.039834,0.007476,0.031374,1.007244
1,1,20260711_220217_85rgxu__outer01__inner01__aug02,20260711_220217_85rgxu,train,user4,ই,-3.046243,0.911472,-0.04743,-0.025803,0.00343,0.032469,1.184692
1,1,20260711_220217_85rgxu__outer01__inner01__aug03,20260711_220217_85rgxu,train,user4,ই,-6.06991,0.923245,0.013066,-0.043156,0.007504,0.057037,1.164128
1,1,20260711_220235_4uai7u__outer01__inner01__aug01,20260711_220235_4uai7u,train,user4,ই,-3.891395,0.918908,0.028322,-0.040384,0.006541,0.076218,1.147003
1,1,20260711_220235_4uai7u__outer01__inner01__aug02,20260711_220235_4uai7u,train,user4,ই,4.572805,0.987386,-0.043541,0.042676,0.006586,0.052487,1.212411
1,1,20260711_220235_4uai7u__outer01__inner01__aug03,20260711_220235_4uai7u,train,user4,ই,4.862376,1.042978,0.006746,0.004273,0.007251,0.039208,1.037681
1,1,20260711_220308_e7l7wm__outer01__inner01__aug01,20260711_220308_e7l7wm,train,user4,ই,-5.091182,0.987248,-0.017073,0.015074,0.007249,0.076173,0.906121
1,1,20260711_220308_e7l7wm__outer01__inner01__aug02,20260711_220308_e7l7wm,train,user4,ই,1.454413,0.913698,-0.029404,-0.039717,0.00555,0.076786,0.860794
1,1,20260711_220308_e7l7wm__outer01__inner01__aug03,20260711_220308_e7l7wm,train,user4,ই,-2.847648,1.023363,0.020565,0.016398,0.007131,0.071063,0.817265
1,1,20260711_220404_itceug__outer01__inner01__aug01,20260711_220404_itceug,train,user4,ঈ,3.247331,1.074156,0.010454,0.008113,0.007809,0.047855,1.080517
1,1,20260711_220404_itceug__outer01__inner01__aug02,20260711_220404_itceug,train,user4,ঈ,-5.331868,1.079822,-0.039989,-0.041248,0.005558,0.042863,1.137561
1,1,20260711_220404_itceug__outer01__inner01__aug03,20260711_220404_itceug,train,user4,ঈ,1.562229,0.924429,0.019239,0.022688,0.004315,0.068785,1.149359
1,1,20260711_220444_r35mfs__outer01__inner01__aug01,20260711_220444_r35mfs,train,user4,ঈ,6.878248,1.085942,-0.045847,0.030697,0.00391,0.054409,0.905692
1,1,20260711_220444_r35mfs__outer01__inner01__aug02,20260711_220444_r35mfs,train,user4,ঈ,0.826641,1.093215,0.04523,0.011626,0.004423,0.050512,0.943572
1,1,20260711_220444_r35mfs__outer01__inner01__aug03,20260711_220444_r35mfs,train,user4,ঈ,-1.289654,1.099843,0.020251,0.043316,0.00714,0.031244,0.853818
1,1,20260711_220519_ila5ji__outer01__inner01__aug01,20260711_220519_ila5ji,train,user4,ঈ,0.631944,0.957524,-0.012987,-0.025354,0.004147,0.036337,1.198684
1,1,20260711_220519_ila5ji__outer01__inner01__aug02,20260711_220519_ila5ji,train,user4,ঈ,0.730382,0.947567,-0.049074,0.010157,0.005445,0.040209,0.936951
1,1,20260711_220519_ila5ji__outer01__inner01__aug03,20260711_220519_ila5ji,train,user4,ঈ,5.146576,0.904305,-0.003393,-0.045696,0.006367,0.031679,1.246165
1,1,20260711_220543_7o5bd0__outer01__inner01__aug01,20260711_220543_7o5bd0,train,user4,ঈ,-5.884354,1.07401,0.015169,0.01746,0.007772,0.052782,0.904203
1,1,20260711_220543_7o5bd0__outer01__inner01__aug02,20260711_220543_7o5bd0,train,user4,ঈ,1.395739,0.934092,0.011222,-0.024941,0.007047,0.069273,1.017001
1,1,20260711_220543_7o5bd0__outer01__inner01__aug03,20260711_220543_7o5bd0,train,user4,ঈ,3.132128,1.098498,0.018303,-0.002834,0.006135,0.064178,0.803002
1,1,20260711_220606_essesa__outer01__inner01__aug01,20260711_220606_essesa,train,user4,ঈ,-4.62862,0.918908,0.016944,0.020805,0.007563,0.070149,1.067579
1,1,20260711_220606_essesa__outer01__inner01__aug02,20260711_220606_essesa,train,user4,ঈ,-3.492953,1.057042,0.010753,0.027685,0.003462,0.074573,1.037097
1,1,20260711_220606_essesa__outer01__inner01__aug03,20260711_220606_essesa,train,user4,ঈ,-3.340703,0.925354,-0.026902,-0.032715,0.00642,0.074888,0.972033
1,1,20260711_220641_ufswp1__outer01__inner01__aug01,20260711_220641_ufswp1,train,user4,ঈ,-5.60936,1.019857,0.019038,-0.038393,0.006262,0.05777,1.124314
1,1,20260711_220641_ufswp1__outer01__inner01__aug02,20260711_220641_ufswp1,train,user4,ঈ,-2.210826,1.026665,-0.039619,0.006398,0.007643,0.079696,1.047467
1,1,20260711_220641_ufswp1__outer01__inner01__aug03,20260711_220641_ufswp1,train,user4,ঈ,6.099097,0.941608,-0.031052,0.017277,0.003248,0.039236,1.18529
1,1,20260711_220701_y1rftt__outer01__inner01__aug01,20260711_220701_y1rftt,train,user4,ঈ,5.793599,0.923197,0.007784,-0.002943,0.006103,0.043828,0.988439
1,1,20260711_220701_y1rftt__outer01__inner01__aug02,20260711_220701_y1rftt,train,user4,ঈ,-5.434806,0.966945,0.039534,-0.024882,0.007202,0.063857,1.052905
1,1,20260711_220701_y1rftt__outer01__inner01__aug03,20260711_220701_y1rftt,train,user4,ঈ,4.725502,0.954181,0.004469,0.019151,0.003486,0.047883,1.048427
1,1,20260711_220721_h9k2mi__outer01__inner01__aug01,20260711_220721_h9k2mi,train,user4,ঈ,-3.609075,1.045269,-0.00212,-0.013708,0.007549,0.030829,1.158712
1,1,20260711_220721_h9k2mi__outer01__inner01__aug02,20260711_220721_h9k2mi,train,user4,ঈ,3.742871,1.06558,-0.011731,-0.033085,0.006775,0.03919,1.066411
1,1,20260711_220721_h9k2mi__outer01__inner01__aug03,20260711_220721_h9k2mi,train,user4,ঈ,0.715085,1.008541,-0.013353,-0.023554,0.007779,0.053264,0.998712
1,1,20260711_220738_j2qzn6__outer01__inner01__aug01,20260711_220738_j2qzn6,train,user4,ঈ,-1.522286,0.978589,-0.030109,-0.002746,0.005054,0.067498,1.018055
1,1,20260711_220738_j2qzn6__outer01__inner01__aug02,20260711_220738_j2qzn6,train,user4,ঈ,4.507632,0.999971,-0.047377,-0.009831,0.003045,0.070342,0.956157
1,1,20260711_220738_j2qzn6__outer01__inner01__aug03,20260711_220738_j2qzn6,train,user4,ঈ,0.914682,1.064627,0.040145,-0.025275,0.003414,0.055947,1.121751
1,1,20260711_220751_axw80l__outer01__inner01__aug01,20260711_220751_axw80l,train,user4,ঈ,-5.148617,1.092316,0.048807,0.04973,0.00746,0.073699,0.980214
1,1,20260711_220751_axw80l__outer01__inner01__aug02,20260711_220751_axw80l,train,user4,ঈ,5.119135,1.022578,-0.017196,-0.013817,0.006556,0.068726,1.127937
1,1,20260711_220751_axw80l__outer01__inner01__aug03,20260711_220751_axw80l,train,user4,ঈ,4.31464,1.062921,-0.018859,-0.017154,0.006221,0.03168,1.181034
1,1,20260711_220807_mldxj2__outer01__inner01__aug01,20260711_220807_mldxj2,train,user4,ঈ,-5.385382,1.079006,-0.024711,0.033817,0.003171,0.036098,0.948425
1,1,20260711_220807_mldxj2__outer01__inner01__aug02,20260711_220807_mldxj2,train,user4,ঈ,-6.821449,1.034669,-0.001658,-0.046896,0.005641,0.032004,0.923
1,1,20260711_220807_mldxj2__outer01__inner01__aug03,20260711_220807_mldxj2,train,user4,ঈ,6.216553,0.946049,-0.013594,0.045706,0.006564,0.057422,0.918839
1,1,20260711_220822_wgaxvc__outer01__inner01__aug01,20260711_220822_wgaxvc,train,user4,ঈ,0.526775,1.047046,-0.0236,-0.020622,0.007575,0.034052,1.022803
1,1,20260711_220822_wgaxvc__outer01__inner01__aug02,20260711_220822_wgaxvc,train,user4,ঈ,-6.453547,1.071659,0.007869,-0.016929,0.007454,0.04087,0.995085
1,1,20260711_220822_wgaxvc__outer01__inner01__aug03,20260711_220822_wgaxvc,train,user4,ঈ,-1.065325,0.964861,0.024058,-0.019698,0.004327,0.053977,0.821131
1,1,20260711_220837_dby4gx__outer01__inner01__aug01,20260711_220837_dby4gx,train,user4,ঈ,-5.54148,1.086646,0.04854,-0.004589,0.003497,0.044167,0.821041
1,1,20260711_220837_dby4gx__outer01__inner01__aug02,20260711_220837_dby4gx,train,user4,ঈ,-0.412372,1.087619,0.007403,-0.047625,0.003318,0.045183,1.130606
1,1,20260711_220837_dby4gx__outer01__inner01__aug03,20260711_220837_dby4gx,train,user4,ঈ,-1.831455,0.98983,0.026421,0.044801,0.00522,0.056827,1.211921
1,1,20260711_220850_xo5kch__outer01__inner01__aug01,20260711_220850_xo5kch,train,user4,ঈ,1.351449,0.91217,-0.048116,0.004735,0.005607,0.0355,0.812582
1,1,20260711_220850_xo5kch__outer01__inner01__aug02,20260711_220850_xo5kch,train,user4,ঈ,6.167816,0.902234,-0.005754,0.028798,0.007278,0.075459,0.808088
1,1,20260711_220850_xo5kch__outer01__inner01__aug03,20260711_220850_xo5kch,train,user4,ঈ,6.830986,0.919214,0.028903,0.012166,0.004153,0.037745,0.969904
1,1,20260711_220906_ehc737__outer01__inner01__aug01,20260711_220906_ehc737,train,user4,ঈ,5.096959,1.058154,-0.005921,0.000569,0.003423,0.034062,1.120446
1,1,20260711_220906_ehc737__outer01__inner01__aug02,20260711_220906_ehc737,train,user4,ঈ,-4.414859,0.919597,0.010369,-0.001264,0.004661,0.034787,0.81639
1,1,20260711_220906_ehc737__outer01__inner01__aug03,20260711_220906_ehc737,train,user4,ঈ,-1.596439,0.901781,0.009997,-0.026408,0.006232,0.072072,0.970441
1,2,20260711_220930_a944cy__outer01__inner02__aug01,20260711_220930_a944cy,train,for_bonhi,ঔ,2.828862,1.054617,-0.027506,0.031661,0.006845,0.064515,0.973231
1,2,20260711_220930_a944cy__outer01__inner02__aug02,20260711_220930_a944cy,train,for_bonhi,ঔ,6.769415,1.014418,0.033803,-0.033028,0.005576,0.04734,1.049985
1,2,20260711_220930_a944cy__outer01__inner02__aug03,20260711_220930_a944cy,train,for_bonhi,ঔ,-0.421033,1.079762,0.010546,0.009959,0.004013,0.065244,0.827778
1,2,20260704_232121_lcxi4y__outer01__inner02__aug01,20260704_232121_lcxi4y,train,user2,অ,-1.852924,1.063575,0.002097,-0.000937,0.003639,0.065309,1.057203
1,2,20260704_232121_lcxi4y__outer01__inner02__aug02,20260704_232121_lcxi4y,train,user2,অ,-5.227871,1.062824,-0.026747,-0.016644,0.00619,0.072465,1.148717
1,2,20260704_232121_lcxi4y__outer01__inner02__aug03,20260704_232121_lcxi4y,train,user2,অ,-3.877039,0.955287,-0.017994,0.006184,0.003567,0.059008,0.908297
1,2,20260728_232630_znnts0__outer01__inner02__aug01,20260728_232630_znnts0,train,user2,অ,3.602452,0.991043,0.04451,-0.045813,0.007166,0.030535,1.137381
1,2,20260728_232630_znnts0__outer01__inner02__aug02,20260728_232630_znnts0,train,user2,অ,-3.143619,0.998516,0.014655,0.048359,0.007308,0.072705,1.050782
1,2,20260728_232630_znnts0__outer01__inner02__aug03,20260728_232630_znnts0,train,user2,অ,-1.904173,1.045652,-0.021342,-0.017016,0.006695,0.063803,0.957095
1,2,20260728_232652_hdsmyh__outer01__inner02__aug01,20260728_232652_hdsmyh,train,user2,অ,2.972497,1.029326,0.009373,-0.030954,0.004867,0.067076,1.212057
1,2,20260728_232652_hdsmyh__outer01__inner02__aug02,20260728_232652_hdsmyh,train,user2,অ,3.406182,1.02589,0.001995,0.014258,0.004345,0.065367,0.808712
1,2,20260728_232652_hdsmyh__outer01__inner02__aug03,20260728_232652_hdsmyh,train,user2,অ,-2.473533,0.957952,-0.017742,0.025156,0.006694,0.031979,1.109388
1,2,20260728_232714_hincfq__outer01__inner02__aug01,20260728_232714_hincfq,train,user2,অ,-5.351305,1.069848,-0.025258,-0.034566,0.004843,0.044642,1.168602
1,2,20260728_232714_hincfq__outer01__inner02__aug02,20260728_232714_hincfq,train,user2,অ,2.418347,0.981767,0.006035,0.001767,0.004806,0.032871,1.108737
1,2,20260728_232714_hincfq__outer01__inner02__aug03,20260728_232714_hincfq,train,user2,অ,6.254652,0.905052,0.047988,-0.027455,0.006584,0.076166,0.938629
1,2,20260728_232741_j1gvgu__outer01__inner02__aug01,20260728_232741_j1gvgu,train,user2,অ,2.30955,1.09697,0.009019,-0.010512,0.006459,0.07417,1.245259
1,2,20260728_232741_j1gvgu__outer01__inner02__aug02,20260728_232741_j1gvgu,train,user2,অ,-3.180375,1.024478,0.002296,-0.029551,0.004151,0.060903,1.007252
1,2,20260728_232741_j1gvgu__outer01__inner02__aug03,20260728_232741_j1gvgu,train,user2,অ,-6.660976,1.099519,-0.043194,0.032854,0.003219,0.059972,0.931994
1,2,20260704_232148_mqf5ea__outer01__inner02__aug01,20260704_232148_mqf5ea,train,user2,আ,-0.350878,1.024175,0.036955,0.02116,0.004583,0.041311,0.890237
1,2,20260704_232148_mqf5ea__outer01__inner02__aug02,20260704_232148_mqf5ea,train,user2,আ,-5.037084,0.94293,0.04559,0.01858,0.006969,0.076913,1.132829
1,2,20260704_232148_mqf5ea__outer01__inner02__aug03,20260704_232148_mqf5ea,train,user2,আ,-0.836383,1.077104,-0.009599,-0.025144,0.006443,0.07417,1.181844
1,2,20260728_232436_9i4gi8__outer01__inner02__aug01,20260728_232436_9i4gi8,train,user2,আ,-3.293045,1.024569,0.048139,-0.033324,0.00389,0.036138,1.02853
1,2,20260728_232436_9i4gi8__outer01__inner02__aug02,20260728_232436_9i4gi8,train,user2,আ,0.986919,1.063959,0.033444,-0.046423,0.007958,0.031213,0.907146
1,2,20260728_232436_9i4gi8__outer01__inner02__aug03,20260728_232436_9i4gi8,train,user2,আ,2.997553,1.010241,0.014257,0.000928,0.005809,0.054196,0.896286
1,2,20260728_232459_m6l3cf__outer01__inner02__aug01,20260728_232459_m6l3cf,train,user2,আ,-5.813261,0.979923,0.041567,-0.022351,0.00477,0.076882,1.008014
1,2,20260728_232459_m6l3cf__outer01__inner02__aug02,20260728_232459_m6l3cf,train,user2,আ,4.054659,1.080044,-0.024486,0.041687,0.007597,0.050747,1.060519
1,2,20260728_232459_m6l3cf__outer01__inner02__aug03,20260728_232459_m6l3cf,train,user2,আ,-5.807323,1.0174,-0.028973,0.005365,0.006771,0.049344,1.03998
1,2,20260728_232520_l4uaan__outer01__inner02__aug01,20260728_232520_l4uaan,train,user2,আ,2.240874,1.068145,-0.005202,0.010945,0.006366,0.079573,0.854474
1,2,20260728_232520_l4uaan__outer01__inner02__aug02,20260728_232520_l4uaan,train,user2,আ,0.141877,0.985146,-0.024676,0.039945,0.005393,0.069428,0.985254
1,2,20260728_232520_l4uaan__outer01__inner02__aug03,20260728_232520_l4uaan,train,user2,আ,-3.819466,1.035069,0.020377,0.046843,0.007318,0.055495,1.086991
1,2,20260728_232556_dwfz7c__outer01__inner02__aug01,20260728_232556_dwfz7c,train,user2,আ,-2.88025,0.920463,0.001285,0.03894,0.005015,0.069536,0.805566
1,2,20260728_232556_dwfz7c__outer01__inner02__aug02,20260728_232556_dwfz7c,train,user2,আ,-6.19589,0.954624,-0.027395,-0.043052,0.007233,0.069834,0.993201
1,2,20260728_232556_dwfz7c__outer01__inner02__aug03,20260728_232556_dwfz7c,train,user2,আ,5.174204,1.087398,-0.014526,0.03497,0.003855,0.060254,0.860674
1,2,20260704_232218_jf6rio__outer01__inner02__aug01,20260704_232218_jf6rio,train,user2,ই,3.186176,0.944217,0.04723,0.034917,0.007143,0.062702,1.097765
1,2,20260704_232218_jf6rio__outer01__inner02__aug02,20260704_232218_jf6rio,train,user2,ই,5.738772,0.911813,-0.019331,-0.014137,0.004004,0.063982,1.187892
1,2,20260704_232218_jf6rio__outer01__inner02__aug03,20260704_232218_jf6rio,train,user2,ই,6.469174,0.951676,-0.038394,-0.031578,0.003463,0.033434,1.037765
1,2,20260728_232810_781yo6__outer01__inner02__aug01,20260728_232810_781yo6,train,user2,ই,-3.838342,0.944104,0.042572,-0.008563,0.006409,0.044845,1.247808
1,2,20260728_232810_781yo6__outer01__inner02__aug02,20260728_232810_781yo6,train,user2,ই,-3.296859,0.940558,-0.00589,-0.035186,0.006583,0.075309,0.832516
1,2,20260728_232810_781yo6__outer01__inner02__aug03,20260728_232810_781yo6,train,user2,ই,-6.329936,0.917446,0.017324,0.03308,0.005933,0.079897,1.067644
1,2,20260728_232836_pvgrxn__outer01__inner02__aug01,20260728_232836_pvgrxn,train,user2,ই,-5.254782,1.00817,0.017397,0.030091,0.004923,0.076754,0.936212
1,2,20260728_232836_pvgrxn__outer01__inner02__aug02,20260728_232836_pvgrxn,train,user2,ই,4.538565,0.937897,-0.034469,-0.00524,0.005537,0.074719,0.946407
1,2,20260728_232836_pvgrxn__outer01__inner02__aug03,20260728_232836_pvgrxn,train,user2,ই,-1.006973,0.974982,-0.017719,0.012458,0.006029,0.033381,1.166133
1,2,20260728_233118_pcjncu__outer01__inner02__aug01,20260728_233118_pcjncu,train,user2,ই,-2.84319,1.012856,0.0195,-0.001072,0.004783,0.072991,0.991467
1,2,20260728_233118_pcjncu__outer01__inner02__aug02,20260728_233118_pcjncu,train,user2,ই,-5.71717,1.015545,-0.034728,0.022348,0.003483,0.048964,1.084252
1,2,20260728_233118_pcjncu__outer01__inner02__aug03,20260728_233118_pcjncu,train,user2,ই,-0.01153,0.913064,-0.009762,-0.023678,0.006383,0.034082,1.129266
1,2,20260728_233205_n417cm__outer01__inner02__aug01,20260728_233205_n417cm,train,user2,ই,-0.511467,0.957188,0.017229,0.009827,0.003931,0.044397,0.892306
1,2,20260728_233205_n417cm__outer01__inner02__aug02,20260728_233205_n417cm,train,user2,ই,-5.115769,0.929776,-0.004374,-0.02369,0.005069,0.069388,1.227203
1,2,20260728_233205_n417cm__outer01__inner02__aug03,20260728_233205_n417cm,train,user2,ই,1.770403,1.083275,0.013753,0.044837,0.003611,0.056771,0.831096
1,2,20260704_232243_1fsapx__outer01__inner02__aug01,20260704_232243_1fsapx,train,user2,ঈ,0.107513,0.930735,0.001946,-0.004343,0.003902,0.065733,0.90081
1,2,20260704_232243_1fsapx__outer01__inner02__aug02,20260704_232243_1fsapx,train,user2,ঈ,-5.863797,1.080423,0.018231,0.009675,0.003215,0.067946,0.997566
1,2,20260704_232243_1fsapx__outer01__inner02__aug03,20260704_232243_1fsapx,train,user2,ঈ,3.290603,1.012638,0.016684,0.033031,0.004023,0.056873,1.085402
1,2,20260728_233238_q39ioy__outer01__inner02__aug01,20260728_233238_q39ioy,train,user2,ঈ,-3.547118,0.939634,-0.045743,-0.030864,0.003129,0.050287,1.197896
1,2,20260728_233238_q39ioy__outer01__inner02__aug02,20260728_233238_q39ioy,train,user2,ঈ,-5.581628,0.969445,-0.04947,0.028189,0.007152,0.031165,1.066411
1,2,20260728_233238_q39ioy__outer01__inner02__aug03,20260728_233238_q39ioy,train,user2,ঈ,-1.250647,0.983263,-0.032477,0.043903,0.004727,0.032331,1.141388
1,2,20260728_233302_e8k0ge__outer01__inner02__aug01,20260728_233302_e8k0ge,train,user2,ঈ,3.750429,0.910335,0.03267,-0.022393,0.005847,0.046012,1.231488
1,2,20260728_233302_e8k0ge__outer01__inner02__aug02,20260728_233302_e8k0ge,train,user2,ঈ,-0.159201,1.069375,-0.028956,-0.014905,0.003797,0.061123,0.99118
1,2,20260728_233302_e8k0ge__outer01__inner02__aug03,20260728_233302_e8k0ge,train,user2,ঈ,-5.1823,0.982332,0.047399,0.018626,0.003256,0.047738,0.962226
1,2,20260728_233333_nvf18a__outer01__inner02__aug01,20260728_233333_nvf18a,train,user2,ঈ,-3.759494,0.977886,-0.029495,0.013272,0.005216,0.075401,1.021216
1,2,20260728_233333_nvf18a__outer01__inner02__aug02,20260728_233333_nvf18a,train,user2,ঈ,2.142811,0.911506,0.026504,0.029353,0.006862,0.069372,1.079991
1,2,20260728_233333_nvf18a__outer01__inner02__aug03,20260728_233333_nvf18a,train,user2,ঈ,2.48787,1.095998,0.049068,0.032869,0.00586,0.046235,1.02653
1,2,20260728_233359_9wg8n4__outer01__inner02__aug01,20260728_233359_9wg8n4,train,user2,ঈ,-5.169637,1.073392,0.011444,0.034579,0.006484,0.03264,1.134567
1,2,20260728_233359_9wg8n4__outer01__inner02__aug02,20260728_233359_9wg8n4,train,user2,ঈ,1.867477,0.920903,-0.040483,-0.029427,0.007825,0.046011,0.957885
1,2,20260728_233359_9wg8n4__outer01__inner02__aug03,20260728_233359_9wg8n4,train,user2,ঈ,2.677937,1.031934,-0.034679,0.012261,0.004137,0.073989,1.117495
1,2,20260711_211455_ab7vb3__outer01__inner02__aug01,20260711_211455_ab7vb3,train,user4,অ,-4.089245,0.971649,-0.018812,-0.042067,0.003009,0.031232,1.203022
1,2,20260711_211455_ab7vb3__outer01__inner02__aug02,20260711_211455_ab7vb3,train,user4,অ,5.345118,1.057042,-0.035873,0.028296,0.003757,0.054611,1.053363
1,2,20260711_211455_ab7vb3__outer01__inner02__aug03,20260711_211455_ab7vb3,train,user4,অ,4.112614,1.030338,-0.018729,0.047949,0.005354,0.064028,0.845052
1,2,20260711_214733_y28o8p__outer01__inner02__aug01,20260711_214733_y28o8p,train,user4,অ,-0.529851,1.071609,-0.032305,0.035949,0.004021,0.040141,1.138517
1,2,20260711_214733_y28o8p__outer01__inner02__aug02,20260711_214733_y28o8p,train,user4,অ,-3.055881,0.907668,-0.011183,0.023377,0.006559,0.047834,0.841183
1,2,20260711_214733_y28o8p__outer01__inner02__aug03,20260711_214733_y28o8p,train,user4,অ,-0.368769,0.965532,-0.028235,-0.043624,0.00714,0.035571,1.066672
1,2,20260711_214747_h8ad4n__outer01__inner02__aug01,20260711_214747_h8ad4n,train,user4,অ,-0.266048,0.908723,-0.020468,0.029822,0.00417,0.063074,1.181126
1,2,20260711_214747_h8ad4n__outer01__inner02__aug02,20260711_214747_h8ad4n,train,user4,অ,1.241907,1.034266,0.002571,0.026688,0.007429,0.054772,1.027141
1,2,20260711_214747_h8ad4n__outer01__inner02__aug03,20260711_214747_h8ad4n,train,user4,অ,-3.438048,1.000716,0.016027,0.004786,0.005825,0.039037,1.011509
1,2,20260711_214802_iotb3d__outer01__inner02__aug01,20260711_214802_iotb3d,train,user4,অ,-5.61982,1.067557,0.002439,-0.010075,0.005519,0.053762,1.19996
1,2,20260711_214802_iotb3d__outer01__inner02__aug02,20260711_214802_iotb3d,train,user4,অ,-4.583456,1.07952,0.015971,-0.028304,0.0034,0.039713,0.985073
1,2,20260711_214802_iotb3d__outer01__inner02__aug03,20260711_214802_iotb3d,train,user4,অ,1.406167,0.954568,0.036023,-0.007938,0.003369,0.035437,0.862983
1,2,20260711_214818_1kqyjw__outer01__inner02__aug01,20260711_214818_1kqyjw,train,user4,অ,-2.010202,1.077415,-0.029536,0.012441,0.003947,0.064835,0.939553
1,2,20260711_214818_1kqyjw__outer01__inner02__aug02,20260711_214818_1kqyjw,train,user4,অ,-5.724025,1.000621,0.029208,-0.047112,0.004936,0.066082,1.136292
1,2,20260711_214818_1kqyjw__outer01__inner02__aug03,20260711_214818_1kqyjw,train,user4,অ,6.187028,1.077921,0.008151,-0.036962,0.006462,0.033017,1.124314
1,2,20260711_214838_nmfk2j__outer01__inner02__aug01,20260711_214838_nmfk2j,train,user4,অ,5.516255,0.954485,-0.00056,0.046791,0.006821,0.03802,1.227518
1,2,20260711_214838_nmfk2j__outer01__inner02__aug02,20260711_214838_nmfk2j,train,user4,অ,-3.035649,1.019715,0.031369,0.022884,0.007687,0.038495,1.058873
1,2,20260711_214838_nmfk2j__outer01__inner02__aug03,20260711_214838_nmfk2j,train,user4,অ,-5.190784,0.903773,0.020171,-0.003718,0.006927,0.065197,1.035988
1,2,20260711_214856_wh1jdl__outer01__inner02__aug01,20260711_214856_wh1jdl,train,user4,অ,-5.126536,0.984727,0.006095,0.018998,0.005546,0.033431,0.809183
1,2,20260711_214856_wh1jdl__outer01__inner02__aug02,20260711_214856_wh1jdl,train,user4,অ,-0.48315,0.978111,-0.023276,-0.003094,0.005546,0.076669,1.207412
1,2,20260711_214856_wh1jdl__outer01__inner02__aug03,20260711_214856_wh1jdl,train,user4,অ,-0.19598,1.026769,0.005614,-0.035094,0.005361,0.066917,1.012611
1,2,20260711_214912_5jyzoq__outer01__inner02__aug01,20260711_214912_5jyzoq,train,user4,অ,-4.033226,0.911133,0.047022,0.040852,0.005271,0.046856,0.954391
1,2,20260711_214912_5jyzoq__outer01__inner02__aug02,20260711_214912_5jyzoq,train,user4,অ,-1.762869,1.028828,0.001849,0.004413,0.003435,0.065701,1.182518
1,2,20260711_214912_5jyzoq__outer01__inner02__aug03,20260711_214912_5jyzoq,train,user4,অ,-1.225674,0.942968,0.04913,0.003791,0.00759,0.052345,1.104454
1,2,20260711_215025_9ahjj1__outer01__inner02__aug01,20260711_215025_9ahjj1,train,user4,অ,2.789178,1.089896,-0.030804,0.0399,0.003166,0.034826,1.031852
1,2,20260711_215025_9ahjj1__outer01__inner02__aug02,20260711_215025_9ahjj1,train,user4,অ,-5.460414,1.059528,0.032178,0.043876,0.003159,0.031723,0.811138
1,2,20260711_215025_9ahjj1__outer01__inner02__aug03,20260711_215025_9ahjj1,train,user4,অ,-1.609853,1.01493,-0.029967,-0.019847,0.004795,0.054124,1.014112
1,2,20260711_215040_totmvz__outer01__inner02__aug01,20260711_215040_totmvz,train,user4,অ,1.30184,0.916388,0.039332,-0.017083,0.007154,0.053263,1.190202
1,2,20260711_215040_totmvz__outer01__inner02__aug02,20260711_215040_totmvz,train,user4,অ,-0.932303,1.033923,-0.025465,0.037981,0.006141,0.072523,1.176296
1,2,20260711_215040_totmvz__outer01__inner02__aug03,20260711_215040_totmvz,train,user4,অ,0.030536,1.064366,0.0104,-0.033991,0.005886,0.049086,1.103882
1,2,20260711_215057_m3q3bw__outer01__inner02__aug01,20260711_215057_m3q3bw,train,user4,অ,0.713823,0.925437,0.00378,-0.00451,0.004454,0.068151,0.92361
1,2,20260711_215057_m3q3bw__outer01__inner02__aug02,20260711_215057_m3q3bw,train,user4,অ,6.509466,1.086579,-0.034401,0.021489,0.005079,0.045669,0.99643
1,2,20260711_215057_m3q3bw__outer01__inner02__aug03,20260711_215057_m3q3bw,train,user4,অ,2.476469,1.033864,-0.025365,0.012007,0.004033,0.047357,0.948241
1,2,20260711_215120_wa3iw4__outer01__inner02__aug01,20260711_215120_wa3iw4,train,user4,অ,-3.023652,1.052185,0.03656,-0.049886,0.007651,0.051,0.869537
1,2,20260711_215120_wa3iw4__outer01__inner02__aug02,20260711_215120_wa3iw4,train,user4,অ,-3.976496,1.077382,0.014893,-0.013612,0.005438,0.065586,1.202071
1,2,20260711_215120_wa3iw4__outer01__inner02__aug03,20260711_215120_wa3iw4,train,user4,অ,-2.88259,1.056672,0.008434,0.040238,0.006649,0.038098,1.241617
1,2,20260711_215140_jzmdn9__outer01__inner02__aug01,20260711_215140_jzmdn9,train,user4,অ,4.112274,0.911131,-0.010023,-0.049224,0.007568,0.03993,0.80016
1,2,20260711_215140_jzmdn9__outer01__inner02__aug02,20260711_215140_jzmdn9,train,user4,অ,-2.964407,1.032634,-0.040726,-0.019617,0.006951,0.05038,1.172994
1,2,20260711_215140_jzmdn9__outer01__inner02__aug03,20260711_215140_jzmdn9,train,user4,অ,2.284166,1.094098,-0.00737,0.042575,0.003351,0.044824,1.106068
1,2,20260711_215153_8dj6mi__outer01__inner02__aug01,20260711_215153_8dj6mi,train,user4,অ,0.709724,0.9962,-0.044276,-0.00206,0.003085,0.075725,1.153427
1,2,20260711_215153_8dj6mi__outer01__inner02__aug02,20260711_215153_8dj6mi,train,user4,অ,-0.55108,1.025778,-0.028155,0.044532,0.003372,0.076917,1.049036
1,2,20260711_215153_8dj6mi__outer01__inner02__aug03,20260711_215153_8dj6mi,train,user4,অ,0.056429,0.92906,-0.014619,-0.037298,0.007594,0.044181,1.046027
1,2,20260711_215210_14cuph__outer01__inner02__aug01,20260711_215210_14cuph,train,user4,অ,5.022546,1.004662,0.015236,-0.015517,0.006176,0.07559,0.906911
1,2,20260711_215210_14cuph__outer01__inner02__aug02,20260711_215210_14cuph,train,user4,অ,-4.068154,0.976486,-0.017412,-0.010695,0.00471,0.060264,1.022735
1,2,20260711_215210_14cuph__outer01__inner02__aug03,20260711_215210_14cuph,train,user4,অ,-2.229108,0.972689,0.039177,0.01698,0.004982,0.068209,1.080921
1,2,20260711_215224_s1nefb__outer01__inner02__aug01,20260711_215224_s1nefb,train,user4,অ,-2.051884,1.076936,-0.049128,0.009287,0.007659,0.055067,1.196105
1,2,20260711_215224_s1nefb__outer01__inner02__aug02,20260711_215224_s1nefb,train,user4,অ,-5.606067,1.068549,0.029395,0.0051,0.005544,0.053106,1.058846
1,2,20260711_215224_s1nefb__outer01__inner02__aug03,20260711_215224_s1nefb,train,user4,অ,-2.840698,1.062495,0.014353,0.046336,0.004668,0.044132,1.110874
1,2,20260711_211553_8q738s__outer01__inner02__aug01,20260711_211553_8q738s,train,user4,আ,5.969547,1.026243,-0.010115,0.006376,0.007384,0.046303,1.248315
1,2,20260711_211553_8q738s__outer01__inner02__aug02,20260711_211553_8q738s,train,user4,আ,4.677855,1.015963,0.003929,0.047427,0.004727,0.063462,1.064782
1,2,20260711_211553_8q738s__outer01__inner02__aug03,20260711_211553_8q738s,train,user4,আ,0.830786,0.958084,-0.006732,0.019183,0.00317,0.071669,0.908133
1,2,20260711_215326_rdw0i7__outer01__inner02__aug01,20260711_215326_rdw0i7,train,user4,আ,4.337145,0.903541,-0.048274,-0.03505,0.005119,0.05387,0.960917
1,2,20260711_215326_rdw0i7__outer01__inner02__aug02,20260711_215326_rdw0i7,train,user4,আ,-2.852804,0.940946,-0.048401,-0.045551,0.003046,0.075236,0.856021
1,2,20260711_215326_rdw0i7__outer01__inner02__aug03,20260711_215326_rdw0i7,train,user4,আ,-2.093222,1.083254,-0.035503,-0.030776,0.004077,0.047357,0.982185
1,2,20260711_215355_gtir0d__outer01__inner02__aug01,20260711_215355_gtir0d,train,user4,আ,3.913305,1.004563,-0.029244,0.003385,0.006324,0.031032,1.174487
1,2,20260711_215355_gtir0d__outer01__inner02__aug02,20260711_215355_gtir0d,train,user4,আ,5.605542,1.071281,-0.049541,-0.00467,0.007163,0.040184,1.084198
1,2,20260711_215355_gtir0d__outer01__inner02__aug03,20260711_215355_gtir0d,train,user4,আ,-0.030447,1.059538,-0.035382,0.020364,0.005821,0.037426,1.066112
1,2,20260711_215413_4z3pac__outer01__inner02__aug01,20260711_215413_4z3pac,train,user4,আ,5.196645,1.036163,-0.040849,-0.017971,0.003466,0.03529,1.001316
1,2,20260711_215413_4z3pac__outer01__inner02__aug02,20260711_215413_4z3pac,train,user4,আ,-6.138925,0.930192,-0.043457,-3.8e-05,0.00721,0.079972,1.22049
1,2,20260711_215413_4z3pac__outer01__inner02__aug03,20260711_215413_4z3pac,train,user4,আ,3.231367,0.929254,-0.012939,-0.018595,0.006402,0.046908,1.178269
1,2,20260711_215505_noe4fp__outer01__inner02__aug01,20260711_215505_noe4fp,train,user4,আ,2.225437,0.981139,-0.024418,0.020341,0.004872,0.066579,1.012504
1,2,20260711_215505_noe4fp__outer01__inner02__aug02,20260711_215505_noe4fp,train,user4,আ,-0.740328,1.017378,-0.007631,0.000501,0.006748,0.044404,0.883984
1,2,20260711_215505_noe4fp__outer01__inner02__aug03,20260711_215505_noe4fp,train,user4,আ,-4.704342,1.096519,-0.033604,0.042825,0.006626,0.062559,1.102216
1,2,20260711_215527_oaoi6c__outer01__inner02__aug01,20260711_215527_oaoi6c,train,user4,আ,-6.055098,0.906672,-0.006934,0.036667,0.007717,0.038628,1.196624
1,2,20260711_215527_oaoi6c__outer01__inner02__aug02,20260711_215527_oaoi6c,train,user4,আ,-4.234278,0.917671,-0.048223,0.049357,0.005368,0.076369,0.961922
1,2,20260711_215527_oaoi6c__outer01__inner02__aug03,20260711_215527_oaoi6c,train,user4,আ,-0.939379,1.019048,-0.013487,0.041894,0.007473,0.038712,1.13431
1,2,20260711_215554_41w3p4__outer01__inner02__aug01,20260711_215554_41w3p4,train,user4,আ,-3.29056,0.935596,-0.009093,0.020059,0.006529,0.054765,0.800855
1,2,20260711_215554_41w3p4__outer01__inner02__aug02,20260711_215554_41w3p4,train,user4,আ,2.044523,1.046155,0.049112,0.008956,0.00638,0.066799,1.061483
1,2,20260711_215554_41w3p4__outer01__inner02__aug03,20260711_215554_41w3p4,train,user4,আ,-6.125392,1.091102,-0.045097,-0.044969,0.006423,0.054223,0.995368
1,2,20260711_215623_q6sua3__outer01__inner02__aug01,20260711_215623_q6sua3,train,user4,আ,4.561678,1.008134,-0.031555,-0.023136,0.005543,0.062535,1.216058
1,2,20260711_215623_q6sua3__outer01__inner02__aug02,20260711_215623_q6sua3,train,user4,আ,5.409516,0.978446,-0.007959,0.004495,0.004163,0.03067,1.151169
1,2,20260711_215623_q6sua3__outer01__inner02__aug03,20260711_215623_q6sua3,train,user4,আ,0.810634,0.947629,-0.025404,-0.030753,0.007214,0.056164,1.037513
1,2,20260711_215646_y25z4x__outer01__inner02__aug01,20260711_215646_y25z4x,train,user4,আ,5.040168,1.007047,-0.037095,-0.01885,0.005555,0.044702,1.143622
1,2,20260711_215646_y25z4x__outer01__inner02__aug02,20260711_215646_y25z4x,train,user4,আ,-2.116174,0.913578,0.019519,-0.026506,0.006292,0.063478,1.034935
1,2,20260711_215646_y25z4x__outer01__inner02__aug03,20260711_215646_y25z4x,train,user4,আ,-0.111362,0.917373,-0.040917,-0.028666,0.005745,0.067171,1.131199
1,2,20260711_215701_i0we24__outer01__inner02__aug01,20260711_215701_i0we24,train,user4,আ,-2.063655,1.023216,-0.013893,-0.008988,0.007582,0.039471,1.21161
1,2,20260711_215701_i0we24__outer01__inner02__aug02,20260711_215701_i0we24,train,user4,আ,-5.948733,0.907303,-0.023552,-0.01191,0.007357,0.065432,0.9388
1,2,20260711_215701_i0we24__outer01__inner02__aug03,20260711_215701_i0we24,train,user4,আ,5.591016,1.08851,0.021543,-0.035243,0.006082,0.061911,1.242878
1,2,20260711_215719_fym8k2__outer01__inner02__aug01,20260711_215719_fym8k2,train,user4,আ,-5.551602,0.958751,0.007042,8.4e-05,0.006498,0.031068,0.837772
1,2,20260711_215719_fym8k2__outer01__inner02__aug02,20260711_215719_fym8k2,train,user4,আ,3.374096,0.974769,0.006929,0.025459,0.004103,0.055478,1.231192
1,2,20260711_215719_fym8k2__outer01__inner02__aug03,20260711_215719_fym8k2,train,user4,আ,5.159215,0.966817,-0.040516,-0.016735,0.005395,0.047857,1.135813
1,2,20260711_215732_e3wli4__outer01__inner02__aug01,20260711_215732_e3wli4,train,user4,আ,3.621523,0.947565,0.042549,-0.033638,0.005178,0.072003,1.079406
1,2,20260711_215732_e3wli4__outer01__inner02__aug02,20260711_215732_e3wli4,train,user4,আ,-3.090389,0.915574,0.003992,-0.019336,0.005301,0.062057,1.008421
1,2,20260711_215732_e3wli4__outer01__inner02__aug03,20260711_215732_e3wli4,train,user4,আ,3.680288,1.05635,0.03742,0.008619,0.006244,0.060968,1.128484
1,2,20260711_215746_pw5glc__outer01__inner02__aug01,20260711_215746_pw5glc,train,user4,আ,3.980455,0.921027,0.046092,-0.040767,0.004786,0.058697,0.821539
1,2,20260711_215746_pw5glc__outer01__inner02__aug02,20260711_215746_pw5glc,train,user4,আ,-6.04909,0.944112,0.040428,-0.046135,0.004374,0.064331,1.036888
1,2,20260711_215746_pw5glc__outer01__inner02__aug03,20260711_215746_pw5glc,train,user4,আ,4.520454,0.955846,-0.046254,-0.033551,0.005161,0.031349,0.830619
1,2,20260711_215803_gtb1nz__outer01__inner02__aug01,20260711_215803_gtb1nz,train,user4,আ,-2.311345,1.089696,0.049868,0.012419,0.006132,0.045508,0.817114
1,2,20260711_215803_gtb1nz__outer01__inner02__aug02,20260711_215803_gtb1nz,train,user4,আ,2.313155,1.02709,-0.031885,-0.036565,0.00613,0.032122,1.059388
1,2,20260711_215803_gtb1nz__outer01__inner02__aug03,20260711_215803_gtb1nz,train,user4,আ,6.993509,1.027614,-0.033104,-0.013781,0.005728,0.053482,0.800493
1,2,20260711_215826_09me7o__outer01__inner02__aug01,20260711_215826_09me7o,train,user4,আ,-1.118583,1.070084,0.0237,-0.030746,0.003062,0.070384,1.09138
1,2,20260711_215826_09me7o__outer01__inner02__aug02,20260711_215826_09me7o,train,user4,আ,-1.861897,1.001126,0.018769,0.040412,0.004223,0.075075,1.174771
1,2,20260711_215826_09me7o__outer01__inner02__aug03,20260711_215826_09me7o,train,user4,আ,-0.052921,0.914491,0.020346,0.042267,0.006272,0.079683,1.027506
1,2,20260711_215850_2a6qfe__outer01__inner02__aug01,20260711_215850_2a6qfe,train,user4,আ,-4.457825,0.911445,0.048729,0.006369,0.005634,0.044131,1.034422
1,2,20260711_215850_2a6qfe__outer01__inner02__aug02,20260711_215850_2a6qfe,train,user4,আ,-6.770308,1.087548,-0.009707,0.038934,0.007317,0.056221,0.908288
1,2,20260711_215850_2a6qfe__outer01__inner02__aug03,20260711_215850_2a6qfe,train,user4,আ,-1.405771,1.010504,0.046689,0.01292,0.006401,0.041787,1.086534
1,2,20260711_211613_pni7yl__outer01__inner02__aug01,20260711_211613_pni7yl,train,user4,ই,-1.738362,0.939956,-0.032696,-0.047214,0.004815,0.035192,1.048991
1,2,20260711_211613_pni7yl__outer01__inner02__aug02,20260711_211613_pni7yl,train,user4,ই,5.584871,0.932293,0.036623,0.043839,0.0032,0.047659,1.232588
1,2,20260711_211613_pni7yl__outer01__inner02__aug03,20260711_211613_pni7yl,train,user4,ই,6.218482,1.059472,0.003467,-0.047115,0.00657,0.057082,1.148086
1,2,20260711_211631_omhqof__outer01__inner02__aug01,20260711_211631_omhqof,train,user4,ই,6.007881,1.066884,0.012289,0.033748,0.006034,0.038308,1.166584
1,2,20260711_211631_omhqof__outer01__inner02__aug02,20260711_211631_omhqof,train,user4,ই,2.515335,0.946897,-0.00877,-0.014715,0.0052,0.075739,1.205204
1,2,20260711_211631_omhqof__outer01__inner02__aug03,20260711_211631_omhqof,train,user4,ই,4.401498,0.918664,-0.007647,-0.032082,0.003132,0.06895,0.974999
1,2,20260711_215916_5xq3ym__outer01__inner02__aug01,20260711_215916_5xq3ym,train,user4,ই,1.830086,0.974635,0.045896,-0.049758,0.00586,0.055651,1.196487
1,2,20260711_215916_5xq3ym__outer01__inner02__aug02,20260711_215916_5xq3ym,train,user4,ই,3.507759,0.959032,0.021774,-0.011905,0.007948,0.041959,1.135143
1,2,20260711_215916_5xq3ym__outer01__inner02__aug03,20260711_215916_5xq3ym,train,user4,ই,5.291096,0.911256,-0.04916,-0.041842,0.007006,0.079058,0.850505
1,2,20260711_215928_ckxbi5__outer01__inner02__aug01,20260711_215928_ckxbi5,train,user4,ই,-5.679088,0.910546,0.046637,0.031988,0.005304,0.061379,1.134974
1,2,20260711_215928_ckxbi5__outer01__inner02__aug02,20260711_215928_ckxbi5,train,user4,ই,-2.658311,1.057999,0.007486,-0.037445,0.00728,0.069907,0.865171
1,2,20260711_215928_ckxbi5__outer01__inner02__aug03,20260711_215928_ckxbi5,train,user4,ই,2.746172,0.910469,-0.017913,-0.005251,0.00722,0.075936,1.238275
1,2,20260711_215945_ovgs11__outer01__inner02__aug01,20260711_215945_ovgs11,train,user4,ই,0.407381,1.072962,0.017136,-0.038188,0.003242,0.044453,0.859878
1,2,20260711_215945_ovgs11__outer01__inner02__aug02,20260711_215945_ovgs11,train,user4,ই,0.054207,1.0803,0.037935,0.006821,0.005161,0.064917,1.100094
1,2,20260711_215945_ovgs11__outer01__inner02__aug03,20260711_215945_ovgs11,train,user4,ই,-1.84988,0.92482,-0.010094,-0.042178,0.005045,0.051898,0.960958
1,2,20260711_215959_axw0jl__outer01__inner02__aug01,20260711_215959_axw0jl,train,user4,ই,-6.866643,1.024641,-0.025109,0.014871,0.007772,0.070127,0.88016
1,2,20260711_215959_axw0jl__outer01__inner02__aug02,20260711_215959_axw0jl,train,user4,ই,3.067108,0.902966,0.005253,-0.041319,0.007658,0.0441,1.14703
1,2,20260711_215959_axw0jl__outer01__inner02__aug03,20260711_215959_axw0jl,train,user4,ই,0.273675,1.015878,-0.017555,-0.040685,0.005263,0.040711,1.167764
1,2,20260711_220013_x16qxh__outer01__inner02__aug01,20260711_220013_x16qxh,train,user4,ই,1.250382,1.0687,-0.000637,-0.005567,0.00632,0.033202,1.094696
1,2,20260711_220013_x16qxh__outer01__inner02__aug02,20260711_220013_x16qxh,train,user4,ই,-0.39708,0.939946,0.007405,-0.016254,0.005261,0.04585,1.209323
1,2,20260711_220013_x16qxh__outer01__inner02__aug03,20260711_220013_x16qxh,train,user4,ই,-6.249865,1.066432,-0.000617,-0.041065,0.007923,0.045654,1.049919
1,2,20260711_220027_1j40u6__outer01__inner02__aug01,20260711_220027_1j40u6,train,user4,ই,-4.639542,1.088099,-0.046857,-0.004277,0.005112,0.046081,1.053481
1,2,20260711_220027_1j40u6__outer01__inner02__aug02,20260711_220027_1j40u6,train,user4,ই,1.470815,0.901904,0.003713,-0.047593,0.004135,0.052152,1.148089
1,2,20260711_220027_1j40u6__outer01__inner02__aug03,20260711_220027_1j40u6,train,user4,ই,-0.89834,1.032025,0.02365,0.000418,0.005349,0.046274,0.835271
1,2,20260711_220043_yyhe4o__outer01__inner02__aug01,20260711_220043_yyhe4o,train,user4,ই,-0.787,0.992036,-0.027893,-0.045172,0.005335,0.066507,1.147949
1,2,20260711_220043_yyhe4o__outer01__inner02__aug02,20260711_220043_yyhe4o,train,user4,ই,-6.791399,1.019859,-0.048817,-0.019111,0.005073,0.063372,0.908264
1,2,20260711_220043_yyhe4o__outer01__inner02__aug03,20260711_220043_yyhe4o,train,user4,ই,2.086312,1.039643,0.01385,-0.024729,0.007768,0.046412,1.065509
1,2,20260711_220058_6cy90j__outer01__inner02__aug01,20260711_220058_6cy90j,train,user4,ই,-5.743147,1.004136,-0.030102,0.027296,0.003729,0.071452,1.132468
1,2,20260711_220058_6cy90j__outer01__inner02__aug02,20260711_220058_6cy90j,train,user4,ই,-4.641745,0.92045,0.02138,0.034611,0.007493,0.036802,0.897225
1,2,20260711_220058_6cy90j__outer01__inner02__aug03,20260711_220058_6cy90j,train,user4,ই,-3.590963,1.0732,0.047365,-0.028938,0.004136,0.071465,0.872608
1,2,20260711_220112_94lc88__outer01__inner02__aug01,20260711_220112_94lc88,train,user4,ই,-1.6952,0.991188,0.043241,-0.043277,0.004777,0.041862,0.880396
1,2,20260711_220112_94lc88__outer01__inner02__aug02,20260711_220112_94lc88,train,user4,ই,-6.205042,1.045781,-0.007033,0.00994,0.003591,0.04172,1.161931
1,2,20260711_220112_94lc88__outer01__inner02__aug03,20260711_220112_94lc88,train,user4,ই,6.039156,1.065253,0.007842,0.006798,0.003891,0.056737,0.805955
1,2,20260711_220132_3b6d70__outer01__inner02__aug01,20260711_220132_3b6d70,train,user4,ই,-0.29166,1.082552,-0.01205,0.019908,0.003801,0.079459,1.192014
1,2,20260711_220132_3b6d70__outer01__inner02__aug02,20260711_220132_3b6d70,train,user4,ই,-3.407578,1.011233,-0.015273,-0.023892,0.006602,0.065969,1.157864
1,2,20260711_220132_3b6d70__outer01__inner02__aug03,20260711_220132_3b6d70,train,user4,ই,2.883243,0.901365,0.010311,-0.047859,0.003225,0.066122,1.162183
1,2,20260711_220151_kjuuzh__outer01__inner02__aug01,20260711_220151_kjuuzh,train,user4,ই,-3.828482,1.092979,0.000873,0.011759,0.003241,0.051858,1.125992
1,2,20260711_220151_kjuuzh__outer01__inner02__aug02,20260711_220151_kjuuzh,train,user4,ই,-2.571677,1.098173,-0.046713,-0.042833,0.003694,0.036097,0.86671
1,2,20260711_220151_kjuuzh__outer01__inner02__aug03,20260711_220151_kjuuzh,train,user4,ই,-1.538221,1.028721,0.008825,-0.017392,0.005696,0.034122,1.034503
1,2,20260711_220205_cr3boy__outer01__inner02__aug01,20260711_220205_cr3boy,train,user4,ই,-4.420644,0.927252,0.033322,-0.001,0.004909,0.068329,1.248217
1,2,20260711_220205_cr3boy__outer01__inner02__aug02,20260711_220205_cr3boy,train,user4,ই,1.547148,1.061538,-0.032877,-0.024424,0.004564,0.04356,1.222383
1,2,20260711_220205_cr3boy__outer01__inner02__aug03,20260711_220205_cr3boy,train,user4,ই,6.052806,0.929807,0.040288,0.012511,0.005502,0.033671,1.18178
1,2,20260711_220217_85rgxu__outer01__inner02__aug01,20260711_220217_85rgxu,train,user4,ই,3.605726,0.93387,0.011518,0.03105,0.004922,0.075545,1.248114
1,2,20260711_220217_85rgxu__outer01__inner02__aug02,20260711_220217_85rgxu,train,user4,ই,5.717924,0.984458,-0.031382,0.037078,0.00526,0.04533,1.132397
1,2,20260711_220217_85rgxu__outer01__inner02__aug03,20260711_220217_85rgxu,train,user4,ই,5.778378,0.967826,0.038755,-0.020376,0.003171,0.042424,1.179009
1,2,20260711_220235_4uai7u__outer01__inner02__aug01,20260711_220235_4uai7u,train,user4,ই,1.024595,0.921667,-0.037525,-0.023808,0.006952,0.030725,0.937854
1,2,20260711_220235_4uai7u__outer01__inner02__aug02,20260711_220235_4uai7u,train,user4,ই,-2.353438,0.966323,0.036293,-0.047605,0.005049,0.072047,1.162579
1,2,20260711_220235_4uai7u__outer01__inner02__aug03,20260711_220235_4uai7u,train,user4,ই,4.600959,1.016901,-0.030225,0.028915,0.006968,0.05304,1.116386
1,2,20260711_220308_e7l7wm__outer01__inner02__aug01,20260711_220308_e7l7wm,train,user4,ই,-1.302339,0.900456,-0.007221,0.043311,0.003101,0.031654,0.805644
1,2,20260711_220308_e7l7wm__outer01__inner02__aug02,20260711_220308_e7l7wm,train,user4,ই,6.81596,1.026912,-0.016506,-0.043073,0.006592,0.049953,0.954014
1,2,20260711_220308_e7l7wm__outer01__inner02__aug03,20260711_220308_e7l7wm,train,user4,ই,4.946424,0.937827,-0.037639,-0.003654,0.004565,0.054158,0.864566
1,2,20260711_220404_itceug__outer01__inner02__aug01,20260711_220404_itceug,train,user4,ঈ,4.605588,0.922057,0.012918,-0.0177,0.00324,0.072746,1.078408
1,2,20260711_220404_itceug__outer01__inner02__aug02,20260711_220404_itceug,train,user4,ঈ,5.990652,0.921767,-0.0231,0.021986,0.003372,0.060367,0.977599
1,2,20260711_220404_itceug__outer01__inner02__aug03,20260711_220404_itceug,train,user4,ঈ,-1.583868,1.093952,-0.003802,0.017094,0.004039,0.051701,0.924403
1,2,20260711_220444_r35mfs__outer01__inner02__aug01,20260711_220444_r35mfs,train,user4,ঈ,-1.76828,0.914229,0.020529,0.014917,0.005156,0.074468,0.94613
1,2,20260711_220444_r35mfs__outer01__inner02__aug02,20260711_220444_r35mfs,train,user4,ঈ,5.747522,0.985485,0.016853,0.036803,0.004126,0.06659,0.821423
1,2,20260711_220444_r35mfs__outer01__inner02__aug03,20260711_220444_r35mfs,train,user4,ঈ,-5.621822,0.981581,0.005417,0.041531,0.006295,0.044476,0.990014
1,2,20260711_220519_ila5ji__outer01__inner02__aug01,20260711_220519_ila5ji,train,user4,ঈ,2.168704,0.933826,-0.012538,0.030703,0.005006,0.069858,1.021934
1,2,20260711_220519_ila5ji__outer01__inner02__aug02,20260711_220519_ila5ji,train,user4,ঈ,1.491853,1.069712,0.028305,0.027177,0.007504,0.068106,1.195561
1,2,20260711_220519_ila5ji__outer01__inner02__aug03,20260711_220519_ila5ji,train,user4,ঈ,-1.941398,1.006846,0.008713,-0.031725,0.005787,0.056362,1.078509
1,2,20260711_220543_7o5bd0__outer01__inner02__aug01,20260711_220543_7o5bd0,train,user4,ঈ,-0.954908,1.053236,0.035724,-0.006198,0.004171,0.064451,0.815192
1,2,20260711_220543_7o5bd0__outer01__inner02__aug02,20260711_220543_7o5bd0,train,user4,ঈ,-0.334804,0.919706,-0.048716,-0.035099,0.006932,0.065441,1.158339
1,2,20260711_220543_7o5bd0__outer01__inner02__aug03,20260711_220543_7o5bd0,train,user4,ঈ,4.166836,1.081944,-0.018317,0.006533,0.005496,0.034762,1.164466
1,2,20260711_220606_essesa__outer01__inner02__aug01,20260711_220606_essesa,train,user4,ঈ,6.045825,0.943179,0.029752,0.047096,0.007801,0.077031,0.838203
1,2,20260711_220606_essesa__outer01__inner02__aug02,20260711_220606_essesa,train,user4,ঈ,4.745184,0.912071,0.035791,0.047529,0.006034,0.073732,1.178826
1,2,20260711_220606_essesa__outer01__inner02__aug03,20260711_220606_essesa,train,user4,ঈ,4.141606,1.030736,0.049608,-0.021142,0.003298,0.069929,0.812154
1,2,20260711_220641_ufswp1__outer01__inner02__aug01,20260711_220641_ufswp1,train,user4,ঈ,1.180206,1.080215,0.016168,0.017825,0.004656,0.064857,0.87529
1,2,20260711_220641_ufswp1__outer01__inner02__aug02,20260711_220641_ufswp1,train,user4,ঈ,-1.045763,1.00405,0.049102,-0.012684,0.005845,0.044371,1.144188
1,2,20260711_220641_ufswp1__outer01__inner02__aug03,20260711_220641_ufswp1,train,user4,ঈ,1.942835,0.947012,0.002996,0.004246,0.007642,0.068664,1.184949
1,2,20260711_220701_y1rftt__outer01__inner02__aug01,20260711_220701_y1rftt,train,user4,ঈ,-5.351977,1.016023,0.034715,-0.040058,0.004098,0.055937,0.847521
1,2,20260711_220701_y1rftt__outer01__inner02__aug02,20260711_220701_y1rftt,train,user4,ঈ,-3.611786,1.058926,0.011749,-0.02069,0.006405,0.060675,0.9922
1,2,20260711_220701_y1rftt__outer01__inner02__aug03,20260711_220701_y1rftt,train,user4,ঈ,-4.47704,0.982842,0.026788,-0.034778,0.003643,0.036155,0.960645
1,2,20260711_220721_h9k2mi__outer01__inner02__aug01,20260711_220721_h9k2mi,train,user4,ঈ,-1.019399,1.074669,-0.021945,0.047472,0.004268,0.045177,1.080569
1,2,20260711_220721_h9k2mi__outer01__inner02__aug02,20260711_220721_h9k2mi,train,user4,ঈ,6.460262,0.997632,0.034395,-0.014266,0.007433,0.039176,1.111196
1,2,20260711_220721_h9k2mi__outer01__inner02__aug03,20260711_220721_h9k2mi,train,user4,ঈ,5.571385,1.013851,-0.031437,-0.032897,0.005183,0.073634,1.024014
1,2,20260711_220738_j2qzn6__outer01__inner02__aug01,20260711_220738_j2qzn6,train,user4,ঈ,2.622881,0.995308,0.027066,-0.016907,0.003658,0.043604,1.096609
1,2,20260711_220738_j2qzn6__outer01__inner02__aug02,20260711_220738_j2qzn6,train,user4,ঈ,-6.575372,1.014287,-0.00825,0.041298,0.004334,0.078083,1.143062
1,2,20260711_220738_j2qzn6__outer01__inner02__aug03,20260711_220738_j2qzn6,train,user4,ঈ,-3.4273,0.995601,0.045034,-0.048732,0.005558,0.034739,1.047827
1,2,20260711_220751_axw80l__outer01__inner02__aug01,20260711_220751_axw80l,train,user4,ঈ,2.751262,1.083475,-0.044243,0.0074,0.007438,0.039729,0.812467
1,2,20260711_220751_axw80l__outer01__inner02__aug02,20260711_220751_axw80l,train,user4,ঈ,4.866067,0.991442,0.005581,0.00618,0.007679,0.044231,0.956269
1,2,20260711_220751_axw80l__outer01__inner02__aug03,20260711_220751_axw80l,train,user4,ঈ,3.887891,0.965498,-0.046892,-0.024285,0.003851,0.042195,1.086578
1,2,20260711_220807_mldxj2__outer01__inner02__aug01,20260711_220807_mldxj2,train,user4,ঈ,-0.957187,0.916908,-0.031048,-0.024671,0.006791,0.078456,1.23949
1,2,20260711_220807_mldxj2__outer01__inner02__aug02,20260711_220807_mldxj2,train,user4,ঈ,3.521977,1.030072,-0.029626,0.00879,0.005201,0.076806,1.13844
1,2,20260711_220807_mldxj2__outer01__inner02__aug03,20260711_220807_mldxj2,train,user4,ঈ,6.39825,0.998834,0.04516,-0.032768,0.007428,0.031296,0.87728
1,2,20260711_220822_wgaxvc__outer01__inner02__aug01,20260711_220822_wgaxvc,train,user4,ঈ,6.352265,1.035683,0.010931,0.016609,0.006505,0.062706,1.16451
1,2,20260711_220822_wgaxvc__outer01__inner02__aug02,20260711_220822_wgaxvc,train,user4,ঈ,-2.108956,0.905309,0.027278,0.027401,0.004341,0.057717,1.012475
1,2,20260711_220822_wgaxvc__outer01__inner02__aug03,20260711_220822_wgaxvc,train,user4,ঈ,0.898387,1.089201,0.039086,-0.045169,0.007864,0.071236,0.998461
1,2,20260711_220837_dby4gx__outer01__inner02__aug01,20260711_220837_dby4gx,train,user4,ঈ,-5.054483,1.026975,-0.04937,-0.019636,0.003605,0.074421,0.915082
1,2,20260711_220837_dby4gx__outer01__inner02__aug02,20260711_220837_dby4gx,train,user4,ঈ,-5.757203,1.007855,-0.045128,0.029279,0.006636,0.03759,0.84812
1,2,20260711_220837_dby4gx__outer01__inner02__aug03,20260711_220837_dby4gx,train,user4,ঈ,-1.356598,0.913963,0.028295,-0.011656,0.006607,0.057508,1.085124
1,2,20260711_220850_xo5kch__outer01__inner02__aug01,20260711_220850_xo5kch,train,user4,ঈ,2.089033,0.963373,0.040435,-0.042399,0.005927,0.03365,1.093181
1,2,20260711_220850_xo5kch__outer01__inner02__aug02,20260711_220850_xo5kch,train,user4,ঈ,6.987445,0.979276,-0.000596,0.015483,0.005734,0.079878,1.196605
1,2,20260711_220850_xo5kch__outer01__inner02__aug03,20260711_220850_xo5kch,train,user4,ঈ,-2.267037,1.035328,0.026024,0.023283,0.006244,0.036563,1.167995
1,2,20260711_220906_ehc737__outer01__inner02__aug01,20260711_220906_ehc737,train,user4,ঈ,3.463085,1.062539,0.0459,0.043272,0.007831,0.078492,0.802345
1,2,20260711_220906_ehc737__outer01__inner02__aug02,20260711_220906_ehc737,train,user4,ঈ,-3.340993,0.992901,0.032075,0.007897,0.007798,0.04961,1.125301
1,2,20260711_220906_ehc737__outer01__inner02__aug03,20260711_220906_ehc737,train,user4,ঈ,-1.497742,1.089158,0.025228,-0.009778,0.00411,0.072933,0.854258
2,0,20260711_220930_a944cy__outer02__inner00__aug01,20260711_220930_a944cy,train,for_bonhi,ঔ,-6.604854,0.900757,-0.045425,0.003804,0.006532,0.064994,1.037568
2,0,20260711_220930_a944cy__outer02__inner00__aug02,20260711_220930_a944cy,train,for_bonhi,ঔ,0.204581,0.993568,-0.041164,0.008017,0.004039,0.043329,1.238961
2,0,20260711_220930_a944cy__outer02__inner00__aug03,20260711_220930_a944cy,train,for_bonhi,ঔ,-3.191383,1.011955,-0.018628,-0.038547,0.004736,0.04925,1.02089
2,0,20260703_231939_jmltkn__outer02__inner00__aug01,20260703_231939_jmltkn,train,user1,অ,3.572899,0.945349,-0.008476,-0.036929,0.005636,0.031147,1.076508
2,0,20260703_231939_jmltkn__outer02__inner00__aug02,20260703_231939_jmltkn,train,user1,অ,-0.725654,1.036188,0.047903,0.019047,0.004068,0.076927,0.91835
2,0,20260703_231939_jmltkn__outer02__inner00__aug03,20260703_231939_jmltkn,train,user1,অ,-3.575744,1.008097,0.030312,-0.003365,0.003486,0.05234,1.039052
2,0,20260704_230134_0i7e7o__outer02__inner00__aug01,20260704_230134_0i7e7o,train,user1,অ,-6.941987,0.950805,0.009397,-0.024957,0.004451,0.042441,0.877327
2,0,20260704_230134_0i7e7o__outer02__inner00__aug02,20260704_230134_0i7e7o,train,user1,অ,-4.122342,0.992076,-0.045349,-0.047476,0.005912,0.064094,0.828666
2,0,20260704_230134_0i7e7o__outer02__inner00__aug03,20260704_230134_0i7e7o,train,user1,অ,-2.60931,0.915534,0.013404,-0.02275,0.004533,0.041168,0.991138
2,0,20260704_230207_s0bru0__outer02__inner00__aug01,20260704_230207_s0bru0,train,user1,অ,-6.473495,0.913199,0.007966,-0.032431,0.003903,0.048071,1.185046
2,0,20260704_230207_s0bru0__outer02__inner00__aug02,20260704_230207_s0bru0,train,user1,অ,-0.279371,1.065956,-0.043998,0.046833,0.00374,0.042472,1.24389
2,0,20260704_230207_s0bru0__outer02__inner00__aug03,20260704_230207_s0bru0,train,user1,অ,-1.827183,0.9804,-0.006166,0.024871,0.004827,0.073219,1.074342
2,0,20260704_230243_20ggrl__outer02__inner00__aug01,20260704_230243_20ggrl,train,user1,অ,5.755361,1.026351,-0.033814,-0.016842,0.006291,0.077417,1.052749
2,0,20260704_230243_20ggrl__outer02__inner00__aug02,20260704_230243_20ggrl,train,user1,অ,-2.492317,0.952634,-0.006749,-0.015327,0.003038,0.071298,1.12481
2,0,20260704_230243_20ggrl__outer02__inner00__aug03,20260704_230243_20ggrl,train,user1,অ,1.058453,0.919309,0.02823,-0.023284,0.006575,0.057862,1.206939
2,0,20260704_230314_biogka__outer02__inner00__aug01,20260704_230314_biogka,train,user1,অ,4.557,1.046798,-0.022373,-0.025225,0.004507,0.073726,0.881623
2,0,20260704_230314_biogka__outer02__inner00__aug02,20260704_230314_biogka,train,user1,অ,-6.57752,1.090447,-0.044673,0.017826,0.00411,0.078301,1.065818
2,0,20260704_230314_biogka__outer02__inner00__aug03,20260704_230314_biogka,train,user1,অ,-5.128396,1.033918,-0.007695,0.043821,0.003482,0.030323,1.236739
2,0,20260704_230343_z76un4__outer02__inner00__aug01,20260704_230343_z76un4,train,user1,অ,-2.041587,0.924381,-0.040226,-0.011765,0.003878,0.05548,1.058177
2,0,20260704_230343_z76un4__outer02__inner00__aug02,20260704_230343_z76un4,train,user1,অ,-0.570338,0.98144,-0.034111,-0.005917,0.003666,0.043713,0.852411
2,0,20260704_230343_z76un4__outer02__inner00__aug03,20260704_230343_z76un4,train,user1,অ,-5.440551,0.964871,0.017666,-0.033944,0.003178,0.074673,0.869713
2,0,20260704_230438_1by20a__outer02__inner00__aug01,20260704_230438_1by20a,train,user1,অ,6.688443,1.046752,0.01941,-0.030476,0.005472,0.037897,0.881221
2,0,20260704_230438_1by20a__outer02__inner00__aug02,20260704_230438_1by20a,train,user1,অ,5.07015,0.978913,-0.041889,0.003717,0.006391,0.031817,1.001397
2,0,20260704_230438_1by20a__outer02__inner00__aug03,20260704_230438_1by20a,train,user1,অ,0.727791,1.024482,0.00528,-0.002352,0.00493,0.036065,0.810241
2,0,20260704_230508_zz8agk__outer02__inner00__aug01,20260704_230508_zz8agk,train,user1,অ,6.659508,0.953914,-0.006708,-0.033745,0.007948,0.038319,0.905399
2,0,20260704_230508_zz8agk__outer02__inner00__aug02,20260704_230508_zz8agk,train,user1,অ,-3.851435,1.093159,0.015028,-0.046344,0.007118,0.063161,1.019544
2,0,20260704_230508_zz8agk__outer02__inner00__aug03,20260704_230508_zz8agk,train,user1,অ,-1.638391,0.964392,0.022384,-0.041557,0.006391,0.052763,1.132052
2,0,20260704_230530_8783vw__outer02__inner00__aug01,20260704_230530_8783vw,train,user1,অ,-2.052286,0.910657,-0.011477,-0.017262,0.00562,0.048296,0.806785
2,0,20260704_230530_8783vw__outer02__inner00__aug02,20260704_230530_8783vw,train,user1,অ,5.478279,0.999799,-0.03707,0.030281,0.005343,0.059704,1.076397
2,0,20260704_230530_8783vw__outer02__inner00__aug03,20260704_230530_8783vw,train,user1,অ,2.862036,1.012604,0.043362,-0.002599,0.004534,0.034621,0.830298
2,0,20260704_230601_9fuwl5__outer02__inner00__aug01,20260704_230601_9fuwl5,train,user1,অ,-6.365068,0.922574,0.047817,-0.042937,0.006407,0.053517,0.881564
2,0,20260704_230601_9fuwl5__outer02__inner00__aug02,20260704_230601_9fuwl5,train,user1,অ,-0.309978,1.092651,-0.029464,-0.009345,0.007219,0.065381,0.926273
2,0,20260704_230601_9fuwl5__outer02__inner00__aug03,20260704_230601_9fuwl5,train,user1,অ,-3.531937,1.092624,0.006283,0.006509,0.005457,0.062817,0.874205
2,0,20260704_230631_iep9zz__outer02__inner00__aug01,20260704_230631_iep9zz,train,user1,অ,-6.030526,0.920654,0.009231,0.027257,0.004495,0.037964,0.956007
2,0,20260704_230631_iep9zz__outer02__inner00__aug02,20260704_230631_iep9zz,train,user1,অ,-3.934243,1.072603,-0.007892,-0.012077,0.005778,0.063792,1.107173
2,0,20260704_230631_iep9zz__outer02__inner00__aug03,20260704_230631_iep9zz,train,user1,অ,-2.682439,1.06954,-0.037438,0.00048,0.005384,0.046404,1.139192
2,0,20260709_222041_giojuy__outer02__inner00__aug01,20260709_222041_giojuy,train,user1,অ,1.142908,1.013019,-0.04723,-0.037884,0.007942,0.079207,1.042133
2,0,20260709_222041_giojuy__outer02__inner00__aug02,20260709_222041_giojuy,train,user1,অ,-5.932398,0.991994,0.049842,-0.048212,0.007802,0.067778,1.046581
2,0,20260709_222041_giojuy__outer02__inner00__aug03,20260709_222041_giojuy,train,user1,অ,-3.608774,0.97213,0.0003,0.028247,0.0068,0.078676,1.050426
2,0,20260704_230720_4nlmlz__outer02__inner00__aug01,20260704_230720_4nlmlz,train,user1,আ,-3.240945,1.008696,0.046771,-0.04106,0.007827,0.04744,0.914767
2,0,20260704_230720_4nlmlz__outer02__inner00__aug02,20260704_230720_4nlmlz,train,user1,আ,2.980401,1.032844,-0.041887,0.026503,0.004759,0.056117,1.042698
2,0,20260704_230720_4nlmlz__outer02__inner00__aug03,20260704_230720_4nlmlz,train,user1,আ,6.329248,0.927544,0.026101,-0.008088,0.007597,0.070656,0.910031
2,0,20260704_230748_cofjqd__outer02__inner00__aug01,20260704_230748_cofjqd,train,user1,আ,1.344463,0.938447,-0.04363,-0.035452,0.004145,0.044997,0.873917
2,0,20260704_230748_cofjqd__outer02__inner00__aug02,20260704_230748_cofjqd,train,user1,আ,3.56032,0.921857,-0.010381,0.040767,0.005541,0.05681,1.241999
2,0,20260704_230748_cofjqd__outer02__inner00__aug03,20260704_230748_cofjqd,train,user1,আ,-3.440726,0.984696,0.015236,0.031155,0.003176,0.073021,0.958072
2,0,20260704_230823_p4djtm__outer02__inner00__aug01,20260704_230823_p4djtm,train,user1,আ,0.564942,0.91528,-0.031828,0.005912,0.005548,0.054073,1.100783
2,0,20260704_230823_p4djtm__outer02__inner00__aug02,20260704_230823_p4djtm,train,user1,আ,3.25215,0.986796,0.012043,0.019486,0.004656,0.078108,1.115161
2,0,20260704_230823_p4djtm__outer02__inner00__aug03,20260704_230823_p4djtm,train,user1,আ,5.484777,0.950662,-0.024627,-0.015019,0.0062,0.068914,0.913402
2,0,20260704_230900_jm6b9y__outer02__inner00__aug01,20260704_230900_jm6b9y,train,user1,আ,-5.308278,0.97575,-0.012903,0.020265,0.005586,0.03517,0.827806
2,0,20260704_230900_jm6b9y__outer02__inner00__aug02,20260704_230900_jm6b9y,train,user1,আ,1.475485,1.005156,0.037546,0.046348,0.006431,0.060364,0.931186
2,0,20260704_230900_jm6b9y__outer02__inner00__aug03,20260704_230900_jm6b9y,train,user1,আ,-6.582009,0.976125,-0.046355,0.017481,0.004573,0.048147,0.923674
2,0,20260704_230941_ogdcp4__outer02__inner00__aug01,20260704_230941_ogdcp4,train,user1,আ,0.219491,1.042277,-0.039927,-0.028946,0.004679,0.068931,1.029267
2,0,20260704_230941_ogdcp4__outer02__inner00__aug02,20260704_230941_ogdcp4,train,user1,আ,-2.128988,0.964521,0.042896,0.011154,0.004068,0.07223,1.236597
2,0,20260704_230941_ogdcp4__outer02__inner00__aug03,20260704_230941_ogdcp4,train,user1,আ,5.965993,1.032653,-0.01813,-0.023611,0.003192,0.035342,1.240711
2,0,20260704_231010_4ha6y7__outer02__inner00__aug01,20260704_231010_4ha6y7,train,user1,আ,0.532196,1.036827,-0.013904,0.042636,0.006766,0.072063,0.801516
2,0,20260704_231010_4ha6y7__outer02__inner00__aug02,20260704_231010_4ha6y7,train,user1,আ,-2.059684,0.986851,-0.046064,-0.005903,0.004543,0.065161,1.052584
2,0,20260704_231010_4ha6y7__outer02__inner00__aug03,20260704_231010_4ha6y7,train,user1,আ,0.937957,0.922924,0.045478,-0.049048,0.006119,0.07238,1.235687
2,0,20260728_232136_0wkg0v__outer02__inner00__aug01,20260728_232136_0wkg0v,train,user1,আ,-6.378303,1.006203,-0.016131,-0.015125,0.007563,0.071018,1.084839
2,0,20260728_232136_0wkg0v__outer02__inner00__aug02,20260728_232136_0wkg0v,train,user1,আ,1.624098,1.06237,-0.041192,0.028008,0.004952,0.042754,0.978454
2,0,20260728_232136_0wkg0v__outer02__inner00__aug03,20260728_232136_0wkg0v,train,user1,আ,-1.836865,1.013359,0.025202,0.024562,0.0065,0.047185,1.173505
2,0,20260728_232203_7c77zv__outer02__inner00__aug01,20260728_232203_7c77zv,train,user1,আ,4.946383,0.904231,-0.005353,-0.045986,0.007354,0.032506,0.96097
2,0,20260728_232203_7c77zv__outer02__inner00__aug02,20260728_232203_7c77zv,train,user1,আ,6.423813,0.952346,-0.010258,-0.033106,0.006176,0.0426,1.112819
2,0,20260728_232203_7c77zv__outer02__inner00__aug03,20260728_232203_7c77zv,train,user1,আ,3.720028,0.912476,-0.031016,0.049412,0.007909,0.054351,0.849571
2,0,20260728_232238_kgwkds__outer02__inner00__aug01,20260728_232238_kgwkds,train,user1,আ,-1.60342,1.059054,-0.007839,0.035085,0.005337,0.040733,1.236255
2,0,20260728_232238_kgwkds__outer02__inner00__aug02,20260728_232238_kgwkds,train,user1,আ,6.335309,1.016611,0.000838,-0.008202,0.003911,0.075811,1.012402
2,0,20260728_232238_kgwkds__outer02__inner00__aug03,20260728_232238_kgwkds,train,user1,আ,6.035797,0.950441,0.023019,-0.048953,0.007154,0.051143,0.863703
2,0,20260728_232316_s2ep8l__outer02__inner00__aug01,20260728_232316_s2ep8l,train,user1,আ,-3.180655,1.062374,-0.038451,-0.002802,0.006665,0.072929,1.04717
2,0,20260728_232316_s2ep8l__outer02__inner00__aug02,20260728_232316_s2ep8l,train,user1,আ,6.072206,1.06293,0.043468,0.049072,0.004886,0.068558,0.988005
2,0,20260728_232316_s2ep8l__outer02__inner00__aug03,20260728_232316_s2ep8l,train,user1,আ,0.404221,1.09821,0.023572,-0.043785,0.005811,0.057518,1.208313
2,0,20260705_210750_hp0ub6__outer02__inner00__aug01,20260705_210750_hp0ub6,train,user1,ই,-3.46441,0.941032,-0.044409,0.035331,0.006438,0.030698,0.974065
2,0,20260705_210750_hp0ub6__outer02__inner00__aug02,20260705_210750_hp0ub6,train,user1,ই,2.416131,1.073914,-0.038276,-0.042541,0.003063,0.064533,1.239471
2,0,20260705_210750_hp0ub6__outer02__inner00__aug03,20260705_210750_hp0ub6,train,user1,ই,-6.037725,0.996876,-0.006117,-0.019973,0.003095,0.045552,1.243019
2,0,20260705_210817_cpe63z__outer02__inner00__aug01,20260705_210817_cpe63z,train,user1,ই,4.456306,1.02889,0.024893,0.01444,0.004828,0.043901,1.134889
2,0,20260705_210817_cpe63z__outer02__inner00__aug02,20260705_210817_cpe63z,train,user1,ই,-1.456519,1.053163,-0.030174,-0.044821,0.007339,0.051399,1.166354
2,0,20260705_210817_cpe63z__outer02__inner00__aug03,20260705_210817_cpe63z,train,user1,ই,5.523387,1.068147,0.01597,0.013071,0.005137,0.039737,1.225814
2,0,20260705_210847_8d63gb__outer02__inner00__aug01,20260705_210847_8d63gb,train,user1,ই,-3.349197,1.084424,-0.02755,-0.030288,0.007475,0.067072,0.855543
2,0,20260705_210847_8d63gb__outer02__inner00__aug02,20260705_210847_8d63gb,train,user1,ই,3.928031,1.079374,0.031845,0.006597,0.006857,0.0732,0.98146
2,0,20260705_210847_8d63gb__outer02__inner00__aug03,20260705_210847_8d63gb,train,user1,ই,-2.270534,0.919915,-0.005594,-0.004755,0.004098,0.032895,1.017191
2,0,20260705_210914_6z0wyv__outer02__inner00__aug01,20260705_210914_6z0wyv,train,user1,ই,6.863288,1.024479,0.036128,0.03959,0.003908,0.049047,1.215862
2,0,20260705_210914_6z0wyv__outer02__inner00__aug02,20260705_210914_6z0wyv,train,user1,ই,-4.378253,0.941907,-0.041151,-0.03838,0.004274,0.068759,0.947255
2,0,20260705_210914_6z0wyv__outer02__inner00__aug03,20260705_210914_6z0wyv,train,user1,ই,0.125462,0.992079,0.020747,-0.045876,0.006309,0.079672,1.192287
2,0,20260705_211104_cee4mp__outer02__inner00__aug01,20260705_211104_cee4mp,train,user1,ই,5.060778,1.003017,0.027393,0.010679,0.007282,0.069533,1.052741
2,0,20260705_211104_cee4mp__outer02__inner00__aug02,20260705_211104_cee4mp,train,user1,ই,-0.259493,0.958077,-0.045616,0.032404,0.004846,0.037747,1.236525
2,0,20260705_211104_cee4mp__outer02__inner00__aug03,20260705_211104_cee4mp,train,user1,ই,2.223374,1.018897,-0.046139,-0.035504,0.003574,0.054702,1.051624
2,0,20260705_211129_q9xd7j__outer02__inner00__aug01,20260705_211129_q9xd7j,train,user1,ই,0.790103,0.96898,-0.029813,-0.014373,0.007951,0.033373,1.1097
2,0,20260705_211129_q9xd7j__outer02__inner00__aug02,20260705_211129_q9xd7j,train,user1,ই,-2.983896,1.08853,-0.039456,-0.035712,0.003319,0.072209,1.016889
2,0,20260705_211129_q9xd7j__outer02__inner00__aug03,20260705_211129_q9xd7j,train,user1,ই,-4.264025,1.052376,0.016229,-0.004685,0.004713,0.05123,1.224556
2,0,20260705_211202_fwdefr__outer02__inner00__aug01,20260705_211202_fwdefr,train,user1,ই,-2.149308,1.038633,0.044338,0.003877,0.007378,0.043618,0.893438
2,0,20260705_211202_fwdefr__outer02__inner00__aug02,20260705_211202_fwdefr,train,user1,ই,-1.065623,1.081713,0.013015,-0.008661,0.004875,0.065244,1.205357
2,0,20260705_211202_fwdefr__outer02__inner00__aug03,20260705_211202_fwdefr,train,user1,ই,6.028689,1.066954,0.047409,-0.029258,0.006817,0.039903,0.964892
2,0,20260705_211229_nco6f5__outer02__inner00__aug01,20260705_211229_nco6f5,train,user1,ই,3.558602,1.030472,-0.006679,-0.005571,0.005506,0.055481,1.190682
2,0,20260705_211229_nco6f5__outer02__inner00__aug02,20260705_211229_nco6f5,train,user1,ই,-4.891373,0.9234,-0.026084,0.014528,0.004832,0.035445,1.157304
2,0,20260705_211229_nco6f5__outer02__inner00__aug03,20260705_211229_nco6f5,train,user1,ই,-5.066064,1.027928,-0.033739,-0.013,0.006138,0.0695,1.248638
2,0,20260705_211257_5zxk15__outer02__inner00__aug01,20260705_211257_5zxk15,train,user1,ই,-4.667163,0.930178,-0.038749,-0.016325,0.00695,0.030185,1.053313
2,0,20260705_211257_5zxk15__outer02__inner00__aug02,20260705_211257_5zxk15,train,user1,ই,-4.026759,0.904647,-0.009408,-0.019406,0.005712,0.063734,1.133094
2,0,20260705_211257_5zxk15__outer02__inner00__aug03,20260705_211257_5zxk15,train,user1,ই,-0.624569,0.961087,-0.015779,0.001505,0.004017,0.060264,0.945615
2,0,20260705_211324_69n6hy__outer02__inner00__aug01,20260705_211324_69n6hy,train,user1,ই,0.925873,0.997066,0.038185,-0.036391,0.00585,0.073009,1.041611
2,0,20260705_211324_69n6hy__outer02__inner00__aug02,20260705_211324_69n6hy,train,user1,ই,2.411107,1.042985,0.016934,-0.040753,0.005681,0.041549,0.964206
2,0,20260705_211324_69n6hy__outer02__inner00__aug03,20260705_211324_69n6hy,train,user1,ই,0.052904,0.993843,-0.027093,0.007849,0.007013,0.062761,0.840519
2,0,20260705_213721_6edrqn__outer02__inner00__aug01,20260705_213721_6edrqn,train,user1,ঈ,-5.464049,0.987989,-0.049282,0.024737,0.003549,0.065341,1.037794
2,0,20260705_213721_6edrqn__outer02__inner00__aug02,20260705_213721_6edrqn,train,user1,ঈ,-0.732022,1.087141,-0.014804,0.048023,0.005705,0.030729,1.064942
2,0,20260705_213721_6edrqn__outer02__inner00__aug03,20260705_213721_6edrqn,train,user1,ঈ,-5.50997,0.940127,0.027831,-0.007283,0.004111,0.051028,0.978387
2,0,20260705_213804_scynf9__outer02__inner00__aug01,20260705_213804_scynf9,train,user1,ঈ,3.869277,0.913518,0.003853,-0.003025,0.007535,0.036492,0.843094
2,0,20260705_213804_scynf9__outer02__inner00__aug02,20260705_213804_scynf9,train,user1,ঈ,6.621968,0.971521,-0.029079,-0.030027,0.007396,0.040638,0.960292
2,0,20260705_213804_scynf9__outer02__inner00__aug03,20260705_213804_scynf9,train,user1,ঈ,5.213218,0.947662,0.043098,0.039833,0.004468,0.035598,1.167806
2,0,20260705_213852_tuebtl__outer02__inner00__aug01,20260705_213852_tuebtl,train,user1,ঈ,-4.20075,1.081906,-0.018907,0.011939,0.003267,0.071517,1.178101
2,0,20260705_213852_tuebtl__outer02__inner00__aug02,20260705_213852_tuebtl,train,user1,ঈ,3.02186,1.074443,-0.023051,0.012317,0.004518,0.058818,0.841247
2,0,20260705_213852_tuebtl__outer02__inner00__aug03,20260705_213852_tuebtl,train,user1,ঈ,6.856008,0.922877,-0.021842,-0.020759,0.006343,0.045624,1.242664
2,0,20260705_213943_7qqvt7__outer02__inner00__aug01,20260705_213943_7qqvt7,train,user1,ঈ,-0.710816,1.037998,-0.044852,-0.031867,0.004518,0.04694,1.116703
2,0,20260705_213943_7qqvt7__outer02__inner00__aug02,20260705_213943_7qqvt7,train,user1,ঈ,-0.771889,1.003932,-0.043739,-0.012471,0.007512,0.031092,1.228375
2,0,20260705_213943_7qqvt7__outer02__inner00__aug03,20260705_213943_7qqvt7,train,user1,ঈ,-5.478461,1.092526,0.045668,0.040063,0.004679,0.044926,1.014303
2,0,20260705_214029_z7ddbl__outer02__inner00__aug01,20260705_214029_z7ddbl,train,user1,ঈ,4.527873,1.073712,-0.036781,-0.042275,0.006184,0.042469,1.171614
2,0,20260705_214029_z7ddbl__outer02__inner00__aug02,20260705_214029_z7ddbl,train,user1,ঈ,-1.124057,1.035022,0.03431,0.00082,0.007382,0.052489,1.130264
2,0,20260705_214029_z7ddbl__outer02__inner00__aug03,20260705_214029_z7ddbl,train,user1,ঈ,-4.222403,0.943706,0.025691,-0.004181,0.005751,0.047477,0.816996
2,0,20260705_214107_b894ld__outer02__inner00__aug01,20260705_214107_b894ld,train,user1,ঈ,2.744314,0.999941,0.013618,0.037578,0.003873,0.055173,1.129883
2,0,20260705_214107_b894ld__outer02__inner00__aug02,20260705_214107_b894ld,train,user1,ঈ,2.356444,1.002548,0.046265,0.032067,0.003526,0.054161,0.92096
2,0,20260705_214107_b894ld__outer02__inner00__aug03,20260705_214107_b894ld,train,user1,ঈ,-4.022889,1.040974,-0.007022,-0.007404,0.006836,0.057006,1.16308
2,0,20260705_215457_yruoxw__outer02__inner00__aug01,20260705_215457_yruoxw,train,user1,ঈ,-5.583976,1.006932,0.029371,0.021633,0.004446,0.075151,0.902439
2,0,20260705_215457_yruoxw__outer02__inner00__aug02,20260705_215457_yruoxw,train,user1,ঈ,-5.247161,0.967106,-0.011619,-0.028261,0.007507,0.077785,1.05676
2,0,20260705_215457_yruoxw__outer02__inner00__aug03,20260705_215457_yruoxw,train,user1,ঈ,-3.961407,1.092332,-0.038949,-0.005844,0.007361,0.070744,1.145131
2,0,20260705_215539_dr61qv__outer02__inner00__aug01,20260705_215539_dr61qv,train,user1,ঈ,-6.468583,1.095752,-0.005954,0.013374,0.003531,0.038353,1.110983
2,0,20260705_215539_dr61qv__outer02__inner00__aug02,20260705_215539_dr61qv,train,user1,ঈ,-2.027176,1.053172,-0.040323,-0.034384,0.003952,0.041682,0.91474
2,0,20260705_215539_dr61qv__outer02__inner00__aug03,20260705_215539_dr61qv,train,user1,ঈ,5.936336,1.004777,-0.040776,0.017541,0.007218,0.066397,1.06271
2,0,20260705_215654_07cd7w__outer02__inner00__aug01,20260705_215654_07cd7w,train,user1,ঈ,-5.113505,0.9908,-0.015381,0.027266,0.004579,0.035505,1.089967
2,0,20260705_215654_07cd7w__outer02__inner00__aug02,20260705_215654_07cd7w,train,user1,ঈ,1.843403,1.097763,-0.028741,0.036109,0.004171,0.053323,0.897283
2,0,20260705_215654_07cd7w__outer02__inner00__aug03,20260705_215654_07cd7w,train,user1,ঈ,5.38281,1.098414,-0.031389,-0.029308,0.007759,0.060737,0.882161
2,0,20260705_215745_i5n9h7__outer02__inner00__aug01,20260705_215745_i5n9h7,train,user1,ঈ,5.172068,1.015331,-0.042931,0.006016,0.004057,0.046881,1.047302
2,0,20260705_215745_i5n9h7__outer02__inner00__aug02,20260705_215745_i5n9h7,train,user1,ঈ,-2.172,0.906261,-0.015272,0.01082,0.003448,0.039001,1.067037
2,0,20260705_215745_i5n9h7__outer02__inner00__aug03,20260705_215745_i5n9h7,train,user1,ঈ,6.648963,0.911362,0.015753,-0.00968,0.00762,0.072097,0.851847
2,0,20260711_200812_18txgi__outer02__inner00__aug01,20260711_200812_18txgi,train,user3,অ,-2.285117,1.078037,0.007365,0.030782,0.004201,0.04688,0.926753
2,0,20260711_200812_18txgi__outer02__inner00__aug02,20260711_200812_18txgi,train,user3,অ,-6.318747,1.018488,-0.011799,-0.044051,0.006159,0.06672,0.945357
2,0,20260711_200812_18txgi__outer02__inner00__aug03,20260711_200812_18txgi,train,user3,অ,6.969521,0.909375,0.02528,-0.025062,0.007981,0.058263,0.802434
2,0,20260711_200917_z1na4w__outer02__inner00__aug01,20260711_200917_z1na4w,train,user3,অ,1.108963,0.945666,0.003269,0.00837,0.004796,0.038966,1.142993
2,0,20260711_200917_z1na4w__outer02__inner00__aug02,20260711_200917_z1na4w,train,user3,অ,3.120673,1.031399,0.011737,-0.04504,0.005407,0.048986,1.089449
2,0,20260711_200917_z1na4w__outer02__inner00__aug03,20260711_200917_z1na4w,train,user3,অ,-1.133354,0.956979,-0.027503,-0.014621,0.003351,0.071343,0.809308
2,0,20260711_200954_0muns4__outer02__inner00__aug01,20260711_200954_0muns4,train,user3,অ,-2.960942,0.992368,0.019681,0.010522,0.005233,0.07893,0.823006
2,0,20260711_200954_0muns4__outer02__inner00__aug02,20260711_200954_0muns4,train,user3,অ,3.575399,1.012221,0.014092,-0.006608,0.003089,0.043276,1.172829
2,0,20260711_200954_0muns4__outer02__inner00__aug03,20260711_200954_0muns4,train,user3,অ,5.857457,1.059352,-0.044998,-0.035465,0.005929,0.063973,1.166571
2,0,20260711_201110_jw6cqh__outer02__inner00__aug01,20260711_201110_jw6cqh,train,user3,অ,4.837838,0.940305,-0.049019,-0.029784,0.007872,0.070751,1.037457
2,0,20260711_201110_jw6cqh__outer02__inner00__aug02,20260711_201110_jw6cqh,train,user3,অ,-0.5905,1.047239,0.011517,0.009016,0.006504,0.04613,0.836262
2,0,20260711_201110_jw6cqh__outer02__inner00__aug03,20260711_201110_jw6cqh,train,user3,অ,6.424983,0.911621,-0.044416,0.049261,0.003178,0.045367,1.183295
2,0,20260711_201208_6ylgz1__outer02__inner00__aug01,20260711_201208_6ylgz1,train,user3,অ,-3.796856,0.985222,-0.046314,0.037549,0.006865,0.034879,1.206196
2,0,20260711_201208_6ylgz1__outer02__inner00__aug02,20260711_201208_6ylgz1,train,user3,অ,-4.944995,0.965466,0.010106,-0.02056,0.003856,0.046531,1.218326
2,0,20260711_201208_6ylgz1__outer02__inner00__aug03,20260711_201208_6ylgz1,train,user3,অ,-6.609565,0.919011,-0.016931,0.005562,0.003117,0.03063,0.84139
2,0,20260711_201526_9elfv0__outer02__inner00__aug01,20260711_201526_9elfv0,train,user3,অ,-4.634703,0.9507,-0.015828,0.029753,0.003167,0.06796,1.03716
2,0,20260711_201526_9elfv0__outer02__inner00__aug02,20260711_201526_9elfv0,train,user3,অ,0.106548,0.938838,-0.008195,-0.020845,0.004265,0.057856,1.068397
2,0,20260711_201526_9elfv0__outer02__inner00__aug03,20260711_201526_9elfv0,train,user3,অ,1.534744,0.991659,0.03834,-0.033237,0.004922,0.073888,0.85511
2,0,20260711_201609_iv7642__outer02__inner00__aug01,20260711_201609_iv7642,train,user3,অ,0.51564,0.925282,0.037822,0.040165,0.007727,0.076869,1.153567
2,0,20260711_201609_iv7642__outer02__inner00__aug02,20260711_201609_iv7642,train,user3,অ,3.907653,0.991083,0.032342,-0.009588,0.006713,0.06942,1.195768
2,0,20260711_201609_iv7642__outer02__inner00__aug03,20260711_201609_iv7642,train,user3,অ,-5.375913,1.097354,-0.046552,-0.029809,0.007803,0.034723,1.13673
2,0,20260711_201811_0znu6g__outer02__inner00__aug01,20260711_201811_0znu6g,train,user3,অ,1.510624,1.005405,-0.026522,0.007216,0.007301,0.036949,0.840772
2,0,20260711_201811_0znu6g__outer02__inner00__aug02,20260711_201811_0znu6g,train,user3,অ,6.867104,0.927446,-0.014884,0.000187,0.006668,0.038932,0.97594
2,0,20260711_201811_0znu6g__outer02__inner00__aug03,20260711_201811_0znu6g,train,user3,অ,4.700047,1.035342,-0.041018,0.038353,0.004905,0.052306,1.115261
2,0,20260711_201916_nc9ara__outer02__inner00__aug01,20260711_201916_nc9ara,train,user3,অ,0.689527,0.954864,-0.045382,0.031324,0.007266,0.043123,1.176403
2,0,20260711_201916_nc9ara__outer02__inner00__aug02,20260711_201916_nc9ara,train,user3,অ,3.829621,1.001733,-0.033058,-0.011067,0.00307,0.058438,0.994024
2,0,20260711_201916_nc9ara__outer02__inner00__aug03,20260711_201916_nc9ara,train,user3,অ,3.117046,1.014078,-0.030471,-0.006231,0.004786,0.053149,0.962336
2,0,20260711_201953_sai9ew__outer02__inner00__aug01,20260711_201953_sai9ew,train,user3,অ,1.866537,0.986186,-0.028728,0.032283,0.003781,0.049497,1.01094
2,0,20260711_201953_sai9ew__outer02__inner00__aug02,20260711_201953_sai9ew,train,user3,অ,5.31035,0.96636,-0.036599,-0.034253,0.006669,0.057265,1.112436
2,0,20260711_201953_sai9ew__outer02__inner00__aug03,20260711_201953_sai9ew,train,user3,অ,-3.744028,0.958564,0.027679,-0.034589,0.005433,0.076096,1.229664
2,0,20260711_202025_bntr0i__outer02__inner00__aug01,20260711_202025_bntr0i,train,user3,অ,4.747259,1.087889,0.011972,-0.036999,0.004926,0.031481,0.831032
2,0,20260711_202025_bntr0i__outer02__inner00__aug02,20260711_202025_bntr0i,train,user3,অ,-2.140928,0.930429,-0.008443,0.020917,0.00768,0.049662,1.033737
2,0,20260711_202025_bntr0i__outer02__inner00__aug03,20260711_202025_bntr0i,train,user3,অ,-1.086991,0.943388,0.027474,0.012699,0.00396,0.062738,1.210197
2,0,20260711_202714_mwa7m1__outer02__inner00__aug01,20260711_202714_mwa7m1,train,user3,অ,4.877274,1.079536,0.033286,-0.027932,0.005198,0.03179,0.89103
2,0,20260711_202714_mwa7m1__outer02__inner00__aug02,20260711_202714_mwa7m1,train,user3,অ,-6.068618,1.0475,0.035729,-0.002158,0.006957,0.053404,0.917751
2,0,20260711_202714_mwa7m1__outer02__inner00__aug03,20260711_202714_mwa7m1,train,user3,অ,5.834617,0.929039,-0.029865,-0.004704,0.004012,0.077027,1.012935
2,0,20260711_202846_kmy51g__outer02__inner00__aug01,20260711_202846_kmy51g,train,user3,অ,-6.550082,1.010369,-0.026718,0.034891,0.004947,0.053015,0.876647
2,0,20260711_202846_kmy51g__outer02__inner00__aug02,20260711_202846_kmy51g,train,user3,অ,4.248524,1.024721,0.02035,-0.045635,0.004272,0.07552,1.246773
2,0,20260711_202846_kmy51g__outer02__inner00__aug03,20260711_202846_kmy51g,train,user3,অ,4.56096,0.985498,-0.045367,0.00251,0.006694,0.069685,1.118703
2,0,20260711_203013_i4o0om__outer02__inner00__aug01,20260711_203013_i4o0om,train,user3,অ,-3.506233,1.00113,-0.034824,0.048253,0.005632,0.034417,1.182891
2,0,20260711_203013_i4o0om__outer02__inner00__aug02,20260711_203013_i4o0om,train,user3,অ,-6.918444,1.007923,0.0284,0.012168,0.003021,0.058627,1.037942
2,0,20260711_203013_i4o0om__outer02__inner00__aug03,20260711_203013_i4o0om,train,user3,অ,3.779924,1.077757,0.024763,0.039953,0.006642,0.034342,0.946111
2,0,20260711_203112_15gnzj__outer02__inner00__aug01,20260711_203112_15gnzj,train,user3,অ,4.615751,1.049169,-0.040452,-0.0223,0.004313,0.052079,0.966317
2,0,20260711_203112_15gnzj__outer02__inner00__aug02,20260711_203112_15gnzj,train,user3,অ,-1.796304,0.96183,0.027824,0.000193,0.004827,0.031765,1.20985
2,0,20260711_203112_15gnzj__outer02__inner00__aug03,20260711_203112_15gnzj,train,user3,অ,6.293116,0.958704,-0.013414,0.024137,0.00646,0.038103,1.111152
2,0,20260711_205524_jbk5pv__outer02__inner00__aug01,20260711_205524_jbk5pv,train,user3,আ,0.859246,1.08261,0.035742,0.003758,0.00519,0.071773,1.204103
2,0,20260711_205524_jbk5pv__outer02__inner00__aug02,20260711_205524_jbk5pv,train,user3,আ,5.579373,0.906398,0.017787,0.026555,0.006818,0.059278,1.002001
2,0,20260711_205524_jbk5pv__outer02__inner00__aug03,20260711_205524_jbk5pv,train,user3,আ,-1.519242,0.936581,0.009288,-0.01188,0.005816,0.041774,1.160494
2,0,20260711_205559_azslan__outer02__inner00__aug01,20260711_205559_azslan,train,user3,আ,-6.002263,0.997639,0.021122,-0.039625,0.006697,0.072579,1.102232
2,0,20260711_205559_azslan__outer02__inner00__aug02,20260711_205559_azslan,train,user3,আ,1.775051,0.906112,0.007654,0.015599,0.007392,0.071377,0.832108
2,0,20260711_205559_azslan__outer02__inner00__aug03,20260711_205559_azslan,train,user3,আ,-2.155814,1.097512,-0.045635,-0.029261,0.007202,0.078847,1.088701
2,0,20260711_205630_gydvnp__outer02__inner00__aug01,20260711_205630_gydvnp,train,user3,আ,-3.567137,1.088286,-0.042112,-0.014728,0.004115,0.060698,0.957405
2,0,20260711_205630_gydvnp__outer02__inner00__aug02,20260711_205630_gydvnp,train,user3,আ,-2.860991,1.066286,-0.0194,-0.039817,0.00693,0.030546,1.073309
2,0,20260711_205630_gydvnp__outer02__inner00__aug03,20260711_205630_gydvnp,train,user3,আ,6.285504,0.976736,0.004243,0.006968,0.00684,0.079522,0.903323
2,0,20260711_205707_n57400__outer02__inner00__aug01,20260711_205707_n57400,train,user3,আ,5.698871,1.079089,0.02344,0.029026,0.007841,0.058847,0.987967
2,0,20260711_205707_n57400__outer02__inner00__aug02,20260711_205707_n57400,train,user3,আ,-2.095468,1.021477,-0.005055,-0.049105,0.007938,0.055207,1.019705
2,0,20260711_205707_n57400__outer02__inner00__aug03,20260711_205707_n57400,train,user3,আ,3.777216,0.975523,0.022327,0.007628,0.007549,0.05645,1.09183
2,0,20260711_205748_usnulf__outer02__inner00__aug01,20260711_205748_usnulf,train,user3,আ,-5.395278,1.089623,-0.019267,-0.049012,0.005301,0.049957,0.978922
2,0,20260711_205748_usnulf__outer02__inner00__aug02,20260711_205748_usnulf,train,user3,আ,1.573605,0.900705,0.023678,0.007131,0.003499,0.048609,0.990504
2,0,20260711_205748_usnulf__outer02__inner00__aug03,20260711_205748_usnulf,train,user3,আ,-2.829791,1.060453,-0.038052,-0.016657,0.005749,0.03074,0.979727
2,1,20260711_220930_a944cy__outer02__inner01__aug01,20260711_220930_a944cy,train,for_bonhi,ঔ,-5.65142,1.017555,-0.01596,-0.009761,0.005147,0.034905,1.058641
2,1,20260711_220930_a944cy__outer02__inner01__aug02,20260711_220930_a944cy,train,for_bonhi,ঔ,2.170434,1.095503,0.026773,-0.023359,0.003059,0.043979,1.14428
2,1,20260711_220930_a944cy__outer02__inner01__aug03,20260711_220930_a944cy,train,for_bonhi,ঔ,-3.204323,1.080709,-0.016198,-0.019472,0.007071,0.076619,1.080352
2,1,20260711_200812_18txgi__outer02__inner01__aug01,20260711_200812_18txgi,train,user3,অ,5.789359,1.084506,-0.019448,-0.030831,0.005368,0.05752,1.106685
2,1,20260711_200812_18txgi__outer02__inner01__aug02,20260711_200812_18txgi,train,user3,অ,-4.14163,0.961561,0.028008,-0.0202,0.004126,0.070263,0.834466
2,1,20260711_200812_18txgi__outer02__inner01__aug03,20260711_200812_18txgi,train,user3,অ,-2.426557,0.982842,-0.044452,-0.0158,0.004202,0.039001,1.035108
2,1,20260711_200917_z1na4w__outer02__inner01__aug01,20260711_200917_z1na4w,train,user3,অ,-5.287349,1.071609,-0.016019,0.006318,0.004384,0.066761,1.213856
2,1,20260711_200917_z1na4w__outer02__inner01__aug02,20260711_200917_z1na4w,train,user3,অ,2.050363,1.036929,-0.024944,0.006643,0.007045,0.038895,1.031248
2,1,20260711_200917_z1na4w__outer02__inner01__aug03,20260711_200917_z1na4w,train,user3,অ,5.905359,0.92841,-0.012872,-0.009163,0.00602,0.033067,1.19869
2,1,20260711_200954_0muns4__outer02__inner01__aug01,20260711_200954_0muns4,train,user3,অ,-6.396856,0.990205,-0.040142,0.010872,0.007637,0.071279,1.105129
2,1,20260711_200954_0muns4__outer02__inner01__aug02,20260711_200954_0muns4,train,user3,অ,-4.841847,1.015657,0.019746,-0.017194,0.004616,0.06405,1.016831
2,1,20260711_200954_0muns4__outer02__inner01__aug03,20260711_200954_0muns4,train,user3,অ,-4.034109,1.010795,0.049468,0.029082,0.007659,0.071793,0.982239
2,1,20260711_201110_jw6cqh__outer02__inner01__aug01,20260711_201110_jw6cqh,train,user3,অ,1.130845,1.046776,0.023581,0.000387,0.00324,0.048407,1.12268
2,1,20260711_201110_jw6cqh__outer02__inner01__aug02,20260711_201110_jw6cqh,train,user3,অ,-0.30328,1.090011,-0.015524,-0.005307,0.00746,0.044033,1.190837
2,1,20260711_201110_jw6cqh__outer02__inner01__aug03,20260711_201110_jw6cqh,train,user3,অ,2.292394,1.050103,0.044507,0.045556,0.004762,0.079671,0.985596
2,1,20260711_201208_6ylgz1__outer02__inner01__aug01,20260711_201208_6ylgz1,train,user3,অ,4.123363,1.035513,-0.007838,0.041033,0.006462,0.069746,1.026589
2,1,20260711_201208_6ylgz1__outer02__inner01__aug02,20260711_201208_6ylgz1,train,user3,অ,5.048498,1.041501,-0.043599,0.041154,0.003796,0.078313,1.188077
2,1,20260711_201208_6ylgz1__outer02__inner01__aug03,20260711_201208_6ylgz1,train,user3,অ,2.164679,1.022636,-0.048517,-0.036085,0.004963,0.030636,1.202921
2,1,20260711_201526_9elfv0__outer02__inner01__aug01,20260711_201526_9elfv0,train,user3,অ,6.301953,1.013002,-0.007162,0.016087,0.005798,0.034098,1.088529
2,1,20260711_201526_9elfv0__outer02__inner01__aug02,20260711_201526_9elfv0,train,user3,অ,6.965135,1.036791,-0.049072,0.008195,0.005832,0.066558,0.809408
2,1,20260711_201526_9elfv0__outer02__inner01__aug03,20260711_201526_9elfv0,train,user3,অ,5.523718,1.089756,-0.029138,0.042666,0.006204,0.036019,0.913742
2,1,20260711_201609_iv7642__outer02__inner01__aug01,20260711_201609_iv7642,train,user3,অ,0.048945,1.04661,-0.018659,-0.015252,0.005172,0.044533,0.844107
2,1,20260711_201609_iv7642__outer02__inner01__aug02,20260711_201609_iv7642,train,user3,অ,-6.620158,0.95654,0.031493,-0.042019,0.005229,0.070973,0.934763
2,1,20260711_201609_iv7642__outer02__inner01__aug03,20260711_201609_iv7642,train,user3,অ,-5.178902,0.901964,0.031722,0.049101,0.004314,0.070548,1.07837
2,1,20260711_201811_0znu6g__outer02__inner01__aug01,20260711_201811_0znu6g,train,user3,অ,4.349356,0.962066,0.029041,-0.024687,0.005059,0.037909,0.826885
2,1,20260711_201811_0znu6g__outer02__inner01__aug02,20260711_201811_0znu6g,train,user3,অ,4.578727,1.052216,-0.038389,-0.008638,0.006128,0.051339,1.052103
2,1,20260711_201811_0znu6g__outer02__inner01__aug03,20260711_201811_0znu6g,train,user3,অ,-6.901951,0.943531,-0.028799,0.02577,0.004279,0.03545,0.878454
2,1,20260711_201916_nc9ara__outer02__inner01__aug01,20260711_201916_nc9ara,train,user3,অ,-3.764223,0.960508,-0.030795,0.005772,0.003209,0.057169,0.858532
2,1,20260711_201916_nc9ara__outer02__inner01__aug02,20260711_201916_nc9ara,train,user3,অ,-4.243315,1.027191,0.021962,0.011645,0.004469,0.057236,0.844074
2,1,20260711_201916_nc9ara__outer02__inner01__aug03,20260711_201916_nc9ara,train,user3,অ,-2.936829,1.03884,0.010123,-0.002149,0.006935,0.060932,1.096232
2,1,20260711_201953_sai9ew__outer02__inner01__aug01,20260711_201953_sai9ew,train,user3,অ,-0.511497,1.017547,-0.014974,-0.023783,0.00742,0.062505,0.852908
2,1,20260711_201953_sai9ew__outer02__inner01__aug02,20260711_201953_sai9ew,train,user3,অ,-0.052467,0.900986,0.012981,0.02195,0.006089,0.07629,1.178938
2,1,20260711_201953_sai9ew__outer02__inner01__aug03,20260711_201953_sai9ew,train,user3,অ,-0.552577,1.066129,0.023514,0.021087,0.004874,0.038337,1.161152
2,1,20260711_202025_bntr0i__outer02__inner01__aug01,20260711_202025_bntr0i,train,user3,অ,-5.112502,1.081771,0.005443,-0.043122,0.006389,0.031505,1.142398
2,1,20260711_202025_bntr0i__outer02__inner01__aug02,20260711_202025_bntr0i,train,user3,অ,-4.204954,1.034844,-0.030172,0.048973,0.005813,0.033308,1.234585
2,1,20260711_202025_bntr0i__outer02__inner01__aug03,20260711_202025_bntr0i,train,user3,অ,3.110391,1.023158,0.015563,-0.041771,0.006057,0.051646,0.989122
2,1,20260711_202714_mwa7m1__outer02__inner01__aug01,20260711_202714_mwa7m1,train,user3,অ,-4.672999,1.013579,-0.01159,0.040462,0.007455,0.051537,0.974512
2,1,20260711_202714_mwa7m1__outer02__inner01__aug02,20260711_202714_mwa7m1,train,user3,অ,-5.523866,1.068727,0.007588,-0.015012,0.007968,0.036429,1.186113
2,1,20260711_202714_mwa7m1__outer02__inner01__aug03,20260711_202714_mwa7m1,train,user3,অ,-4.125976,0.911891,-0.005449,-0.040178,0.006505,0.0597,1.112352
2,1,20260711_202846_kmy51g__outer02__inner01__aug01,20260711_202846_kmy51g,train,user3,অ,1.650111,0.910873,0.029843,0.034512,0.004918,0.062551,0.986191
2,1,20260711_202846_kmy51g__outer02__inner01__aug02,20260711_202846_kmy51g,train,user3,অ,-6.675167,0.977136,-0.029739,-0.044205,0.005369,0.075254,1.218084
2,1,20260711_202846_kmy51g__outer02__inner01__aug03,20260711_202846_kmy51g,train,user3,অ,-1.07115,1.025623,0.036657,-0.042588,0.003109,0.032739,1.236633
2,1,20260711_203013_i4o0om__outer02__inner01__aug01,20260711_203013_i4o0om,train,user3,অ,-0.573518,0.989725,0.024084,0.012104,0.00749,0.068632,1.031192
2,1,20260711_203013_i4o0om__outer02__inner01__aug02,20260711_203013_i4o0om,train,user3,অ,-5.730445,0.916295,-0.00472,-0.041198,0.006294,0.039257,0.805181
2,1,20260711_203013_i4o0om__outer02__inner01__aug03,20260711_203013_i4o0om,train,user3,অ,-3.892389,0.999775,-0.011356,-0.046897,0.005194,0.040474,0.920391
2,1,20260711_203112_15gnzj__outer02__inner01__aug01,20260711_203112_15gnzj,train,user3,অ,-2.049363,1.019385,-0.004405,-0.028311,0.005395,0.057021,1.17865
2,1,20260711_203112_15gnzj__outer02__inner01__aug02,20260711_203112_15gnzj,train,user3,অ,-0.646618,1.022963,-0.041852,-0.002224,0.003155,0.031489,0.938991
2,1,20260711_203112_15gnzj__outer02__inner01__aug03,20260711_203112_15gnzj,train,user3,অ,-6.601677,0.98863,-0.007673,0.02585,0.006108,0.054679,0.869391
2,1,20260711_205524_jbk5pv__outer02__inner01__aug01,20260711_205524_jbk5pv,train,user3,আ,6.702498,1.068507,-0.037923,0.022015,0.003432,0.067303,1.041433
2,1,20260711_205524_jbk5pv__outer02__inner01__aug02,20260711_205524_jbk5pv,train,user3,আ,-3.280566,0.923073,-0.049279,0.009267,0.003509,0.050757,1.08754
2,1,20260711_205524_jbk5pv__outer02__inner01__aug03,20260711_205524_jbk5pv,train,user3,আ,4.51411,1.016639,-0.000693,0.02409,0.003915,0.037419,1.05258
2,1,20260711_205559_azslan__outer02__inner01__aug01,20260711_205559_azslan,train,user3,আ,6.88014,0.924276,0.039172,0.035483,0.00415,0.053272,0.808043
2,1,20260711_205559_azslan__outer02__inner01__aug02,20260711_205559_azslan,train,user3,আ,-6.938371,0.991613,-0.014413,-0.0345,0.003954,0.043826,1.002365
2,1,20260711_205559_azslan__outer02__inner01__aug03,20260711_205559_azslan,train,user3,আ,3.910306,1.08914,0.012361,-0.048804,0.004569,0.057219,1.009693
2,1,20260711_205630_gydvnp__outer02__inner01__aug01,20260711_205630_gydvnp,train,user3,আ,-3.625829,1.00427,-0.017043,-0.010876,0.006393,0.057369,1.070595
2,1,20260711_205630_gydvnp__outer02__inner01__aug02,20260711_205630_gydvnp,train,user3,আ,1.79699,0.902099,0.035234,0.016904,0.007186,0.048239,1.16294
2,1,20260711_205630_gydvnp__outer02__inner01__aug03,20260711_205630_gydvnp,train,user3,আ,6.345682,1.099087,-0.019883,-0.049828,0.00476,0.067821,0.967661
2,1,20260711_205707_n57400__outer02__inner01__aug01,20260711_205707_n57400,train,user3,আ,5.64495,0.965297,-0.045017,0.014395,0.007704,0.067095,1.037333
2,1,20260711_205707_n57400__outer02__inner01__aug02,20260711_205707_n57400,train,user3,আ,-6.88221,1.056567,0.025459,0.029659,0.007465,0.056548,0.905129
2,1,20260711_205707_n57400__outer02__inner01__aug03,20260711_205707_n57400,train,user3,আ,4.506199,1.034387,-0.017333,-0.036283,0.004608,0.075565,0.944519
2,1,20260711_205748_usnulf__outer02__inner01__aug01,20260711_205748_usnulf,train,user3,আ,1.784169,1.066889,0.017709,0.042119,0.003163,0.062993,1.220866
2,1,20260711_205748_usnulf__outer02__inner01__aug02,20260711_205748_usnulf,train,user3,আ,-6.310227,1.054134,0.006685,0.038325,0.003669,0.050831,1.025991
2,1,20260711_205748_usnulf__outer02__inner01__aug03,20260711_205748_usnulf,train,user3,আ,3.9736,0.914701,-0.000302,0.01332,0.004987,0.033457,0.994092
2,1,20260711_211455_ab7vb3__outer02__inner01__aug01,20260711_211455_ab7vb3,train,user4,অ,2.063859,0.943597,0.021257,0.023432,0.007167,0.032939,1.021087
2,1,20260711_211455_ab7vb3__outer02__inner01__aug02,20260711_211455_ab7vb3,train,user4,অ,-5.758418,0.957218,-0.019634,0.043297,0.004312,0.067282,1.104237
2,1,20260711_211455_ab7vb3__outer02__inner01__aug03,20260711_211455_ab7vb3,train,user4,অ,3.024651,0.968414,0.004477,0.010961,0.004022,0.05878,1.093704
2,1,20260711_214733_y28o8p__outer02__inner01__aug01,20260711_214733_y28o8p,train,user4,অ,-6.421782,1.030364,0.020436,-0.024592,0.003903,0.06016,1.237137
2,1,20260711_214733_y28o8p__outer02__inner01__aug02,20260711_214733_y28o8p,train,user4,অ,5.18619,1.015746,0.012578,-0.004064,0.007753,0.078326,1.109758
2,1,20260711_214733_y28o8p__outer02__inner01__aug03,20260711_214733_y28o8p,train,user4,অ,-3.820262,1.046831,0.03073,-0.045114,0.006842,0.059305,1.230534
2,1,20260711_214747_h8ad4n__outer02__inner01__aug01,20260711_214747_h8ad4n,train,user4,অ,-3.522605,1.011043,-0.020029,0.028665,0.005823,0.047638,1.089607
2,1,20260711_214747_h8ad4n__outer02__inner01__aug02,20260711_214747_h8ad4n,train,user4,অ,-0.263027,0.941565,0.036817,-0.017674,0.007049,0.03071,0.890093
2,1,20260711_214747_h8ad4n__outer02__inner01__aug03,20260711_214747_h8ad4n,train,user4,অ,-6.431303,0.977593,0.038178,-0.048268,0.005765,0.058251,0.843215
2,1,20260711_214802_iotb3d__outer02__inner01__aug01,20260711_214802_iotb3d,train,user4,অ,-5.705113,1.034905,-0.006083,-0.018911,0.004155,0.06821,0.900095
2,1,20260711_214802_iotb3d__outer02__inner01__aug02,20260711_214802_iotb3d,train,user4,অ,-1.239635,0.90834,0.030835,0.042021,0.007744,0.035464,0.906436
2,1,20260711_214802_iotb3d__outer02__inner01__aug03,20260711_214802_iotb3d,train,user4,অ,3.686285,0.969879,-0.022287,0.030229,0.003473,0.036934,0.883187
2,1,20260711_214818_1kqyjw__outer02__inner01__aug01,20260711_214818_1kqyjw,train,user4,অ,2.670784,1.004394,-0.032299,-0.014892,0.004974,0.031443,1.235815
2,1,20260711_214818_1kqyjw__outer02__inner01__aug02,20260711_214818_1kqyjw,train,user4,অ,-2.583019,1.055344,-0.025012,-0.041903,0.003912,0.046491,1.243445
2,1,20260711_214818_1kqyjw__outer02__inner01__aug03,20260711_214818_1kqyjw,train,user4,অ,5.836821,1.052208,0.033206,-0.002819,0.003191,0.071673,1.175183
2,1,20260711_214838_nmfk2j__outer02__inner01__aug01,20260711_214838_nmfk2j,train,user4,অ,2.312889,0.971425,-0.003087,-0.002827,0.005244,0.052719,1.129799
2,1,20260711_214838_nmfk2j__outer02__inner01__aug02,20260711_214838_nmfk2j,train,user4,অ,3.041442,1.0807,0.009152,-0.037042,0.007825,0.070125,1.02921
2,1,20260711_214838_nmfk2j__outer02__inner01__aug03,20260711_214838_nmfk2j,train,user4,অ,-6.978075,0.910822,-0.027072,0.035197,0.007568,0.049022,0.89414
2,1,20260711_214856_wh1jdl__outer02__inner01__aug01,20260711_214856_wh1jdl,train,user4,অ,-2.265664,0.930262,0.018943,-0.02379,0.007744,0.064778,0.934016
2,1,20260711_214856_wh1jdl__outer02__inner01__aug02,20260711_214856_wh1jdl,train,user4,অ,-2.720887,1.058518,0.049859,0.016457,0.006472,0.078789,0.948154
2,1,20260711_214856_wh1jdl__outer02__inner01__aug03,20260711_214856_wh1jdl,train,user4,অ,1.142177,1.090499,0.014116,-0.023412,0.004594,0.068975,0.98909
2,1,20260711_214912_5jyzoq__outer02__inner01__aug01,20260711_214912_5jyzoq,train,user4,অ,4.344683,1.029165,0.010646,0.003638,0.003707,0.073957,1.197595
2,1,20260711_214912_5jyzoq__outer02__inner01__aug02,20260711_214912_5jyzoq,train,user4,অ,-3.691247,0.913202,-0.008567,0.00778,0.003298,0.047112,1.0996
2,1,20260711_214912_5jyzoq__outer02__inner01__aug03,20260711_214912_5jyzoq,train,user4,অ,-3.173425,0.906566,-0.034116,0.031212,0.003981,0.049249,1.23943
2,1,20260711_215025_9ahjj1__outer02__inner01__aug01,20260711_215025_9ahjj1,train,user4,অ,-2.805068,0.964344,-0.039242,0.026287,0.005245,0.041649,1.144276
2,1,20260711_215025_9ahjj1__outer02__inner01__aug02,20260711_215025_9ahjj1,train,user4,অ,-1.602054,1.099685,0.04537,-0.033452,0.006643,0.039378,1.138585
2,1,20260711_215025_9ahjj1__outer02__inner01__aug03,20260711_215025_9ahjj1,train,user4,অ,5.359908,1.050461,-0.015254,0.010438,0.003778,0.049209,0.953752
2,1,20260711_215040_totmvz__outer02__inner01__aug01,20260711_215040_totmvz,train,user4,অ,-2.794247,1.072104,-0.011577,0.007003,0.006327,0.03562,0.924693
2,1,20260711_215040_totmvz__outer02__inner01__aug02,20260711_215040_totmvz,train,user4,অ,1.778574,0.960808,0.012992,0.024366,0.007608,0.06778,1.145015
2,1,20260711_215040_totmvz__outer02__inner01__aug03,20260711_215040_totmvz,train,user4,অ,-4.614851,1.024451,-0.025288,0.017353,0.004207,0.075451,1.099168
2,1,20260711_215057_m3q3bw__outer02__inner01__aug01,20260711_215057_m3q3bw,train,user4,অ,3.471929,0.998259,0.047161,-0.043846,0.005339,0.073431,1.051157
2,1,20260711_215057_m3q3bw__outer02__inner01__aug02,20260711_215057_m3q3bw,train,user4,অ,2.718514,0.958178,0.017441,-0.033827,0.004214,0.078251,1.237598
2,1,20260711_215057_m3q3bw__outer02__inner01__aug03,20260711_215057_m3q3bw,train,user4,অ,-6.263163,1.035722,-0.033729,0.026727,0.004832,0.044188,0.861378
2,1,20260711_215120_wa3iw4__outer02__inner01__aug01,20260711_215120_wa3iw4,train,user4,অ,4.071256,1.064638,0.010637,0.008044,0.006694,0.050627,1.154984
2,1,20260711_215120_wa3iw4__outer02__inner01__aug02,20260711_215120_wa3iw4,train,user4,অ,0.201541,0.974751,-0.016419,0.020916,0.003382,0.044499,1.180736
2,1,20260711_215120_wa3iw4__outer02__inner01__aug03,20260711_215120_wa3iw4,train,user4,অ,-6.629598,1.00484,0.028895,-0.006078,0.006886,0.04074,0.836083
2,1,20260711_215140_jzmdn9__outer02__inner01__aug01,20260711_215140_jzmdn9,train,user4,অ,-4.315461,1.051723,0.017097,-0.04348,0.005902,0.07805,1.21494
2,1,20260711_215140_jzmdn9__outer02__inner01__aug02,20260711_215140_jzmdn9,train,user4,অ,-0.133102,0.905504,0.029637,-0.008382,0.007783,0.038284,0.936854
2,1,20260711_215140_jzmdn9__outer02__inner01__aug03,20260711_215140_jzmdn9,train,user4,অ,-0.6482,0.947593,0.018997,0.036283,0.004501,0.078207,0.840117
2,1,20260711_215153_8dj6mi__outer02__inner01__aug01,20260711_215153_8dj6mi,train,user4,অ,-6.097118,0.944832,-0.013629,-0.040331,0.006581,0.058289,0.872321
2,1,20260711_215153_8dj6mi__outer02__inner01__aug02,20260711_215153_8dj6mi,train,user4,অ,2.797757,1.00543,0.019841,-0.022653,0.003185,0.0432,0.960395
2,1,20260711_215153_8dj6mi__outer02__inner01__aug03,20260711_215153_8dj6mi,train,user4,অ,6.703144,0.922674,0.019732,0.048001,0.005292,0.048613,1.2465
2,1,20260711_215210_14cuph__outer02__inner01__aug01,20260711_215210_14cuph,train,user4,অ,-2.466759,1.043907,0.024317,-0.031121,0.005693,0.034522,1.171481
2,1,20260711_215210_14cuph__outer02__inner01__aug02,20260711_215210_14cuph,train,user4,অ,2.623608,0.96642,-0.012788,0.032438,0.006673,0.062075,1.151066
2,1,20260711_215210_14cuph__outer02__inner01__aug03,20260711_215210_14cuph,train,user4,অ,-5.112075,0.929699,-0.012352,0.034545,0.004112,0.078709,0.899225
2,1,20260711_215224_s1nefb__outer02__inner01__aug01,20260711_215224_s1nefb,train,user4,অ,3.873213,1.046784,0.021713,-0.043332,0.005769,0.056496,0.959219
2,1,20260711_215224_s1nefb__outer02__inner01__aug02,20260711_215224_s1nefb,train,user4,অ,6.706262,1.016919,-0.026623,0.042664,0.006794,0.058622,1.201296
2,1,20260711_215224_s1nefb__outer02__inner01__aug03,20260711_215224_s1nefb,train,user4,অ,0.021379,0.920373,0.029481,0.017173,0.005826,0.044711,0.996608
2,1,20260711_211553_8q738s__outer02__inner01__aug01,20260711_211553_8q738s,train,user4,আ,3.752858,1.006685,0.017905,0.0307,0.006026,0.067439,0.844797
2,1,20260711_211553_8q738s__outer02__inner01__aug02,20260711_211553_8q738s,train,user4,আ,-4.111125,1.084868,0.030672,-0.037699,0.00646,0.055053,0.983326
2,1,20260711_211553_8q738s__outer02__inner01__aug03,20260711_211553_8q738s,train,user4,আ,-1.198929,0.985203,-0.018742,0.021716,0.005972,0.073755,0.840768
2,1,20260711_215326_rdw0i7__outer02__inner01__aug01,20260711_215326_rdw0i7,train,user4,আ,-5.170355,0.911916,-0.01545,0.010344,0.004089,0.079229,0.809115
2,1,20260711_215326_rdw0i7__outer02__inner01__aug02,20260711_215326_rdw0i7,train,user4,আ,0.774485,1.05206,0.021318,0.034702,0.007639,0.054234,1.064401
2,1,20260711_215326_rdw0i7__outer02__inner01__aug03,20260711_215326_rdw0i7,train,user4,আ,-2.368382,0.94984,0.037653,0.003513,0.005867,0.038438,0.955584
2,1,20260711_215355_gtir0d__outer02__inner01__aug01,20260711_215355_gtir0d,train,user4,আ,-5.754935,0.90791,-0.019057,-0.023947,0.007887,0.038178,0.954259
2,1,20260711_215355_gtir0d__outer02__inner01__aug02,20260711_215355_gtir0d,train,user4,আ,6.385757,0.906472,0.023292,0.045764,0.007399,0.048195,0.843596
2,1,20260711_215355_gtir0d__outer02__inner01__aug03,20260711_215355_gtir0d,train,user4,আ,2.743755,1.076246,0.045786,-0.04648,0.003278,0.066189,1.008862
2,1,20260711_215413_4z3pac__outer02__inner01__aug01,20260711_215413_4z3pac,train,user4,আ,-1.837448,1.031959,-0.034106,-0.04988,0.005241,0.040775,0.985695
2,1,20260711_215413_4z3pac__outer02__inner01__aug02,20260711_215413_4z3pac,train,user4,আ,-0.925987,1.046747,-0.001725,-0.002074,0.00435,0.030693,1.2393
2,1,20260711_215413_4z3pac__outer02__inner01__aug03,20260711_215413_4z3pac,train,user4,আ,-2.235619,0.956745,0.019366,0.032041,0.007544,0.061919,1.023106
2,1,20260711_215505_noe4fp__outer02__inner01__aug01,20260711_215505_noe4fp,train,user4,আ,-1.723537,1.058598,0.023017,0.015402,0.006218,0.056239,1.057332
2,1,20260711_215505_noe4fp__outer02__inner01__aug02,20260711_215505_noe4fp,train,user4,আ,-1.823146,0.950868,-0.008032,-0.040153,0.005485,0.031629,0.876366
2,1,20260711_215505_noe4fp__outer02__inner01__aug03,20260711_215505_noe4fp,train,user4,আ,-5.025174,0.969701,0.00394,-0.032374,0.005678,0.048125,1.120544
2,1,20260711_215527_oaoi6c__outer02__inner01__aug01,20260711_215527_oaoi6c,train,user4,আ,0.859695,1.078976,0.004796,0.049403,0.0038,0.065695,1.096386
2,1,20260711_215527_oaoi6c__outer02__inner01__aug02,20260711_215527_oaoi6c,train,user4,আ,3.948239,0.992135,0.00749,0.028007,0.004087,0.079765,0.898962
2,1,20260711_215527_oaoi6c__outer02__inner01__aug03,20260711_215527_oaoi6c,train,user4,আ,-1.943191,0.990067,0.030936,-0.002143,0.006628,0.064307,1.114766
2,1,20260711_215554_41w3p4__outer02__inner01__aug01,20260711_215554_41w3p4,train,user4,আ,-1.135818,0.912159,0.021954,0.046278,0.007721,0.065538,1.047324
2,1,20260711_215554_41w3p4__outer02__inner01__aug02,20260711_215554_41w3p4,train,user4,আ,3.295775,0.980315,-0.014646,-0.007891,0.006394,0.032277,0.93269
2,1,20260711_215554_41w3p4__outer02__inner01__aug03,20260711_215554_41w3p4,train,user4,আ,-3.112947,1.04529,0.020073,0.025512,0.007524,0.072967,1.243336
2,1,20260711_215623_q6sua3__outer02__inner01__aug01,20260711_215623_q6sua3,train,user4,আ,2.396544,1.011898,-0.041909,-0.013803,0.007582,0.07916,0.962708
2,1,20260711_215623_q6sua3__outer02__inner01__aug02,20260711_215623_q6sua3,train,user4,আ,-2.367797,0.956143,-0.041659,-0.002919,0.005547,0.058284,0.817271
2,1,20260711_215623_q6sua3__outer02__inner01__aug03,20260711_215623_q6sua3,train,user4,আ,-5.222757,1.02881,-0.02076,0.009295,0.006544,0.07252,1.243504
2,1,20260711_215646_y25z4x__outer02__inner01__aug01,20260711_215646_y25z4x,train,user4,আ,-0.029765,0.942901,0.0287,-0.030707,0.007265,0.045348,1.18275
2,1,20260711_215646_y25z4x__outer02__inner01__aug02,20260711_215646_y25z4x,train,user4,আ,-2.172627,1.095759,-0.009285,0.018245,0.004317,0.072677,1.143697
2,1,20260711_215646_y25z4x__outer02__inner01__aug03,20260711_215646_y25z4x,train,user4,আ,-5.26343,0.996082,0.02884,0.025457,0.0054,0.071233,1.174274
2,1,20260711_215701_i0we24__outer02__inner01__aug01,20260711_215701_i0we24,train,user4,আ,0.616898,0.907948,0.001765,-0.025682,0.003734,0.054913,0.985756
2,1,20260711_215701_i0we24__outer02__inner01__aug02,20260711_215701_i0we24,train,user4,আ,-3.837274,0.96243,0.035362,0.045378,0.004007,0.040637,0.888045
2,1,20260711_215701_i0we24__outer02__inner01__aug03,20260711_215701_i0we24,train,user4,আ,-6.757111,1.05713,-0.03415,-0.037902,0.004767,0.052203,0.802825
2,1,20260711_215719_fym8k2__outer02__inner01__aug01,20260711_215719_fym8k2,train,user4,আ,-0.017207,0.965917,-0.03761,-0.007566,0.007657,0.070274,1.100474
2,1,20260711_215719_fym8k2__outer02__inner01__aug02,20260711_215719_fym8k2,train,user4,আ,1.091658,0.967955,0.024742,-0.011609,0.005205,0.062261,0.929573
2,1,20260711_215719_fym8k2__outer02__inner01__aug03,20260711_215719_fym8k2,train,user4,আ,3.185028,0.983339,-0.041292,-0.03489,0.004152,0.059612,1.241596
2,1,20260711_215732_e3wli4__outer02__inner01__aug01,20260711_215732_e3wli4,train,user4,আ,-5.125578,1.093432,-0.031918,0.048124,0.006338,0.032213,0.806315
2,1,20260711_215732_e3wli4__outer02__inner01__aug02,20260711_215732_e3wli4,train,user4,আ,0.260831,1.044826,0.022897,0.03624,0.004909,0.060484,0.951074
2,1,20260711_215732_e3wli4__outer02__inner01__aug03,20260711_215732_e3wli4,train,user4,আ,-4.305618,0.940791,0.00703,-0.035217,0.006023,0.036114,1.070515
2,1,20260711_215746_pw5glc__outer02__inner01__aug01,20260711_215746_pw5glc,train,user4,আ,6.250879,0.927135,-0.025984,-0.043915,0.006644,0.070384,1.120497
2,1,20260711_215746_pw5glc__outer02__inner01__aug02,20260711_215746_pw5glc,train,user4,আ,-1.130048,1.090972,0.040693,0.031173,0.007417,0.030035,1.072704
2,1,20260711_215746_pw5glc__outer02__inner01__aug03,20260711_215746_pw5glc,train,user4,আ,1.996634,1.095956,0.007558,-0.007045,0.007528,0.056023,0.857907
2,1,20260711_215803_gtb1nz__outer02__inner01__aug01,20260711_215803_gtb1nz,train,user4,আ,-2.663932,1.018469,0.031227,-0.030361,0.003859,0.055512,1.116845
2,1,20260711_215803_gtb1nz__outer02__inner01__aug02,20260711_215803_gtb1nz,train,user4,আ,-5.082826,1.027709,0.049328,0.014982,0.005436,0.079318,1.016777
2,1,20260711_215803_gtb1nz__outer02__inner01__aug03,20260711_215803_gtb1nz,train,user4,আ,-6.102729,0.974089,0.043098,-0.012251,0.00411,0.037338,1.236879
2,1,20260711_215826_09me7o__outer02__inner01__aug01,20260711_215826_09me7o,train,user4,আ,-0.953462,1.060187,-0.038497,0.012818,0.006702,0.043881,1.14594
2,1,20260711_215826_09me7o__outer02__inner01__aug02,20260711_215826_09me7o,train,user4,আ,-0.131453,0.911816,0.011535,0.010993,0.005076,0.031579,0.826789
2,1,20260711_215826_09me7o__outer02__inner01__aug03,20260711_215826_09me7o,train,user4,আ,-0.563109,1.010375,-0.026069,0.033519,0.007807,0.047165,1.087943
2,1,20260711_215850_2a6qfe__outer02__inner01__aug01,20260711_215850_2a6qfe,train,user4,আ,-0.507794,1.031789,-0.012061,0.007042,0.003636,0.057748,1.179713
2,1,20260711_215850_2a6qfe__outer02__inner01__aug02,20260711_215850_2a6qfe,train,user4,আ,6.999749,0.901598,0.007891,-0.037091,0.006421,0.04231,0.961327
2,1,20260711_215850_2a6qfe__outer02__inner01__aug03,20260711_215850_2a6qfe,train,user4,আ,-0.43234,0.94481,0.027182,0.044353,0.005741,0.040702,1.214307
2,1,20260711_211613_pni7yl__outer02__inner01__aug01,20260711_211613_pni7yl,train,user4,ই,1.487101,1.043318,-0.001058,-0.037247,0.005381,0.044186,1.124927
2,1,20260711_211613_pni7yl__outer02__inner01__aug02,20260711_211613_pni7yl,train,user4,ই,5.031424,1.075621,-0.039778,0.039194,0.004018,0.031144,0.925593
2,1,20260711_211613_pni7yl__outer02__inner01__aug03,20260711_211613_pni7yl,train,user4,ই,-2.690213,0.949661,0.0427,0.027797,0.004649,0.037458,1.196308
2,1,20260711_211631_omhqof__outer02__inner01__aug01,20260711_211631_omhqof,train,user4,ই,-1.908969,0.975084,-0.02883,0.045169,0.007118,0.068953,0.853725
2,1,20260711_211631_omhqof__outer02__inner01__aug02,20260711_211631_omhqof,train,user4,ই,-0.71933,1.071546,0.008626,-0.02821,0.005833,0.064451,0.898092
2,1,20260711_211631_omhqof__outer02__inner01__aug03,20260711_211631_omhqof,train,user4,ই,3.371909,1.067528,-0.030349,-0.029367,0.005302,0.037363,1.034897
2,1,20260711_215916_5xq3ym__outer02__inner01__aug01,20260711_215916_5xq3ym,train,user4,ই,-3.894998,0.959195,0.015578,0.041465,0.003154,0.044004,1.07809
2,1,20260711_215916_5xq3ym__outer02__inner01__aug02,20260711_215916_5xq3ym,train,user4,ই,0.399956,0.952746,-0.020105,-0.03733,0.003205,0.069127,0.976222
2,1,20260711_215916_5xq3ym__outer02__inner01__aug03,20260711_215916_5xq3ym,train,user4,ই,1.330758,0.980417,0.009216,0.020569,0.003961,0.051685,1.128763
2,1,20260711_215928_ckxbi5__outer02__inner01__aug01,20260711_215928_ckxbi5,train,user4,ই,-4.75107,0.902635,-0.042382,0.007223,0.005316,0.034672,1.211035
2,1,20260711_215928_ckxbi5__outer02__inner01__aug02,20260711_215928_ckxbi5,train,user4,ই,6.678846,1.000362,-0.023482,-0.042071,0.006255,0.065353,1.203574
2,1,20260711_215928_ckxbi5__outer02__inner01__aug03,20260711_215928_ckxbi5,train,user4,ই,-3.024395,0.979847,-0.042638,0.01698,0.007512,0.073324,1.007423
2,1,20260711_215945_ovgs11__outer02__inner01__aug01,20260711_215945_ovgs11,train,user4,ই,5.674327,0.981832,0.01381,-0.038481,0.005238,0.048896,0.925669
2,1,20260711_215945_ovgs11__outer02__inner01__aug02,20260711_215945_ovgs11,train,user4,ই,6.747293,0.987872,-0.049912,0.017382,0.005141,0.03202,1.203151
2,1,20260711_215945_ovgs11__outer02__inner01__aug03,20260711_215945_ovgs11,train,user4,ই,-1.44804,1.073484,0.028754,-0.019328,0.006253,0.049079,0.861585
2,1,20260711_215959_axw0jl__outer02__inner01__aug01,20260711_215959_axw0jl,train,user4,ই,6.301482,1.070988,0.041795,0.000987,0.004896,0.048289,0.808079
2,1,20260711_215959_axw0jl__outer02__inner01__aug02,20260711_215959_axw0jl,train,user4,ই,-6.666219,1.004581,0.004935,-0.027324,0.004092,0.03159,1.201954
2,1,20260711_215959_axw0jl__outer02__inner01__aug03,20260711_215959_axw0jl,train,user4,ই,3.38333,0.976171,0.000885,-0.041687,0.005884,0.07133,1.066459
2,1,20260711_220013_x16qxh__outer02__inner01__aug01,20260711_220013_x16qxh,train,user4,ই,-5.638518,1.03295,0.028835,-0.033309,0.00447,0.057757,1.105825
2,1,20260711_220013_x16qxh__outer02__inner01__aug02,20260711_220013_x16qxh,train,user4,ই,-4.932407,1.044796,0.019878,0.02792,0.007979,0.074178,1.238623
2,1,20260711_220013_x16qxh__outer02__inner01__aug03,20260711_220013_x16qxh,train,user4,ই,6.741866,0.985979,0.002076,-0.024215,0.004149,0.059643,0.860012
2,1,20260711_220027_1j40u6__outer02__inner01__aug01,20260711_220027_1j40u6,train,user4,ই,3.350354,1.029531,0.043088,-0.031517,0.005739,0.060486,1.064505
2,1,20260711_220027_1j40u6__outer02__inner01__aug02,20260711_220027_1j40u6,train,user4,ই,0.738907,0.971083,-0.049561,0.005279,0.004797,0.076594,1.021105
2,1,20260711_220027_1j40u6__outer02__inner01__aug03,20260711_220027_1j40u6,train,user4,ই,-6.51673,1.04846,-0.034141,-0.018955,0.005079,0.031202,0.862438
2,1,20260711_220043_yyhe4o__outer02__inner01__aug01,20260711_220043_yyhe4o,train,user4,ই,-6.843268,1.082782,0.009182,0.045279,0.006363,0.078694,0.954387
2,1,20260711_220043_yyhe4o__outer02__inner01__aug02,20260711_220043_yyhe4o,train,user4,ই,1.778118,0.975063,0.006493,0.038694,0.003097,0.044288,0.81643
2,1,20260711_220043_yyhe4o__outer02__inner01__aug03,20260711_220043_yyhe4o,train,user4,ই,-5.570433,0.927192,0.010014,-0.035035,0.007732,0.071815,0.949478
2,1,20260711_220058_6cy90j__outer02__inner01__aug01,20260711_220058_6cy90j,train,user4,ই,-6.950928,0.950677,0.032159,-0.009218,0.00586,0.046407,1.027392
2,1,20260711_220058_6cy90j__outer02__inner01__aug02,20260711_220058_6cy90j,train,user4,ই,2.292069,0.927157,0.037216,0.000865,0.004798,0.033034,0.897554
2,1,20260711_220058_6cy90j__outer02__inner01__aug03,20260711_220058_6cy90j,train,user4,ই,0.172669,0.943745,0.041328,-0.03227,0.005174,0.051755,1.054597
2,1,20260711_220112_94lc88__outer02__inner01__aug01,20260711_220112_94lc88,train,user4,ই,1.258929,1.087804,-0.033479,0.026284,0.007843,0.059589,0.988483
2,1,20260711_220112_94lc88__outer02__inner01__aug02,20260711_220112_94lc88,train,user4,ই,4.908296,0.995073,-0.048695,0.021827,0.006922,0.076618,1.155359
2,1,20260711_220112_94lc88__outer02__inner01__aug03,20260711_220112_94lc88,train,user4,ই,-0.079553,1.04603,-0.009158,0.005049,0.00548,0.042343,0.921778
2,1,20260711_220132_3b6d70__outer02__inner01__aug01,20260711_220132_3b6d70,train,user4,ই,-4.796357,1.009743,0.026267,-0.024746,0.007925,0.065541,1.149336
2,1,20260711_220132_3b6d70__outer02__inner01__aug02,20260711_220132_3b6d70,train,user4,ই,3.663877,0.98694,-0.026329,-0.033056,0.00596,0.07047,1.071794
2,1,20260711_220132_3b6d70__outer02__inner01__aug03,20260711_220132_3b6d70,train,user4,ই,5.15812,0.900111,0.013548,-0.046177,0.00556,0.053508,1.080251
2,1,20260711_220151_kjuuzh__outer02__inner01__aug01,20260711_220151_kjuuzh,train,user4,ই,-2.8962,0.989526,-0.00155,0.002295,0.006919,0.036366,0.876554
2,1,20260711_220151_kjuuzh__outer02__inner01__aug02,20260711_220151_kjuuzh,train,user4,ই,-3.372051,1.049037,0.037751,0.02563,0.007402,0.063009,0.958874
2,1,20260711_220151_kjuuzh__outer02__inner01__aug03,20260711_220151_kjuuzh,train,user4,ই,-5.681673,1.097853,0.025593,0.023954,0.006284,0.069383,0.94274
2,1,20260711_220205_cr3boy__outer02__inner01__aug01,20260711_220205_cr3boy,train,user4,ই,3.330732,0.945849,0.013498,-0.012437,0.004986,0.030367,1.050549
2,1,20260711_220205_cr3boy__outer02__inner01__aug02,20260711_220205_cr3boy,train,user4,ই,-2.714702,1.047335,-0.043394,0.025831,0.004124,0.064166,1.207381
2,1,20260711_220205_cr3boy__outer02__inner01__aug03,20260711_220205_cr3boy,train,user4,ই,1.343256,0.917748,0.020004,-0.000649,0.005207,0.079139,1.087552
2,1,20260711_220217_85rgxu__outer02__inner01__aug01,20260711_220217_85rgxu,train,user4,ই,-6.636857,0.937857,0.038151,0.037015,0.004403,0.073334,0.876762
2,1,20260711_220217_85rgxu__outer02__inner01__aug02,20260711_220217_85rgxu,train,user4,ই,-5.553032,1.050973,0.046275,0.049638,0.003013,0.076117,0.932257
2,1,20260711_220217_85rgxu__outer02__inner01__aug03,20260711_220217_85rgxu,train,user4,ই,2.177637,1.046052,-0.047776,0.034442,0.006076,0.054829,0.987819
2,1,20260711_220235_4uai7u__outer02__inner01__aug01,20260711_220235_4uai7u,train,user4,ই,4.162776,1.026946,-0.005839,-0.021478,0.005962,0.075024,1.02017
2,1,20260711_220235_4uai7u__outer02__inner01__aug02,20260711_220235_4uai7u,train,user4,ই,6.033484,1.037406,0.034389,0.018454,0.005956,0.039251,1.245866
2,1,20260711_220235_4uai7u__outer02__inner01__aug03,20260711_220235_4uai7u,train,user4,ই,2.48005,0.927584,0.043121,-0.024465,0.00448,0.041321,1.124041
2,1,20260711_220308_e7l7wm__outer02__inner01__aug01,20260711_220308_e7l7wm,train,user4,ই,3.26441,0.957314,-0.012743,-0.028962,0.00695,0.056407,0.847519
2,1,20260711_220308_e7l7wm__outer02__inner01__aug02,20260711_220308_e7l7wm,train,user4,ই,-0.566593,0.924541,-0.018146,-0.047312,0.004609,0.046631,0.856869
2,1,20260711_220308_e7l7wm__outer02__inner01__aug03,20260711_220308_e7l7wm,train,user4,ই,1.997572,1.072936,-0.035322,0.048132,0.006428,0.048211,0.800608
2,1,20260711_220404_itceug__outer02__inner01__aug01,20260711_220404_itceug,train,user4,ঈ,4.774825,0.931329,-0.04161,0.046878,0.004621,0.069452,1.000516
2,1,20260711_220404_itceug__outer02__inner01__aug02,20260711_220404_itceug,train,user4,ঈ,1.322947,1.081195,-0.046102,0.014223,0.003621,0.073759,0.92407
2,1,20260711_220404_itceug__outer02__inner01__aug03,20260711_220404_itceug,train,user4,ঈ,0.866448,0.985166,0.027125,0.048672,0.005902,0.044533,0.829154
2,1,20260711_220444_r35mfs__outer02__inner01__aug01,20260711_220444_r35mfs,train,user4,ঈ,-4.359715,1.017852,-0.038391,-0.034954,0.004557,0.052403,0.824367
2,1,20260711_220444_r35mfs__outer02__inner01__aug02,20260711_220444_r35mfs,train,user4,ঈ,4.829294,0.969326,-0.031778,0.011816,0.00322,0.051948,0.885552
2,1,20260711_220444_r35mfs__outer02__inner01__aug03,20260711_220444_r35mfs,train,user4,ঈ,4.436879,1.051508,-0.014478,0.04049,0.007789,0.051589,0.926786
2,1,20260711_220519_ila5ji__outer02__inner01__aug01,20260711_220519_ila5ji,train,user4,ঈ,5.548801,1.048937,0.015178,-0.004102,0.003049,0.033223,0.81093
2,1,20260711_220519_ila5ji__outer02__inner01__aug02,20260711_220519_ila5ji,train,user4,ঈ,-0.644783,1.05725,0.010817,-0.000714,0.007424,0.040656,0.998417
2,1,20260711_220519_ila5ji__outer02__inner01__aug03,20260711_220519_ila5ji,train,user4,ঈ,-4.659083,0.947638,-0.011128,-0.01718,0.005804,0.051384,1.059726
2,1,20260711_220543_7o5bd0__outer02__inner01__aug01,20260711_220543_7o5bd0,train,user4,ঈ,1.75927,0.926438,-0.022247,-0.009239,0.004432,0.050924,1.10195
2,1,20260711_220543_7o5bd0__outer02__inner01__aug02,20260711_220543_7o5bd0,train,user4,ঈ,2.143898,0.949178,0.03579,-0.04252,0.006242,0.072599,0.876385
2,1,20260711_220543_7o5bd0__outer02__inner01__aug03,20260711_220543_7o5bd0,train,user4,ঈ,4.216317,0.913923,-0.032681,0.00053,0.005796,0.068562,0.929424
2,1,20260711_220606_essesa__outer02__inner01__aug01,20260711_220606_essesa,train,user4,ঈ,4.884576,1.009135,0.016969,-0.041857,0.007568,0.039685,0.905361
2,1,20260711_220606_essesa__outer02__inner01__aug02,20260711_220606_essesa,train,user4,ঈ,-2.813608,1.038817,0.003745,0.031165,0.004667,0.03165,1.058013
2,1,20260711_220606_essesa__outer02__inner01__aug03,20260711_220606_essesa,train,user4,ঈ,5.67548,0.926855,-0.006971,-0.041905,0.003356,0.041075,1.169917
2,1,20260711_220641_ufswp1__outer02__inner01__aug01,20260711_220641_ufswp1,train,user4,ঈ,0.072072,0.955166,-0.046832,-0.00565,0.004202,0.075994,0.901534
2,1,20260711_220641_ufswp1__outer02__inner01__aug02,20260711_220641_ufswp1,train,user4,ঈ,4.658478,0.984248,0.031779,-0.028148,0.007206,0.040543,0.974846
2,1,20260711_220641_ufswp1__outer02__inner01__aug03,20260711_220641_ufswp1,train,user4,ঈ,-0.602399,1.025641,-0.015445,0.038986,0.003898,0.066264,1.200901
2,1,20260711_220701_y1rftt__outer02__inner01__aug01,20260711_220701_y1rftt,train,user4,ঈ,3.252985,0.926833,-0.030278,0.038682,0.005764,0.068376,0.954993
2,1,20260711_220701_y1rftt__outer02__inner01__aug02,20260711_220701_y1rftt,train,user4,ঈ,-3.769653,1.072895,-0.003401,-0.046656,0.004438,0.068405,1.127946
2,1,20260711_220701_y1rftt__outer02__inner01__aug03,20260711_220701_y1rftt,train,user4,ঈ,-2.875866,1.058802,-0.043557,-0.047109,0.005755,0.066889,0.924826
2,1,20260711_220721_h9k2mi__outer02__inner01__aug01,20260711_220721_h9k2mi,train,user4,ঈ,5.304056,1.062009,0.000911,-0.031463,0.006896,0.034379,0.879327
2,1,20260711_220721_h9k2mi__outer02__inner01__aug02,20260711_220721_h9k2mi,train,user4,ঈ,-2.426159,0.953996,-0.003068,0.002935,0.004252,0.042154,1.040203
2,1,20260711_220721_h9k2mi__outer02__inner01__aug03,20260711_220721_h9k2mi,train,user4,ঈ,-2.452843,1.082373,0.028491,0.039787,0.004558,0.049163,0.855792
2,1,20260711_220738_j2qzn6__outer02__inner01__aug01,20260711_220738_j2qzn6,train,user4,ঈ,-1.713459,0.910538,0.047346,-0.026628,0.004673,0.05797,1.021885
2,1,20260711_220738_j2qzn6__outer02__inner01__aug02,20260711_220738_j2qzn6,train,user4,ঈ,-5.414245,1.062511,0.013921,0.041744,0.007176,0.051162,1.010327
2,1,20260711_220738_j2qzn6__outer02__inner01__aug03,20260711_220738_j2qzn6,train,user4,ঈ,2.424527,0.914293,-0.036052,0.008624,0.007041,0.062071,0.954973
2,1,20260711_220751_axw80l__outer02__inner01__aug01,20260711_220751_axw80l,train,user4,ঈ,1.97407,0.90549,0.01301,0.01934,0.004491,0.035382,1.099747
2,1,20260711_220751_axw80l__outer02__inner01__aug02,20260711_220751_axw80l,train,user4,ঈ,-2.937432,1.067507,0.003465,-0.033891,0.004008,0.079365,0.963763
2,1,20260711_220751_axw80l__outer02__inner01__aug03,20260711_220751_axw80l,train,user4,ঈ,4.030292,0.949411,-0.034865,0.005984,0.003257,0.049445,0.848012
2,1,20260711_220807_mldxj2__outer02__inner01__aug01,20260711_220807_mldxj2,train,user4,ঈ,6.038797,1.019602,0.02759,-0.02467,0.005221,0.063148,0.917518
2,1,20260711_220807_mldxj2__outer02__inner01__aug02,20260711_220807_mldxj2,train,user4,ঈ,-6.365044,1.014334,0.03633,-0.045999,0.007789,0.047001,0.89048
2,1,20260711_220807_mldxj2__outer02__inner01__aug03,20260711_220807_mldxj2,train,user4,ঈ,-5.90054,1.021913,-0.00323,-0.044844,0.003544,0.055887,0.804308
2,1,20260711_220822_wgaxvc__outer02__inner01__aug01,20260711_220822_wgaxvc,train,user4,ঈ,0.107528,0.903958,-0.046953,0.028405,0.003045,0.054442,1.126248
2,1,20260711_220822_wgaxvc__outer02__inner01__aug02,20260711_220822_wgaxvc,train,user4,ঈ,3.643266,1.036629,0.014055,-0.014393,0.005449,0.048931,1.055651
2,1,20260711_220822_wgaxvc__outer02__inner01__aug03,20260711_220822_wgaxvc,train,user4,ঈ,3.206099,0.990057,-0.041715,0.014297,0.00449,0.040077,1.149082
2,1,20260711_220837_dby4gx__outer02__inner01__aug01,20260711_220837_dby4gx,train,user4,ঈ,1.947139,1.091989,0.002866,0.033364,0.003258,0.076041,1.060154
2,1,20260711_220837_dby4gx__outer02__inner01__aug02,20260711_220837_dby4gx,train,user4,ঈ,-5.029204,0.932693,-0.010614,-0.040319,0.007325,0.060162,1.085026
2,1,20260711_220837_dby4gx__outer02__inner01__aug03,20260711_220837_dby4gx,train,user4,ঈ,1.657218,0.924205,0.039665,0.010526,0.006203,0.046675,1.246813
2,1,20260711_220850_xo5kch__outer02__inner01__aug01,20260711_220850_xo5kch,train,user4,ঈ,6.462837,0.919824,0.004397,0.021246,0.006349,0.057004,1.105102
2,1,20260711_220850_xo5kch__outer02__inner01__aug02,20260711_220850_xo5kch,train,user4,ঈ,-2.182435,1.039477,0.011514,-0.036386,0.003775,0.045939,1.159974
2,1,20260711_220850_xo5kch__outer02__inner01__aug03,20260711_220850_xo5kch,train,user4,ঈ,2.009014,1.032086,-0.000653,0.013594,0.006761,0.062415,0.893878
2,1,20260711_220906_ehc737__outer02__inner01__aug01,20260711_220906_ehc737,train,user4,ঈ,-2.278398,0.903524,0.027232,-0.024025,0.005685,0.033231,1.076015
2,1,20260711_220906_ehc737__outer02__inner01__aug02,20260711_220906_ehc737,train,user4,ঈ,4.127543,1.041499,-0.045101,-0.022028,0.00457,0.077696,1.175369
2,1,20260711_220906_ehc737__outer02__inner01__aug03,20260711_220906_ehc737,train,user4,ঈ,4.629228,1.022559,-0.040735,0.030531,0.006464,0.067097,1.150874
2,2,20260703_231939_jmltkn__outer02__inner02__aug01,20260703_231939_jmltkn,train,user1,অ,-6.339379,1.083613,0.041409,-0.024932,0.00704,0.070823,1.194482
2,2,20260703_231939_jmltkn__outer02__inner02__aug02,20260703_231939_jmltkn,train,user1,অ,-4.914745,0.975521,0.001246,-0.021856,0.003174,0.032821,1.132322
2,2,20260703_231939_jmltkn__outer02__inner02__aug03,20260703_231939_jmltkn,train,user1,অ,6.577978,0.902457,-0.033048,0.013146,0.00394,0.035081,0.948606
2,2,20260704_230134_0i7e7o__outer02__inner02__aug01,20260704_230134_0i7e7o,train,user1,অ,-0.835578,1.091438,-0.028601,0.011494,0.006931,0.067824,0.952065
2,2,20260704_230134_0i7e7o__outer02__inner02__aug02,20260704_230134_0i7e7o,train,user1,অ,5.788391,1.099395,-0.020359,0.020107,0.004894,0.075922,0.872696
2,2,20260704_230134_0i7e7o__outer02__inner02__aug03,20260704_230134_0i7e7o,train,user1,অ,-3.889627,1.078655,0.034565,-0.039054,0.003919,0.06156,0.970026
2,2,20260704_230207_s0bru0__outer02__inner02__aug01,20260704_230207_s0bru0,train,user1,অ,-1.079402,1.001737,-0.014581,-0.006968,0.005016,0.058503,1.121105
2,2,20260704_230207_s0bru0__outer02__inner02__aug02,20260704_230207_s0bru0,train,user1,অ,6.888048,1.047917,-0.006028,-0.01363,0.004795,0.05308,1.029788
2,2,20260704_230207_s0bru0__outer02__inner02__aug03,20260704_230207_s0bru0,train,user1,অ,-5.695909,0.933113,0.027096,0.005587,0.004553,0.071863,1.039484
2,2,20260704_230243_20ggrl__outer02__inner02__aug01,20260704_230243_20ggrl,train,user1,অ,-0.015807,1.014895,0.024334,-0.04269,0.003059,0.031502,0.88316
2,2,20260704_230243_20ggrl__outer02__inner02__aug02,20260704_230243_20ggrl,train,user1,অ,-3.853764,1.038892,0.003589,0.045475,0.006293,0.049558,0.98378
2,2,20260704_230243_20ggrl__outer02__inner02__aug03,20260704_230243_20ggrl,train,user1,অ,0.039151,1.082346,-0.014388,0.009392,0.007852,0.036679,0.844558
2,2,20260704_230314_biogka__outer02__inner02__aug01,20260704_230314_biogka,train,user1,অ,-3.815251,1.068622,-0.037534,-0.015166,0.004484,0.058592,1.150785
2,2,20260704_230314_biogka__outer02__inner02__aug02,20260704_230314_biogka,train,user1,অ,-6.992458,1.034989,-0.020521,0.000418,0.006269,0.055573,1.248352
2,2,20260704_230314_biogka__outer02__inner02__aug03,20260704_230314_biogka,train,user1,অ,-4.247849,1.035183,-0.039047,0.01743,0.006558,0.060223,1.249785
2,2,20260704_230343_z76un4__outer02__inner02__aug01,20260704_230343_z76un4,train,user1,অ,-0.366532,0.980924,-0.013704,0.035804,0.00796,0.063395,0.910821
2,2,20260704_230343_z76un4__outer02__inner02__aug02,20260704_230343_z76un4,train,user1,অ,-6.106464,0.948889,0.022701,0.004153,0.006073,0.07736,1.161249
2,2,20260704_230343_z76un4__outer02__inner02__aug03,20260704_230343_z76un4,train,user1,অ,-6.449432,1.02286,0.013713,0.01747,0.005636,0.062067,1.166624
2,2,20260704_230438_1by20a__outer02__inner02__aug01,20260704_230438_1by20a,train,user1,অ,5.78202,0.987211,-0.011145,-0.000545,0.007892,0.038419,0.931066
2,2,20260704_230438_1by20a__outer02__inner02__aug02,20260704_230438_1by20a,train,user1,অ,2.264435,1.09267,-0.038105,0.02235,0.00645,0.048643,0.866858
2,2,20260704_230438_1by20a__outer02__inner02__aug03,20260704_230438_1by20a,train,user1,অ,-3.32618,0.963578,-0.006976,-0.026887,0.004757,0.051714,1.093896
2,2,20260704_230508_zz8agk__outer02__inner02__aug01,20260704_230508_zz8agk,train,user1,অ,-1.144536,0.980142,-0.040904,-0.001972,0.00665,0.037201,1.016702
2,2,20260704_230508_zz8agk__outer02__inner02__aug02,20260704_230508_zz8agk,train,user1,অ,1.336053,1.088916,0.012556,0.016379,0.007039,0.063747,1.244328
2,2,20260704_230508_zz8agk__outer02__inner02__aug03,20260704_230508_zz8agk,train,user1,অ,0.555494,1.08754,-0.017153,-0.049111,0.004058,0.054866,0.94432
2,2,20260704_230530_8783vw__outer02__inner02__aug01,20260704_230530_8783vw,train,user1,অ,5.325119,1.028966,-0.017018,0.003999,0.007249,0.041515,0.814439
2,2,20260704_230530_8783vw__outer02__inner02__aug02,20260704_230530_8783vw,train,user1,অ,-3.871765,1.03659,0.043415,0.041763,0.003613,0.061677,0.964948
2,2,20260704_230530_8783vw__outer02__inner02__aug03,20260704_230530_8783vw,train,user1,অ,-3.425364,1.040967,-0.013606,-0.045622,0.003425,0.037603,1.160998
2,2,20260704_230601_9fuwl5__outer02__inner02__aug01,20260704_230601_9fuwl5,train,user1,অ,-3.049816,1.040168,-0.04643,-0.000959,0.005304,0.076764,0.971839
2,2,20260704_230601_9fuwl5__outer02__inner02__aug02,20260704_230601_9fuwl5,train,user1,অ,0.355725,0.972896,0.022219,-0.012821,0.004006,0.051984,0.80564
2,2,20260704_230601_9fuwl5__outer02__inner02__aug03,20260704_230601_9fuwl5,train,user1,অ,1.797072,1.01512,-0.01539,-0.022749,0.003957,0.041997,1.079575
2,2,20260704_230631_iep9zz__outer02__inner02__aug01,20260704_230631_iep9zz,train,user1,অ,1.846406,0.90465,0.012769,0.016365,0.005011,0.03676,0.998815
2,2,20260704_230631_iep9zz__outer02__inner02__aug02,20260704_230631_iep9zz,train,user1,অ,0.607072,0.901642,-0.045445,0.039068,0.007712,0.042693,1.137398
2,2,20260704_230631_iep9zz__outer02__inner02__aug03,20260704_230631_iep9zz,train,user1,অ,6.357286,1.004104,-0.01868,0.01431,0.003828,0.075776,0.829188
2,2,20260709_222041_giojuy__outer02__inner02__aug01,20260709_222041_giojuy,train,user1,অ,-1.803282,1.073224,-0.024825,-0.026893,0.006252,0.044652,1.03461
2,2,20260709_222041_giojuy__outer02__inner02__aug02,20260709_222041_giojuy,train,user1,অ,-1.716719,0.928124,0.009164,-0.015893,0.006792,0.03667,0.97331
2,2,20260709_222041_giojuy__outer02__inner02__aug03,20260709_222041_giojuy,train,user1,অ,-1.962499,0.907897,-0.010372,-0.031605,0.007449,0.076064,1.070877
2,2,20260704_230720_4nlmlz__outer02__inner02__aug01,20260704_230720_4nlmlz,train,user1,আ,-0.366953,0.943438,-0.028399,0.023135,0.006645,0.053917,0.955479
2,2,20260704_230720_4nlmlz__outer02__inner02__aug02,20260704_230720_4nlmlz,train,user1,আ,4.912665,0.90109,-0.012797,0.040487,0.003772,0.067506,0.986113
2,2,20260704_230720_4nlmlz__outer02__inner02__aug03,20260704_230720_4nlmlz,train,user1,আ,-1.776747,1.008836,-0.023991,-0.022868,0.005819,0.075209,0.949533
2,2,20260704_230748_cofjqd__outer02__inner02__aug01,20260704_230748_cofjqd,train,user1,আ,0.70416,0.977566,0.010708,-0.015805,0.007317,0.052587,1.21448
2,2,20260704_230748_cofjqd__outer02__inner02__aug02,20260704_230748_cofjqd,train,user1,আ,-6.316557,0.910056,-0.049938,-0.025178,0.007639,0.031035,1.010432
2,2,20260704_230748_cofjqd__outer02__inner02__aug03,20260704_230748_cofjqd,train,user1,আ,6.576272,0.989769,-0.000175,-0.043665,0.003694,0.043875,1.199885
2,2,20260704_230823_p4djtm__outer02__inner02__aug01,20260704_230823_p4djtm,train,user1,আ,-3.716578,0.972235,0.033575,-0.030408,0.00768,0.062765,0.907196
2,2,20260704_230823_p4djtm__outer02__inner02__aug02,20260704_230823_p4djtm,train,user1,আ,0.949283,1.082166,0.03548,-0.01573,0.006667,0.072263,0.93174
2,2,20260704_230823_p4djtm__outer02__inner02__aug03,20260704_230823_p4djtm,train,user1,আ,-1.491442,1.080071,0.00426,-0.026279,0.006935,0.064352,1.082637
2,2,20260704_230900_jm6b9y__outer02__inner02__aug01,20260704_230900_jm6b9y,train,user1,আ,-5.423064,0.989485,-0.022829,-0.017498,0.005516,0.079776,1.089088
2,2,20260704_230900_jm6b9y__outer02__inner02__aug02,20260704_230900_jm6b9y,train,user1,আ,-0.066179,0.983716,-0.001276,0.028439,0.004372,0.057604,1.174854
2,2,20260704_230900_jm6b9y__outer02__inner02__aug03,20260704_230900_jm6b9y,train,user1,আ,5.81558,1.044911,0.042045,0.040253,0.005525,0.056694,1.026156
2,2,20260704_230941_ogdcp4__outer02__inner02__aug01,20260704_230941_ogdcp4,train,user1,আ,5.381393,0.986916,-0.013133,-0.017357,0.006718,0.034531,0.830852
2,2,20260704_230941_ogdcp4__outer02__inner02__aug02,20260704_230941_ogdcp4,train,user1,আ,-5.378845,0.97768,-0.000165,0.028143,0.005837,0.059998,0.967387
2,2,20260704_230941_ogdcp4__outer02__inner02__aug03,20260704_230941_ogdcp4,train,user1,আ,-4.981216,1.081163,-0.010943,0.037105,0.004696,0.054715,1.205513
2,2,20260704_231010_4ha6y7__outer02__inner02__aug01,20260704_231010_4ha6y7,train,user1,আ,-3.921405,0.925844,-0.006784,-0.040282,0.006532,0.06643,1.141828
2,2,20260704_231010_4ha6y7__outer02__inner02__aug02,20260704_231010_4ha6y7,train,user1,আ,3.056042,1.099539,0.017484,-0.021991,0.007106,0.053179,0.877764
2,2,20260704_231010_4ha6y7__outer02__inner02__aug03,20260704_231010_4ha6y7,train,user1,আ,-0.993412,1.06382,0.018241,-0.023569,0.007965,0.061203,0.825516
2,2,20260728_232136_0wkg0v__outer02__inner02__aug01,20260728_232136_0wkg0v,train,user1,আ,5.886987,0.955528,0.025466,0.010538,0.004833,0.030032,0.846454
2,2,20260728_232136_0wkg0v__outer02__inner02__aug02,20260728_232136_0wkg0v,train,user1,আ,2.803503,0.97388,0.009672,-0.028686,0.004886,0.067776,1.015526
2,2,20260728_232136_0wkg0v__outer02__inner02__aug03,20260728_232136_0wkg0v,train,user1,আ,-5.25047,1.053129,0.040141,-0.033611,0.005175,0.050515,0.8564
2,2,20260728_232203_7c77zv__outer02__inner02__aug01,20260728_232203_7c77zv,train,user1,আ,4.627749,1.023307,0.032928,0.012628,0.003319,0.051422,0.974785
2,2,20260728_232203_7c77zv__outer02__inner02__aug02,20260728_232203_7c77zv,train,user1,আ,-4.719683,1.040522,-0.034199,0.035887,0.004199,0.049588,1.080932
2,2,20260728_232203_7c77zv__outer02__inner02__aug03,20260728_232203_7c77zv,train,user1,আ,-2.472593,0.949355,-0.01494,0.014938,0.003648,0.064745,1.135478
2,2,20260728_232238_kgwkds__outer02__inner02__aug01,20260728_232238_kgwkds,train,user1,আ,-0.477088,0.981749,0.045392,-0.049288,0.004592,0.043685,0.866974
2,2,20260728_232238_kgwkds__outer02__inner02__aug02,20260728_232238_kgwkds,train,user1,আ,-5.547769,0.96152,0.001283,-0.034988,0.005401,0.045236,0.990479
2,2,20260728_232238_kgwkds__outer02__inner02__aug03,20260728_232238_kgwkds,train,user1,আ,5.227363,0.94263,-0.037418,0.025903,0.006284,0.032027,1.219066
2,2,20260728_232316_s2ep8l__outer02__inner02__aug01,20260728_232316_s2ep8l,train,user1,আ,4.776858,0.917765,0.026666,-0.040915,0.004524,0.047722,1.075929
2,2,20260728_232316_s2ep8l__outer02__inner02__aug02,20260728_232316_s2ep8l,train,user1,আ,2.706076,1.066946,0.006354,-0.027175,0.007524,0.040186,0.926589
2,2,20260728_232316_s2ep8l__outer02__inner02__aug03,20260728_232316_s2ep8l,train,user1,আ,-0.958229,1.017155,0.000642,-0.03741,0.004807,0.036768,1.023487
2,2,20260705_210750_hp0ub6__outer02__inner02__aug01,20260705_210750_hp0ub6,train,user1,ই,-4.092823,0.998927,0.023026,0.003379,0.007955,0.044463,1.223575
2,2,20260705_210750_hp0ub6__outer02__inner02__aug02,20260705_210750_hp0ub6,train,user1,ই,-5.018887,0.939347,0.006197,0.002568,0.005417,0.049375,0.958074
2,2,20260705_210750_hp0ub6__outer02__inner02__aug03,20260705_210750_hp0ub6,train,user1,ই,3.576549,0.912193,-0.021753,0.036821,0.007026,0.046892,0.945426
2,2,20260705_210817_cpe63z__outer02__inner02__aug01,20260705_210817_cpe63z,train,user1,ই,-5.760674,0.984657,-0.003895,-0.027211,0.003804,0.040331,0.802155
2,2,20260705_210817_cpe63z__outer02__inner02__aug02,20260705_210817_cpe63z,train,user1,ই,-2.965958,0.9055,0.033813,0.020596,0.007299,0.053598,1.228793
2,2,20260705_210817_cpe63z__outer02__inner02__aug03,20260705_210817_cpe63z,train,user1,ই,-2.157762,1.082776,-0.049011,-0.03623,0.0074,0.073061,1.191024
2,2,20260705_210847_8d63gb__outer02__inner02__aug01,20260705_210847_8d63gb,train,user1,ই,3.847171,0.991699,0.021223,0.025612,0.004714,0.046054,0.863501
2,2,20260705_210847_8d63gb__outer02__inner02__aug02,20260705_210847_8d63gb,train,user1,ই,2.804153,0.927056,-0.007591,0.038219,0.00639,0.074354,0.947337
2,2,20260705_210847_8d63gb__outer02__inner02__aug03,20260705_210847_8d63gb,train,user1,ই,6.415911,0.962451,0.034085,0.031081,0.005196,0.072124,1.181583
2,2,20260705_210914_6z0wyv__outer02__inner02__aug01,20260705_210914_6z0wyv,train,user1,ই,-6.934586,0.991897,-0.04162,0.003317,0.007198,0.035818,1.247744
2,2,20260705_210914_6z0wyv__outer02__inner02__aug02,20260705_210914_6z0wyv,train,user1,ই,1.786657,1.04387,0.037887,-0.030721,0.00317,0.079402,1.128342
2,2,20260705_210914_6z0wyv__outer02__inner02__aug03,20260705_210914_6z0wyv,train,user1,ই,3.302662,0.903296,-0.003797,0.011027,0.006855,0.033751,1.089748
2,2,20260705_211104_cee4mp__outer02__inner02__aug01,20260705_211104_cee4mp,train,user1,ই,-3.099795,0.98018,0.026779,0.047334,0.006564,0.058206,0.826491
2,2,20260705_211104_cee4mp__outer02__inner02__aug02,20260705_211104_cee4mp,train,user1,ই,1.190078,1.030138,0.022884,0.048132,0.006811,0.042214,0.840351
2,2,20260705_211104_cee4mp__outer02__inner02__aug03,20260705_211104_cee4mp,train,user1,ই,-3.170931,0.988733,0.020573,-0.043353,0.007264,0.065122,0.861267
2,2,20260705_211129_q9xd7j__outer02__inner02__aug01,20260705_211129_q9xd7j,train,user1,ই,5.900715,0.976114,0.042815,0.007592,0.00702,0.048403,0.82326
2,2,20260705_211129_q9xd7j__outer02__inner02__aug02,20260705_211129_q9xd7j,train,user1,ই,6.929516,0.909346,0.011616,0.01375,0.00586,0.058739,0.984077
2,2,20260705_211129_q9xd7j__outer02__inner02__aug03,20260705_211129_q9xd7j,train,user1,ই,6.870752,0.999489,0.023156,-0.03076,0.003956,0.032966,0.956799
2,2,20260705_211202_fwdefr__outer02__inner02__aug01,20260705_211202_fwdefr,train,user1,ই,4.514293,1.065074,0.019044,-0.028398,0.007082,0.059852,1.188741
2,2,20260705_211202_fwdefr__outer02__inner02__aug02,20260705_211202_fwdefr,train,user1,ই,-0.071054,1.050736,0.028389,0.046931,0.004553,0.032322,0.869395
2,2,20260705_211202_fwdefr__outer02__inner02__aug03,20260705_211202_fwdefr,train,user1,ই,-4.877319,1.011071,-0.005839,0.01798,0.006047,0.062365,0.818541
2,2,20260705_211229_nco6f5__outer02__inner02__aug01,20260705_211229_nco6f5,train,user1,ই,3.376227,0.962391,-0.00835,0.029567,0.00654,0.040262,0.818957
2,2,20260705_211229_nco6f5__outer02__inner02__aug02,20260705_211229_nco6f5,train,user1,ই,-4.943119,0.967873,-0.014086,-0.033498,0.005362,0.074753,1.191895
2,2,20260705_211229_nco6f5__outer02__inner02__aug03,20260705_211229_nco6f5,train,user1,ই,0.424358,1.035426,0.020481,0.009886,0.005352,0.066726,1.156747
2,2,20260705_211257_5zxk15__outer02__inner02__aug01,20260705_211257_5zxk15,train,user1,ই,4.557162,0.917071,-0.028779,0.009609,0.005485,0.06133,0.967048
2,2,20260705_211257_5zxk15__outer02__inner02__aug02,20260705_211257_5zxk15,train,user1,ই,1.338175,0.963989,0.042419,-0.038564,0.005121,0.064539,1.203476
2,2,20260705_211257_5zxk15__outer02__inner02__aug03,20260705_211257_5zxk15,train,user1,ই,2.180838,1.062678,-0.00683,-0.016735,0.003565,0.06405,1.085723
2,2,20260705_211324_69n6hy__outer02__inner02__aug01,20260705_211324_69n6hy,train,user1,ই,-6.480429,1.035888,-0.035884,0.02506,0.007127,0.077481,0.867248
2,2,20260705_211324_69n6hy__outer02__inner02__aug02,20260705_211324_69n6hy,train,user1,ই,-1.25968,1.066089,-0.01002,-0.007043,0.003373,0.049045,1.246379
2,2,20260705_211324_69n6hy__outer02__inner02__aug03,20260705_211324_69n6hy,train,user1,ই,-2.538198,1.077886,-0.040183,-0.022442,0.005358,0.07462,1.07306
2,2,20260705_213721_6edrqn__outer02__inner02__aug01,20260705_213721_6edrqn,train,user1,ঈ,0.338097,0.96598,-0.039831,-0.017523,0.003183,0.046343,0.812868
2,2,20260705_213721_6edrqn__outer02__inner02__aug02,20260705_213721_6edrqn,train,user1,ঈ,-6.159093,1.009812,0.029551,-0.029065,0.006656,0.040379,0.866588
2,2,20260705_213721_6edrqn__outer02__inner02__aug03,20260705_213721_6edrqn,train,user1,ঈ,4.048642,1.070077,0.016909,-0.007632,0.003746,0.0716,1.101581
2,2,20260705_213804_scynf9__outer02__inner02__aug01,20260705_213804_scynf9,train,user1,ঈ,1.695598,0.980544,0.046611,-0.04622,0.006571,0.038818,1.063803
2,2,20260705_213804_scynf9__outer02__inner02__aug02,20260705_213804_scynf9,train,user1,ঈ,4.954144,1.057902,-0.026268,-0.012419,0.003764,0.039241,1.183117
2,2,20260705_213804_scynf9__outer02__inner02__aug03,20260705_213804_scynf9,train,user1,ঈ,-5.697643,1.097694,-0.010632,-0.015875,0.005488,0.076176,1.084661
2,2,20260705_213852_tuebtl__outer02__inner02__aug01,20260705_213852_tuebtl,train,user1,ঈ,4.327649,0.929164,0.043079,0.02243,0.004067,0.043412,1.144626
2,2,20260705_213852_tuebtl__outer02__inner02__aug02,20260705_213852_tuebtl,train,user1,ঈ,-5.913111,0.906525,-0.027983,-0.036472,0.003163,0.065669,1.089315
2,2,20260705_213852_tuebtl__outer02__inner02__aug03,20260705_213852_tuebtl,train,user1,ঈ,1.447139,1.02551,-0.00211,-0.03097,0.004866,0.049071,0.807636
2,2,20260705_213943_7qqvt7__outer02__inner02__aug01,20260705_213943_7qqvt7,train,user1,ঈ,-6.990584,0.942311,0.040038,-0.018563,0.004286,0.078324,0.873091
2,2,20260705_213943_7qqvt7__outer02__inner02__aug02,20260705_213943_7qqvt7,train,user1,ঈ,-1.816454,1.020332,0.047598,0.022224,0.007103,0.072377,1.024154
2,2,20260705_213943_7qqvt7__outer02__inner02__aug03,20260705_213943_7qqvt7,train,user1,ঈ,5.440851,1.078461,0.044137,0.029617,0.005629,0.070743,0.802382
2,2,20260705_214029_z7ddbl__outer02__inner02__aug01,20260705_214029_z7ddbl,train,user1,ঈ,-3.145203,1.082848,0.032814,0.026227,0.007861,0.057702,0.908575
2,2,20260705_214029_z7ddbl__outer02__inner02__aug02,20260705_214029_z7ddbl,train,user1,ঈ,-6.941857,0.93504,0.013237,-0.038842,0.007656,0.056005,1.228244
2,2,20260705_214029_z7ddbl__outer02__inner02__aug03,20260705_214029_z7ddbl,train,user1,ঈ,0.086763,1.00789,0.007789,-0.007276,0.005801,0.063708,1.236465
2,2,20260705_214107_b894ld__outer02__inner02__aug01,20260705_214107_b894ld,train,user1,ঈ,-3.802419,0.956273,-0.009444,-0.013914,0.00577,0.053082,0.938996
2,2,20260705_214107_b894ld__outer02__inner02__aug02,20260705_214107_b894ld,train,user1,ঈ,-5.052111,1.012191,-0.008476,-0.037486,0.006464,0.061739,1.220829
2,2,20260705_214107_b894ld__outer02__inner02__aug03,20260705_214107_b894ld,train,user1,ঈ,3.392359,0.990257,-0.039722,0.041908,0.006524,0.075032,0.99831
2,2,20260705_215457_yruoxw__outer02__inner02__aug01,20260705_215457_yruoxw,train,user1,ঈ,2.333758,0.946583,-0.002401,0.008908,0.004065,0.058496,0.912019
2,2,20260705_215457_yruoxw__outer02__inner02__aug02,20260705_215457_yruoxw,train,user1,ঈ,-3.085824,0.960222,0.024806,-0.041093,0.003841,0.054982,1.012601
2,2,20260705_215457_yruoxw__outer02__inner02__aug03,20260705_215457_yruoxw,train,user1,ঈ,2.243168,1.03191,-0.006204,0.033516,0.003445,0.065369,1.198934
2,2,20260705_215539_dr61qv__outer02__inner02__aug01,20260705_215539_dr61qv,train,user1,ঈ,-3.694007,1.072193,0.035869,-0.032514,0.005741,0.053374,1.137409
2,2,20260705_215539_dr61qv__outer02__inner02__aug02,20260705_215539_dr61qv,train,user1,ঈ,-6.459318,1.03035,0.023115,-0.029522,0.003861,0.066336,1.245266
2,2,20260705_215539_dr61qv__outer02__inner02__aug03,20260705_215539_dr61qv,train,user1,ঈ,-4.794806,0.969763,-0.029754,-0.043696,0.006647,0.043968,1.236754
2,2,20260705_215654_07cd7w__outer02__inner02__aug01,20260705_215654_07cd7w,train,user1,ঈ,-0.054967,0.936814,-0.008701,0.00858,0.007371,0.051951,1.154244
2,2,20260705_215654_07cd7w__outer02__inner02__aug02,20260705_215654_07cd7w,train,user1,ঈ,-4.632785,0.926147,0.006084,0.027511,0.004277,0.057113,0.955085
2,2,20260705_215654_07cd7w__outer02__inner02__aug03,20260705_215654_07cd7w,train,user1,ঈ,-6.586742,0.956694,0.032374,0.034451,0.004769,0.05501,0.806338
2,2,20260705_215745_i5n9h7__outer02__inner02__aug01,20260705_215745_i5n9h7,train,user1,ঈ,3.480715,0.92234,-0.03171,-0.026856,0.006421,0.032094,1.110327
2,2,20260705_215745_i5n9h7__outer02__inner02__aug02,20260705_215745_i5n9h7,train,user1,ঈ,-4.631618,0.998614,-0.043548,0.035253,0.00396,0.065566,1.060176
2,2,20260705_215745_i5n9h7__outer02__inner02__aug03,20260705_215745_i5n9h7,train,user1,ঈ,-5.963434,0.925093,-0.003126,0.015845,0.004554,0.038662,1.108054
2,2,20260711_211455_ab7vb3__outer02__inner02__aug01,20260711_211455_ab7vb3,train,user4,অ,-6.709426,1.058754,0.03311,-0.028366,0.003094,0.040138,0.89811
2,2,20260711_211455_ab7vb3__outer02__inner02__aug02,20260711_211455_ab7vb3,train,user4,অ,-6.120839,1.081691,0.013306,-0.025417,0.006422,0.033483,1.175698
2,2,20260711_211455_ab7vb3__outer02__inner02__aug03,20260711_211455_ab7vb3,train,user4,অ,2.219835,1.069282,-0.040749,0.043877,0.005041,0.059926,1.168166
2,2,20260711_214733_y28o8p__outer02__inner02__aug01,20260711_214733_y28o8p,train,user4,অ,-6.691137,0.969399,0.035124,-0.010921,0.006255,0.066695,1.081862
2,2,20260711_214733_y28o8p__outer02__inner02__aug02,20260711_214733_y28o8p,train,user4,অ,-4.169391,0.912379,0.030919,-0.024149,0.006253,0.051782,0.880255
2,2,20260711_214733_y28o8p__outer02__inner02__aug03,20260711_214733_y28o8p,train,user4,অ,-3.660035,1.019204,-0.047102,0.013051,0.006543,0.038544,0.835944
2,2,20260711_214747_h8ad4n__outer02__inner02__aug01,20260711_214747_h8ad4n,train,user4,অ,-0.948163,1.016733,0.037334,0.023413,0.007129,0.044785,0.950673
2,2,20260711_214747_h8ad4n__outer02__inner02__aug02,20260711_214747_h8ad4n,train,user4,অ,-4.961209,0.962466,0.006374,-0.017278,0.004743,0.062906,0.840684
2,2,20260711_214747_h8ad4n__outer02__inner02__aug03,20260711_214747_h8ad4n,train,user4,অ,1.999796,0.98468,0.01578,-0.010059,0.006723,0.049695,1.168392
2,2,20260711_214802_iotb3d__outer02__inner02__aug01,20260711_214802_iotb3d,train,user4,অ,1.446122,0.958209,0.016069,-0.038294,0.006668,0.06422,0.870463
2,2,20260711_214802_iotb3d__outer02__inner02__aug02,20260711_214802_iotb3d,train,user4,অ,0.270398,1.023296,-0.020393,0.023887,0.004145,0.06914,0.902269
2,2,20260711_214802_iotb3d__outer02__inner02__aug03,20260711_214802_iotb3d,train,user4,অ,1.387157,0.916396,-0.002652,-0.028209,0.004343,0.073624,0.948224
2,2,20260711_214818_1kqyjw__outer02__inner02__aug01,20260711_214818_1kqyjw,train,user4,অ,-4.799337,1.018044,0.019805,-0.04105,0.006569,0.064499,1.086136
2,2,20260711_214818_1kqyjw__outer02__inner02__aug02,20260711_214818_1kqyjw,train,user4,অ,-4.336018,1.089712,0.027547,-0.020715,0.007222,0.03341,1.212795
2,2,20260711_214818_1kqyjw__outer02__inner02__aug03,20260711_214818_1kqyjw,train,user4,অ,-1.905329,0.939306,-0.001983,-0.00367,0.006833,0.063417,1.095006
2,2,20260711_214838_nmfk2j__outer02__inner02__aug01,20260711_214838_nmfk2j,train,user4,অ,-2.170874,1.040218,-0.042311,0.048661,0.004049,0.066325,0.858064
2,2,20260711_214838_nmfk2j__outer02__inner02__aug02,20260711_214838_nmfk2j,train,user4,অ,1.21245,0.981401,0.035681,0.019468,0.003966,0.078683,0.936538
2,2,20260711_214838_nmfk2j__outer02__inner02__aug03,20260711_214838_nmfk2j,train,user4,অ,-3.436202,1.05784,0.04778,0.017322,0.005731,0.067064,0.89551
2,2,20260711_214856_wh1jdl__outer02__inner02__aug01,20260711_214856_wh1jdl,train,user4,অ,5.108061,1.064188,0.008823,0.014394,0.007487,0.035991,1.236413
2,2,20260711_214856_wh1jdl__outer02__inner02__aug02,20260711_214856_wh1jdl,train,user4,অ,-2.872005,1.046763,0.008945,0.020197,0.00403,0.056244,1.140619
2,2,20260711_214856_wh1jdl__outer02__inner02__aug03,20260711_214856_wh1jdl,train,user4,অ,3.923212,1.053173,-0.008108,-0.010963,0.003318,0.051196,1.195469
2,2,20260711_214912_5jyzoq__outer02__inner02__aug01,20260711_214912_5jyzoq,train,user4,অ,4.50114,0.941022,0.032307,0.046755,0.005538,0.063065,1.247767
2,2,20260711_214912_5jyzoq__outer02__inner02__aug02,20260711_214912_5jyzoq,train,user4,অ,6.274323,0.910025,0.023491,-0.022172,0.004394,0.075474,1.118923
2,2,20260711_214912_5jyzoq__outer02__inner02__aug03,20260711_214912_5jyzoq,train,user4,অ,6.708044,1.069882,-0.048962,-0.047556,0.004787,0.035523,1.216053
2,2,20260711_215025_9ahjj1__outer02__inner02__aug01,20260711_215025_9ahjj1,train,user4,অ,2.564622,1.078868,-0.001755,0.045107,0.006495,0.051145,0.885295
2,2,20260711_215025_9ahjj1__outer02__inner02__aug02,20260711_215025_9ahjj1,train,user4,অ,-0.391033,1.042065,0.010247,-0.039658,0.006088,0.044551,0.882396
2,2,20260711_215025_9ahjj1__outer02__inner02__aug03,20260711_215025_9ahjj1,train,user4,অ,-5.994089,0.904301,0.003716,0.024236,0.006249,0.052819,1.14882
2,2,20260711_215040_totmvz__outer02__inner02__aug01,20260711_215040_totmvz,train,user4,অ,-5.126365,1.032086,-0.018984,0.024394,0.003127,0.032805,0.828852
2,2,20260711_215040_totmvz__outer02__inner02__aug02,20260711_215040_totmvz,train,user4,অ,1.060301,0.969483,-0.049697,0.018194,0.003241,0.043891,1.060604
2,2,20260711_215040_totmvz__outer02__inner02__aug03,20260711_215040_totmvz,train,user4,অ,3.740818,0.970939,0.031222,0.044741,0.006889,0.04199,0.89
2,2,20260711_215057_m3q3bw__outer02__inner02__aug01,20260711_215057_m3q3bw,train,user4,অ,6.415348,0.998379,-0.04461,0.035092,0.007719,0.046305,1.151584
2,2,20260711_215057_m3q3bw__outer02__inner02__aug02,20260711_215057_m3q3bw,train,user4,অ,2.732318,1.002531,0.017761,0.011224,0.006915,0.042964,1.177992
2,2,20260711_215057_m3q3bw__outer02__inner02__aug03,20260711_215057_m3q3bw,train,user4,অ,0.076653,1.038898,0.007392,0.014714,0.004945,0.058983,1.012036
2,2,20260711_215120_wa3iw4__outer02__inner02__aug01,20260711_215120_wa3iw4,train,user4,অ,0.678913,0.95976,0.007228,0.013918,0.006942,0.039234,1.083934
2,2,20260711_215120_wa3iw4__outer02__inner02__aug02,20260711_215120_wa3iw4,train,user4,অ,-6.306746,0.909365,-0.026851,-0.044688,0.005799,0.049189,1.1942
2,2,20260711_215120_wa3iw4__outer02__inner02__aug03,20260711_215120_wa3iw4,train,user4,অ,2.376793,0.900025,0.029399,0.026663,0.006814,0.049738,1.22755
2,2,20260711_215140_jzmdn9__outer02__inner02__aug01,20260711_215140_jzmdn9,train,user4,অ,-5.652096,1.015726,-0.027834,0.048793,0.007011,0.044583,0.929835
2,2,20260711_215140_jzmdn9__outer02__inner02__aug02,20260711_215140_jzmdn9,train,user4,অ,3.202545,1.012638,0.008326,0.04208,0.00306,0.064132,1.150152
2,2,20260711_215140_jzmdn9__outer02__inner02__aug03,20260711_215140_jzmdn9,train,user4,অ,-3.785653,0.903082,-0.04797,0.03118,0.006939,0.054663,1.141718
2,2,20260711_215153_8dj6mi__outer02__inner02__aug01,20260711_215153_8dj6mi,train,user4,অ,5.267159,0.985336,0.020852,0.009831,0.004449,0.070243,1.217017
2,2,20260711_215153_8dj6mi__outer02__inner02__aug02,20260711_215153_8dj6mi,train,user4,অ,-0.51212,1.00977,-0.006956,0.000492,0.004549,0.074821,1.206293
2,2,20260711_215153_8dj6mi__outer02__inner02__aug03,20260711_215153_8dj6mi,train,user4,অ,4.721051,1.012502,0.018914,-0.030673,0.004699,0.040783,0.918814
2,2,20260711_215210_14cuph__outer02__inner02__aug01,20260711_215210_14cuph,train,user4,অ,5.362874,0.928677,0.022028,-0.018687,0.003064,0.055774,0.935813
2,2,20260711_215210_14cuph__outer02__inner02__aug02,20260711_215210_14cuph,train,user4,অ,-4.485491,0.96183,-0.007187,0.034084,0.005298,0.059171,1.176868
2,2,20260711_215210_14cuph__outer02__inner02__aug03,20260711_215210_14cuph,train,user4,অ,4.35274,0.953881,0.04055,-0.040926,0.003815,0.078422,1.171065
2,2,20260711_215224_s1nefb__outer02__inner02__aug01,20260711_215224_s1nefb,train,user4,অ,-3.712601,1.094872,-0.030773,0.041062,0.005185,0.065881,1.029852
2,2,20260711_215224_s1nefb__outer02__inner02__aug02,20260711_215224_s1nefb,train,user4,অ,-6.64925,0.960384,0.00602,-0.046864,0.00636,0.067167,1.190067
2,2,20260711_215224_s1nefb__outer02__inner02__aug03,20260711_215224_s1nefb,train,user4,অ,-3.220634,1.025745,-0.031989,-0.003017,0.004434,0.037867,1.065609
2,2,20260711_211553_8q738s__outer02__inner02__aug01,20260711_211553_8q738s,train,user4,আ,1.92906,1.096904,-0.040875,0.014527,0.007316,0.055383,0.855355
2,2,20260711_211553_8q738s__outer02__inner02__aug02,20260711_211553_8q738s,train,user4,আ,-6.470886,0.994987,0.042354,0.012597,0.006953,0.075979,1.199035
2,2,20260711_211553_8q738s__outer02__inner02__aug03,20260711_211553_8q738s,train,user4,আ,5.918123,0.920778,-0.004831,0.016839,0.006934,0.063919,1.071505
2,2,20260711_215326_rdw0i7__outer02__inner02__aug01,20260711_215326_rdw0i7,train,user4,আ,2.897519,0.984463,-0.049815,0.013143,0.003299,0.051064,1.011115
2,2,20260711_215326_rdw0i7__outer02__inner02__aug02,20260711_215326_rdw0i7,train,user4,আ,-2.902347,0.936776,0.027741,0.008334,0.004135,0.070365,1.233811
2,2,20260711_215326_rdw0i7__outer02__inner02__aug03,20260711_215326_rdw0i7,train,user4,আ,2.610338,1.043255,0.012994,-0.030501,0.004618,0.071393,1.190116
2,2,20260711_215355_gtir0d__outer02__inner02__aug01,20260711_215355_gtir0d,train,user4,আ,-4.834721,1.023783,0.027616,-0.039411,0.006481,0.042781,1.231358
2,2,20260711_215355_gtir0d__outer02__inner02__aug02,20260711_215355_gtir0d,train,user4,আ,-0.567327,0.955403,0.018589,0.019478,0.00468,0.041054,0.91941
2,2,20260711_215355_gtir0d__outer02__inner02__aug03,20260711_215355_gtir0d,train,user4,আ,6.060966,1.030004,-0.02956,-0.015013,0.004571,0.07465,1.167125
2,2,20260711_215413_4z3pac__outer02__inner02__aug01,20260711_215413_4z3pac,train,user4,আ,-2.621625,1.018423,-0.030085,0.013375,0.003225,0.066238,1.132708
2,2,20260711_215413_4z3pac__outer02__inner02__aug02,20260711_215413_4z3pac,train,user4,আ,-4.3016,0.983949,0.0366,0.042276,0.00504,0.047255,1.040947
2,2,20260711_215413_4z3pac__outer02__inner02__aug03,20260711_215413_4z3pac,train,user4,আ,-1.4134,0.950227,-0.036262,0.041221,0.004104,0.048858,0.879457
2,2,20260711_215505_noe4fp__outer02__inner02__aug01,20260711_215505_noe4fp,train,user4,আ,3.422264,1.066436,-0.015463,-0.036943,0.003193,0.061333,1.170243
2,2,20260711_215505_noe4fp__outer02__inner02__aug02,20260711_215505_noe4fp,train,user4,আ,-3.465341,1.056619,-0.030806,0.014239,0.004753,0.059489,1.045867
2,2,20260711_215505_noe4fp__outer02__inner02__aug03,20260711_215505_noe4fp,train,user4,আ,-3.800051,0.920848,-0.009883,-0.015455,0.00562,0.042761,0.875816
2,2,20260711_215527_oaoi6c__outer02__inner02__aug01,20260711_215527_oaoi6c,train,user4,আ,3.532165,1.005825,-0.028633,0.002796,0.005001,0.065016,0.88898
2,2,20260711_215527_oaoi6c__outer02__inner02__aug02,20260711_215527_oaoi6c,train,user4,আ,4.65875,0.924206,-0.019237,0.020911,0.003342,0.048043,1.216542
2,2,20260711_215527_oaoi6c__outer02__inner02__aug03,20260711_215527_oaoi6c,train,user4,আ,4.485291,1.063559,-0.049034,0.020511,0.007775,0.063049,0.986301
2,2,20260711_215554_41w3p4__outer02__inner02__aug01,20260711_215554_41w3p4,train,user4,আ,4.178129,0.984552,-0.035659,0.035354,0.004171,0.06198,0.889202
2,2,20260711_215554_41w3p4__outer02__inner02__aug02,20260711_215554_41w3p4,train,user4,আ,6.632564,1.097766,0.013292,0.04303,0.003164,0.042387,1.079123
2,2,20260711_215554_41w3p4__outer02__inner02__aug03,20260711_215554_41w3p4,train,user4,আ,-2.101141,0.915094,0.048584,-0.013771,0.005307,0.049044,0.917607
2,2,20260711_215623_q6sua3__outer02__inner02__aug01,20260711_215623_q6sua3,train,user4,আ,1.639891,0.939306,-0.043774,0.039549,0.005763,0.0458,0.89971
2,2,20260711_215623_q6sua3__outer02__inner02__aug02,20260711_215623_q6sua3,train,user4,আ,-0.629312,0.965365,0.005049,-0.013374,0.004492,0.0592,0.937596
2,2,20260711_215623_q6sua3__outer02__inner02__aug03,20260711_215623_q6sua3,train,user4,আ,-6.919405,1.065094,-0.000525,0.033798,0.007868,0.077957,1.113289
2,2,20260711_215646_y25z4x__outer02__inner02__aug01,20260711_215646_y25z4x,train,user4,আ,5.639797,1.016719,-0.025776,-0.000983,0.006799,0.065502,0.935353
2,2,20260711_215646_y25z4x__outer02__inner02__aug02,20260711_215646_y25z4x,train,user4,আ,-6.183469,0.947769,-0.02577,0.006947,0.004634,0.040083,0.900385
2,2,20260711_215646_y25z4x__outer02__inner02__aug03,20260711_215646_y25z4x,train,user4,আ,1.084063,1.095403,-0.037845,0.031107,0.005562,0.062057,1.248883
2,2,20260711_215701_i0we24__outer02__inner02__aug01,20260711_215701_i0we24,train,user4,আ,-0.093895,0.97786,0.008428,0.040243,0.005695,0.043464,1.053425
2,2,20260711_215701_i0we24__outer02__inner02__aug02,20260711_215701_i0we24,train,user4,আ,-2.222259,0.963204,0.049137,-0.006657,0.006691,0.0649,1.223289
2,2,20260711_215701_i0we24__outer02__inner02__aug03,20260711_215701_i0we24,train,user4,আ,-3.931939,1.029969,-0.047071,0.009998,0.003194,0.071569,0.942274
2,2,20260711_215719_fym8k2__outer02__inner02__aug01,20260711_215719_fym8k2,train,user4,আ,6.544152,0.990487,0.003176,-0.005889,0.003602,0.053553,1.169273
2,2,20260711_215719_fym8k2__outer02__inner02__aug02,20260711_215719_fym8k2,train,user4,আ,6.54337,0.964909,-0.03351,-0.044647,0.005194,0.038383,1.071798
2,2,20260711_215719_fym8k2__outer02__inner02__aug03,20260711_215719_fym8k2,train,user4,আ,6.155427,0.986601,-0.035921,0.047221,0.005654,0.035867,0.84385
2,2,20260711_215732_e3wli4__outer02__inner02__aug01,20260711_215732_e3wli4,train,user4,আ,-0.59749,0.958745,0.023489,-0.028993,0.007768,0.043063,0.912658
2,2,20260711_215732_e3wli4__outer02__inner02__aug02,20260711_215732_e3wli4,train,user4,আ,-6.935955,1.040938,-0.004454,0.016464,0.004383,0.057089,1.136768
2,2,20260711_215732_e3wli4__outer02__inner02__aug03,20260711_215732_e3wli4,train,user4,আ,-6.309615,0.944497,0.010984,0.011921,0.004565,0.047229,1.166992
2,2,20260711_215746_pw5glc__outer02__inner02__aug01,20260711_215746_pw5glc,train,user4,আ,-6.197158,0.902501,-0.036406,-0.031031,0.006025,0.06976,1.149292
2,2,20260711_215746_pw5glc__outer02__inner02__aug02,20260711_215746_pw5glc,train,user4,আ,4.158769,0.973663,-0.034424,0.017832,0.006284,0.039146,1.197009
2,2,20260711_215746_pw5glc__outer02__inner02__aug03,20260711_215746_pw5glc,train,user4,আ,3.213511,0.909173,-0.017135,0.036963,0.004526,0.069272,1.218705
2,2,20260711_215803_gtb1nz__outer02__inner02__aug01,20260711_215803_gtb1nz,train,user4,আ,2.818815,0.974539,-0.034959,-0.023645,0.007942,0.076081,0.813666
2,2,20260711_215803_gtb1nz__outer02__inner02__aug02,20260711_215803_gtb1nz,train,user4,আ,-1.780277,1.074884,-0.029854,0.018063,0.005276,0.055797,0.853787
2,2,20260711_215803_gtb1nz__outer02__inner02__aug03,20260711_215803_gtb1nz,train,user4,আ,2.028016,0.931072,-0.004269,-0.036161,0.007689,0.061604,1.190523
2,2,20260711_215826_09me7o__outer02__inner02__aug01,20260711_215826_09me7o,train,user4,আ,4.776444,1.082896,-0.02066,0.028635,0.007219,0.067606,1.066263
2,2,20260711_215826_09me7o__outer02__inner02__aug02,20260711_215826_09me7o,train,user4,আ,-1.864796,1.075407,-0.028353,-0.041068,0.006967,0.071187,1.036145
2,2,20260711_215826_09me7o__outer02__inner02__aug03,20260711_215826_09me7o,train,user4,আ,6.585656,0.940612,-0.028957,0.027067,0.004296,0.056715,1.173386
2,2,20260711_215850_2a6qfe__outer02__inner02__aug01,20260711_215850_2a6qfe,train,user4,আ,-3.840174,0.998764,0.012907,0.008617,0.005013,0.078498,1.167477
2,2,20260711_215850_2a6qfe__outer02__inner02__aug02,20260711_215850_2a6qfe,train,user4,আ,-3.306981,1.073719,-0.006076,0.003617,0.004483,0.041226,1.244532
2,2,20260711_215850_2a6qfe__outer02__inner02__aug03,20260711_215850_2a6qfe,train,user4,আ,1.715689,1.064179,0.000408,0.007694,0.006157,0.073348,0.887947
2,2,20260711_211613_pni7yl__outer02__inner02__aug01,20260711_211613_pni7yl,train,user4,ই,2.686437,0.970672,0.037012,0.039117,0.00382,0.043339,0.935162
2,2,20260711_211613_pni7yl__outer02__inner02__aug02,20260711_211613_pni7yl,train,user4,ই,6.512284,0.990979,0.025457,0.033248,0.004479,0.062637,1.111425
2,2,20260711_211613_pni7yl__outer02__inner02__aug03,20260711_211613_pni7yl,train,user4,ই,-5.136241,1.002063,0.014186,-0.021665,0.003134,0.063321,0.80681
2,2,20260711_211631_omhqof__outer02__inner02__aug01,20260711_211631_omhqof,train,user4,ই,4.148055,1.075855,0.016013,0.028045,0.004608,0.059997,1.022982
2,2,20260711_211631_omhqof__outer02__inner02__aug02,20260711_211631_omhqof,train,user4,ই,5.305501,0.969009,0.047608,0.002278,0.007519,0.045742,1.184217
2,2,20260711_211631_omhqof__outer02__inner02__aug03,20260711_211631_omhqof,train,user4,ই,-6.933608,1.079402,0.021265,-0.032847,0.005418,0.03879,0.873433
2,2,20260711_215916_5xq3ym__outer02__inner02__aug01,20260711_215916_5xq3ym,train,user4,ই,6.291847,0.910757,-0.004375,-0.003459,0.004007,0.079492,0.844663
2,2,20260711_215916_5xq3ym__outer02__inner02__aug02,20260711_215916_5xq3ym,train,user4,ই,3.88129,0.926501,0.032325,-0.04526,0.005356,0.050408,1.064262
2,2,20260711_215916_5xq3ym__outer02__inner02__aug03,20260711_215916_5xq3ym,train,user4,ই,2.524266,1.096811,-0.024148,0.009278,0.005663,0.076878,0.883261
2,2,20260711_215928_ckxbi5__outer02__inner02__aug01,20260711_215928_ckxbi5,train,user4,ই,3.407704,1.067045,0.002703,0.022138,0.006888,0.051382,1.103205
2,2,20260711_215928_ckxbi5__outer02__inner02__aug02,20260711_215928_ckxbi5,train,user4,ই,-1.715325,1.028039,0.004295,3.2e-05,0.004617,0.070357,0.871068
2,2,20260711_215928_ckxbi5__outer02__inner02__aug03,20260711_215928_ckxbi5,train,user4,ই,-1.200799,1.071592,0.039756,-0.042537,0.00756,0.045753,1.180812
2,2,20260711_215945_ovgs11__outer02__inner02__aug01,20260711_215945_ovgs11,train,user4,ই,0.434768,1.085006,-0.045527,0.035063,0.005974,0.075077,1.123776
2,2,20260711_215945_ovgs11__outer02__inner02__aug02,20260711_215945_ovgs11,train,user4,ই,-0.443901,1.061553,-0.025354,-0.016458,0.005014,0.077192,1.097354
2,2,20260711_215945_ovgs11__outer02__inner02__aug03,20260711_215945_ovgs11,train,user4,ই,-1.246113,1.080804,-0.02399,0.009194,0.007319,0.07317,1.025946
2,2,20260711_215959_axw0jl__outer02__inner02__aug01,20260711_215959_axw0jl,train,user4,ই,2.442002,1.000326,-0.004173,-0.044427,0.006076,0.062079,0.89318
2,2,20260711_215959_axw0jl__outer02__inner02__aug02,20260711_215959_axw0jl,train,user4,ই,-4.16735,0.998381,0.034919,-0.027347,0.003725,0.063558,1.002747
2,2,20260711_215959_axw0jl__outer02__inner02__aug03,20260711_215959_axw0jl,train,user4,ই,-2.664161,1.062266,-0.023171,-0.02396,0.006549,0.069442,1.193819
2,2,20260711_220013_x16qxh__outer02__inner02__aug01,20260711_220013_x16qxh,train,user4,ই,-5.154917,0.946571,0.030319,-0.000548,0.005719,0.039973,1.069025
2,2,20260711_220013_x16qxh__outer02__inner02__aug02,20260711_220013_x16qxh,train,user4,ই,-6.503304,1.050824,-0.043368,-0.045382,0.007125,0.042279,0.960978
2,2,20260711_220013_x16qxh__outer02__inner02__aug03,20260711_220013_x16qxh,train,user4,ই,2.569818,1.048468,0.031323,0.007826,0.006311,0.047464,0.958866
2,2,20260711_220027_1j40u6__outer02__inner02__aug01,20260711_220027_1j40u6,train,user4,ই,0.738756,1.08032,-0.023852,0.037568,0.004669,0.070829,1.048363
2,2,20260711_220027_1j40u6__outer02__inner02__aug02,20260711_220027_1j40u6,train,user4,ই,-2.288987,0.994479,-0.02058,0.007359,0.006272,0.052158,1.140034
2,2,20260711_220027_1j40u6__outer02__inner02__aug03,20260711_220027_1j40u6,train,user4,ই,3.808782,0.925766,0.030421,0.034669,0.005983,0.047482,0.83852
2,2,20260711_220043_yyhe4o__outer02__inner02__aug01,20260711_220043_yyhe4o,train,user4,ই,-0.822263,1.021299,-0.04506,0.016096,0.005113,0.033818,0.814713
2,2,20260711_220043_yyhe4o__outer02__inner02__aug02,20260711_220043_yyhe4o,train,user4,ই,0.584477,0.948066,-0.027443,0.04089,0.003245,0.077025,1.156282
2,2,20260711_220043_yyhe4o__outer02__inner02__aug03,20260711_220043_yyhe4o,train,user4,ই,-1.041078,1.006244,-0.041811,0.003237,0.006534,0.077573,0.804058
2,2,20260711_220058_6cy90j__outer02__inner02__aug01,20260711_220058_6cy90j,train,user4,ই,1.572275,1.085263,0.002047,-0.014376,0.006257,0.070762,1.020733
2,2,20260711_220058_6cy90j__outer02__inner02__aug02,20260711_220058_6cy90j,train,user4,ই,-2.223019,1.064721,-0.004666,0.021059,0.005921,0.03883,1.165665
2,2,20260711_220058_6cy90j__outer02__inner02__aug03,20260711_220058_6cy90j,train,user4,ই,-2.242922,0.928702,0.017129,-0.048998,0.003515,0.075081,0.893732
2,2,20260711_220112_94lc88__outer02__inner02__aug01,20260711_220112_94lc88,train,user4,ই,-2.286325,0.928784,-0.015094,0.042007,0.004634,0.077459,0.809644
2,2,20260711_220112_94lc88__outer02__inner02__aug02,20260711_220112_94lc88,train,user4,ই,-2.72804,0.990044,-0.045292,0.007259,0.003602,0.075008,1.168084
2,2,20260711_220112_94lc88__outer02__inner02__aug03,20260711_220112_94lc88,train,user4,ই,5.131148,0.998215,0.007535,-0.009093,0.004464,0.045752,0.802612
2,2,20260711_220132_3b6d70__outer02__inner02__aug01,20260711_220132_3b6d70,train,user4,ই,0.780206,0.997032,-0.009404,0.031014,0.006094,0.063796,1.059734
2,2,20260711_220132_3b6d70__outer02__inner02__aug02,20260711_220132_3b6d70,train,user4,ই,-0.837523,1.040979,-0.040967,0.00389,0.006631,0.073576,0.909604
2,2,20260711_220132_3b6d70__outer02__inner02__aug03,20260711_220132_3b6d70,train,user4,ই,-5.549375,1.030605,-0.017984,-0.001991,0.003123,0.036528,0.989738
2,2,20260711_220151_kjuuzh__outer02__inner02__aug01,20260711_220151_kjuuzh,train,user4,ই,-6.384347,1.030958,-0.006188,-0.037642,0.004833,0.031322,1.066434
2,2,20260711_220151_kjuuzh__outer02__inner02__aug02,20260711_220151_kjuuzh,train,user4,ই,5.034218,1.098383,0.007871,-0.011596,0.006278,0.055501,0.925109
2,2,20260711_220151_kjuuzh__outer02__inner02__aug03,20260711_220151_kjuuzh,train,user4,ই,-0.226584,0.972115,0.035819,-0.015604,0.004052,0.074599,1.221879
2,2,20260711_220205_cr3boy__outer02__inner02__aug01,20260711_220205_cr3boy,train,user4,ই,3.384623,0.961389,-0.026979,-0.015566,0.006226,0.033528,1.010434
2,2,20260711_220205_cr3boy__outer02__inner02__aug02,20260711_220205_cr3boy,train,user4,ই,6.576941,0.995412,-0.019072,-0.014514,0.007938,0.038163,1.087297
2,2,20260711_220205_cr3boy__outer02__inner02__aug03,20260711_220205_cr3boy,train,user4,ই,2.798294,1.058956,-0.036764,0.03176,0.00333,0.072785,1.013982
2,2,20260711_220217_85rgxu__outer02__inner02__aug01,20260711_220217_85rgxu,train,user4,ই,4.2915,1.023182,-0.012826,0.020266,0.006106,0.04044,1.126686
2,2,20260711_220217_85rgxu__outer02__inner02__aug02,20260711_220217_85rgxu,train,user4,ই,-0.877516,1.023782,0.024343,-0.008421,0.00626,0.033814,1.051662
2,2,20260711_220217_85rgxu__outer02__inner02__aug03,20260711_220217_85rgxu,train,user4,ই,6.941209,0.933662,0.046573,0.031916,0.0069,0.065355,1.083734
2,2,20260711_220235_4uai7u__outer02__inner02__aug01,20260711_220235_4uai7u,train,user4,ই,6.121421,0.967095,0.00478,-0.048156,0.007752,0.051243,1.024702
2,2,20260711_220235_4uai7u__outer02__inner02__aug02,20260711_220235_4uai7u,train,user4,ই,-0.837926,0.916631,0.028528,0.010228,0.003834,0.060368,1.068908
2,2,20260711_220235_4uai7u__outer02__inner02__aug03,20260711_220235_4uai7u,train,user4,ই,1.741616,1.08683,0.036233,0.039841,0.006939,0.055871,0.819807
2,2,20260711_220308_e7l7wm__outer02__inner02__aug01,20260711_220308_e7l7wm,train,user4,ই,0.862998,1.07058,-0.008983,0.049931,0.005378,0.040414,1.139309
2,2,20260711_220308_e7l7wm__outer02__inner02__aug02,20260711_220308_e7l7wm,train,user4,ই,2.450928,1.005525,-0.03955,-0.015938,0.006348,0.062952,1.136231
2,2,20260711_220308_e7l7wm__outer02__inner02__aug03,20260711_220308_e7l7wm,train,user4,ই,-2.815512,0.992437,0.035282,-0.033142,0.004836,0.053842,0.868357
2,2,20260711_220404_itceug__outer02__inner02__aug01,20260711_220404_itceug,train,user4,ঈ,-6.616121,1.00283,-0.014573,-0.03467,0.006165,0.075238,1.175517
2,2,20260711_220404_itceug__outer02__inner02__aug02,20260711_220404_itceug,train,user4,ঈ,-2.977714,0.957762,-0.045967,0.033164,0.006012,0.075487,1.005705
2,2,20260711_220404_itceug__outer02__inner02__aug03,20260711_220404_itceug,train,user4,ঈ,-6.236963,1.023375,-0.039856,0.005354,0.003384,0.045293,1.226859
2,2,20260711_220444_r35mfs__outer02__inner02__aug01,20260711_220444_r35mfs,train,user4,ঈ,1.917382,0.968184,0.024891,0.037105,0.004752,0.031673,0.802928
2,2,20260711_220444_r35mfs__outer02__inner02__aug02,20260711_220444_r35mfs,train,user4,ঈ,-5.025264,1.070295,0.010946,-0.014516,0.004385,0.073611,1.025171
2,2,20260711_220444_r35mfs__outer02__inner02__aug03,20260711_220444_r35mfs,train,user4,ঈ,-2.685169,1.042245,-0.026168,0.004226,0.007513,0.047289,0.80838
2,2,20260711_220519_ila5ji__outer02__inner02__aug01,20260711_220519_ila5ji,train,user4,ঈ,3.754892,0.937343,-0.027971,-0.038298,0.005057,0.03177,0.856624
2,2,20260711_220519_ila5ji__outer02__inner02__aug02,20260711_220519_ila5ji,train,user4,ঈ,2.382373,0.969701,0.035013,-0.032119,0.007363,0.034833,1.078063
2,2,20260711_220519_ila5ji__outer02__inner02__aug03,20260711_220519_ila5ji,train,user4,ঈ,-5.084068,1.008188,-0.049571,0.026155,0.005643,0.054564,0.972557
2,2,20260711_220543_7o5bd0__outer02__inner02__aug01,20260711_220543_7o5bd0,train,user4,ঈ,-0.580642,0.952802,0.004296,-0.002576,0.00449,0.06657,0.869989
2,2,20260711_220543_7o5bd0__outer02__inner02__aug02,20260711_220543_7o5bd0,train,user4,ঈ,-4.72867,0.983848,-0.018696,0.015693,0.005399,0.077653,1.236399
2,2,20260711_220543_7o5bd0__outer02__inner02__aug03,20260711_220543_7o5bd0,train,user4,ঈ,0.241595,0.943611,-0.037867,-0.017934,0.004862,0.034549,1.113486
2,2,20260711_220606_essesa__outer02__inner02__aug01,20260711_220606_essesa,train,user4,ঈ,2.393158,0.910502,-0.038921,0.01881,0.004998,0.040542,1.233268
2,2,20260711_220606_essesa__outer02__inner02__aug02,20260711_220606_essesa,train,user4,ঈ,-6.345181,0.927644,0.048505,-0.032922,0.007277,0.052766,0.899413
2,2,20260711_220606_essesa__outer02__inner02__aug03,20260711_220606_essesa,train,user4,ঈ,5.029049,1.041998,-0.026021,0.028053,0.005508,0.048123,1.158046
2,2,20260711_220641_ufswp1__outer02__inner02__aug01,20260711_220641_ufswp1,train,user4,ঈ,6.661166,1.090872,0.023038,-0.017613,0.003033,0.06227,1.223536
2,2,20260711_220641_ufswp1__outer02__inner02__aug02,20260711_220641_ufswp1,train,user4,ঈ,-0.613739,1.095954,0.032634,-0.025809,0.004477,0.072108,1.227957
2,2,20260711_220641_ufswp1__outer02__inner02__aug03,20260711_220641_ufswp1,train,user4,ঈ,5.355471,1.057908,0.007567,0.042519,0.005369,0.064288,1.012403
2,2,20260711_220701_y1rftt__outer02__inner02__aug01,20260711_220701_y1rftt,train,user4,ঈ,0.599194,1.018794,0.044893,0.043069,0.006824,0.067385,1.219634
2,2,20260711_220701_y1rftt__outer02__inner02__aug02,20260711_220701_y1rftt,train,user4,ঈ,-6.700496,0.903719,0.033947,-0.02098,0.007603,0.040853,0.885375
2,2,20260711_220701_y1rftt__outer02__inner02__aug03,20260711_220701_y1rftt,train,user4,ঈ,1.934626,0.909901,0.012948,0.002972,0.007919,0.070829,1.150986
2,2,20260711_220721_h9k2mi__outer02__inner02__aug01,20260711_220721_h9k2mi,train,user4,ঈ,5.44991,0.976885,0.026149,0.005478,0.007616,0.047248,1.201075
2,2,20260711_220721_h9k2mi__outer02__inner02__aug02,20260711_220721_h9k2mi,train,user4,ঈ,-4.14617,0.950434,0.046071,-0.045814,0.005162,0.075176,0.922191
2,2,20260711_220721_h9k2mi__outer02__inner02__aug03,20260711_220721_h9k2mi,train,user4,ঈ,4.482543,0.961282,0.027648,-0.044603,0.007506,0.050219,1.182158
2,2,20260711_220738_j2qzn6__outer02__inner02__aug01,20260711_220738_j2qzn6,train,user4,ঈ,-2.047146,1.020866,-0.029849,0.011112,0.003321,0.044089,0.838138
2,2,20260711_220738_j2qzn6__outer02__inner02__aug02,20260711_220738_j2qzn6,train,user4,ঈ,-2.206771,0.986963,-0.018432,0.036109,0.005697,0.070881,1.006074
2,2,20260711_220738_j2qzn6__outer02__inner02__aug03,20260711_220738_j2qzn6,train,user4,ঈ,5.062707,0.930004,-0.014496,0.009733,0.007502,0.053803,0.997648
2,2,20260711_220751_axw80l__outer02__inner02__aug01,20260711_220751_axw80l,train,user4,ঈ,4.47641,0.902048,-0.03214,-0.034141,0.005379,0.06922,1.014857
2,2,20260711_220751_axw80l__outer02__inner02__aug02,20260711_220751_axw80l,train,user4,ঈ,0.326814,0.912169,-0.016963,0.00799,0.007134,0.050692,0.925548
2,2,20260711_220751_axw80l__outer02__inner02__aug03,20260711_220751_axw80l,train,user4,ঈ,0.422804,0.917805,-0.037176,-0.00125,0.00773,0.045475,1.101022
2,2,20260711_220807_mldxj2__outer02__inner02__aug01,20260711_220807_mldxj2,train,user4,ঈ,-5.094609,1.090195,0.028028,0.033613,0.003208,0.060807,1.135943
2,2,20260711_220807_mldxj2__outer02__inner02__aug02,20260711_220807_mldxj2,train,user4,ঈ,-5.133346,0.972352,0.015138,0.004787,0.005173,0.046878,1.166182
2,2,20260711_220807_mldxj2__outer02__inner02__aug03,20260711_220807_mldxj2,train,user4,ঈ,3.258097,1.034364,0.012204,-0.041339,0.003209,0.060458,1.129363
2,2,20260711_220822_wgaxvc__outer02__inner02__aug01,20260711_220822_wgaxvc,train,user4,ঈ,-6.094086,1.049094,0.023494,0.021531,0.005948,0.05308,0.821465
2,2,20260711_220822_wgaxvc__outer02__inner02__aug02,20260711_220822_wgaxvc,train,user4,ঈ,-6.474414,1.073358,-0.019922,-0.046718,0.007463,0.071222,1.238691
2,2,20260711_220822_wgaxvc__outer02__inner02__aug03,20260711_220822_wgaxvc,train,user4,ঈ,-4.203914,0.941659,0.021163,0.037234,0.006799,0.077905,1.135489
2,2,20260711_220837_dby4gx__outer02__inner02__aug01,20260711_220837_dby4gx,train,user4,ঈ,-1.990809,1.051065,-0.04752,-0.031308,0.005769,0.066475,0.968324
2,2,20260711_220837_dby4gx__outer02__inner02__aug02,20260711_220837_dby4gx,train,user4,ঈ,2.83174,1.05194,-0.023583,-0.020411,0.003385,0.038731,0.863134
2,2,20260711_220837_dby4gx__outer02__inner02__aug03,20260711_220837_dby4gx,train,user4,ঈ,-1.028171,1.037998,0.040566,-0.011287,0.006108,0.042679,1.186568
2,2,20260711_220850_xo5kch__outer02__inner02__aug01,20260711_220850_xo5kch,train,user4,ঈ,-4.945551,0.921906,-0.002497,0.044144,0.004966,0.049132,1.242131
2,2,20260711_220850_xo5kch__outer02__inner02__aug02,20260711_220850_xo5kch,train,user4,ঈ,2.100396,0.972376,-0.035209,-0.008852,0.004302,0.075693,1.179674
2,2,20260711_220850_xo5kch__outer02__inner02__aug03,20260711_220850_xo5kch,train,user4,ঈ,3.303892,0.962019,0.001853,0.049367,0.006833,0.065828,0.938559
2,2,20260711_220906_ehc737__outer02__inner02__aug01,20260711_220906_ehc737,train,user4,ঈ,2.908017,0.957027,0.034076,-0.040325,0.007409,0.032411,1.050594
2,2,20260711_220906_ehc737__outer02__inner02__aug02,20260711_220906_ehc737,train,user4,ঈ,-5.489657,0.941364,0.031384,-0.040991,0.007265,0.074788,1.21763
2,2,20260711_220906_ehc737__outer02__inner02__aug03,20260711_220906_ehc737,train,user4,ঈ,-1.95531,0.989445,-0.034271,0.023285,0.006083,0.035915,0.91793
3,0,20260711_220930_a944cy__outer03__inner00__aug01,20260711_220930_a944cy,train,for_bonhi,ঔ,2.577817,0.948721,-0.006257,0.046406,0.006784,0.067729,0.903962
3,0,20260711_220930_a944cy__outer03__inner00__aug02,20260711_220930_a944cy,train,for_bonhi,ঔ,-1.212061,1.064174,-0.01239,-0.045712,0.005288,0.077319,1.115877
3,0,20260711_220930_a944cy__outer03__inner00__aug03,20260711_220930_a944cy,train,for_bonhi,ঔ,-1.135844,0.941007,-0.03274,0.025794,0.005224,0.056691,1.024446
3,0,20260703_231939_jmltkn__outer03__inner00__aug01,20260703_231939_jmltkn,train,user1,অ,3.963865,0.97042,-0.022342,-0.037641,0.006605,0.064973,1.050195
3,0,20260703_231939_jmltkn__outer03__inner00__aug02,20260703_231939_jmltkn,train,user1,অ,-3.849111,0.943253,-0.011146,-0.003236,0.005656,0.04775,1.121005
3,0,20260703_231939_jmltkn__outer03__inner00__aug03,20260703_231939_jmltkn,train,user1,অ,1.114985,1.090946,0.020843,0.044452,0.007544,0.037822,1.02601
3,0,20260704_230134_0i7e7o__outer03__inner00__aug01,20260704_230134_0i7e7o,train,user1,অ,-1.680741,1.054443,-0.026024,0.038742,0.006443,0.037812,1.234146
3,0,20260704_230134_0i7e7o__outer03__inner00__aug02,20260704_230134_0i7e7o,train,user1,অ,-2.703548,1.051216,0.002973,-0.021366,0.007265,0.037594,1.02075
3,0,20260704_230134_0i7e7o__outer03__inner00__aug03,20260704_230134_0i7e7o,train,user1,অ,-5.058726,1.000303,-0.04586,-0.047644,0.006815,0.062243,1.188584
3,0,20260704_230207_s0bru0__outer03__inner00__aug01,20260704_230207_s0bru0,train,user1,অ,6.605309,1.078232,-0.011622,-0.01694,0.004973,0.035789,0.955025
3,0,20260704_230207_s0bru0__outer03__inner00__aug02,20260704_230207_s0bru0,train,user1,অ,4.515569,1.026745,-0.004535,-0.024752,0.00669,0.054532,1.058939
3,0,20260704_230207_s0bru0__outer03__inner00__aug03,20260704_230207_s0bru0,train,user1,অ,3.31671,0.994332,-0.01366,0.009407,0.007994,0.052244,1.110539
3,0,20260704_230243_20ggrl__outer03__inner00__aug01,20260704_230243_20ggrl,train,user1,অ,4.011478,1.092872,0.013153,0.036442,0.007793,0.073049,1.017099
3,0,20260704_230243_20ggrl__outer03__inner00__aug02,20260704_230243_20ggrl,train,user1,অ,4.363124,0.921821,0.003965,-0.011341,0.003085,0.058547,0.912453
3,0,20260704_230243_20ggrl__outer03__inner00__aug03,20260704_230243_20ggrl,train,user1,অ,-2.826566,1.038851,-0.044161,0.043593,0.004004,0.050925,1.231952
3,0,20260704_230314_biogka__outer03__inner00__aug01,20260704_230314_biogka,train,user1,অ,-0.605926,0.990787,0.023508,0.016103,0.005689,0.076097,0.974962
3,0,20260704_230314_biogka__outer03__inner00__aug02,20260704_230314_biogka,train,user1,অ,5.059134,1.088579,-0.043348,0.041618,0.007893,0.068484,0.963935
3,0,20260704_230314_biogka__outer03__inner00__aug03,20260704_230314_biogka,train,user1,অ,-3.459148,1.039195,0.043163,0.022318,0.004912,0.073848,0.828524
3,0,20260704_230343_z76un4__outer03__inner00__aug01,20260704_230343_z76un4,train,user1,অ,0.513975,0.935029,0.006716,-0.041048,0.004997,0.070052,1.097603
3,0,20260704_230343_z76un4__outer03__inner00__aug02,20260704_230343_z76un4,train,user1,অ,-3.03807,1.051305,0.030895,-0.015462,0.004264,0.052713,0.930348
3,0,20260704_230343_z76un4__outer03__inner00__aug03,20260704_230343_z76un4,train,user1,অ,0.016176,0.901253,-0.049014,-0.00664,0.006142,0.049845,1.131276
3,0,20260704_230438_1by20a__outer03__inner00__aug01,20260704_230438_1by20a,train,user1,অ,-3.557344,0.918914,0.038064,0.025289,0.005149,0.058972,1.114984
3,0,20260704_230438_1by20a__outer03__inner00__aug02,20260704_230438_1by20a,train,user1,অ,6.520693,0.985109,-0.035729,-0.014259,0.00359,0.076969,0.916022
3,0,20260704_230438_1by20a__outer03__inner00__aug03,20260704_230438_1by20a,train,user1,অ,-3.695176,0.99073,-0.037988,-0.029292,0.00796,0.049265,1.030403
3,0,20260704_230508_zz8agk__outer03__inner00__aug01,20260704_230508_zz8agk,train,user1,অ,3.427036,1.050468,-0.004448,0.007553,0.005535,0.073556,1.249586
3,0,20260704_230508_zz8agk__outer03__inner00__aug02,20260704_230508_zz8agk,train,user1,অ,6.006169,1.055708,0.024336,-0.004918,0.003336,0.038896,0.883315
3,0,20260704_230508_zz8agk__outer03__inner00__aug03,20260704_230508_zz8agk,train,user1,অ,5.78281,0.926978,0.001532,0.048366,0.004352,0.069559,0.935693
3,0,20260704_230530_8783vw__outer03__inner00__aug01,20260704_230530_8783vw,train,user1,অ,-6.377535,0.982353,-0.012945,-0.017017,0.004516,0.064404,1.150021
3,0,20260704_230530_8783vw__outer03__inner00__aug02,20260704_230530_8783vw,train,user1,অ,-6.514906,1.032134,0.003868,-0.048902,0.006901,0.04054,0.83933
3,0,20260704_230530_8783vw__outer03__inner00__aug03,20260704_230530_8783vw,train,user1,অ,4.641269,0.961009,-0.045844,0.047949,0.003322,0.041882,1.108026
3,0,20260704_230601_9fuwl5__outer03__inner00__aug01,20260704_230601_9fuwl5,train,user1,অ,-2.614616,1.08781,-0.011901,-0.029338,0.005918,0.049241,0.849546
3,0,20260704_230601_9fuwl5__outer03__inner00__aug02,20260704_230601_9fuwl5,train,user1,অ,4.920913,1.041911,0.000757,0.00828,0.003288,0.061732,1.022325
3,0,20260704_230601_9fuwl5__outer03__inner00__aug03,20260704_230601_9fuwl5,train,user1,অ,6.706436,0.944857,0.030946,-0.035035,0.007256,0.039676,1.044287
3,0,20260704_230631_iep9zz__outer03__inner00__aug01,20260704_230631_iep9zz,train,user1,অ,-2.346502,0.939404,-0.02497,0.029591,0.006881,0.079651,0.974175
3,0,20260704_230631_iep9zz__outer03__inner00__aug02,20260704_230631_iep9zz,train,user1,অ,-1.424903,0.963398,-0.047487,0.047612,0.005893,0.063079,1.223351
3,0,20260704_230631_iep9zz__outer03__inner00__aug03,20260704_230631_iep9zz,train,user1,অ,-1.54487,1.03486,-0.016227,0.029381,0.006198,0.041529,1.234705
3,0,20260709_222041_giojuy__outer03__inner00__aug01,20260709_222041_giojuy,train,user1,অ,2.80402,1.035856,-0.004995,0.022142,0.005221,0.037989,1.199642
3,0,20260709_222041_giojuy__outer03__inner00__aug02,20260709_222041_giojuy,train,user1,অ,5.714599,0.914099,-0.037194,-0.003657,0.006733,0.041244,0.939137
3,0,20260709_222041_giojuy__outer03__inner00__aug03,20260709_222041_giojuy,train,user1,অ,2.917277,0.958595,-0.005615,0.049245,0.004268,0.075296,0.915119
3,0,20260704_230720_4nlmlz__outer03__inner00__aug01,20260704_230720_4nlmlz,train,user1,আ,0.791138,1.029621,-0.039666,-0.003007,0.003061,0.078815,1.070097
3,0,20260704_230720_4nlmlz__outer03__inner00__aug02,20260704_230720_4nlmlz,train,user1,আ,-1.711183,0.91504,-0.019861,0.023652,0.007178,0.0309,0.827498
3,0,20260704_230720_4nlmlz__outer03__inner00__aug03,20260704_230720_4nlmlz,train,user1,আ,4.271934,1.072725,0.032159,-0.017646,0.004793,0.033729,1.186331
3,0,20260704_230748_cofjqd__outer03__inner00__aug01,20260704_230748_cofjqd,train,user1,আ,1.271896,0.921794,-0.027175,0.045182,0.006939,0.048534,0.932749
3,0,20260704_230748_cofjqd__outer03__inner00__aug02,20260704_230748_cofjqd,train,user1,আ,6.543113,0.905169,-0.04343,0.030597,0.007039,0.041312,0.95892
3,0,20260704_230748_cofjqd__outer03__inner00__aug03,20260704_230748_cofjqd,train,user1,আ,-4.910472,0.984137,-0.001614,-0.049618,0.004855,0.063971,1.211301
3,0,20260704_230823_p4djtm__outer03__inner00__aug01,20260704_230823_p4djtm,train,user1,আ,5.321755,0.903021,0.037111,0.003486,0.00483,0.076964,0.929215
3,0,20260704_230823_p4djtm__outer03__inner00__aug02,20260704_230823_p4djtm,train,user1,আ,-1.017976,1.062143,-0.019959,-0.014174,0.006707,0.043915,0.858688
3,0,20260704_230823_p4djtm__outer03__inner00__aug03,20260704_230823_p4djtm,train,user1,আ,1.729433,0.944672,0.006002,0.03325,0.005099,0.065802,1.059062
3,0,20260704_230900_jm6b9y__outer03__inner00__aug01,20260704_230900_jm6b9y,train,user1,আ,-4.241064,0.974671,0.001733,-0.042191,0.004333,0.046188,1.022647
3,0,20260704_230900_jm6b9y__outer03__inner00__aug02,20260704_230900_jm6b9y,train,user1,আ,1.91578,1.023492,-0.038524,0.01959,0.007006,0.057353,1.14804
3,0,20260704_230900_jm6b9y__outer03__inner00__aug03,20260704_230900_jm6b9y,train,user1,আ,0.202141,1.083217,-0.028041,2.2e-05,0.006487,0.074477,0.811194
3,0,20260704_230941_ogdcp4__outer03__inner00__aug01,20260704_230941_ogdcp4,train,user1,আ,-6.678102,0.979013,-0.030311,-0.031276,0.00433,0.048711,0.903786
3,0,20260704_230941_ogdcp4__outer03__inner00__aug02,20260704_230941_ogdcp4,train,user1,আ,0.442058,1.079901,-0.028883,-0.01192,0.006668,0.06825,0.944924
3,0,20260704_230941_ogdcp4__outer03__inner00__aug03,20260704_230941_ogdcp4,train,user1,আ,-5.500038,1.053449,0.013144,-0.001432,0.007262,0.030181,1.069601
3,0,20260704_231010_4ha6y7__outer03__inner00__aug01,20260704_231010_4ha6y7,train,user1,আ,2.817967,0.955856,0.042155,-0.01841,0.005246,0.043929,0.960263
3,0,20260704_231010_4ha6y7__outer03__inner00__aug02,20260704_231010_4ha6y7,train,user1,আ,-0.312654,0.959546,0.015412,0.00429,0.007543,0.042359,1.196491
3,0,20260704_231010_4ha6y7__outer03__inner00__aug03,20260704_231010_4ha6y7,train,user1,আ,-3.10644,0.909246,-0.02868,0.023052,0.007446,0.066601,0.990623
3,0,20260728_232136_0wkg0v__outer03__inner00__aug01,20260728_232136_0wkg0v,train,user1,আ,-2.108301,0.996367,0.047201,0.039292,0.005905,0.034882,1.024315
3,0,20260728_232136_0wkg0v__outer03__inner00__aug02,20260728_232136_0wkg0v,train,user1,আ,2.103153,0.9772,-0.008058,-0.040925,0.006086,0.050848,0.986443
3,0,20260728_232136_0wkg0v__outer03__inner00__aug03,20260728_232136_0wkg0v,train,user1,আ,5.669155,0.904795,0.01952,-0.004717,0.007726,0.064557,0.84746
3,0,20260728_232203_7c77zv__outer03__inner00__aug01,20260728_232203_7c77zv,train,user1,আ,-1.791208,0.952226,-0.00254,0.037877,0.004578,0.050131,1.024197
3,0,20260728_232203_7c77zv__outer03__inner00__aug02,20260728_232203_7c77zv,train,user1,আ,5.824823,0.948897,0.025936,0.006173,0.00421,0.078324,0.820681
3,0,20260728_232203_7c77zv__outer03__inner00__aug03,20260728_232203_7c77zv,train,user1,আ,-6.183627,1.068747,-0.049615,-0.020255,0.003374,0.050667,1.207216
3,0,20260728_232238_kgwkds__outer03__inner00__aug01,20260728_232238_kgwkds,train,user1,আ,4.618476,1.003404,-0.01226,-0.025675,0.006321,0.064848,0.962051
3,0,20260728_232238_kgwkds__outer03__inner00__aug02,20260728_232238_kgwkds,train,user1,আ,3.937527,1.039479,0.00189,0.041448,0.003961,0.031393,1.165811
3,0,20260728_232238_kgwkds__outer03__inner00__aug03,20260728_232238_kgwkds,train,user1,আ,-2.269036,0.953048,0.020648,-0.030387,0.00709,0.053202,1.245798
3,0,20260728_232316_s2ep8l__outer03__inner00__aug01,20260728_232316_s2ep8l,train,user1,আ,-4.087294,0.969997,-0.005789,-0.000844,0.007864,0.076577,0.902096
3,0,20260728_232316_s2ep8l__outer03__inner00__aug02,20260728_232316_s2ep8l,train,user1,আ,1.028335,0.939562,-0.021725,0.00282,0.00397,0.034465,1.058748
3,0,20260728_232316_s2ep8l__outer03__inner00__aug03,20260728_232316_s2ep8l,train,user1,আ,-1.197749,0.950039,0.036632,-0.018862,0.004016,0.040462,1.146714
3,0,20260705_210750_hp0ub6__outer03__inner00__aug01,20260705_210750_hp0ub6,train,user1,ই,2.805426,1.050841,0.005333,0.03777,0.006171,0.054828,1.006174
3,0,20260705_210750_hp0ub6__outer03__inner00__aug02,20260705_210750_hp0ub6,train,user1,ই,2.866144,0.93469,-0.031721,-0.01978,0.007891,0.04904,0.966482
3,0,20260705_210750_hp0ub6__outer03__inner00__aug03,20260705_210750_hp0ub6,train,user1,ই,-1.248942,1.070739,0.029801,0.03517,0.005945,0.035681,0.842898
3,0,20260705_210817_cpe63z__outer03__inner00__aug01,20260705_210817_cpe63z,train,user1,ই,6.614879,1.006998,0.016322,0.007933,0.003025,0.032659,0.895831
3,0,20260705_210817_cpe63z__outer03__inner00__aug02,20260705_210817_cpe63z,train,user1,ই,2.653123,0.983856,0.007498,-0.045888,0.00506,0.033594,0.939259
3,0,20260705_210817_cpe63z__outer03__inner00__aug03,20260705_210817_cpe63z,train,user1,ই,3.834489,0.959773,-0.038942,0.0367,0.007593,0.078709,0.886157
3,0,20260705_210847_8d63gb__outer03__inner00__aug01,20260705_210847_8d63gb,train,user1,ই,3.479165,0.910846,0.020276,-0.042419,0.004447,0.067058,0.868754
3,0,20260705_210847_8d63gb__outer03__inner00__aug02,20260705_210847_8d63gb,train,user1,ই,2.117568,0.962892,0.010595,0.036636,0.004644,0.051319,1.152508
3,0,20260705_210847_8d63gb__outer03__inner00__aug03,20260705_210847_8d63gb,train,user1,ই,-6.054388,1.070939,0.003458,0.02423,0.00673,0.034039,0.906556
3,0,20260705_210914_6z0wyv__outer03__inner00__aug01,20260705_210914_6z0wyv,train,user1,ই,5.036991,1.002681,-0.037599,-0.020694,0.007502,0.062063,1.011703
3,0,20260705_210914_6z0wyv__outer03__inner00__aug02,20260705_210914_6z0wyv,train,user1,ই,1.454871,1.091823,0.011804,-0.010773,0.004156,0.073759,1.138416
3,0,20260705_210914_6z0wyv__outer03__inner00__aug03,20260705_210914_6z0wyv,train,user1,ই,-4.278152,0.932712,0.030364,0.021071,0.00699,0.034036,1.147807
3,0,20260705_211104_cee4mp__outer03__inner00__aug01,20260705_211104_cee4mp,train,user1,ই,-6.903005,0.959029,0.009007,-0.00552,0.006161,0.052479,1.153358
3,0,20260705_211104_cee4mp__outer03__inner00__aug02,20260705_211104_cee4mp,train,user1,ই,-1.025152,0.977337,0.041269,-0.033226,0.007161,0.049941,1.067917
3,0,20260705_211104_cee4mp__outer03__inner00__aug03,20260705_211104_cee4mp,train,user1,ই,-3.369695,0.913102,0.032454,0.046691,0.006502,0.05926,1.1378
3,0,20260705_211129_q9xd7j__outer03__inner00__aug01,20260705_211129_q9xd7j,train,user1,ই,-2.970116,1.074096,-0.014421,0.044246,0.003681,0.038279,0.885366
3,0,20260705_211129_q9xd7j__outer03__inner00__aug02,20260705_211129_q9xd7j,train,user1,ই,0.845572,1.074938,0.03858,0.030698,0.007069,0.067433,1.029633
3,0,20260705_211129_q9xd7j__outer03__inner00__aug03,20260705_211129_q9xd7j,train,user1,ই,5.914604,0.96409,-0.037349,-0.031769,0.004906,0.044388,0.818437
3,0,20260705_211202_fwdefr__outer03__inner00__aug01,20260705_211202_fwdefr,train,user1,ই,-2.049436,1.044242,0.011602,-0.00303,0.004052,0.051319,0.912106
3,0,20260705_211202_fwdefr__outer03__inner00__aug02,20260705_211202_fwdefr,train,user1,ই,3.358529,1.021753,-0.035989,0.030509,0.004158,0.056659,1.038441
3,0,20260705_211202_fwdefr__outer03__inner00__aug03,20260705_211202_fwdefr,train,user1,ই,-3.299734,1.071222,0.031007,0.022045,0.006505,0.07375,0.911131
3,0,20260705_211229_nco6f5__outer03__inner00__aug01,20260705_211229_nco6f5,train,user1,ই,2.221043,1.019354,-0.01226,-0.003024,0.004427,0.076786,1.235988
3,0,20260705_211229_nco6f5__outer03__inner00__aug02,20260705_211229_nco6f5,train,user1,ই,5.750472,0.934508,-0.011244,-0.030197,0.005274,0.041645,1.216377
3,0,20260705_211229_nco6f5__outer03__inner00__aug03,20260705_211229_nco6f5,train,user1,ই,-4.799268,0.937023,-0.04956,0.020847,0.006171,0.06964,0.977575
3,0,20260705_211257_5zxk15__outer03__inner00__aug01,20260705_211257_5zxk15,train,user1,ই,-6.870408,1.092484,0.02752,0.026792,0.007384,0.05766,0.929228
3,0,20260705_211257_5zxk15__outer03__inner00__aug02,20260705_211257_5zxk15,train,user1,ই,-6.710911,1.07653,-0.013804,0.028845,0.004628,0.051259,1.018938
3,0,20260705_211257_5zxk15__outer03__inner00__aug03,20260705_211257_5zxk15,train,user1,ই,2.004711,0.944761,0.034902,-0.048006,0.004448,0.038942,0.977556
3,0,20260705_211324_69n6hy__outer03__inner00__aug01,20260705_211324_69n6hy,train,user1,ই,1.147943,0.946575,-0.010818,0.02077,0.003922,0.040633,0.948659
3,0,20260705_211324_69n6hy__outer03__inner00__aug02,20260705_211324_69n6hy,train,user1,ই,1.252542,1.008616,-0.021665,0.009227,0.006423,0.073364,1.224581
3,0,20260705_211324_69n6hy__outer03__inner00__aug03,20260705_211324_69n6hy,train,user1,ই,3.812839,1.07883,-0.02141,0.024379,0.006806,0.043219,0.915476
3,0,20260705_213721_6edrqn__outer03__inner00__aug01,20260705_213721_6edrqn,train,user1,ঈ,5.404462,0.962453,-0.049349,0.046145,0.005394,0.059967,1.21856
3,0,20260705_213721_6edrqn__outer03__inner00__aug02,20260705_213721_6edrqn,train,user1,ঈ,-0.432479,1.084596,0.026136,0.0049,0.00305,0.035967,0.89944
3,0,20260705_213721_6edrqn__outer03__inner00__aug03,20260705_213721_6edrqn,train,user1,ঈ,-4.981362,0.952583,-0.000962,0.035191,0.004135,0.066265,1.140452
3,0,20260705_213804_scynf9__outer03__inner00__aug01,20260705_213804_scynf9,train,user1,ঈ,3.611447,1.001503,-0.033798,-0.031956,0.005952,0.038775,0.84247
3,0,20260705_213804_scynf9__outer03__inner00__aug02,20260705_213804_scynf9,train,user1,ঈ,-0.739582,0.969083,0.00381,-0.013929,0.005843,0.057136,0.841826
3,0,20260705_213804_scynf9__outer03__inner00__aug03,20260705_213804_scynf9,train,user1,ঈ,0.209487,0.965157,0.023082,0.040849,0.004328,0.041927,0.827171
3,0,20260705_213852_tuebtl__outer03__inner00__aug01,20260705_213852_tuebtl,train,user1,ঈ,-1.040227,0.987623,-0.027106,0.01728,0.005123,0.070159,0.901044
3,0,20260705_213852_tuebtl__outer03__inner00__aug02,20260705_213852_tuebtl,train,user1,ঈ,0.533395,0.977175,0.034335,-0.03356,0.004653,0.059105,0.875009
3,0,20260705_213852_tuebtl__outer03__inner00__aug03,20260705_213852_tuebtl,train,user1,ঈ,-6.064696,1.093911,-0.031605,0.039064,0.005345,0.034202,1.109818
3,0,20260705_213943_7qqvt7__outer03__inner00__aug01,20260705_213943_7qqvt7,train,user1,ঈ,4.687031,0.914185,-0.022431,-0.01451,0.003896,0.069404,1.017941
3,0,20260705_213943_7qqvt7__outer03__inner00__aug02,20260705_213943_7qqvt7,train,user1,ঈ,2.252437,0.950436,-0.027616,-0.023368,0.0031,0.050283,0.876005
3,0,20260705_213943_7qqvt7__outer03__inner00__aug03,20260705_213943_7qqvt7,train,user1,ঈ,5.348183,1.03184,0.012849,0.035076,0.004501,0.042561,0.834975
3,0,20260705_214029_z7ddbl__outer03__inner00__aug01,20260705_214029_z7ddbl,train,user1,ঈ,1.973314,0.94856,0.025408,0.006436,0.003804,0.058253,1.101785
3,0,20260705_214029_z7ddbl__outer03__inner00__aug02,20260705_214029_z7ddbl,train,user1,ঈ,-0.399302,1.084981,0.0472,0.042241,0.005641,0.066065,1.099781
3,0,20260705_214029_z7ddbl__outer03__inner00__aug03,20260705_214029_z7ddbl,train,user1,ঈ,-5.201166,1.041851,-0.003416,0.022963,0.006726,0.041601,1.179833
3,0,20260705_214107_b894ld__outer03__inner00__aug01,20260705_214107_b894ld,train,user1,ঈ,-4.022201,0.972892,-0.030553,0.015826,0.004046,0.066253,0.986987
3,0,20260705_214107_b894ld__outer03__inner00__aug02,20260705_214107_b894ld,train,user1,ঈ,-3.439137,0.985199,0.041389,0.024999,0.007996,0.053512,0.927326
3,0,20260705_214107_b894ld__outer03__inner00__aug03,20260705_214107_b894ld,train,user1,ঈ,3.309972,0.924995,-0.038633,-0.047704,0.004064,0.073329,1.05553
3,0,20260705_215457_yruoxw__outer03__inner00__aug01,20260705_215457_yruoxw,train,user1,ঈ,1.613477,1.052931,-0.005067,-0.017792,0.003998,0.064283,0.934742
3,0,20260705_215457_yruoxw__outer03__inner00__aug02,20260705_215457_yruoxw,train,user1,ঈ,-3.121172,0.972484,-0.012898,-0.027299,0.003451,0.036758,1.06438
3,0,20260705_215457_yruoxw__outer03__inner00__aug03,20260705_215457_yruoxw,train,user1,ঈ,-4.91489,0.968205,-0.026714,0.01995,0.005996,0.033678,1.021847
3,0,20260705_215539_dr61qv__outer03__inner00__aug01,20260705_215539_dr61qv,train,user1,ঈ,-1.649311,0.935081,-0.027445,0.042893,0.003173,0.068816,1.069947
3,0,20260705_215539_dr61qv__outer03__inner00__aug02,20260705_215539_dr61qv,train,user1,ঈ,-4.056094,1.095495,-0.043518,0.011652,0.003911,0.043187,0.812542
3,0,20260705_215539_dr61qv__outer03__inner00__aug03,20260705_215539_dr61qv,train,user1,ঈ,-3.134453,0.908221,-0.047364,0.019693,0.007494,0.040048,0.956424
3,0,20260705_215654_07cd7w__outer03__inner00__aug01,20260705_215654_07cd7w,train,user1,ঈ,-5.136463,1.013002,0.002113,-0.004642,0.004229,0.030904,0.839313
3,0,20260705_215654_07cd7w__outer03__inner00__aug02,20260705_215654_07cd7w,train,user1,ঈ,-1.670092,1.03876,-5.3e-05,-0.022539,0.007777,0.04466,1.019376
3,0,20260705_215654_07cd7w__outer03__inner00__aug03,20260705_215654_07cd7w,train,user1,ঈ,0.936863,1.091589,-0.005985,0.032082,0.005664,0.064889,1.107163
3,0,20260705_215745_i5n9h7__outer03__inner00__aug01,20260705_215745_i5n9h7,train,user1,ঈ,4.844975,0.970616,-0.013812,0.030309,0.004762,0.078637,1.223486
3,0,20260705_215745_i5n9h7__outer03__inner00__aug02,20260705_215745_i5n9h7,train,user1,ঈ,0.998913,1.018052,0.003726,0.046865,0.006039,0.042937,0.951112
3,0,20260705_215745_i5n9h7__outer03__inner00__aug03,20260705_215745_i5n9h7,train,user1,ঈ,6.133292,1.051243,0.039132,-0.031163,0.004751,0.037058,0.943638
3,0,20260704_232121_lcxi4y__outer03__inner00__aug01,20260704_232121_lcxi4y,train,user2,অ,-6.907544,0.926281,0.016935,-0.038611,0.004141,0.04386,0.990952
3,0,20260704_232121_lcxi4y__outer03__inner00__aug02,20260704_232121_lcxi4y,train,user2,অ,5.333917,1.078313,-0.013978,-0.045457,0.005596,0.050191,1.219748
3,0,20260704_232121_lcxi4y__outer03__inner00__aug03,20260704_232121_lcxi4y,train,user2,অ,2.561449,0.943547,-0.021817,0.009351,0.007486,0.066763,1.157841
3,0,20260728_232630_znnts0__outer03__inner00__aug01,20260728_232630_znnts0,train,user2,অ,-4.276777,1.008756,0.047484,0.014908,0.006053,0.078575,0.812756
3,0,20260728_232630_znnts0__outer03__inner00__aug02,20260728_232630_znnts0,train,user2,অ,-0.87946,0.918732,-0.023292,0.026311,0.006823,0.054183,1.105074
3,0,20260728_232630_znnts0__outer03__inner00__aug03,20260728_232630_znnts0,train,user2,অ,6.753334,1.086617,0.036145,0.020439,0.00746,0.056321,1.123599
3,0,20260728_232652_hdsmyh__outer03__inner00__aug01,20260728_232652_hdsmyh,train,user2,অ,6.805564,0.967341,0.026273,-0.04718,0.007635,0.030331,1.0081
3,0,20260728_232652_hdsmyh__outer03__inner00__aug02,20260728_232652_hdsmyh,train,user2,অ,-2.538831,0.934692,-0.000863,0.036191,0.003563,0.03955,1.238882
3,0,20260728_232652_hdsmyh__outer03__inner00__aug03,20260728_232652_hdsmyh,train,user2,অ,1.937855,1.002761,-0.042674,0.013587,0.006212,0.07418,1.036636
3,0,20260728_232714_hincfq__outer03__inner00__aug01,20260728_232714_hincfq,train,user2,অ,-2.450137,0.947863,-0.036567,-0.047263,0.003184,0.033116,0.811894
3,0,20260728_232714_hincfq__outer03__inner00__aug02,20260728_232714_hincfq,train,user2,অ,-4.859838,0.941736,0.030606,-0.015528,0.006112,0.076655,0.813298
3,0,20260728_232714_hincfq__outer03__inner00__aug03,20260728_232714_hincfq,train,user2,অ,2.024855,1.083455,0.01153,0.045621,0.00562,0.05614,1.036766
3,0,20260728_232741_j1gvgu__outer03__inner00__aug01,20260728_232741_j1gvgu,train,user2,অ,5.395518,0.941755,-0.034377,0.023387,0.007846,0.046069,0.896738
3,0,20260728_232741_j1gvgu__outer03__inner00__aug02,20260728_232741_j1gvgu,train,user2,অ,-2.723994,1.060862,-0.02832,-0.043021,0.003986,0.041047,0.973958
3,0,20260728_232741_j1gvgu__outer03__inner00__aug03,20260728_232741_j1gvgu,train,user2,অ,6.955652,1.063414,-0.036021,0.018322,0.004324,0.050447,0.861952
3,0,20260704_232148_mqf5ea__outer03__inner00__aug01,20260704_232148_mqf5ea,train,user2,আ,2.647117,1.015124,-0.041765,0.002242,0.003204,0.041774,1.041706
3,0,20260704_232148_mqf5ea__outer03__inner00__aug02,20260704_232148_mqf5ea,train,user2,আ,3.50137,0.987235,-0.039239,-0.008066,0.00621,0.075564,0.822065
3,0,20260704_232148_mqf5ea__outer03__inner00__aug03,20260704_232148_mqf5ea,train,user2,আ,0.78225,1.044121,-0.007216,0.036529,0.00422,0.052909,0.90601
3,0,20260728_232436_9i4gi8__outer03__inner00__aug01,20260728_232436_9i4gi8,train,user2,আ,-1.550499,0.926843,-0.04993,-0.025321,0.007588,0.040658,0.926899
3,0,20260728_232436_9i4gi8__outer03__inner00__aug02,20260728_232436_9i4gi8,train,user2,আ,5.256104,0.979394,0.012955,-0.042258,0.003871,0.061116,0.930614
3,0,20260728_232436_9i4gi8__outer03__inner00__aug03,20260728_232436_9i4gi8,train,user2,আ,-6.28444,1.080403,-0.047273,-0.029789,0.007008,0.069542,0.895967
3,0,20260728_232459_m6l3cf__outer03__inner00__aug01,20260728_232459_m6l3cf,train,user2,আ,-2.258407,0.962982,0.006135,-0.005588,0.005504,0.033567,0.900853
3,0,20260728_232459_m6l3cf__outer03__inner00__aug02,20260728_232459_m6l3cf,train,user2,আ,-4.573345,1.020186,0.023731,0.025147,0.00648,0.059133,0.883268
3,0,20260728_232459_m6l3cf__outer03__inner00__aug03,20260728_232459_m6l3cf,train,user2,আ,-3.087354,0.973262,0.004187,0.018858,0.004967,0.033305,0.950531
3,0,20260728_232520_l4uaan__outer03__inner00__aug01,20260728_232520_l4uaan,train,user2,আ,4.641474,0.988745,0.004929,-0.004236,0.005991,0.051031,1.017426
3,0,20260728_232520_l4uaan__outer03__inner00__aug02,20260728_232520_l4uaan,train,user2,আ,-1.735401,0.901423,-0.045593,-0.049703,0.003227,0.05893,0.819899
3,0,20260728_232520_l4uaan__outer03__inner00__aug03,20260728_232520_l4uaan,train,user2,আ,-6.1219,1.011151,-0.023642,0.03057,0.00345,0.071967,0.989776
3,0,20260728_232556_dwfz7c__outer03__inner00__aug01,20260728_232556_dwfz7c,train,user2,আ,0.381834,0.972648,-0.010852,-0.00318,0.007161,0.040148,1.006282
3,0,20260728_232556_dwfz7c__outer03__inner00__aug02,20260728_232556_dwfz7c,train,user2,আ,-5.765788,0.967182,-0.032915,0.005069,0.004156,0.079085,1.217392
3,0,20260728_232556_dwfz7c__outer03__inner00__aug03,20260728_232556_dwfz7c,train,user2,আ,-6.863318,1.058958,0.027705,0.030272,0.006191,0.07373,0.950582
3,0,20260704_232218_jf6rio__outer03__inner00__aug01,20260704_232218_jf6rio,train,user2,ই,4.81601,1.060112,-0.022975,0.038339,0.007635,0.030258,1.051378
3,0,20260704_232218_jf6rio__outer03__inner00__aug02,20260704_232218_jf6rio,train,user2,ই,0.866097,1.034828,-0.039452,0.000194,0.004905,0.063422,0.845937
3,0,20260704_232218_jf6rio__outer03__inner00__aug03,20260704_232218_jf6rio,train,user2,ই,2.514281,1.026282,-0.030896,-0.031909,0.007194,0.06192,1.231008
3,0,20260728_232810_781yo6__outer03__inner00__aug01,20260728_232810_781yo6,train,user2,ই,6.208983,1.03355,0.044537,0.034168,0.003262,0.075726,1.039246
3,0,20260728_232810_781yo6__outer03__inner00__aug02,20260728_232810_781yo6,train,user2,ই,-5.846889,0.928779,0.004571,0.005021,0.004824,0.038243,0.815258
3,0,20260728_232810_781yo6__outer03__inner00__aug03,20260728_232810_781yo6,train,user2,ই,-1.646324,1.04252,0.035714,-0.039856,0.004671,0.070318,1.001338
3,0,20260728_232836_pvgrxn__outer03__inner00__aug01,20260728_232836_pvgrxn,train,user2,ই,6.84598,0.939295,0.023407,0.039615,0.00376,0.054764,0.971275
3,0,20260728_232836_pvgrxn__outer03__inner00__aug02,20260728_232836_pvgrxn,train,user2,ই,0.65807,0.964995,-0.006088,0.002126,0.007414,0.054335,0.990574
3,0,20260728_232836_pvgrxn__outer03__inner00__aug03,20260728_232836_pvgrxn,train,user2,ই,-1.425326,0.911531,0.022472,-0.000635,0.004915,0.042238,0.81718
3,0,20260728_233118_pcjncu__outer03__inner00__aug01,20260728_233118_pcjncu,train,user2,ই,2.250373,1.089174,-0.022126,-0.01841,0.007905,0.063143,0.872856
3,0,20260728_233118_pcjncu__outer03__inner00__aug02,20260728_233118_pcjncu,train,user2,ই,2.158197,0.968112,0.034952,-0.043853,0.006897,0.067819,0.829594
3,0,20260728_233118_pcjncu__outer03__inner00__aug03,20260728_233118_pcjncu,train,user2,ই,-6.273301,0.925692,0.019273,0.013824,0.005722,0.057392,1.107036
3,0,20260728_233205_n417cm__outer03__inner00__aug01,20260728_233205_n417cm,train,user2,ই,-4.223859,0.935071,-0.017717,0.046482,0.004231,0.030315,1.059037
3,0,20260728_233205_n417cm__outer03__inner00__aug02,20260728_233205_n417cm,train,user2,ই,-4.496692,1.006001,0.01792,-0.03342,0.004207,0.054301,1.086747
3,0,20260728_233205_n417cm__outer03__inner00__aug03,20260728_233205_n417cm,train,user2,ই,5.490778,0.956046,-0.010902,0.043407,0.003757,0.037343,1.174659
3,0,20260704_232243_1fsapx__outer03__inner00__aug01,20260704_232243_1fsapx,train,user2,ঈ,4.595401,0.986822,0.005132,0.019123,0.003232,0.063006,0.955842
3,0,20260704_232243_1fsapx__outer03__inner00__aug02,20260704_232243_1fsapx,train,user2,ঈ,6.957827,0.90148,0.048851,0.027649,0.00564,0.036182,1.007785
3,0,20260704_232243_1fsapx__outer03__inner00__aug03,20260704_232243_1fsapx,train,user2,ঈ,5.336458,0.982345,0.023875,-0.0025,0.004859,0.071987,0.927629
3,0,20260728_233238_q39ioy__outer03__inner00__aug01,20260728_233238_q39ioy,train,user2,ঈ,-4.687379,1.058524,0.032355,0.021352,0.006118,0.038654,1.030651
3,0,20260728_233238_q39ioy__outer03__inner00__aug02,20260728_233238_q39ioy,train,user2,ঈ,5.891166,1.055251,0.013818,0.044031,0.004058,0.031549,1.227798
3,0,20260728_233238_q39ioy__outer03__inner00__aug03,20260728_233238_q39ioy,train,user2,ঈ,3.671614,0.911977,-0.015388,0.018375,0.005643,0.044031,1.164248
3,0,20260728_233302_e8k0ge__outer03__inner00__aug01,20260728_233302_e8k0ge,train,user2,ঈ,-4.663663,1.058975,0.002557,0.002576,0.003175,0.066752,1.229884
3,0,20260728_233302_e8k0ge__outer03__inner00__aug02,20260728_233302_e8k0ge,train,user2,ঈ,-4.210144,1.082083,0.018792,-0.036608,0.00392,0.03787,1.079771
3,0,20260728_233302_e8k0ge__outer03__inner00__aug03,20260728_233302_e8k0ge,train,user2,ঈ,3.968494,1.087084,-0.047865,0.045744,0.004736,0.078624,1.197896
3,0,20260728_233333_nvf18a__outer03__inner00__aug01,20260728_233333_nvf18a,train,user2,ঈ,-1.345477,0.93498,0.043656,-0.041042,0.005697,0.042696,1.092867
3,0,20260728_233333_nvf18a__outer03__inner00__aug02,20260728_233333_nvf18a,train,user2,ঈ,-3.094532,1.040114,-0.010057,-0.01232,0.003184,0.031818,1.000312
3,0,20260728_233333_nvf18a__outer03__inner00__aug03,20260728_233333_nvf18a,train,user2,ঈ,-3.063595,1.002718,-0.00588,0.016461,0.00478,0.063591,0.959099
3,0,20260728_233359_9wg8n4__outer03__inner00__aug01,20260728_233359_9wg8n4,train,user2,ঈ,0.977867,1.059572,-0.045545,0.013793,0.007511,0.035984,1.049502
3,0,20260728_233359_9wg8n4__outer03__inner00__aug02,20260728_233359_9wg8n4,train,user2,ঈ,0.599505,1.064985,0.021946,-0.000388,0.006923,0.063222,1.244015
3,0,20260728_233359_9wg8n4__outer03__inner00__aug03,20260728_233359_9wg8n4,train,user2,ঈ,-0.478902,1.054723,-0.015165,-0.007335,0.005165,0.076634,0.811096
3,1,20260711_220930_a944cy__outer03__inner01__aug01,20260711_220930_a944cy,train,for_bonhi,ঔ,2.950854,0.91454,0.04095,0.03614,0.007484,0.060345,1.006162
3,1,20260711_220930_a944cy__outer03__inner01__aug02,20260711_220930_a944cy,train,for_bonhi,ঔ,-6.356376,1.07247,0.011898,-0.046438,0.003109,0.075235,0.984737
3,1,20260711_220930_a944cy__outer03__inner01__aug03,20260711_220930_a944cy,train,for_bonhi,ঔ,6.742289,1.086758,-0.037692,-0.027607,0.005187,0.050308,1.165899
3,1,20260704_232121_lcxi4y__outer03__inner01__aug01,20260704_232121_lcxi4y,train,user2,অ,-4.565523,0.976826,0.009999,-0.011563,0.003255,0.041992,0.933183
3,1,20260704_232121_lcxi4y__outer03__inner01__aug02,20260704_232121_lcxi4y,train,user2,অ,-4.495936,1.090033,0.021685,0.021842,0.006672,0.067818,1.144722
3,1,20260704_232121_lcxi4y__outer03__inner01__aug03,20260704_232121_lcxi4y,train,user2,অ,-1.627952,1.021557,-0.030616,-0.0479,0.005511,0.050144,0.879655
3,1,20260728_232630_znnts0__outer03__inner01__aug01,20260728_232630_znnts0,train,user2,অ,-2.148598,0.906718,-0.045579,0.019806,0.004257,0.051835,1.058393
3,1,20260728_232630_znnts0__outer03__inner01__aug02,20260728_232630_znnts0,train,user2,অ,-0.49194,1.040066,-0.016756,0.005031,0.007655,0.059418,1.086654
3,1,20260728_232630_znnts0__outer03__inner01__aug03,20260728_232630_znnts0,train,user2,অ,-1.371947,0.932204,0.003922,0.025109,0.005336,0.06436,0.959553
3,1,20260728_232652_hdsmyh__outer03__inner01__aug01,20260728_232652_hdsmyh,train,user2,অ,5.763837,1.009348,0.004766,0.028558,0.004293,0.052027,1.179737
3,1,20260728_232652_hdsmyh__outer03__inner01__aug02,20260728_232652_hdsmyh,train,user2,অ,3.272575,0.92009,0.000567,0.048611,0.003045,0.067293,0.910026
3,1,20260728_232652_hdsmyh__outer03__inner01__aug03,20260728_232652_hdsmyh,train,user2,অ,2.312506,0.984892,0.006337,-0.044142,0.00407,0.046731,1.077026
3,1,20260728_232714_hincfq__outer03__inner01__aug01,20260728_232714_hincfq,train,user2,অ,-5.811158,0.92645,-0.034996,0.028464,0.00672,0.04142,1.065881
3,1,20260728_232714_hincfq__outer03__inner01__aug02,20260728_232714_hincfq,train,user2,অ,-5.34812,1.022071,0.007098,0.024885,0.005671,0.070411,1.107039
3,1,20260728_232714_hincfq__outer03__inner01__aug03,20260728_232714_hincfq,train,user2,অ,-0.443788,1.006307,-0.005007,0.031621,0.003912,0.069812,0.825106
3,1,20260728_232741_j1gvgu__outer03__inner01__aug01,20260728_232741_j1gvgu,train,user2,অ,3.125238,0.916609,-0.045229,0.015157,0.004736,0.058399,1.037554
3,1,20260728_232741_j1gvgu__outer03__inner01__aug02,20260728_232741_j1gvgu,train,user2,অ,-4.422603,1.052651,0.039351,-0.017867,0.007777,0.064763,0.878947
3,1,20260728_232741_j1gvgu__outer03__inner01__aug03,20260728_232741_j1gvgu,train,user2,অ,5.310115,0.906084,-0.029945,0.002305,0.003314,0.04205,1.102678
3,1,20260704_232148_mqf5ea__outer03__inner01__aug01,20260704_232148_mqf5ea,train,user2,আ,-5.42079,0.992616,0.031056,-0.023265,0.006478,0.043899,1.22395
3,1,20260704_232148_mqf5ea__outer03__inner01__aug02,20260704_232148_mqf5ea,train,user2,আ,-5.336907,1.068113,-0.031344,-0.015053,0.003138,0.079857,0.906251
3,1,20260704_232148_mqf5ea__outer03__inner01__aug03,20260704_232148_mqf5ea,train,user2,আ,-5.652425,0.983172,0.043821,0.035386,0.005536,0.044467,1.187439
3,1,20260728_232436_9i4gi8__outer03__inner01__aug01,20260728_232436_9i4gi8,train,user2,আ,-1.945633,1.024464,0.041731,-0.027086,0.006191,0.046402,1.001178
3,1,20260728_232436_9i4gi8__outer03__inner01__aug02,20260728_232436_9i4gi8,train,user2,আ,6.147623,1.055669,0.026994,-0.023412,0.006694,0.043724,0.88584
3,1,20260728_232436_9i4gi8__outer03__inner01__aug03,20260728_232436_9i4gi8,train,user2,আ,-2.515536,0.947957,0.008844,0.015014,0.005354,0.03468,1.18898
3,1,20260728_232459_m6l3cf__outer03__inner01__aug01,20260728_232459_m6l3cf,train,user2,আ,5.70974,0.939816,0.002795,-0.032222,0.005789,0.039459,1.067782
3,1,20260728_232459_m6l3cf__outer03__inner01__aug02,20260728_232459_m6l3cf,train,user2,আ,-2.664144,0.902263,0.04591,-0.024542,0.006409,0.039555,0.929402
3,1,20260728_232459_m6l3cf__outer03__inner01__aug03,20260728_232459_m6l3cf,train,user2,আ,-0.287507,0.918943,0.00402,-0.026399,0.006174,0.045592,0.927359
3,1,20260728_232520_l4uaan__outer03__inner01__aug01,20260728_232520_l4uaan,train,user2,আ,-1.715495,0.960405,0.013276,-0.032308,0.007044,0.057752,1.175347
3,1,20260728_232520_l4uaan__outer03__inner01__aug02,20260728_232520_l4uaan,train,user2,আ,-0.999119,0.98411,0.048072,-0.031579,0.003745,0.052401,1.181892
3,1,20260728_232520_l4uaan__outer03__inner01__aug03,20260728_232520_l4uaan,train,user2,আ,-3.699772,1.002915,-0.004083,-0.038712,0.005645,0.066514,0.974509
3,1,20260728_232556_dwfz7c__outer03__inner01__aug01,20260728_232556_dwfz7c,train,user2,আ,6.548089,1.053879,-0.018215,0.032567,0.004381,0.053003,0.941661
3,1,20260728_232556_dwfz7c__outer03__inner01__aug02,20260728_232556_dwfz7c,train,user2,আ,2.999394,1.087184,-0.021507,0.011392,0.003363,0.050714,0.940122
3,1,20260728_232556_dwfz7c__outer03__inner01__aug03,20260728_232556_dwfz7c,train,user2,আ,1.101354,1.04103,0.013844,-0.017319,0.005646,0.049696,1.093207
3,1,20260704_232218_jf6rio__outer03__inner01__aug01,20260704_232218_jf6rio,train,user2,ই,0.474052,0.918851,-0.029467,-0.027361,0.006887,0.037076,0.906338
3,1,20260704_232218_jf6rio__outer03__inner01__aug02,20260704_232218_jf6rio,train,user2,ই,-4.790773,1.006251,-0.027237,-0.037106,0.004761,0.074953,1.21767
3,1,20260704_232218_jf6rio__outer03__inner01__aug03,20260704_232218_jf6rio,train,user2,ই,1.30769,0.969919,-0.0112,0.045794,0.006582,0.068219,1.028707
3,1,20260728_232810_781yo6__outer03__inner01__aug01,20260728_232810_781yo6,train,user2,ই,4.501016,1.067328,-0.038531,-0.037351,0.003491,0.037955,1.10802
3,1,20260728_232810_781yo6__outer03__inner01__aug02,20260728_232810_781yo6,train,user2,ই,0.486062,0.940458,-0.035794,0.035333,0.007829,0.048541,1.105272
3,1,20260728_232810_781yo6__outer03__inner01__aug03,20260728_232810_781yo6,train,user2,ই,-5.997469,1.093037,0.005027,-0.015155,0.004535,0.038396,0.894875
3,1,20260728_232836_pvgrxn__outer03__inner01__aug01,20260728_232836_pvgrxn,train,user2,ই,-4.933254,0.919156,-0.017109,-0.046416,0.006979,0.074726,0.852426
3,1,20260728_232836_pvgrxn__outer03__inner01__aug02,20260728_232836_pvgrxn,train,user2,ই,-2.555812,1.008975,0.042648,0.026304,0.007104,0.064188,0.878878
3,1,20260728_232836_pvgrxn__outer03__inner01__aug03,20260728_232836_pvgrxn,train,user2,ই,-5.451725,1.05524,0.043193,-0.022785,0.007327,0.032076,0.929074
3,1,20260728_233118_pcjncu__outer03__inner01__aug01,20260728_233118_pcjncu,train,user2,ই,4.703376,1.058855,-0.015605,-0.000242,0.007166,0.073198,0.834613
3,1,20260728_233118_pcjncu__outer03__inner01__aug02,20260728_233118_pcjncu,train,user2,ই,5.555336,0.940996,0.002514,0.011742,0.007976,0.034411,1.040522
3,1,20260728_233118_pcjncu__outer03__inner01__aug03,20260728_233118_pcjncu,train,user2,ই,-5.168609,0.902734,0.037377,-0.037904,0.005924,0.055978,1.003386
3,1,20260728_233205_n417cm__outer03__inner01__aug01,20260728_233205_n417cm,train,user2,ই,5.15321,0.933752,-0.038728,-0.045048,0.004139,0.06388,0.920469
3,1,20260728_233205_n417cm__outer03__inner01__aug02,20260728_233205_n417cm,train,user2,ই,-2.329678,1.080882,-0.027091,-0.001804,0.006237,0.051568,0.947294
3,1,20260728_233205_n417cm__outer03__inner01__aug03,20260728_233205_n417cm,train,user2,ই,-1.2316,1.06778,0.046461,0.044988,0.006926,0.065922,1.137303
3,1,20260704_232243_1fsapx__outer03__inner01__aug01,20260704_232243_1fsapx,train,user2,ঈ,2.722595,1.010439,0.017856,0.031417,0.006516,0.071733,1.2289
3,1,20260704_232243_1fsapx__outer03__inner01__aug02,20260704_232243_1fsapx,train,user2,ঈ,1.195226,1.001751,0.009655,-0.031071,0.007545,0.064046,1.058897
3,1,20260704_232243_1fsapx__outer03__inner01__aug03,20260704_232243_1fsapx,train,user2,ঈ,3.709518,0.975148,0.034783,-0.00268,0.003464,0.072084,0.89737
3,1,20260728_233238_q39ioy__outer03__inner01__aug01,20260728_233238_q39ioy,train,user2,ঈ,-5.553599,0.972002,0.033871,-0.004287,0.007762,0.035981,0.816288
3,1,20260728_233238_q39ioy__outer03__inner01__aug02,20260728_233238_q39ioy,train,user2,ঈ,-5.08796,1.095574,-0.042913,-0.013606,0.003383,0.039721,0.956931
3,1,20260728_233238_q39ioy__outer03__inner01__aug03,20260728_233238_q39ioy,train,user2,ঈ,-0.38701,1.035079,-0.023525,-0.024117,0.007087,0.07897,0.919897
3,1,20260728_233302_e8k0ge__outer03__inner01__aug01,20260728_233302_e8k0ge,train,user2,ঈ,-6.736462,0.901634,0.001669,0.025809,0.007228,0.060863,1.246131
3,1,20260728_233302_e8k0ge__outer03__inner01__aug02,20260728_233302_e8k0ge,train,user2,ঈ,-1.815187,0.963246,-0.017572,-0.006731,0.005568,0.042233,1.095953
3,1,20260728_233302_e8k0ge__outer03__inner01__aug03,20260728_233302_e8k0ge,train,user2,ঈ,2.816217,0.982702,0.025291,-0.013647,0.005556,0.06969,1.168838
3,1,20260728_233333_nvf18a__outer03__inner01__aug01,20260728_233333_nvf18a,train,user2,ঈ,-1.110445,1.09377,0.00921,0.014712,0.003605,0.051829,0.813562
3,1,20260728_233333_nvf18a__outer03__inner01__aug02,20260728_233333_nvf18a,train,user2,ঈ,0.637004,1.050383,0.023011,-0.012895,0.006196,0.040831,1.109232
3,1,20260728_233333_nvf18a__outer03__inner01__aug03,20260728_233333_nvf18a,train,user2,ঈ,-0.92378,0.986602,0.014027,-0.029795,0.006544,0.030572,0.854305
3,1,20260728_233359_9wg8n4__outer03__inner01__aug01,20260728_233359_9wg8n4,train,user2,ঈ,-2.732229,1.079617,0.011762,-0.042499,0.004826,0.042977,0.990948
3,1,20260728_233359_9wg8n4__outer03__inner01__aug02,20260728_233359_9wg8n4,train,user2,ঈ,2.998613,0.938754,0.047522,0.021266,0.006748,0.043975,1.128393
3,1,20260728_233359_9wg8n4__outer03__inner01__aug03,20260728_233359_9wg8n4,train,user2,ঈ,4.394876,0.968638,-0.011476,0.039111,0.003107,0.038501,0.927755
3,1,20260711_211455_ab7vb3__outer03__inner01__aug01,20260711_211455_ab7vb3,train,user4,অ,-2.673606,1.0027,0.0465,0.023253,0.007925,0.038272,1.016788
3,1,20260711_211455_ab7vb3__outer03__inner01__aug02,20260711_211455_ab7vb3,train,user4,অ,6.485326,1.043248,0.014031,-0.001163,0.00659,0.079986,0.951913
3,1,20260711_211455_ab7vb3__outer03__inner01__aug03,20260711_211455_ab7vb3,train,user4,অ,-4.509488,0.996737,0.021268,-0.033239,0.005398,0.058871,1.232608
3,1,20260711_214733_y28o8p__outer03__inner01__aug01,20260711_214733_y28o8p,train,user4,অ,3.18858,1.03885,0.035472,0.015163,0.007354,0.053558,1.03509
3,1,20260711_214733_y28o8p__outer03__inner01__aug02,20260711_214733_y28o8p,train,user4,অ,0.113294,0.900571,0.034192,-0.029074,0.006411,0.036285,0.902688
3,1,20260711_214733_y28o8p__outer03__inner01__aug03,20260711_214733_y28o8p,train,user4,অ,-2.920426,0.909821,0.04829,-0.030866,0.007346,0.077479,1.230481
3,1,20260711_214747_h8ad4n__outer03__inner01__aug01,20260711_214747_h8ad4n,train,user4,অ,-3.98358,1.041275,0.028728,-0.026839,0.003918,0.063543,1.247906
3,1,20260711_214747_h8ad4n__outer03__inner01__aug02,20260711_214747_h8ad4n,train,user4,অ,3.770067,0.930453,-0.035427,0.039533,0.006518,0.068964,0.944323
3,1,20260711_214747_h8ad4n__outer03__inner01__aug03,20260711_214747_h8ad4n,train,user4,অ,-0.680205,1.03661,0.025353,0.027572,0.006964,0.066997,1.025301
3,1,20260711_214802_iotb3d__outer03__inner01__aug01,20260711_214802_iotb3d,train,user4,অ,4.669803,1.069377,0.025718,-0.004851,0.005814,0.047002,1.157215
3,1,20260711_214802_iotb3d__outer03__inner01__aug02,20260711_214802_iotb3d,train,user4,অ,-4.827262,0.905448,0.019989,0.024057,0.003079,0.05173,0.811155
3,1,20260711_214802_iotb3d__outer03__inner01__aug03,20260711_214802_iotb3d,train,user4,অ,-1.718444,1.082686,-0.007668,0.020059,0.006813,0.0555,1.039173
3,1,20260711_214818_1kqyjw__outer03__inner01__aug01,20260711_214818_1kqyjw,train,user4,অ,-4.666686,1.084655,0.021433,0.002825,0.006697,0.048699,0.968637
3,1,20260711_214818_1kqyjw__outer03__inner01__aug02,20260711_214818_1kqyjw,train,user4,অ,0.481132,1.094973,-0.011633,0.038971,0.006868,0.055475,1.169564
3,1,20260711_214818_1kqyjw__outer03__inner01__aug03,20260711_214818_1kqyjw,train,user4,অ,-0.598967,1.04752,-0.022955,0.049331,0.004769,0.064081,0.942377
3,1,20260711_214838_nmfk2j__outer03__inner01__aug01,20260711_214838_nmfk2j,train,user4,অ,-4.319607,0.939149,0.044258,-0.031651,0.006514,0.053435,1.120574
3,1,20260711_214838_nmfk2j__outer03__inner01__aug02,20260711_214838_nmfk2j,train,user4,অ,-6.051654,1.063988,-0.00714,-0.031806,0.007035,0.031352,1.230607
3,1,20260711_214838_nmfk2j__outer03__inner01__aug03,20260711_214838_nmfk2j,train,user4,অ,-5.366721,0.928136,0.012059,0.044875,0.005464,0.050164,0.892694
3,1,20260711_214856_wh1jdl__outer03__inner01__aug01,20260711_214856_wh1jdl,train,user4,অ,4.370218,0.995912,-0.004334,0.043716,0.006321,0.049002,1.20777
3,1,20260711_214856_wh1jdl__outer03__inner01__aug02,20260711_214856_wh1jdl,train,user4,অ,1.141198,0.946823,-0.011761,0.043393,0.006101,0.046813,1.015649
3,1,20260711_214856_wh1jdl__outer03__inner01__aug03,20260711_214856_wh1jdl,train,user4,অ,-2.869642,1.085737,-0.044998,-0.038338,0.007384,0.058607,0.979017
3,1,20260711_214912_5jyzoq__outer03__inner01__aug01,20260711_214912_5jyzoq,train,user4,অ,-0.964534,0.975572,0.01093,0.024419,0.006911,0.042714,0.989545
3,1,20260711_214912_5jyzoq__outer03__inner01__aug02,20260711_214912_5jyzoq,train,user4,অ,2.847968,0.97425,-0.025332,0.032619,0.005329,0.059803,0.819491
3,1,20260711_214912_5jyzoq__outer03__inner01__aug03,20260711_214912_5jyzoq,train,user4,অ,-0.213852,0.986457,0.039326,-0.032379,0.00429,0.03235,1.197125
3,1,20260711_215025_9ahjj1__outer03__inner01__aug01,20260711_215025_9ahjj1,train,user4,অ,-5.400119,0.984921,0.03875,0.017394,0.00335,0.054574,0.88716
3,1,20260711_215025_9ahjj1__outer03__inner01__aug02,20260711_215025_9ahjj1,train,user4,অ,5.405385,0.946403,0.008107,-0.042225,0.006631,0.072856,0.874965
3,1,20260711_215025_9ahjj1__outer03__inner01__aug03,20260711_215025_9ahjj1,train,user4,অ,4.6121,1.095377,0.00161,-0.024597,0.003244,0.067483,0.900797
3,1,20260711_215040_totmvz__outer03__inner01__aug01,20260711_215040_totmvz,train,user4,অ,-4.338157,1.03019,-0.014263,0.023956,0.00495,0.069084,1.212856
3,1,20260711_215040_totmvz__outer03__inner01__aug02,20260711_215040_totmvz,train,user4,অ,-0.300177,0.990752,-0.035562,-0.005568,0.003812,0.030769,0.889203
3,1,20260711_215040_totmvz__outer03__inner01__aug03,20260711_215040_totmvz,train,user4,অ,0.473564,0.918852,0.002111,0.013007,0.005362,0.059113,0.921586
3,1,20260711_215057_m3q3bw__outer03__inner01__aug01,20260711_215057_m3q3bw,train,user4,অ,5.202401,1.055052,-0.035452,0.04641,0.005665,0.046341,1.155274
3,1,20260711_215057_m3q3bw__outer03__inner01__aug02,20260711_215057_m3q3bw,train,user4,অ,2.302707,1.031971,0.025269,-0.027718,0.004812,0.034535,1.200866
3,1,20260711_215057_m3q3bw__outer03__inner01__aug03,20260711_215057_m3q3bw,train,user4,অ,2.97728,1.034692,0.042559,-0.042125,0.007573,0.050649,0.974923
3,1,20260711_215120_wa3iw4__outer03__inner01__aug01,20260711_215120_wa3iw4,train,user4,অ,2.41506,0.99244,-0.037859,0.027774,0.003516,0.058262,0.900198
3,1,20260711_215120_wa3iw4__outer03__inner01__aug02,20260711_215120_wa3iw4,train,user4,অ,0.771894,0.939567,-0.030461,0.044278,0.004316,0.059154,0.911252
3,1,20260711_215120_wa3iw4__outer03__inner01__aug03,20260711_215120_wa3iw4,train,user4,অ,-0.915234,1.051191,0.026852,0.028395,0.006819,0.043371,0.876248
3,1,20260711_215140_jzmdn9__outer03__inner01__aug01,20260711_215140_jzmdn9,train,user4,অ,3.766127,0.922993,-0.040984,0.000751,0.006283,0.054178,1.101923
3,1,20260711_215140_jzmdn9__outer03__inner01__aug02,20260711_215140_jzmdn9,train,user4,অ,0.825717,1.070927,0.006787,0.025623,0.005172,0.071164,1.172152
3,1,20260711_215140_jzmdn9__outer03__inner01__aug03,20260711_215140_jzmdn9,train,user4,অ,3.160049,1.0274,-0.017505,0.047308,0.003623,0.060586,1.016038
3,1,20260711_215153_8dj6mi__outer03__inner01__aug01,20260711_215153_8dj6mi,train,user4,অ,-5.377554,1.08777,0.017398,-0.009702,0.003361,0.041037,1.174832
3,1,20260711_215153_8dj6mi__outer03__inner01__aug02,20260711_215153_8dj6mi,train,user4,অ,3.784669,0.915839,-0.028098,-0.007959,0.005357,0.034586,0.969965
3,1,20260711_215153_8dj6mi__outer03__inner01__aug03,20260711_215153_8dj6mi,train,user4,অ,-5.2475,1.085999,0.005442,0.032389,0.00372,0.0535,1.243309
3,1,20260711_215210_14cuph__outer03__inner01__aug01,20260711_215210_14cuph,train,user4,অ,6.393954,1.071065,0.021412,0.018386,0.007186,0.065648,1.082486
3,1,20260711_215210_14cuph__outer03__inner01__aug02,20260711_215210_14cuph,train,user4,অ,-4.285473,1.014257,0.043355,-0.008631,0.006326,0.044651,1.133901
3,1,20260711_215210_14cuph__outer03__inner01__aug03,20260711_215210_14cuph,train,user4,অ,-4.535942,0.926718,0.021092,0.020198,0.007126,0.033822,1.22763
3,1,20260711_215224_s1nefb__outer03__inner01__aug01,20260711_215224_s1nefb,train,user4,অ,1.184177,0.917003,-0.028678,-0.005805,0.004066,0.052155,1.139983
3,1,20260711_215224_s1nefb__outer03__inner01__aug02,20260711_215224_s1nefb,train,user4,অ,-0.315318,0.901034,-0.020975,-0.016959,0.004137,0.038683,0.9536
3,1,20260711_215224_s1nefb__outer03__inner01__aug03,20260711_215224_s1nefb,train,user4,অ,6.067189,1.091699,0.035403,0.041534,0.003099,0.03996,1.034924
3,1,20260711_211553_8q738s__outer03__inner01__aug01,20260711_211553_8q738s,train,user4,আ,-6.766295,1.091153,0.032163,-0.046177,0.004578,0.07935,0.855591
3,1,20260711_211553_8q738s__outer03__inner01__aug02,20260711_211553_8q738s,train,user4,আ,6.943015,1.031745,0.00118,-0.02347,0.003793,0.046862,0.887144
3,1,20260711_211553_8q738s__outer03__inner01__aug03,20260711_211553_8q738s,train,user4,আ,-4.068208,1.095764,-0.006587,0.022505,0.007712,0.045901,1.1901
3,1,20260711_215326_rdw0i7__outer03__inner01__aug01,20260711_215326_rdw0i7,train,user4,আ,3.707539,1.069276,0.012679,0.049647,0.007949,0.043553,1.097411
3,1,20260711_215326_rdw0i7__outer03__inner01__aug02,20260711_215326_rdw0i7,train,user4,আ,0.480324,1.009641,0.045462,-0.026614,0.004403,0.038725,1.041777
3,1,20260711_215326_rdw0i7__outer03__inner01__aug03,20260711_215326_rdw0i7,train,user4,আ,5.864521,0.997649,0.001599,-0.031893,0.005285,0.056912,1.168872
3,1,20260711_215355_gtir0d__outer03__inner01__aug01,20260711_215355_gtir0d,train,user4,আ,-3.364951,0.904729,0.016628,-0.017659,0.003227,0.061252,1.04448
3,1,20260711_215355_gtir0d__outer03__inner01__aug02,20260711_215355_gtir0d,train,user4,আ,5.60451,0.936217,-0.012785,0.03025,0.006168,0.05848,0.81756
3,1,20260711_215355_gtir0d__outer03__inner01__aug03,20260711_215355_gtir0d,train,user4,আ,-4.28949,0.98595,-0.033782,-0.004267,0.00445,0.042737,0.858156
3,1,20260711_215413_4z3pac__outer03__inner01__aug01,20260711_215413_4z3pac,train,user4,আ,-0.578165,0.988073,-0.02115,-0.048944,0.003386,0.045626,1.237853
3,1,20260711_215413_4z3pac__outer03__inner01__aug02,20260711_215413_4z3pac,train,user4,আ,-3.299254,1.054649,0.016231,-0.002916,0.007914,0.030159,0.976429
3,1,20260711_215413_4z3pac__outer03__inner01__aug03,20260711_215413_4z3pac,train,user4,আ,1.257979,1.089029,-0.00321,0.021307,0.007318,0.07241,1.003831
3,1,20260711_215505_noe4fp__outer03__inner01__aug01,20260711_215505_noe4fp,train,user4,আ,6.592365,0.959418,0.016877,-0.022903,0.006756,0.07146,1.146455
3,1,20260711_215505_noe4fp__outer03__inner01__aug02,20260711_215505_noe4fp,train,user4,আ,4.225439,0.973733,0.047546,-0.009142,0.003861,0.055428,1.172514
3,1,20260711_215505_noe4fp__outer03__inner01__aug03,20260711_215505_noe4fp,train,user4,আ,-2.595757,0.908522,-0.030725,0.017708,0.006267,0.077854,0.858867
3,1,20260711_215527_oaoi6c__outer03__inner01__aug01,20260711_215527_oaoi6c,train,user4,আ,1.64607,0.947174,0.038553,0.036192,0.005547,0.062344,1.086907
3,1,20260711_215527_oaoi6c__outer03__inner01__aug02,20260711_215527_oaoi6c,train,user4,আ,-6.142108,1.085202,0.011987,-0.015422,0.007968,0.055716,0.857303
3,1,20260711_215527_oaoi6c__outer03__inner01__aug03,20260711_215527_oaoi6c,train,user4,আ,-4.533348,0.921898,-0.023545,0.004454,0.005037,0.048234,0.839466
3,1,20260711_215554_41w3p4__outer03__inner01__aug01,20260711_215554_41w3p4,train,user4,আ,-4.534059,0.940099,0.037036,0.0164,0.007106,0.065615,0.935648
3,1,20260711_215554_41w3p4__outer03__inner01__aug02,20260711_215554_41w3p4,train,user4,আ,2.661945,1.098086,-0.03479,0.00932,0.00421,0.076124,1.020239
3,1,20260711_215554_41w3p4__outer03__inner01__aug03,20260711_215554_41w3p4,train,user4,আ,5.385568,1.017725,-0.005125,-0.048969,0.007205,0.077112,1.24812
3,1,20260711_215623_q6sua3__outer03__inner01__aug01,20260711_215623_q6sua3,train,user4,আ,-6.959753,1.055282,-0.011892,0.048773,0.004224,0.031576,1.24101
3,1,20260711_215623_q6sua3__outer03__inner01__aug02,20260711_215623_q6sua3,train,user4,আ,1.765198,0.920932,0.015458,0.049706,0.007706,0.046924,0.937545
3,1,20260711_215623_q6sua3__outer03__inner01__aug03,20260711_215623_q6sua3,train,user4,আ,-1.939922,0.929976,-0.014839,-0.03702,0.006677,0.033475,1.067459
3,1,20260711_215646_y25z4x__outer03__inner01__aug01,20260711_215646_y25z4x,train,user4,আ,3.809446,1.091775,-0.033534,0.048111,0.007945,0.051978,0.974387
3,1,20260711_215646_y25z4x__outer03__inner01__aug02,20260711_215646_y25z4x,train,user4,আ,3.650578,0.988283,0.039174,0.035861,0.007921,0.038289,1.180984
3,1,20260711_215646_y25z4x__outer03__inner01__aug03,20260711_215646_y25z4x,train,user4,আ,-3.361614,1.092758,0.009992,0.04034,0.004243,0.043831,0.935137
3,1,20260711_215701_i0we24__outer03__inner01__aug01,20260711_215701_i0we24,train,user4,আ,5.424808,1.045624,-0.0326,-0.012728,0.007974,0.030705,0.910867
3,1,20260711_215701_i0we24__outer03__inner01__aug02,20260711_215701_i0we24,train,user4,আ,5.076432,1.090728,-0.025092,-0.01705,0.00551,0.039518,0.95245
3,1,20260711_215701_i0we24__outer03__inner01__aug03,20260711_215701_i0we24,train,user4,আ,-5.773938,1.081201,0.02511,0.014009,0.00776,0.034201,0.901337
3,1,20260711_215719_fym8k2__outer03__inner01__aug01,20260711_215719_fym8k2,train,user4,আ,-2.795122,1.032506,0.038566,0.037342,0.00592,0.035576,0.936908
3,1,20260711_215719_fym8k2__outer03__inner01__aug02,20260711_215719_fym8k2,train,user4,আ,1.072523,1.092811,-0.024384,0.005047,0.004275,0.032268,0.845212
3,1,20260711_215719_fym8k2__outer03__inner01__aug03,20260711_215719_fym8k2,train,user4,আ,-3.08384,0.923783,-0.032219,-0.021056,0.004077,0.056232,1.133282
3,1,20260711_215732_e3wli4__outer03__inner01__aug01,20260711_215732_e3wli4,train,user4,আ,1.406129,0.917223,0.024174,-0.007822,0.007625,0.033524,1.072825
3,1,20260711_215732_e3wli4__outer03__inner01__aug02,20260711_215732_e3wli4,train,user4,আ,5.672021,0.929895,-0.027145,-0.029016,0.004952,0.054913,1.228271
3,1,20260711_215732_e3wli4__outer03__inner01__aug03,20260711_215732_e3wli4,train,user4,আ,-3.976806,1.031262,0.018038,-0.037408,0.00773,0.058794,1.003137
3,1,20260711_215746_pw5glc__outer03__inner01__aug01,20260711_215746_pw5glc,train,user4,আ,-0.889894,1.007499,0.033603,0.028458,0.005613,0.062231,0.831945
3,1,20260711_215746_pw5glc__outer03__inner01__aug02,20260711_215746_pw5glc,train,user4,আ,1.924631,1.006263,-0.019062,-0.032752,0.003857,0.039303,0.856715
3,1,20260711_215746_pw5glc__outer03__inner01__aug03,20260711_215746_pw5glc,train,user4,আ,6.755186,0.981012,0.034041,-0.034619,0.006576,0.036198,1.197172
3,1,20260711_215803_gtb1nz__outer03__inner01__aug01,20260711_215803_gtb1nz,train,user4,আ,2.814716,0.965769,-0.034033,0.003794,0.007727,0.034306,0.963789
3,1,20260711_215803_gtb1nz__outer03__inner01__aug02,20260711_215803_gtb1nz,train,user4,আ,2.467426,0.955395,0.00609,-0.003827,0.003411,0.050383,1.227266
3,1,20260711_215803_gtb1nz__outer03__inner01__aug03,20260711_215803_gtb1nz,train,user4,আ,2.222071,0.921497,0.005069,-0.013597,0.003309,0.061688,0.824131
3,1,20260711_215826_09me7o__outer03__inner01__aug01,20260711_215826_09me7o,train,user4,আ,-4.156919,1.083464,0.037542,0.01166,0.00676,0.070959,1.163016
3,1,20260711_215826_09me7o__outer03__inner01__aug02,20260711_215826_09me7o,train,user4,আ,-4.947655,1.052928,0.002079,0.031533,0.005202,0.069082,0.816881
3,1,20260711_215826_09me7o__outer03__inner01__aug03,20260711_215826_09me7o,train,user4,আ,-2.837729,1.023389,0.032656,-0.030346,0.003174,0.0754,1.019948
3,1,20260711_215850_2a6qfe__outer03__inner01__aug01,20260711_215850_2a6qfe,train,user4,আ,-1.550711,1.012919,0.039322,0.008172,0.004812,0.069523,1.206815
3,1,20260711_215850_2a6qfe__outer03__inner01__aug02,20260711_215850_2a6qfe,train,user4,আ,-0.964197,1.09076,-0.000361,-0.035425,0.005242,0.063725,1.073068
3,1,20260711_215850_2a6qfe__outer03__inner01__aug03,20260711_215850_2a6qfe,train,user4,আ,-5.06929,0.91564,0.006387,0.039813,0.005861,0.072402,1.217241
3,1,20260711_211613_pni7yl__outer03__inner01__aug01,20260711_211613_pni7yl,train,user4,ই,-6.479492,0.95464,0.003546,0.043003,0.003118,0.03137,1.005927
3,1,20260711_211613_pni7yl__outer03__inner01__aug02,20260711_211613_pni7yl,train,user4,ই,3.255225,0.916019,-0.034351,-0.010038,0.006488,0.061759,1.132527
3,1,20260711_211613_pni7yl__outer03__inner01__aug03,20260711_211613_pni7yl,train,user4,ই,3.634337,1.056786,0.018201,0.038626,0.006746,0.075047,0.932818
3,1,20260711_211631_omhqof__outer03__inner01__aug01,20260711_211631_omhqof,train,user4,ই,-2.321694,0.9072,0.028081,-0.019161,0.005099,0.075249,1.092929
3,1,20260711_211631_omhqof__outer03__inner01__aug02,20260711_211631_omhqof,train,user4,ই,2.776338,1.004764,0.037536,0.04776,0.006931,0.078977,1.059327
3,1,20260711_211631_omhqof__outer03__inner01__aug03,20260711_211631_omhqof,train,user4,ই,6.79527,0.949755,-0.048336,0.018397,0.005329,0.038225,1.17636
3,1,20260711_215916_5xq3ym__outer03__inner01__aug01,20260711_215916_5xq3ym,train,user4,ই,-3.339473,1.062241,-0.023601,-0.022521,0.00672,0.041127,0.907198
3,1,20260711_215916_5xq3ym__outer03__inner01__aug02,20260711_215916_5xq3ym,train,user4,ই,0.090494,1.018851,-0.000787,-0.007272,0.007189,0.079592,1.245671
3,1,20260711_215916_5xq3ym__outer03__inner01__aug03,20260711_215916_5xq3ym,train,user4,ই,5.234419,0.905107,0.019113,-0.036893,0.003381,0.068943,1.05157
3,1,20260711_215928_ckxbi5__outer03__inner01__aug01,20260711_215928_ckxbi5,train,user4,ই,5.481164,0.998665,0.003701,0.026659,0.007524,0.079171,1.191096
3,1,20260711_215928_ckxbi5__outer03__inner01__aug02,20260711_215928_ckxbi5,train,user4,ই,2.003894,0.914381,-0.00727,0.005303,0.007554,0.078673,0.817964
3,1,20260711_215928_ckxbi5__outer03__inner01__aug03,20260711_215928_ckxbi5,train,user4,ই,-3.692901,1.049292,-0.010607,0.026494,0.003833,0.041617,0.826527
3,1,20260711_215945_ovgs11__outer03__inner01__aug01,20260711_215945_ovgs11,train,user4,ই,5.516304,1.018952,-0.025658,-0.026779,0.007749,0.051007,0.928847
3,1,20260711_215945_ovgs11__outer03__inner01__aug02,20260711_215945_ovgs11,train,user4,ই,2.217057,1.026828,-0.010311,-0.04495,0.003643,0.074327,1.07444
3,1,20260711_215945_ovgs11__outer03__inner01__aug03,20260711_215945_ovgs11,train,user4,ই,4.355399,1.004248,-0.049197,-0.024477,0.005216,0.055446,1.13309
3,1,20260711_215959_axw0jl__outer03__inner01__aug01,20260711_215959_axw0jl,train,user4,ই,6.041541,1.076185,-0.007906,0.008182,0.004849,0.04706,1.181181
3,1,20260711_215959_axw0jl__outer03__inner01__aug02,20260711_215959_axw0jl,train,user4,ই,-2.753847,1.043696,-0.025274,0.027851,0.007454,0.063388,1.037627
3,1,20260711_215959_axw0jl__outer03__inner01__aug03,20260711_215959_axw0jl,train,user4,ই,1.756732,0.921864,0.043043,-0.04525,0.003259,0.076513,0.930794
3,1,20260711_220013_x16qxh__outer03__inner01__aug01,20260711_220013_x16qxh,train,user4,ই,2.632301,1.02634,0.014507,0.014453,0.007806,0.079573,0.930995
3,1,20260711_220013_x16qxh__outer03__inner01__aug02,20260711_220013_x16qxh,train,user4,ই,3.887613,1.073825,0.046371,0.045262,0.007512,0.074362,0.898938
3,1,20260711_220013_x16qxh__outer03__inner01__aug03,20260711_220013_x16qxh,train,user4,ই,4.768786,1.04521,0.010926,-0.033797,0.005355,0.077758,1.198177
3,1,20260711_220027_1j40u6__outer03__inner01__aug01,20260711_220027_1j40u6,train,user4,ই,-2.799227,0.928571,-0.006229,-0.032606,0.006602,0.05182,0.935202
3,1,20260711_220027_1j40u6__outer03__inner01__aug02,20260711_220027_1j40u6,train,user4,ই,-4.408375,0.985054,-0.001771,0.047616,0.006748,0.035332,1.168444
3,1,20260711_220027_1j40u6__outer03__inner01__aug03,20260711_220027_1j40u6,train,user4,ই,4.632824,1.078094,-0.040123,-0.008577,0.005074,0.069388,1.105477
3,1,20260711_220043_yyhe4o__outer03__inner01__aug01,20260711_220043_yyhe4o,train,user4,ই,-4.073581,0.951396,0.035019,-0.036444,0.007634,0.040725,1.044461
3,1,20260711_220043_yyhe4o__outer03__inner01__aug02,20260711_220043_yyhe4o,train,user4,ই,2.403725,0.912955,-0.048818,0.002082,0.006863,0.03261,0.891236
3,1,20260711_220043_yyhe4o__outer03__inner01__aug03,20260711_220043_yyhe4o,train,user4,ই,-0.544657,1.048932,-0.037065,0.036321,0.0035,0.07527,1.085983
3,1,20260711_220058_6cy90j__outer03__inner01__aug01,20260711_220058_6cy90j,train,user4,ই,-3.232892,1.096994,-0.02574,0.045355,0.007579,0.078432,1.189591
3,1,20260711_220058_6cy90j__outer03__inner01__aug02,20260711_220058_6cy90j,train,user4,ই,6.204937,1.070744,-0.036797,0.02768,0.003452,0.035121,1.124821
3,1,20260711_220058_6cy90j__outer03__inner01__aug03,20260711_220058_6cy90j,train,user4,ই,-5.227448,1.083475,0.004024,-0.023815,0.005602,0.043429,0.857394
3,1,20260711_220112_94lc88__outer03__inner01__aug01,20260711_220112_94lc88,train,user4,ই,-5.168281,0.900724,0.047743,-9.7e-05,0.007254,0.076306,1.041773
3,1,20260711_220112_94lc88__outer03__inner01__aug02,20260711_220112_94lc88,train,user4,ই,6.230145,1.090928,0.048276,-0.012994,0.007972,0.057154,1.097503
3,1,20260711_220112_94lc88__outer03__inner01__aug03,20260711_220112_94lc88,train,user4,ই,0.719589,1.036404,0.041312,0.011552,0.004597,0.060175,0.829226
3,1,20260711_220132_3b6d70__outer03__inner01__aug01,20260711_220132_3b6d70,train,user4,ই,0.410946,0.944267,0.005062,0.040874,0.006884,0.050597,0.912994
3,1,20260711_220132_3b6d70__outer03__inner01__aug02,20260711_220132_3b6d70,train,user4,ই,1.397129,0.928762,0.035347,-0.023229,0.004304,0.03216,0.89658
3,1,20260711_220132_3b6d70__outer03__inner01__aug03,20260711_220132_3b6d70,train,user4,ই,-5.804147,1.036668,0.03299,-0.001545,0.006208,0.07692,0.802838
3,1,20260711_220151_kjuuzh__outer03__inner01__aug01,20260711_220151_kjuuzh,train,user4,ই,3.159153,1.040582,0.013956,-0.044585,0.004075,0.048195,0.928361
3,1,20260711_220151_kjuuzh__outer03__inner01__aug02,20260711_220151_kjuuzh,train,user4,ই,5.41619,0.937692,-0.042456,-0.024513,0.005159,0.062915,0.907314
3,1,20260711_220151_kjuuzh__outer03__inner01__aug03,20260711_220151_kjuuzh,train,user4,ই,2.046028,0.994404,0.023156,0.048862,0.005251,0.059721,0.999111
3,1,20260711_220205_cr3boy__outer03__inner01__aug01,20260711_220205_cr3boy,train,user4,ই,-0.454539,0.959541,0.014207,-0.031412,0.003363,0.060705,0.877211
3,1,20260711_220205_cr3boy__outer03__inner01__aug02,20260711_220205_cr3boy,train,user4,ই,0.064017,1.019009,-0.00735,-0.037404,0.003271,0.073602,1.239638
3,1,20260711_220205_cr3boy__outer03__inner01__aug03,20260711_220205_cr3boy,train,user4,ই,-0.085341,1.071118,-0.027478,0.007714,0.003338,0.043617,0.802998
3,1,20260711_220217_85rgxu__outer03__inner01__aug01,20260711_220217_85rgxu,train,user4,ই,2.320796,0.91963,0.045818,0.045823,0.00524,0.058047,0.992102
3,1,20260711_220217_85rgxu__outer03__inner01__aug02,20260711_220217_85rgxu,train,user4,ই,1.104297,0.994804,-0.044661,-0.024121,0.007318,0.033639,1.112296
3,1,20260711_220217_85rgxu__outer03__inner01__aug03,20260711_220217_85rgxu,train,user4,ই,-0.445043,0.92822,-0.044576,0.048316,0.007142,0.057309,0.833865
3,1,20260711_220235_4uai7u__outer03__inner01__aug01,20260711_220235_4uai7u,train,user4,ই,-6.204129,0.913437,-0.031671,0.018036,0.005732,0.057556,0.979415
3,1,20260711_220235_4uai7u__outer03__inner01__aug02,20260711_220235_4uai7u,train,user4,ই,1.270015,1.019235,-0.046535,0.043825,0.007918,0.070147,1.186421
3,1,20260711_220235_4uai7u__outer03__inner01__aug03,20260711_220235_4uai7u,train,user4,ই,3.860629,0.935507,0.046056,0.010039,0.007986,0.036049,0.961412
3,1,20260711_220308_e7l7wm__outer03__inner01__aug01,20260711_220308_e7l7wm,train,user4,ই,4.838169,1.009282,0.023509,-0.041741,0.006338,0.042045,0.908473
3,1,20260711_220308_e7l7wm__outer03__inner01__aug02,20260711_220308_e7l7wm,train,user4,ই,1.224913,1.091527,0.018587,-0.010888,0.006928,0.039074,1.205799
3,1,20260711_220308_e7l7wm__outer03__inner01__aug03,20260711_220308_e7l7wm,train,user4,ই,-6.734328,1.06155,-0.012545,-0.034802,0.003299,0.052861,1.076635
3,1,20260711_220404_itceug__outer03__inner01__aug01,20260711_220404_itceug,train,user4,ঈ,-5.731364,1.055562,-0.018098,0.01511,0.004308,0.065086,1.140793
3,1,20260711_220404_itceug__outer03__inner01__aug02,20260711_220404_itceug,train,user4,ঈ,1.1453,1.046104,-0.032571,-0.041542,0.004952,0.042541,1.082519
3,1,20260711_220404_itceug__outer03__inner01__aug03,20260711_220404_itceug,train,user4,ঈ,1.068883,0.917752,0.03062,-0.022927,0.004049,0.056873,0.804021
3,1,20260711_220444_r35mfs__outer03__inner01__aug01,20260711_220444_r35mfs,train,user4,ঈ,5.107509,1.059409,0.028797,-0.028943,0.006447,0.066811,1.164375
3,1,20260711_220444_r35mfs__outer03__inner01__aug02,20260711_220444_r35mfs,train,user4,ঈ,-4.226335,0.933491,0.038644,-0.019631,0.003566,0.053892,0.851954
3,1,20260711_220444_r35mfs__outer03__inner01__aug03,20260711_220444_r35mfs,train,user4,ঈ,6.130341,1.059278,-0.015112,0.007524,0.006561,0.074752,1.139072
3,1,20260711_220519_ila5ji__outer03__inner01__aug01,20260711_220519_ila5ji,train,user4,ঈ,6.281837,0.915079,0.047686,-0.038675,0.005901,0.062432,1.218597
3,1,20260711_220519_ila5ji__outer03__inner01__aug02,20260711_220519_ila5ji,train,user4,ঈ,0.058748,0.910015,0.000435,0.02815,0.00322,0.05214,1.09809
3,1,20260711_220519_ila5ji__outer03__inner01__aug03,20260711_220519_ila5ji,train,user4,ঈ,-4.113296,0.910873,0.029216,-0.025477,0.007749,0.039957,1.240432
3,1,20260711_220543_7o5bd0__outer03__inner01__aug01,20260711_220543_7o5bd0,train,user4,ঈ,5.434786,0.916127,-0.002425,-0.004823,0.005657,0.063944,0.938108
3,1,20260711_220543_7o5bd0__outer03__inner01__aug02,20260711_220543_7o5bd0,train,user4,ঈ,-1.23411,0.953698,-0.008346,0.033518,0.003332,0.034239,0.807011
3,1,20260711_220543_7o5bd0__outer03__inner01__aug03,20260711_220543_7o5bd0,train,user4,ঈ,-2.205764,0.920553,-0.019852,0.010137,0.003554,0.049286,1.18697
3,1,20260711_220606_essesa__outer03__inner01__aug01,20260711_220606_essesa,train,user4,ঈ,-1.906454,1.080775,0.048302,0.026315,0.00753,0.056985,1.054938
3,1,20260711_220606_essesa__outer03__inner01__aug02,20260711_220606_essesa,train,user4,ঈ,-6.873888,1.041174,-0.001848,0.024871,0.003496,0.066961,1.015783
3,1,20260711_220606_essesa__outer03__inner01__aug03,20260711_220606_essesa,train,user4,ঈ,-0.399361,1.018517,-0.007646,0.036237,0.00702,0.052609,1.215099
3,1,20260711_220641_ufswp1__outer03__inner01__aug01,20260711_220641_ufswp1,train,user4,ঈ,5.97354,0.934335,-0.040131,0.022775,0.00748,0.045545,0.954328
3,1,20260711_220641_ufswp1__outer03__inner01__aug02,20260711_220641_ufswp1,train,user4,ঈ,6.839716,1.001342,-0.017117,0.023238,0.005928,0.052221,1.070827
3,1,20260711_220641_ufswp1__outer03__inner01__aug03,20260711_220641_ufswp1,train,user4,ঈ,0.083634,0.913594,0.042031,-0.006256,0.006455,0.049335,0.989025
3,1,20260711_220701_y1rftt__outer03__inner01__aug01,20260711_220701_y1rftt,train,user4,ঈ,5.487365,0.909961,-0.024791,0.039558,0.00594,0.051797,0.867109
3,1,20260711_220701_y1rftt__outer03__inner01__aug02,20260711_220701_y1rftt,train,user4,ঈ,-5.977422,0.904798,0.011646,0.026243,0.003705,0.070175,1.122227
3,1,20260711_220701_y1rftt__outer03__inner01__aug03,20260711_220701_y1rftt,train,user4,ঈ,2.101413,1.053043,-0.017464,-0.021783,0.003489,0.037929,0.908057
3,1,20260711_220721_h9k2mi__outer03__inner01__aug01,20260711_220721_h9k2mi,train,user4,ঈ,-5.403565,0.920459,0.011081,0.013203,0.003887,0.053009,1.161385
3,1,20260711_220721_h9k2mi__outer03__inner01__aug02,20260711_220721_h9k2mi,train,user4,ঈ,-3.809385,0.962748,-0.017447,0.008361,0.006421,0.077393,1.124775
3,1,20260711_220721_h9k2mi__outer03__inner01__aug03,20260711_220721_h9k2mi,train,user4,ঈ,2.086929,0.945147,-0.001597,-0.045586,0.005662,0.076401,1.120685
3,1,20260711_220738_j2qzn6__outer03__inner01__aug01,20260711_220738_j2qzn6,train,user4,ঈ,6.516963,0.976917,0.043804,-0.014297,0.003114,0.077753,1.148134
3,1,20260711_220738_j2qzn6__outer03__inner01__aug02,20260711_220738_j2qzn6,train,user4,ঈ,3.465902,0.932478,0.023346,-0.036082,0.005347,0.073863,0.854095
3,1,20260711_220738_j2qzn6__outer03__inner01__aug03,20260711_220738_j2qzn6,train,user4,ঈ,-6.659499,1.05333,0.018011,0.026721,0.007758,0.075983,1.230788
3,1,20260711_220751_axw80l__outer03__inner01__aug01,20260711_220751_axw80l,train,user4,ঈ,3.748424,1.060562,0.020998,-0.02549,0.005156,0.062377,0.816673
3,1,20260711_220751_axw80l__outer03__inner01__aug02,20260711_220751_axw80l,train,user4,ঈ,1.619182,0.958338,0.044566,-0.006432,0.007383,0.038453,0.985582
3,1,20260711_220751_axw80l__outer03__inner01__aug03,20260711_220751_axw80l,train,user4,ঈ,0.804602,1.0166,-0.005241,0.006135,0.007858,0.053293,1.170217
3,1,20260711_220807_mldxj2__outer03__inner01__aug01,20260711_220807_mldxj2,train,user4,ঈ,-1.439089,1.079448,-0.014328,0.021555,0.005583,0.051092,0.966906
3,1,20260711_220807_mldxj2__outer03__inner01__aug02,20260711_220807_mldxj2,train,user4,ঈ,-1.352893,0.922854,-0.018896,-0.039632,0.006721,0.071474,0.961452
3,1,20260711_220807_mldxj2__outer03__inner01__aug03,20260711_220807_mldxj2,train,user4,ঈ,2.603813,1.017358,-0.025048,-0.043488,0.00395,0.032092,1.035375
3,1,20260711_220822_wgaxvc__outer03__inner01__aug01,20260711_220822_wgaxvc,train,user4,ঈ,-3.843491,1.015636,0.008726,-0.008063,0.005681,0.053057,1.076952
3,1,20260711_220822_wgaxvc__outer03__inner01__aug02,20260711_220822_wgaxvc,train,user4,ঈ,1.404211,0.976835,0.002116,-0.00218,0.00697,0.077031,1.171451
3,1,20260711_220822_wgaxvc__outer03__inner01__aug03,20260711_220822_wgaxvc,train,user4,ঈ,-3.373853,1.027818,0.002366,-0.019719,0.007654,0.051311,0.952293
3,1,20260711_220837_dby4gx__outer03__inner01__aug01,20260711_220837_dby4gx,train,user4,ঈ,4.767704,1.095977,-0.00979,-0.020339,0.005141,0.039344,1.216225
3,1,20260711_220837_dby4gx__outer03__inner01__aug02,20260711_220837_dby4gx,train,user4,ঈ,5.722893,0.94773,-0.025485,0.04103,0.0037,0.044822,0.89651
3,1,20260711_220837_dby4gx__outer03__inner01__aug03,20260711_220837_dby4gx,train,user4,ঈ,-1.471147,0.985178,0.029241,0.033829,0.00323,0.057541,1.17448
3,1,20260711_220850_xo5kch__outer03__inner01__aug01,20260711_220850_xo5kch,train,user4,ঈ,4.892513,1.06783,0.034749,0.044834,0.007237,0.054788,0.995082
3,1,20260711_220850_xo5kch__outer03__inner01__aug02,20260711_220850_xo5kch,train,user4,ঈ,5.38072,1.066969,0.019037,0.004025,0.006361,0.058283,1.131448
3,1,20260711_220850_xo5kch__outer03__inner01__aug03,20260711_220850_xo5kch,train,user4,ঈ,-3.40956,0.977883,-0.021914,-0.042869,0.007401,0.033792,1.163636
3,1,20260711_220906_ehc737__outer03__inner01__aug01,20260711_220906_ehc737,train,user4,ঈ,1.602565,1.094231,-0.045593,0.012608,0.007099,0.066713,0.991674
3,1,20260711_220906_ehc737__outer03__inner01__aug02,20260711_220906_ehc737,train,user4,ঈ,-2.546092,1.008192,0.022052,-0.046514,0.003549,0.064871,1.24028
3,1,20260711_220906_ehc737__outer03__inner01__aug03,20260711_220906_ehc737,train,user4,ঈ,-0.524148,1.047786,-0.045002,-0.017395,0.007892,0.06655,1.01255
3,2,20260703_231939_jmltkn__outer03__inner02__aug01,20260703_231939_jmltkn,train,user1,অ,1.644232,0.994292,-0.018607,-0.001435,0.007786,0.044774,0.923198
3,2,20260703_231939_jmltkn__outer03__inner02__aug02,20260703_231939_jmltkn,train,user1,অ,-0.793263,1.03185,0.03645,-0.003845,0.005299,0.047394,1.02477
3,2,20260703_231939_jmltkn__outer03__inner02__aug03,20260703_231939_jmltkn,train,user1,অ,4.811732,0.927807,0.006,-0.039303,0.004323,0.063664,0.891473
3,2,20260704_230134_0i7e7o__outer03__inner02__aug01,20260704_230134_0i7e7o,train,user1,অ,4.402097,1.026093,-0.031785,-0.005592,0.006856,0.079677,1.04874
3,2,20260704_230134_0i7e7o__outer03__inner02__aug02,20260704_230134_0i7e7o,train,user1,অ,-5.960617,0.982759,0.008049,-0.037667,0.006264,0.065976,1.029424
3,2,20260704_230134_0i7e7o__outer03__inner02__aug03,20260704_230134_0i7e7o,train,user1,অ,0.984517,1.007086,-0.001489,-0.037355,0.006509,0.044951,1.073273
3,2,20260704_230207_s0bru0__outer03__inner02__aug01,20260704_230207_s0bru0,train,user1,অ,0.382732,0.974278,-0.019887,-0.011467,0.007703,0.059482,1.177924
3,2,20260704_230207_s0bru0__outer03__inner02__aug02,20260704_230207_s0bru0,train,user1,অ,-1.595858,1.000435,-0.022971,0.0397,0.006511,0.057568,1.109355
3,2,20260704_230207_s0bru0__outer03__inner02__aug03,20260704_230207_s0bru0,train,user1,অ,3.133628,1.069881,-0.03031,-0.028663,0.003621,0.050256,0.829167
3,2,20260704_230243_20ggrl__outer03__inner02__aug01,20260704_230243_20ggrl,train,user1,অ,0.311644,1.045411,0.014499,-0.009286,0.005056,0.033269,0.800906
3,2,20260704_230243_20ggrl__outer03__inner02__aug02,20260704_230243_20ggrl,train,user1,অ,4.741736,1.019384,0.00652,-0.0444,0.004352,0.07699,1.072059
3,2,20260704_230243_20ggrl__outer03__inner02__aug03,20260704_230243_20ggrl,train,user1,অ,2.799309,1.04537,-0.02845,-0.028466,0.003201,0.061576,0.819592
3,2,20260704_230314_biogka__outer03__inner02__aug01,20260704_230314_biogka,train,user1,অ,-4.078371,0.993208,-0.001684,0.002376,0.004662,0.066791,0.999323
3,2,20260704_230314_biogka__outer03__inner02__aug02,20260704_230314_biogka,train,user1,অ,-3.248998,1.034894,-0.008528,-0.015605,0.005868,0.033634,1.088261
3,2,20260704_230314_biogka__outer03__inner02__aug03,20260704_230314_biogka,train,user1,অ,4.332609,1.052643,-0.029098,-0.004899,0.006262,0.046805,0.946641
3,2,20260704_230343_z76un4__outer03__inner02__aug01,20260704_230343_z76un4,train,user1,অ,0.027396,0.946312,-0.000593,-0.044822,0.004097,0.03453,1.173942
3,2,20260704_230343_z76un4__outer03__inner02__aug02,20260704_230343_z76un4,train,user1,অ,2.750833,0.977137,-0.043184,-0.048377,0.007294,0.056227,1.187019
3,2,20260704_230343_z76un4__outer03__inner02__aug03,20260704_230343_z76un4,train,user1,অ,3.54535,1.01315,-0.04535,0.018115,0.006671,0.052942,1.027418
3,2,20260704_230438_1by20a__outer03__inner02__aug01,20260704_230438_1by20a,train,user1,অ,2.769127,1.09867,-0.006638,0.01656,0.007651,0.078751,1.153557
3,2,20260704_230438_1by20a__outer03__inner02__aug02,20260704_230438_1by20a,train,user1,অ,-0.269733,0.98921,0.043446,0.008379,0.005657,0.067259,1.057131
3,2,20260704_230438_1by20a__outer03__inner02__aug03,20260704_230438_1by20a,train,user1,অ,2.233645,0.915802,-0.035777,0.008106,0.005759,0.049353,0.957786
3,2,20260704_230508_zz8agk__outer03__inner02__aug01,20260704_230508_zz8agk,train,user1,অ,5.771823,1.039959,-0.042274,-0.027934,0.005267,0.065743,1.176609
3,2,20260704_230508_zz8agk__outer03__inner02__aug02,20260704_230508_zz8agk,train,user1,অ,1.932205,0.944959,-0.038948,0.00239,0.004577,0.034706,1.186084
3,2,20260704_230508_zz8agk__outer03__inner02__aug03,20260704_230508_zz8agk,train,user1,অ,-1.618879,1.091286,-0.037335,-0.023058,0.003509,0.057138,1.158251
3,2,20260704_230530_8783vw__outer03__inner02__aug01,20260704_230530_8783vw,train,user1,অ,-4.580292,0.915908,-0.031676,-0.046936,0.004707,0.043102,1.113212
3,2,20260704_230530_8783vw__outer03__inner02__aug02,20260704_230530_8783vw,train,user1,অ,-3.114099,1.017137,0.035681,-0.015418,0.007299,0.051526,0.824347
3,2,20260704_230530_8783vw__outer03__inner02__aug03,20260704_230530_8783vw,train,user1,অ,-6.43897,1.069743,-0.011228,0.010144,0.00654,0.067508,1.059412
3,2,20260704_230601_9fuwl5__outer03__inner02__aug01,20260704_230601_9fuwl5,train,user1,অ,-3.991897,0.916904,0.043999,-0.003031,0.003374,0.044052,0.929669
3,2,20260704_230601_9fuwl5__outer03__inner02__aug02,20260704_230601_9fuwl5,train,user1,অ,-6.299371,0.900274,-0.002135,-0.028459,0.006115,0.06187,1.155035
3,2,20260704_230601_9fuwl5__outer03__inner02__aug03,20260704_230601_9fuwl5,train,user1,অ,1.327143,0.911334,0.026002,0.002142,0.007249,0.06847,1.055959
3,2,20260704_230631_iep9zz__outer03__inner02__aug01,20260704_230631_iep9zz,train,user1,অ,0.551104,1.015274,0.041048,0.042175,0.00712,0.063856,1.07396
3,2,20260704_230631_iep9zz__outer03__inner02__aug02,20260704_230631_iep9zz,train,user1,অ,-6.201238,1.050607,0.000478,0.005062,0.004975,0.060555,1.074636
3,2,20260704_230631_iep9zz__outer03__inner02__aug03,20260704_230631_iep9zz,train,user1,অ,2.575444,0.933489,0.044614,-0.021221,0.004053,0.056227,0.995439
3,2,20260709_222041_giojuy__outer03__inner02__aug01,20260709_222041_giojuy,train,user1,অ,2.438681,0.966376,0.002889,0.016782,0.007131,0.057775,0.885959
3,2,20260709_222041_giojuy__outer03__inner02__aug02,20260709_222041_giojuy,train,user1,অ,6.181666,0.920407,-0.044164,0.039897,0.005836,0.037964,1.126937
3,2,20260709_222041_giojuy__outer03__inner02__aug03,20260709_222041_giojuy,train,user1,অ,2.051717,0.962647,-0.01601,-0.028766,0.003478,0.044848,0.988379
3,2,20260704_230720_4nlmlz__outer03__inner02__aug01,20260704_230720_4nlmlz,train,user1,আ,0.203824,0.933967,0.031762,-0.011976,0.003826,0.050857,1.016013
3,2,20260704_230720_4nlmlz__outer03__inner02__aug02,20260704_230720_4nlmlz,train,user1,আ,-2.802209,0.92593,0.031069,0.045281,0.006206,0.040597,1.205765
3,2,20260704_230720_4nlmlz__outer03__inner02__aug03,20260704_230720_4nlmlz,train,user1,আ,2.962611,1.010044,0.016494,-0.004764,0.003921,0.056112,1.068337
3,2,20260704_230748_cofjqd__outer03__inner02__aug01,20260704_230748_cofjqd,train,user1,আ,1.517892,1.007037,-0.016737,-0.019046,0.006605,0.052142,1.207027
3,2,20260704_230748_cofjqd__outer03__inner02__aug02,20260704_230748_cofjqd,train,user1,আ,2.249467,1.084068,0.03927,0.033949,0.006372,0.04307,1.240273
3,2,20260704_230748_cofjqd__outer03__inner02__aug03,20260704_230748_cofjqd,train,user1,আ,-0.308151,0.96199,-0.025779,0.023687,0.005369,0.054288,0.963814
3,2,20260704_230823_p4djtm__outer03__inner02__aug01,20260704_230823_p4djtm,train,user1,আ,4.13467,1.059981,-0.022489,-0.042961,0.006285,0.04952,1.168956
3,2,20260704_230823_p4djtm__outer03__inner02__aug02,20260704_230823_p4djtm,train,user1,আ,-0.905468,1.074198,-0.035756,0.02335,0.006514,0.034211,1.130012
3,2,20260704_230823_p4djtm__outer03__inner02__aug03,20260704_230823_p4djtm,train,user1,আ,3.400537,0.942193,0.012645,0.001848,0.005349,0.073742,0.804399
3,2,20260704_230900_jm6b9y__outer03__inner02__aug01,20260704_230900_jm6b9y,train,user1,আ,-2.778114,0.929184,-0.046631,0.038342,0.007043,0.030074,1.233566
3,2,20260704_230900_jm6b9y__outer03__inner02__aug02,20260704_230900_jm6b9y,train,user1,আ,1.251175,1.026379,-0.045877,-0.015519,0.006787,0.045379,0.887735
3,2,20260704_230900_jm6b9y__outer03__inner02__aug03,20260704_230900_jm6b9y,train,user1,আ,-2.485987,0.920723,0.049961,-0.03385,0.005542,0.037469,1.138965
3,2,20260704_230941_ogdcp4__outer03__inner02__aug01,20260704_230941_ogdcp4,train,user1,আ,-1.023951,0.978976,-0.020765,-0.020658,0.00365,0.031262,1.067716
3,2,20260704_230941_ogdcp4__outer03__inner02__aug02,20260704_230941_ogdcp4,train,user1,আ,1.183277,0.995162,-0.030463,-0.035933,0.006273,0.049525,0.897561
3,2,20260704_230941_ogdcp4__outer03__inner02__aug03,20260704_230941_ogdcp4,train,user1,আ,0.224755,1.047777,0.009852,-0.021395,0.007171,0.033067,1.231888
3,2,20260704_231010_4ha6y7__outer03__inner02__aug01,20260704_231010_4ha6y7,train,user1,আ,-3.690616,1.026144,0.039685,-0.000746,0.005481,0.06133,0.904666
3,2,20260704_231010_4ha6y7__outer03__inner02__aug02,20260704_231010_4ha6y7,train,user1,আ,-5.129138,0.960563,0.044803,-0.00824,0.006933,0.070681,1.220328
3,2,20260704_231010_4ha6y7__outer03__inner02__aug03,20260704_231010_4ha6y7,train,user1,আ,-3.186132,1.014891,-0.005773,-0.032376,0.006603,0.031966,0.89393
3,2,20260728_232136_0wkg0v__outer03__inner02__aug01,20260728_232136_0wkg0v,train,user1,আ,6.926601,1.058556,-0.001284,0.03321,0.003206,0.065193,0.849078
3,2,20260728_232136_0wkg0v__outer03__inner02__aug02,20260728_232136_0wkg0v,train,user1,আ,5.809687,1.042409,-0.00928,-0.030009,0.005513,0.036377,1.061894
3,2,20260728_232136_0wkg0v__outer03__inner02__aug03,20260728_232136_0wkg0v,train,user1,আ,5.4841,0.941666,-0.02385,0.048081,0.007168,0.043579,0.880193
3,2,20260728_232203_7c77zv__outer03__inner02__aug01,20260728_232203_7c77zv,train,user1,আ,-5.046467,1.043421,0.039693,0.042455,0.004473,0.062634,0.990702
3,2,20260728_232203_7c77zv__outer03__inner02__aug02,20260728_232203_7c77zv,train,user1,আ,1.006248,1.097855,-0.04565,-0.04791,0.003775,0.03974,0.921407
3,2,20260728_232203_7c77zv__outer03__inner02__aug03,20260728_232203_7c77zv,train,user1,আ,-4.136029,1.003522,0.025103,0.041551,0.005019,0.073786,0.922545
3,2,20260728_232238_kgwkds__outer03__inner02__aug01,20260728_232238_kgwkds,train,user1,আ,6.427296,1.099169,-0.036414,0.008727,0.00361,0.071262,1.134536
3,2,20260728_232238_kgwkds__outer03__inner02__aug02,20260728_232238_kgwkds,train,user1,আ,0.755144,1.057803,-0.021132,-0.016504,0.00579,0.045954,1.145185
3,2,20260728_232238_kgwkds__outer03__inner02__aug03,20260728_232238_kgwkds,train,user1,আ,-6.506332,1.04705,0.023557,-0.048618,0.006202,0.072968,1.222809
3,2,20260728_232316_s2ep8l__outer03__inner02__aug01,20260728_232316_s2ep8l,train,user1,আ,2.585275,0.903829,0.023364,-0.01779,0.00678,0.048829,1.142373
3,2,20260728_232316_s2ep8l__outer03__inner02__aug02,20260728_232316_s2ep8l,train,user1,আ,-6.598621,0.969043,0.014051,-0.034046,0.00754,0.057682,0.862465
3,2,20260728_232316_s2ep8l__outer03__inner02__aug03,20260728_232316_s2ep8l,train,user1,আ,-3.635062,1.025321,-0.007672,-0.004186,0.004701,0.046718,0.801825
3,2,20260705_210750_hp0ub6__outer03__inner02__aug01,20260705_210750_hp0ub6,train,user1,ই,0.89067,0.928472,0.039718,0.034661,0.004744,0.046915,0.809592
3,2,20260705_210750_hp0ub6__outer03__inner02__aug02,20260705_210750_hp0ub6,train,user1,ই,-4.863906,0.984064,0.035407,0.018266,0.003017,0.066714,0.983597
3,2,20260705_210750_hp0ub6__outer03__inner02__aug03,20260705_210750_hp0ub6,train,user1,ই,6.908382,0.973027,-0.027265,-0.04497,0.004013,0.039387,0.900374
3,2,20260705_210817_cpe63z__outer03__inner02__aug01,20260705_210817_cpe63z,train,user1,ই,-1.819957,0.947255,-0.041369,-0.024151,0.006562,0.065076,1.087814
3,2,20260705_210817_cpe63z__outer03__inner02__aug02,20260705_210817_cpe63z,train,user1,ই,-2.223204,0.919902,0.048689,0.038236,0.00718,0.056163,0.955158
3,2,20260705_210817_cpe63z__outer03__inner02__aug03,20260705_210817_cpe63z,train,user1,ই,5.962509,0.94724,-0.026232,0.040898,0.004229,0.033346,0.915708
3,2,20260705_210847_8d63gb__outer03__inner02__aug01,20260705_210847_8d63gb,train,user1,ই,3.705242,1.020691,0.028191,0.004404,0.004128,0.066201,0.982003
3,2,20260705_210847_8d63gb__outer03__inner02__aug02,20260705_210847_8d63gb,train,user1,ই,-3.50232,1.019059,0.002532,0.030744,0.003996,0.071122,0.992971
3,2,20260705_210847_8d63gb__outer03__inner02__aug03,20260705_210847_8d63gb,train,user1,ই,4.606283,0.941948,0.002086,-0.00579,0.005638,0.053311,1.007219
3,2,20260705_210914_6z0wyv__outer03__inner02__aug01,20260705_210914_6z0wyv,train,user1,ই,1.739143,1.097496,0.02673,0.008981,0.006438,0.037795,1.046012
3,2,20260705_210914_6z0wyv__outer03__inner02__aug02,20260705_210914_6z0wyv,train,user1,ই,0.037912,1.038748,0.022939,0.026167,0.003175,0.040735,1.224675
3,2,20260705_210914_6z0wyv__outer03__inner02__aug03,20260705_210914_6z0wyv,train,user1,ই,-4.663164,1.005959,0.046405,-0.011121,0.007923,0.040125,1.029988
3,2,20260705_211104_cee4mp__outer03__inner02__aug01,20260705_211104_cee4mp,train,user1,ই,6.611657,0.928704,-0.003896,0.040362,0.00353,0.072089,1.146055
3,2,20260705_211104_cee4mp__outer03__inner02__aug02,20260705_211104_cee4mp,train,user1,ই,6.051422,1.005795,0.04303,-0.017738,0.007036,0.035097,0.995524
3,2,20260705_211104_cee4mp__outer03__inner02__aug03,20260705_211104_cee4mp,train,user1,ই,5.791379,1.030556,-0.033157,-0.028061,0.004322,0.051023,0.84256
3,2,20260705_211129_q9xd7j__outer03__inner02__aug01,20260705_211129_q9xd7j,train,user1,ই,-4.587806,1.089987,0.042286,-0.036646,0.003985,0.036657,1.076675
3,2,20260705_211129_q9xd7j__outer03__inner02__aug02,20260705_211129_q9xd7j,train,user1,ই,-0.00924,1.035109,-0.04326,-0.049743,0.003211,0.073051,1.103797
3,2,20260705_211129_q9xd7j__outer03__inner02__aug03,20260705_211129_q9xd7j,train,user1,ই,4.593949,1.032311,0.013648,-0.024323,0.003104,0.058391,1.211237
3,2,20260705_211202_fwdefr__outer03__inner02__aug01,20260705_211202_fwdefr,train,user1,ই,4.662728,0.918433,0.005294,0.028967,0.004241,0.076064,0.863538
3,2,20260705_211202_fwdefr__outer03__inner02__aug02,20260705_211202_fwdefr,train,user1,ই,0.998794,1.009643,0.022696,0.0475,0.005837,0.047698,0.847732
3,2,20260705_211202_fwdefr__outer03__inner02__aug03,20260705_211202_fwdefr,train,user1,ই,-1.719379,0.968407,-0.021601,-0.018659,0.006664,0.060376,1.113262
3,2,20260705_211229_nco6f5__outer03__inner02__aug01,20260705_211229_nco6f5,train,user1,ই,5.655584,1.072173,0.011216,-0.018177,0.007244,0.055872,0.918843
3,2,20260705_211229_nco6f5__outer03__inner02__aug02,20260705_211229_nco6f5,train,user1,ই,6.695185,1.02428,-0.003701,0.012851,0.004067,0.077313,1.049687
3,2,20260705_211229_nco6f5__outer03__inner02__aug03,20260705_211229_nco6f5,train,user1,ই,3.018198,0.912071,-0.011355,0.034768,0.007646,0.053707,1.038693
3,2,20260705_211257_5zxk15__outer03__inner02__aug01,20260705_211257_5zxk15,train,user1,ই,0.488776,0.971918,0.032041,-0.026855,0.005866,0.067916,1.21417
3,2,20260705_211257_5zxk15__outer03__inner02__aug02,20260705_211257_5zxk15,train,user1,ই,-2.742094,0.986226,-0.019971,0.044378,0.003337,0.076271,0.818829
3,2,20260705_211257_5zxk15__outer03__inner02__aug03,20260705_211257_5zxk15,train,user1,ই,0.797611,1.025555,0.011974,0.030625,0.005886,0.048092,1.159882
3,2,20260705_211324_69n6hy__outer03__inner02__aug01,20260705_211324_69n6hy,train,user1,ই,1.711787,0.986788,0.002444,0.047175,0.004739,0.074245,1.233547
3,2,20260705_211324_69n6hy__outer03__inner02__aug02,20260705_211324_69n6hy,train,user1,ই,-3.53626,0.964481,-0.033043,0.022779,0.007913,0.07885,1.13398
3,2,20260705_211324_69n6hy__outer03__inner02__aug03,20260705_211324_69n6hy,train,user1,ই,-2.975856,0.909515,0.027924,-0.048689,0.006301,0.042638,1.064021
3,2,20260705_213721_6edrqn__outer03__inner02__aug01,20260705_213721_6edrqn,train,user1,ঈ,-3.874763,1.025532,0.008312,-0.033016,0.006615,0.050585,0.892172
3,2,20260705_213721_6edrqn__outer03__inner02__aug02,20260705_213721_6edrqn,train,user1,ঈ,-5.059423,1.051601,-0.03348,-0.018477,0.00496,0.046437,0.955958
3,2,20260705_213721_6edrqn__outer03__inner02__aug03,20260705_213721_6edrqn,train,user1,ঈ,4.357803,0.911922,-0.022686,-0.048874,0.007839,0.033995,0.967142
3,2,20260705_213804_scynf9__outer03__inner02__aug01,20260705_213804_scynf9,train,user1,ঈ,-4.583474,0.944966,-0.00759,-0.047204,0.007475,0.072362,0.833593
3,2,20260705_213804_scynf9__outer03__inner02__aug02,20260705_213804_scynf9,train,user1,ঈ,4.46617,0.908787,-0.001157,0.02514,0.004772,0.071783,1.219793
3,2,20260705_213804_scynf9__outer03__inner02__aug03,20260705_213804_scynf9,train,user1,ঈ,1.598938,0.931953,0.020061,0.011163,0.003051,0.031676,1.244146
3,2,20260705_213852_tuebtl__outer03__inner02__aug01,20260705_213852_tuebtl,train,user1,ঈ,6.650559,0.907222,-0.013212,0.049531,0.006573,0.063528,0.940165
3,2,20260705_213852_tuebtl__outer03__inner02__aug02,20260705_213852_tuebtl,train,user1,ঈ,0.196517,0.945147,0.024143,0.026819,0.005819,0.030929,1.18154
3,2,20260705_213852_tuebtl__outer03__inner02__aug03,20260705_213852_tuebtl,train,user1,ঈ,-4.571329,0.970656,0.008606,-0.045488,0.004689,0.050289,1.001507
3,2,20260705_213943_7qqvt7__outer03__inner02__aug01,20260705_213943_7qqvt7,train,user1,ঈ,0.118597,1.088485,0.011526,-0.030041,0.007575,0.061936,0.97622
3,2,20260705_213943_7qqvt7__outer03__inner02__aug02,20260705_213943_7qqvt7,train,user1,ঈ,-1.64765,0.90915,0.025292,0.02996,0.005453,0.046633,1.007219
3,2,20260705_213943_7qqvt7__outer03__inner02__aug03,20260705_213943_7qqvt7,train,user1,ঈ,-0.155881,1.068456,0.049697,0.043633,0.006184,0.054289,0.923187
3,2,20260705_214029_z7ddbl__outer03__inner02__aug01,20260705_214029_z7ddbl,train,user1,ঈ,-2.580466,1.025171,0.031339,-0.028097,0.004815,0.059241,0.914169
3,2,20260705_214029_z7ddbl__outer03__inner02__aug02,20260705_214029_z7ddbl,train,user1,ঈ,-1.193602,0.90039,-0.023177,0.013359,0.004395,0.053311,1.116214
3,2,20260705_214029_z7ddbl__outer03__inner02__aug03,20260705_214029_z7ddbl,train,user1,ঈ,3.916642,1.066911,0.01619,-0.00682,0.006792,0.055663,1.232841
3,2,20260705_214107_b894ld__outer03__inner02__aug01,20260705_214107_b894ld,train,user1,ঈ,1.984561,0.915993,-0.041054,-0.048406,0.003575,0.030564,0.904547
3,2,20260705_214107_b894ld__outer03__inner02__aug02,20260705_214107_b894ld,train,user1,ঈ,0.079918,0.926408,0.004713,-0.037716,0.005683,0.045999,0.859734
3,2,20260705_214107_b894ld__outer03__inner02__aug03,20260705_214107_b894ld,train,user1,ঈ,-5.175981,1.011441,-0.032007,0.014035,0.005474,0.044947,0.992385
3,2,20260705_215457_yruoxw__outer03__inner02__aug01,20260705_215457_yruoxw,train,user1,ঈ,3.921104,1.009762,0.0437,-0.008949,0.005646,0.063398,1.102417
3,2,20260705_215457_yruoxw__outer03__inner02__aug02,20260705_215457_yruoxw,train,user1,ঈ,0.650758,1.095852,0.040056,-0.021477,0.003589,0.040902,0.807864
3,2,20260705_215457_yruoxw__outer03__inner02__aug03,20260705_215457_yruoxw,train,user1,ঈ,-5.614578,1.049463,0.014767,0.038338,0.006409,0.04421,1.206204
3,2,20260705_215539_dr61qv__outer03__inner02__aug01,20260705_215539_dr61qv,train,user1,ঈ,-5.146884,0.975049,0.045652,0.0055,0.004587,0.044575,1.174599
3,2,20260705_215539_dr61qv__outer03__inner02__aug02,20260705_215539_dr61qv,train,user1,ঈ,5.805437,1.040482,0.04567,-0.019642,0.00452,0.04685,1.106164
3,2,20260705_215539_dr61qv__outer03__inner02__aug03,20260705_215539_dr61qv,train,user1,ঈ,5.992192,0.993657,-0.04624,0.005654,0.004612,0.074053,0.957238
3,2,20260705_215654_07cd7w__outer03__inner02__aug01,20260705_215654_07cd7w,train,user1,ঈ,6.97007,1.095363,-0.039056,-0.010088,0.003987,0.074268,0.919072
3,2,20260705_215654_07cd7w__outer03__inner02__aug02,20260705_215654_07cd7w,train,user1,ঈ,2.973695,1.08575,-0.030247,-0.028976,0.006679,0.066967,1.087157
3,2,20260705_215654_07cd7w__outer03__inner02__aug03,20260705_215654_07cd7w,train,user1,ঈ,-6.073501,0.95595,-0.02307,-0.011432,0.007429,0.04363,0.94414
3,2,20260705_215745_i5n9h7__outer03__inner02__aug01,20260705_215745_i5n9h7,train,user1,ঈ,6.59186,1.072075,-0.035678,-0.000783,0.003551,0.06862,0.951375
3,2,20260705_215745_i5n9h7__outer03__inner02__aug02,20260705_215745_i5n9h7,train,user1,ঈ,1.468184,1.067687,-0.037346,0.018637,0.004784,0.030246,1.015977
3,2,20260705_215745_i5n9h7__outer03__inner02__aug03,20260705_215745_i5n9h7,train,user1,ঈ,2.876355,0.987813,-0.000206,-0.048659,0.003104,0.072586,0.913334
3,2,20260711_211455_ab7vb3__outer03__inner02__aug01,20260711_211455_ab7vb3,train,user4,অ,-6.147763,0.996769,0.019588,-0.049528,0.005691,0.054821,1.143687
3,2,20260711_211455_ab7vb3__outer03__inner02__aug02,20260711_211455_ab7vb3,train,user4,অ,6.489365,1.072184,-0.041139,-0.013603,0.003342,0.07647,1.098804
3,2,20260711_211455_ab7vb3__outer03__inner02__aug03,20260711_211455_ab7vb3,train,user4,অ,3.452319,1.076185,-0.040277,0.01762,0.005107,0.038572,0.878907
3,2,20260711_214733_y28o8p__outer03__inner02__aug01,20260711_214733_y28o8p,train,user4,অ,3.87131,1.077824,-0.042065,0.035324,0.003308,0.037886,0.924059
3,2,20260711_214733_y28o8p__outer03__inner02__aug02,20260711_214733_y28o8p,train,user4,অ,5.532197,0.928179,0.005068,-0.033939,0.003064,0.071789,0.845741
3,2,20260711_214733_y28o8p__outer03__inner02__aug03,20260711_214733_y28o8p,train,user4,অ,-4.419008,1.041459,-0.048755,0.008526,0.007859,0.035468,0.856621
3,2,20260711_214747_h8ad4n__outer03__inner02__aug01,20260711_214747_h8ad4n,train,user4,অ,-2.192791,0.945313,-0.016229,-0.009015,0.006733,0.055772,0.962208
3,2,20260711_214747_h8ad4n__outer03__inner02__aug02,20260711_214747_h8ad4n,train,user4,অ,3.792544,0.999596,0.007895,0.029144,0.00306,0.056537,1.081119
3,2,20260711_214747_h8ad4n__outer03__inner02__aug03,20260711_214747_h8ad4n,train,user4,অ,-0.32637,1.045741,0.04812,-0.023392,0.006297,0.032703,1.043821
3,2,20260711_214802_iotb3d__outer03__inner02__aug01,20260711_214802_iotb3d,train,user4,অ,-3.981968,0.96841,0.026089,-0.023459,0.003739,0.045477,0.80928
3,2,20260711_214802_iotb3d__outer03__inner02__aug02,20260711_214802_iotb3d,train,user4,অ,-4.697285,1.036442,0.035222,0.008434,0.004435,0.063861,1.14611
3,2,20260711_214802_iotb3d__outer03__inner02__aug03,20260711_214802_iotb3d,train,user4,অ,6.210165,0.973891,0.004093,0.02132,0.003766,0.069277,0.879439
3,2,20260711_214818_1kqyjw__outer03__inner02__aug01,20260711_214818_1kqyjw,train,user4,অ,-5.974047,0.915342,0.029634,-0.018482,0.007398,0.078448,1.133917
3,2,20260711_214818_1kqyjw__outer03__inner02__aug02,20260711_214818_1kqyjw,train,user4,অ,2.695598,1.036229,-0.020005,-0.031883,0.005304,0.05595,0.907385
3,2,20260711_214818_1kqyjw__outer03__inner02__aug03,20260711_214818_1kqyjw,train,user4,অ,-2.365136,0.905148,-0.049544,-0.036022,0.00619,0.043137,0.890899
3,2,20260711_214838_nmfk2j__outer03__inner02__aug01,20260711_214838_nmfk2j,train,user4,অ,3.474381,1.095064,-0.049781,-0.01246,0.007896,0.077617,0.810736
3,2,20260711_214838_nmfk2j__outer03__inner02__aug02,20260711_214838_nmfk2j,train,user4,অ,0.855857,0.993182,0.003665,0.032303,0.007871,0.053117,1.088119
3,2,20260711_214838_nmfk2j__outer03__inner02__aug03,20260711_214838_nmfk2j,train,user4,অ,-6.061945,1.090896,-0.045232,-0.02456,0.004271,0.059178,1.143959
3,2,20260711_214856_wh1jdl__outer03__inner02__aug01,20260711_214856_wh1jdl,train,user4,অ,2.905845,1.06105,-0.008008,-0.001664,0.007194,0.062328,0.992789
3,2,20260711_214856_wh1jdl__outer03__inner02__aug02,20260711_214856_wh1jdl,train,user4,অ,5.149492,0.969408,-0.047087,-0.002922,0.004624,0.052386,0.912223
3,2,20260711_214856_wh1jdl__outer03__inner02__aug03,20260711_214856_wh1jdl,train,user4,অ,-6.804749,0.980883,-0.028206,0.040073,0.007072,0.061237,1.215673
3,2,20260711_214912_5jyzoq__outer03__inner02__aug01,20260711_214912_5jyzoq,train,user4,অ,4.440297,0.947913,-0.026686,0.021314,0.007837,0.035368,1.229526
3,2,20260711_214912_5jyzoq__outer03__inner02__aug02,20260711_214912_5jyzoq,train,user4,অ,-5.476218,1.094285,0.009357,0.009907,0.007071,0.06873,1.130818
3,2,20260711_214912_5jyzoq__outer03__inner02__aug03,20260711_214912_5jyzoq,train,user4,অ,5.122254,1.054913,0.005867,-0.014254,0.007767,0.042584,1.094156
3,2,20260711_215025_9ahjj1__outer03__inner02__aug01,20260711_215025_9ahjj1,train,user4,অ,-3.083256,0.929932,0.022587,0.038089,0.00681,0.064727,0.994585
3,2,20260711_215025_9ahjj1__outer03__inner02__aug02,20260711_215025_9ahjj1,train,user4,অ,3.873646,0.928214,0.013066,0.027842,0.004815,0.030797,0.889542
3,2,20260711_215025_9ahjj1__outer03__inner02__aug03,20260711_215025_9ahjj1,train,user4,অ,3.981617,1.018149,0.040407,-0.035559,0.004309,0.046145,1.224328
3,2,20260711_215040_totmvz__outer03__inner02__aug01,20260711_215040_totmvz,train,user4,অ,5.922587,0.914576,0.044566,0.029356,0.00569,0.049638,0.836232
3,2,20260711_215040_totmvz__outer03__inner02__aug02,20260711_215040_totmvz,train,user4,অ,-1.989654,1.057162,-0.018284,0.0065,0.004535,0.076404,1.239645
3,2,20260711_215040_totmvz__outer03__inner02__aug03,20260711_215040_totmvz,train,user4,অ,6.591644,0.914051,0.021667,0.040823,0.004292,0.079776,1.161714
3,2,20260711_215057_m3q3bw__outer03__inner02__aug01,20260711_215057_m3q3bw,train,user4,অ,3.56845,0.951309,-0.002247,-0.005269,0.007801,0.051752,0.831454
3,2,20260711_215057_m3q3bw__outer03__inner02__aug02,20260711_215057_m3q3bw,train,user4,অ,-2.537746,1.012974,-0.001316,-0.030453,0.007001,0.038649,1.159474
3,2,20260711_215057_m3q3bw__outer03__inner02__aug03,20260711_215057_m3q3bw,train,user4,অ,5.823342,1.044597,-0.011005,0.00978,0.006155,0.074388,1.049857
3,2,20260711_215120_wa3iw4__outer03__inner02__aug01,20260711_215120_wa3iw4,train,user4,অ,3.475583,0.916475,-0.004627,0.035247,0.004814,0.041742,1.081284
3,2,20260711_215120_wa3iw4__outer03__inner02__aug02,20260711_215120_wa3iw4,train,user4,অ,0.819561,0.998134,-0.043284,-0.036293,0.005864,0.042873,0.906388
3,2,20260711_215120_wa3iw4__outer03__inner02__aug03,20260711_215120_wa3iw4,train,user4,অ,4.221258,0.995614,-0.032011,-0.01281,0.003799,0.032458,1.142556
3,2,20260711_215140_jzmdn9__outer03__inner02__aug01,20260711_215140_jzmdn9,train,user4,অ,1.42837,1.015607,0.026187,-0.002825,0.0051,0.074793,1.090091
3,2,20260711_215140_jzmdn9__outer03__inner02__aug02,20260711_215140_jzmdn9,train,user4,অ,-3.444998,0.995707,0.038674,0.031013,0.006696,0.056834,0.861501
3,2,20260711_215140_jzmdn9__outer03__inner02__aug03,20260711_215140_jzmdn9,train,user4,অ,4.673041,1.056592,0.018641,-0.03092,0.003463,0.034782,0.932709
3,2,20260711_215153_8dj6mi__outer03__inner02__aug01,20260711_215153_8dj6mi,train,user4,অ,4.554035,1.033441,0.014648,0.04591,0.006189,0.072236,0.808848
3,2,20260711_215153_8dj6mi__outer03__inner02__aug02,20260711_215153_8dj6mi,train,user4,অ,6.623656,0.9303,0.019038,0.014245,0.003648,0.075706,1.234573
3,2,20260711_215153_8dj6mi__outer03__inner02__aug03,20260711_215153_8dj6mi,train,user4,অ,-1.261698,1.075316,0.045692,0.03471,0.003695,0.040718,1.159721
3,2,20260711_215210_14cuph__outer03__inner02__aug01,20260711_215210_14cuph,train,user4,অ,4.447281,1.014026,0.014406,-0.037367,0.004224,0.040425,0.92976
3,2,20260711_215210_14cuph__outer03__inner02__aug02,20260711_215210_14cuph,train,user4,অ,0.296457,0.927544,-0.014657,-0.034604,0.005465,0.073034,0.931822
3,2,20260711_215210_14cuph__outer03__inner02__aug03,20260711_215210_14cuph,train,user4,অ,-6.094349,0.967206,-0.0177,0.013181,0.004693,0.079799,0.909714
3,2,20260711_215224_s1nefb__outer03__inner02__aug01,20260711_215224_s1nefb,train,user4,অ,6.340613,1.06152,0.037116,-0.034536,0.007195,0.062952,1.009984
3,2,20260711_215224_s1nefb__outer03__inner02__aug02,20260711_215224_s1nefb,train,user4,অ,-2.381549,1.000133,-0.008946,-0.002541,0.006103,0.078582,0.880475
3,2,20260711_215224_s1nefb__outer03__inner02__aug03,20260711_215224_s1nefb,train,user4,অ,0.52465,1.045191,0.03789,0.023184,0.007195,0.033682,1.103122
3,2,20260711_211553_8q738s__outer03__inner02__aug01,20260711_211553_8q738s,train,user4,আ,-6.218317,1.092913,0.04718,-0.013913,0.007788,0.061243,0.821676
3,2,20260711_211553_8q738s__outer03__inner02__aug02,20260711_211553_8q738s,train,user4,আ,5.4857,0.973679,-0.025179,-0.013822,0.006157,0.058471,0.897466
3,2,20260711_211553_8q738s__outer03__inner02__aug03,20260711_211553_8q738s,train,user4,আ,-0.162005,0.911105,0.01542,-0.046295,0.006973,0.074386,1.243314
3,2,20260711_215326_rdw0i7__outer03__inner02__aug01,20260711_215326_rdw0i7,train,user4,আ,1.744403,1.040742,-0.018077,-0.018248,0.004359,0.056527,1.208374
3,2,20260711_215326_rdw0i7__outer03__inner02__aug02,20260711_215326_rdw0i7,train,user4,আ,1.349604,1.050526,0.031162,0.003925,0.006619,0.079613,1.081269
3,2,20260711_215326_rdw0i7__outer03__inner02__aug03,20260711_215326_rdw0i7,train,user4,আ,-4.689112,0.905134,-0.044833,-0.021422,0.003474,0.064877,1.212085
3,2,20260711_215355_gtir0d__outer03__inner02__aug01,20260711_215355_gtir0d,train,user4,আ,-4.477083,0.929247,-0.041554,0.012841,0.005485,0.06862,0.88105
3,2,20260711_215355_gtir0d__outer03__inner02__aug02,20260711_215355_gtir0d,train,user4,আ,1.135528,0.930602,0.006477,0.024978,0.00619,0.038367,0.856679
3,2,20260711_215355_gtir0d__outer03__inner02__aug03,20260711_215355_gtir0d,train,user4,আ,3.576592,1.088666,0.020198,0.039657,0.00607,0.057162,1.133683
3,2,20260711_215413_4z3pac__outer03__inner02__aug01,20260711_215413_4z3pac,train,user4,আ,5.791685,1.068622,0.021209,0.021194,0.005584,0.065467,1.142486
3,2,20260711_215413_4z3pac__outer03__inner02__aug02,20260711_215413_4z3pac,train,user4,আ,-2.547768,1.019215,-0.037603,0.004157,0.004046,0.048897,1.14115
3,2,20260711_215413_4z3pac__outer03__inner02__aug03,20260711_215413_4z3pac,train,user4,আ,-6.319912,0.90105,0.041878,-0.035232,0.003167,0.078447,1.026777
3,2,20260711_215505_noe4fp__outer03__inner02__aug01,20260711_215505_noe4fp,train,user4,আ,1.388062,0.900999,-0.020051,0.000201,0.003717,0.037751,0.963155
3,2,20260711_215505_noe4fp__outer03__inner02__aug02,20260711_215505_noe4fp,train,user4,আ,-4.814534,0.974932,0.036624,-0.023871,0.003525,0.037762,1.201569
3,2,20260711_215505_noe4fp__outer03__inner02__aug03,20260711_215505_noe4fp,train,user4,আ,-2.914891,0.970353,0.007574,-0.001616,0.007443,0.044747,1.047943
3,2,20260711_215527_oaoi6c__outer03__inner02__aug01,20260711_215527_oaoi6c,train,user4,আ,-1.889525,1.095049,0.008743,0.037686,0.007863,0.057845,1.108174
3,2,20260711_215527_oaoi6c__outer03__inner02__aug02,20260711_215527_oaoi6c,train,user4,আ,-5.889596,1.017561,0.007693,0.033241,0.00722,0.068193,0.862548
3,2,20260711_215527_oaoi6c__outer03__inner02__aug03,20260711_215527_oaoi6c,train,user4,আ,6.886068,0.992794,-0.040545,0.017851,0.003384,0.059651,1.157759
3,2,20260711_215554_41w3p4__outer03__inner02__aug01,20260711_215554_41w3p4,train,user4,আ,-3.642987,1.032914,-0.006249,0.023688,0.003185,0.05477,0.943467
3,2,20260711_215554_41w3p4__outer03__inner02__aug02,20260711_215554_41w3p4,train,user4,আ,-6.418872,0.90988,0.044612,0.028063,0.007317,0.043117,0.806578
3,2,20260711_215554_41w3p4__outer03__inner02__aug03,20260711_215554_41w3p4,train,user4,আ,-3.921121,1.0144,-0.0477,-0.037129,0.005102,0.056369,1.067716
3,2,20260711_215623_q6sua3__outer03__inner02__aug01,20260711_215623_q6sua3,train,user4,আ,1.30385,1.053329,-0.022292,-0.020192,0.004273,0.030975,1.238332
3,2,20260711_215623_q6sua3__outer03__inner02__aug02,20260711_215623_q6sua3,train,user4,আ,1.285961,1.059422,-0.01346,0.029307,0.005758,0.030638,0.908841
3,2,20260711_215623_q6sua3__outer03__inner02__aug03,20260711_215623_q6sua3,train,user4,আ,-2.783631,0.907302,-0.025091,-0.020666,0.007253,0.04453,0.837563
3,2,20260711_215646_y25z4x__outer03__inner02__aug01,20260711_215646_y25z4x,train,user4,আ,-0.777272,0.973042,0.036707,0.015994,0.007385,0.034663,1.083127
3,2,20260711_215646_y25z4x__outer03__inner02__aug02,20260711_215646_y25z4x,train,user4,আ,1.128396,1.012238,0.013246,0.042369,0.007425,0.049569,0.92433
3,2,20260711_215646_y25z4x__outer03__inner02__aug03,20260711_215646_y25z4x,train,user4,আ,3.454329,0.994125,0.0138,-0.007813,0.003855,0.062557,1.014651
3,2,20260711_215701_i0we24__outer03__inner02__aug01,20260711_215701_i0we24,train,user4,আ,0.295812,0.945154,0.015326,-0.020428,0.007125,0.045247,0.929369
3,2,20260711_215701_i0we24__outer03__inner02__aug02,20260711_215701_i0we24,train,user4,আ,-0.317772,0.928741,-0.018392,0.003212,0.00739,0.065386,0.985293
3,2,20260711_215701_i0we24__outer03__inner02__aug03,20260711_215701_i0we24,train,user4,আ,-4.157246,0.929498,-0.000363,0.02457,0.003884,0.07051,1.053404
3,2,20260711_215719_fym8k2__outer03__inner02__aug01,20260711_215719_fym8k2,train,user4,আ,1.191983,0.96758,0.029416,0.03857,0.00556,0.072146,0.802925
3,2,20260711_215719_fym8k2__outer03__inner02__aug02,20260711_215719_fym8k2,train,user4,আ,-5.024441,1.079713,0.002759,-0.025051,0.006689,0.063378,0.871433
3,2,20260711_215719_fym8k2__outer03__inner02__aug03,20260711_215719_fym8k2,train,user4,আ,-1.787838,0.932599,0.002483,0.0442,0.004331,0.074403,1.123388
3,2,20260711_215732_e3wli4__outer03__inner02__aug01,20260711_215732_e3wli4,train,user4,আ,2.285098,0.933388,0.024641,-0.043091,0.004939,0.077765,0.851158
3,2,20260711_215732_e3wli4__outer03__inner02__aug02,20260711_215732_e3wli4,train,user4,আ,-6.628706,1.024636,0.013279,0.035458,0.005268,0.050188,1.065581
3,2,20260711_215732_e3wli4__outer03__inner02__aug03,20260711_215732_e3wli4,train,user4,আ,-4.680686,1.027031,-0.046253,-0.047622,0.005356,0.056098,1.197884
3,2,20260711_215746_pw5glc__outer03__inner02__aug01,20260711_215746_pw5glc,train,user4,আ,5.817284,1.097346,0.046675,0.031004,0.005109,0.061957,1.144159
3,2,20260711_215746_pw5glc__outer03__inner02__aug02,20260711_215746_pw5glc,train,user4,আ,-3.281398,0.929225,0.011131,0.044048,0.006939,0.077739,0.944361
3,2,20260711_215746_pw5glc__outer03__inner02__aug03,20260711_215746_pw5glc,train,user4,আ,-6.865757,0.921723,0.008526,0.005771,0.007032,0.042401,0.952146
3,2,20260711_215803_gtb1nz__outer03__inner02__aug01,20260711_215803_gtb1nz,train,user4,আ,-3.919692,1.071367,0.044526,0.002978,0.00685,0.076899,1.168278
3,2,20260711_215803_gtb1nz__outer03__inner02__aug02,20260711_215803_gtb1nz,train,user4,আ,-3.915505,1.048891,0.023446,0.034612,0.005479,0.038756,0.820912
3,2,20260711_215803_gtb1nz__outer03__inner02__aug03,20260711_215803_gtb1nz,train,user4,আ,6.287445,0.989864,-0.013076,-0.030383,0.007466,0.049452,1.064174
3,2,20260711_215826_09me7o__outer03__inner02__aug01,20260711_215826_09me7o,train,user4,আ,-5.408621,1.088126,-0.037852,0.029493,0.005119,0.03909,1.003082
3,2,20260711_215826_09me7o__outer03__inner02__aug02,20260711_215826_09me7o,train,user4,আ,2.885135,1.050667,0.04005,-0.027312,0.007764,0.062734,1.128044
3,2,20260711_215826_09me7o__outer03__inner02__aug03,20260711_215826_09me7o,train,user4,আ,-5.443804,0.977655,-0.046538,0.031026,0.005501,0.061405,0.985589
3,2,20260711_215850_2a6qfe__outer03__inner02__aug01,20260711_215850_2a6qfe,train,user4,আ,-3.705582,1.050693,0.020502,0.019781,0.005819,0.070544,0.998032
3,2,20260711_215850_2a6qfe__outer03__inner02__aug02,20260711_215850_2a6qfe,train,user4,আ,3.769812,1.005455,0.01507,0.023877,0.006701,0.075289,0.805053
3,2,20260711_215850_2a6qfe__outer03__inner02__aug03,20260711_215850_2a6qfe,train,user4,আ,-3.56178,0.906827,-0.000888,0.036557,0.004717,0.055447,0.811919
3,2,20260711_211613_pni7yl__outer03__inner02__aug01,20260711_211613_pni7yl,train,user4,ই,-1.346762,1.081899,-0.048332,0.002596,0.006932,0.071828,1.028296
3,2,20260711_211613_pni7yl__outer03__inner02__aug02,20260711_211613_pni7yl,train,user4,ই,-3.840847,1.095961,-0.002712,-0.036982,0.004377,0.066984,1.228484
3,2,20260711_211613_pni7yl__outer03__inner02__aug03,20260711_211613_pni7yl,train,user4,ই,0.472285,1.051406,-0.023762,-0.016801,0.007518,0.047296,1.076611
3,2,20260711_211631_omhqof__outer03__inner02__aug01,20260711_211631_omhqof,train,user4,ই,-5.271131,0.971453,0.026007,0.000138,0.003234,0.05655,1.113764
3,2,20260711_211631_omhqof__outer03__inner02__aug02,20260711_211631_omhqof,train,user4,ই,-6.752506,0.9317,0.010692,-0.030971,0.005091,0.049739,1.13337
3,2,20260711_211631_omhqof__outer03__inner02__aug03,20260711_211631_omhqof,train,user4,ই,5.419501,1.09242,-0.038037,-0.038819,0.003513,0.069303,1.178331
3,2,20260711_215916_5xq3ym__outer03__inner02__aug01,20260711_215916_5xq3ym,train,user4,ই,-5.531852,1.030024,0.015298,-0.034874,0.006971,0.052617,1.044043
3,2,20260711_215916_5xq3ym__outer03__inner02__aug02,20260711_215916_5xq3ym,train,user4,ই,2.182185,0.997786,-0.032468,-0.023672,0.006714,0.054098,0.869197
3,2,20260711_215916_5xq3ym__outer03__inner02__aug03,20260711_215916_5xq3ym,train,user4,ই,-3.752773,0.907786,-0.032472,-0.009489,0.003456,0.064352,0.811149
3,2,20260711_215928_ckxbi5__outer03__inner02__aug01,20260711_215928_ckxbi5,train,user4,ই,0.051211,1.058078,0.004084,0.002288,0.007163,0.049668,1.230186
3,2,20260711_215928_ckxbi5__outer03__inner02__aug02,20260711_215928_ckxbi5,train,user4,ই,4.516208,0.999847,-0.044545,-0.027562,0.004656,0.044088,0.864127
3,2,20260711_215928_ckxbi5__outer03__inner02__aug03,20260711_215928_ckxbi5,train,user4,ই,0.472682,1.034481,0.03559,0.049377,0.003936,0.032202,1.1346
3,2,20260711_215945_ovgs11__outer03__inner02__aug01,20260711_215945_ovgs11,train,user4,ই,1.398147,0.917753,-0.019682,0.029651,0.005548,0.03734,0.84407
3,2,20260711_215945_ovgs11__outer03__inner02__aug02,20260711_215945_ovgs11,train,user4,ই,4.555818,0.915846,0.003251,-0.020602,0.005524,0.05828,1.22913
3,2,20260711_215945_ovgs11__outer03__inner02__aug03,20260711_215945_ovgs11,train,user4,ই,4.379827,1.003333,-0.008379,-0.014776,0.004986,0.048313,1.165994
3,2,20260711_215959_axw0jl__outer03__inner02__aug01,20260711_215959_axw0jl,train,user4,ই,-5.015599,1.06088,-0.018041,0.038683,0.007671,0.063521,0.890746
3,2,20260711_215959_axw0jl__outer03__inner02__aug02,20260711_215959_axw0jl,train,user4,ই,-3.74036,0.915254,-0.022531,-0.008941,0.004416,0.033503,0.828405
3,2,20260711_215959_axw0jl__outer03__inner02__aug03,20260711_215959_axw0jl,train,user4,ই,-3.279499,1.095123,0.012682,-0.009732,0.00426,0.042866,1.163422
3,2,20260711_220013_x16qxh__outer03__inner02__aug01,20260711_220013_x16qxh,train,user4,ই,-1.58718,1.08272,0.046389,0.011364,0.006131,0.041716,1.123003
3,2,20260711_220013_x16qxh__outer03__inner02__aug02,20260711_220013_x16qxh,train,user4,ই,-1.732531,1.030316,-0.034393,0.01021,0.00704,0.030313,1.205658
3,2,20260711_220013_x16qxh__outer03__inner02__aug03,20260711_220013_x16qxh,train,user4,ই,6.708764,0.956663,0.047865,0.037103,0.005879,0.031562,0.839413
3,2,20260711_220027_1j40u6__outer03__inner02__aug01,20260711_220027_1j40u6,train,user4,ই,1.97291,1.092751,0.011923,0.005933,0.006435,0.033576,0.929727
3,2,20260711_220027_1j40u6__outer03__inner02__aug02,20260711_220027_1j40u6,train,user4,ই,-4.847147,1.095408,0.03126,-0.016081,0.006943,0.043774,1.135802
3,2,20260711_220027_1j40u6__outer03__inner02__aug03,20260711_220027_1j40u6,train,user4,ই,6.562059,0.932069,-0.039676,0.043091,0.005497,0.037914,0.871279
3,2,20260711_220043_yyhe4o__outer03__inner02__aug01,20260711_220043_yyhe4o,train,user4,ই,2.869527,0.903695,0.036775,-0.022531,0.006352,0.040625,1.092392
3,2,20260711_220043_yyhe4o__outer03__inner02__aug02,20260711_220043_yyhe4o,train,user4,ই,-0.667611,1.017421,-0.03329,0.000636,0.007434,0.054413,1.0785
3,2,20260711_220043_yyhe4o__outer03__inner02__aug03,20260711_220043_yyhe4o,train,user4,ই,-6.133184,0.989482,0.020083,-0.043296,0.003015,0.070271,1.152651
3,2,20260711_220058_6cy90j__outer03__inner02__aug01,20260711_220058_6cy90j,train,user4,ই,5.406251,0.957463,0.040716,-0.022735,0.006287,0.031927,1.04545
3,2,20260711_220058_6cy90j__outer03__inner02__aug02,20260711_220058_6cy90j,train,user4,ই,-3.171505,0.980529,0.049706,0.045632,0.005964,0.046253,1.067518
3,2,20260711_220058_6cy90j__outer03__inner02__aug03,20260711_220058_6cy90j,train,user4,ই,-6.135312,1.015377,-0.011124,-0.045432,0.004139,0.062232,1.03795
3,2,20260711_220112_94lc88__outer03__inner02__aug01,20260711_220112_94lc88,train,user4,ই,-0.097087,0.930886,0.041754,0.00299,0.004154,0.050194,1.243724
3,2,20260711_220112_94lc88__outer03__inner02__aug02,20260711_220112_94lc88,train,user4,ই,0.045452,1.08911,-0.019738,0.01266,0.006447,0.045315,1.039629
3,2,20260711_220112_94lc88__outer03__inner02__aug03,20260711_220112_94lc88,train,user4,ই,1.590871,0.963875,0.042082,-0.020486,0.007788,0.049696,0.919053
3,2,20260711_220132_3b6d70__outer03__inner02__aug01,20260711_220132_3b6d70,train,user4,ই,1.284037,0.91461,-0.036352,0.013542,0.007226,0.044572,1.008996
3,2,20260711_220132_3b6d70__outer03__inner02__aug02,20260711_220132_3b6d70,train,user4,ই,6.685568,1.046285,0.002363,-0.022858,0.004487,0.078632,0.920553
3,2,20260711_220132_3b6d70__outer03__inner02__aug03,20260711_220132_3b6d70,train,user4,ই,-4.555838,1.069404,0.047045,-0.031885,0.007087,0.062876,0.996394
3,2,20260711_220151_kjuuzh__outer03__inner02__aug01,20260711_220151_kjuuzh,train,user4,ই,-5.357447,1.052654,-0.049071,0.046344,0.003252,0.055024,0.929912
3,2,20260711_220151_kjuuzh__outer03__inner02__aug02,20260711_220151_kjuuzh,train,user4,ই,-3.993737,1.028019,0.036595,0.005493,0.006139,0.040218,0.933204
3,2,20260711_220151_kjuuzh__outer03__inner02__aug03,20260711_220151_kjuuzh,train,user4,ই,-4.475833,1.044154,0.027757,0.020015,0.006954,0.06505,0.947846
3,2,20260711_220205_cr3boy__outer03__inner02__aug01,20260711_220205_cr3boy,train,user4,ই,-5.21925,0.91283,0.03776,-0.001433,0.006588,0.057533,1.086582
3,2,20260711_220205_cr3boy__outer03__inner02__aug02,20260711_220205_cr3boy,train,user4,ই,1.517984,0.995427,0.023849,0.013887,0.004663,0.049786,0.83471
3,2,20260711_220205_cr3boy__outer03__inner02__aug03,20260711_220205_cr3boy,train,user4,ই,1.047481,1.079479,-0.049623,-0.045557,0.00785,0.042418,0.904424
3,2,20260711_220217_85rgxu__outer03__inner02__aug01,20260711_220217_85rgxu,train,user4,ই,-3.819494,1.042195,-0.011844,-0.043412,0.006471,0.073487,1.188135
3,2,20260711_220217_85rgxu__outer03__inner02__aug02,20260711_220217_85rgxu,train,user4,ই,0.848522,1.023803,0.045964,0.045069,0.005001,0.075555,1.205207
3,2,20260711_220217_85rgxu__outer03__inner02__aug03,20260711_220217_85rgxu,train,user4,ই,6.799915,1.021367,0.04758,-0.044623,0.005094,0.074773,0.823639
3,2,20260711_220235_4uai7u__outer03__inner02__aug01,20260711_220235_4uai7u,train,user4,ই,-4.263965,0.959837,-0.007395,-0.045049,0.004704,0.058883,0.827589
3,2,20260711_220235_4uai7u__outer03__inner02__aug02,20260711_220235_4uai7u,train,user4,ই,3.532425,1.05812,-0.021849,0.022183,0.003362,0.031808,0.86362
3,2,20260711_220235_4uai7u__outer03__inner02__aug03,20260711_220235_4uai7u,train,user4,ই,2.351867,1.094958,0.040088,-0.046626,0.00436,0.069484,0.977884
3,2,20260711_220308_e7l7wm__outer03__inner02__aug01,20260711_220308_e7l7wm,train,user4,ই,-4.399138,0.977068,-0.005194,0.025807,0.00497,0.068297,1.015689
3,2,20260711_220308_e7l7wm__outer03__inner02__aug02,20260711_220308_e7l7wm,train,user4,ই,4.952017,0.959589,-0.035096,-0.027921,0.005194,0.03912,1.139558
3,2,20260711_220308_e7l7wm__outer03__inner02__aug03,20260711_220308_e7l7wm,train,user4,ই,-5.089334,0.940825,-0.037675,0.001679,0.005106,0.053336,0.836703
3,2,20260711_220404_itceug__outer03__inner02__aug01,20260711_220404_itceug,train,user4,ঈ,-2.121423,0.995029,-0.045501,-0.027369,0.005672,0.060441,1.246987
3,2,20260711_220404_itceug__outer03__inner02__aug02,20260711_220404_itceug,train,user4,ঈ,-4.00309,1.066553,-0.017744,-0.01768,0.007111,0.046391,1.146486
3,2,20260711_220404_itceug__outer03__inner02__aug03,20260711_220404_itceug,train,user4,ঈ,-1.891394,1.005784,-0.005509,-0.020777,0.004792,0.031912,1.040667
3,2,20260711_220444_r35mfs__outer03__inner02__aug01,20260711_220444_r35mfs,train,user4,ঈ,-5.764999,0.996225,0.003415,-0.03903,0.004001,0.053068,0.825626
3,2,20260711_220444_r35mfs__outer03__inner02__aug02,20260711_220444_r35mfs,train,user4,ঈ,-4.686725,1.041316,-0.042214,0.031165,0.003349,0.041313,0.829659
3,2,20260711_220444_r35mfs__outer03__inner02__aug03,20260711_220444_r35mfs,train,user4,ঈ,-6.429792,1.044228,0.027997,0.012028,0.003569,0.056488,0.824026
3,2,20260711_220519_ila5ji__outer03__inner02__aug01,20260711_220519_ila5ji,train,user4,ঈ,1.439647,1.081685,-0.031548,-0.005228,0.006841,0.060123,0.831617
3,2,20260711_220519_ila5ji__outer03__inner02__aug02,20260711_220519_ila5ji,train,user4,ঈ,4.077216,1.064952,0.027851,0.02738,0.005105,0.077499,1.04048
3,2,20260711_220519_ila5ji__outer03__inner02__aug03,20260711_220519_ila5ji,train,user4,ঈ,-4.273179,1.055752,-0.034942,0.030459,0.006119,0.063341,0.806239
3,2,20260711_220543_7o5bd0__outer03__inner02__aug01,20260711_220543_7o5bd0,train,user4,ঈ,6.343449,0.9998,0.022342,-0.019596,0.007514,0.053652,1.032656
3,2,20260711_220543_7o5bd0__outer03__inner02__aug02,20260711_220543_7o5bd0,train,user4,ঈ,6.876015,0.999359,-0.048155,-0.022408,0.006246,0.049405,0.810288
3,2,20260711_220543_7o5bd0__outer03__inner02__aug03,20260711_220543_7o5bd0,train,user4,ঈ,5.404916,0.939045,0.006896,0.02582,0.007986,0.033422,1.022619
3,2,20260711_220606_essesa__outer03__inner02__aug01,20260711_220606_essesa,train,user4,ঈ,3.383028,1.094951,0.045501,0.011673,0.004393,0.07311,0.81266
3,2,20260711_220606_essesa__outer03__inner02__aug02,20260711_220606_essesa,train,user4,ঈ,-4.400377,0.921961,0.001848,-0.007807,0.00424,0.048746,1.026189
3,2,20260711_220606_essesa__outer03__inner02__aug03,20260711_220606_essesa,train,user4,ঈ,1.610906,0.969711,-0.028749,0.047404,0.004909,0.031057,0.896756
3,2,20260711_220641_ufswp1__outer03__inner02__aug01,20260711_220641_ufswp1,train,user4,ঈ,-6.369278,0.943531,-0.040828,-0.036866,0.004467,0.063657,1.129719
3,2,20260711_220641_ufswp1__outer03__inner02__aug02,20260711_220641_ufswp1,train,user4,ঈ,-2.840587,0.901135,0.019169,-0.044313,0.003371,0.042577,0.889659
3,2,20260711_220641_ufswp1__outer03__inner02__aug03,20260711_220641_ufswp1,train,user4,ঈ,-2.1456,1.025598,0.034339,-0.01112,0.004941,0.046612,0.871911
3,2,20260711_220701_y1rftt__outer03__inner02__aug01,20260711_220701_y1rftt,train,user4,ঈ,3.741591,0.975596,-0.023321,-0.020486,0.007387,0.067418,0.886395
3,2,20260711_220701_y1rftt__outer03__inner02__aug02,20260711_220701_y1rftt,train,user4,ঈ,-5.429098,1.030788,-0.02586,-0.031157,0.004731,0.062717,1.224777
3,2,20260711_220701_y1rftt__outer03__inner02__aug03,20260711_220701_y1rftt,train,user4,ঈ,3.635305,1.001707,-0.026388,-0.049117,0.003391,0.054644,1.027541
3,2,20260711_220721_h9k2mi__outer03__inner02__aug01,20260711_220721_h9k2mi,train,user4,ঈ,1.188987,1.044417,-0.012367,0.039277,0.007659,0.065474,1.168873
3,2,20260711_220721_h9k2mi__outer03__inner02__aug02,20260711_220721_h9k2mi,train,user4,ঈ,2.836269,1.027083,0.02213,-0.042683,0.004129,0.035378,1.180676
3,2,20260711_220721_h9k2mi__outer03__inner02__aug03,20260711_220721_h9k2mi,train,user4,ঈ,-2.333013,1.002289,0.036516,0.023807,0.006896,0.043898,0.819686
3,2,20260711_220738_j2qzn6__outer03__inner02__aug01,20260711_220738_j2qzn6,train,user4,ঈ,-5.154639,1.078218,0.032993,-0.030894,0.00438,0.03466,1.218286
3,2,20260711_220738_j2qzn6__outer03__inner02__aug02,20260711_220738_j2qzn6,train,user4,ঈ,-0.330909,1.074814,0.032585,0.026748,0.004496,0.046547,0.997775
3,2,20260711_220738_j2qzn6__outer03__inner02__aug03,20260711_220738_j2qzn6,train,user4,ঈ,5.83047,0.98519,-0.048562,-0.036732,0.003766,0.045151,0.929354
3,2,20260711_220751_axw80l__outer03__inner02__aug01,20260711_220751_axw80l,train,user4,ঈ,0.302151,0.991634,0.031606,0.046705,0.007391,0.067431,1.166853
3,2,20260711_220751_axw80l__outer03__inner02__aug02,20260711_220751_axw80l,train,user4,ঈ,-4.844813,1.086656,0.022135,-0.012924,0.003045,0.072297,1.072032
3,2,20260711_220751_axw80l__outer03__inner02__aug03,20260711_220751_axw80l,train,user4,ঈ,2.816411,0.93026,0.028344,-0.042729,0.004533,0.067351,0.829941
3,2,20260711_220807_mldxj2__outer03__inner02__aug01,20260711_220807_mldxj2,train,user4,ঈ,-5.291794,1.023792,0.019279,-0.038326,0.007285,0.050051,0.996204
3,2,20260711_220807_mldxj2__outer03__inner02__aug02,20260711_220807_mldxj2,train,user4,ঈ,1.230012,1.016404,-0.000494,0.013957,0.005337,0.065733,1.137945
3,2,20260711_220807_mldxj2__outer03__inner02__aug03,20260711_220807_mldxj2,train,user4,ঈ,5.406982,0.955894,0.041232,-0.001642,0.00397,0.062973,0.831539
3,2,20260711_220822_wgaxvc__outer03__inner02__aug01,20260711_220822_wgaxvc,train,user4,ঈ,6.235104,1.065792,0.02794,0.031733,0.004669,0.075852,1.061885
3,2,20260711_220822_wgaxvc__outer03__inner02__aug02,20260711_220822_wgaxvc,train,user4,ঈ,0.572008,0.995762,-0.011916,0.043916,0.004107,0.066832,1.071314
3,2,20260711_220822_wgaxvc__outer03__inner02__aug03,20260711_220822_wgaxvc,train,user4,ঈ,-4.993278,1.006964,-0.032359,-0.006371,0.004574,0.031185,1.171352
3,2,20260711_220837_dby4gx__outer03__inner02__aug01,20260711_220837_dby4gx,train,user4,ঈ,-2.87679,1.012018,0.023201,-0.006246,0.007841,0.03509,1.160222
3,2,20260711_220837_dby4gx__outer03__inner02__aug02,20260711_220837_dby4gx,train,user4,ঈ,-4.746078,1.031457,-0.042682,0.034527,0.004201,0.04819,0.909167
3,2,20260711_220837_dby4gx__outer03__inner02__aug03,20260711_220837_dby4gx,train,user4,ঈ,-1.731324,1.059187,-0.045241,-0.005186,0.007156,0.038232,0.90426
3,2,20260711_220850_xo5kch__outer03__inner02__aug01,20260711_220850_xo5kch,train,user4,ঈ,-6.65956,0.983998,0.033928,-0.009632,0.006494,0.079417,1.061327
3,2,20260711_220850_xo5kch__outer03__inner02__aug02,20260711_220850_xo5kch,train,user4,ঈ,-2.696326,0.998231,-0.020614,-0.009566,0.00643,0.060403,0.85378
3,2,20260711_220850_xo5kch__outer03__inner02__aug03,20260711_220850_xo5kch,train,user4,ঈ,-3.661899,0.905727,0.049861,0.036517,0.00656,0.038072,1.127334
3,2,20260711_220906_ehc737__outer03__inner02__aug01,20260711_220906_ehc737,train,user4,ঈ,4.584686,0.951482,0.002814,0.037597,0.006911,0.076097,1.093028
3,2,20260711_220906_ehc737__outer03__inner02__aug02,20260711_220906_ehc737,train,user4,ঈ,-1.77567,0.94571,-0.000801,-0.013789,0.005974,0.032363,1.018032
3,2,20260711_220906_ehc737__outer03__inner02__aug03,20260711_220906_ehc737,train,user4,ঈ,1.764953,1.064012,0.013543,-0.002377,0.006843,0.057256,0.80614
4,0,20260711_220930_a944cy__outer04__inner00__aug01,20260711_220930_a944cy,train,for_bonhi,ঔ,-5.122007,0.918834,-0.042949,0.025032,0.004292,0.066605,1.064753
4,0,20260711_220930_a944cy__outer04__inner00__aug02,20260711_220930_a944cy,train,for_bonhi,ঔ,5.88879,0.946147,0.040272,-0.034905,0.006753,0.044128,0.901874
4,0,20260711_220930_a944cy__outer04__inner00__aug03,20260711_220930_a944cy,train,for_bonhi,ঔ,4.490226,1.081396,0.00533,0.024472,0.004248,0.055444,0.916209
4,0,20260704_232121_lcxi4y__outer04__inner00__aug01,20260704_232121_lcxi4y,train,user2,অ,-2.797193,1.068123,0.01003,-0.004267,0.006163,0.068377,1.0046
4,0,20260704_232121_lcxi4y__outer04__inner00__aug02,20260704_232121_lcxi4y,train,user2,অ,1.47749,0.947465,-0.00246,0.0132,0.003065,0.05731,1.177714
4,0,20260704_232121_lcxi4y__outer04__inner00__aug03,20260704_232121_lcxi4y,train,user2,অ,2.754227,0.952797,0.046793,-0.036997,0.006086,0.043146,1.205075
4,0,20260728_232630_znnts0__outer04__inner00__aug01,20260728_232630_znnts0,train,user2,অ,-1.096565,1.026383,-0.004806,0.00974,0.003453,0.073488,1.078594
4,0,20260728_232630_znnts0__outer04__inner00__aug02,20260728_232630_znnts0,train,user2,অ,-2.735506,1.022997,0.038734,0.03701,0.004982,0.04274,1.184
4,0,20260728_232630_znnts0__outer04__inner00__aug03,20260728_232630_znnts0,train,user2,অ,0.132388,1.002151,-0.019049,0.047711,0.007494,0.05577,0.976906
4,0,20260728_232652_hdsmyh__outer04__inner00__aug01,20260728_232652_hdsmyh,train,user2,অ,-4.860139,1.098259,-0.000954,-0.010535,0.006138,0.038435,1.245253
4,0,20260728_232652_hdsmyh__outer04__inner00__aug02,20260728_232652_hdsmyh,train,user2,অ,3.000128,0.965133,0.033532,-0.021369,0.007372,0.079833,1.171211
4,0,20260728_232652_hdsmyh__outer04__inner00__aug03,20260728_232652_hdsmyh,train,user2,অ,1.409636,1.018838,-0.016848,0.024452,0.00364,0.031697,0.970383
4,0,20260728_232714_hincfq__outer04__inner00__aug01,20260728_232714_hincfq,train,user2,অ,-3.369858,0.912285,-0.023632,-0.0419,0.006818,0.034858,1.19421
4,0,20260728_232714_hincfq__outer04__inner00__aug02,20260728_232714_hincfq,train,user2,অ,-3.669786,0.95823,0.028704,0.045526,0.005826,0.0633,0.904396
4,0,20260728_232714_hincfq__outer04__inner00__aug03,20260728_232714_hincfq,train,user2,অ,-1.03252,0.945232,0.020509,0.014384,0.007572,0.076004,1.162645
4,0,20260728_232741_j1gvgu__outer04__inner00__aug01,20260728_232741_j1gvgu,train,user2,অ,5.483956,0.995503,0.035645,-0.010959,0.003602,0.074064,0.832135
4,0,20260728_232741_j1gvgu__outer04__inner00__aug02,20260728_232741_j1gvgu,train,user2,অ,4.391199,0.938816,-0.03125,0.024338,0.005167,0.030701,0.99977
4,0,20260728_232741_j1gvgu__outer04__inner00__aug03,20260728_232741_j1gvgu,train,user2,অ,0.665802,1.012417,0.046001,-0.040319,0.00411,0.064162,1.171656
4,0,20260704_232148_mqf5ea__outer04__inner00__aug01,20260704_232148_mqf5ea,train,user2,আ,0.839975,1.007638,0.0168,-0.024203,0.00544,0.074018,0.8283
4,0,20260704_232148_mqf5ea__outer04__inner00__aug02,20260704_232148_mqf5ea,train,user2,আ,4.925535,0.959791,-0.047715,-0.007038,0.003019,0.052202,1.089749
4,0,20260704_232148_mqf5ea__outer04__inner00__aug03,20260704_232148_mqf5ea,train,user2,আ,-0.185301,1.000187,0.031208,-0.038621,0.007432,0.065159,1.023974
4,0,20260728_232436_9i4gi8__outer04__inner00__aug01,20260728_232436_9i4gi8,train,user2,আ,-2.029523,0.984827,0.020183,0.011229,0.00519,0.070153,1.135689
4,0,20260728_232436_9i4gi8__outer04__inner00__aug02,20260728_232436_9i4gi8,train,user2,আ,-6.884944,0.96975,-0.01565,0.04502,0.003938,0.031982,0.815323
4,0,20260728_232436_9i4gi8__outer04__inner00__aug03,20260728_232436_9i4gi8,train,user2,আ,2.738853,1.093529,-0.02772,0.044554,0.00549,0.059248,0.849545
4,0,20260728_232459_m6l3cf__outer04__inner00__aug01,20260728_232459_m6l3cf,train,user2,আ,5.208264,1.088975,0.028174,-0.027442,0.005729,0.078276,1.134296
4,0,20260728_232459_m6l3cf__outer04__inner00__aug02,20260728_232459_m6l3cf,train,user2,আ,-5.388379,1.083011,0.013695,0.009365,0.003493,0.076385,1.098924
4,0,20260728_232459_m6l3cf__outer04__inner00__aug03,20260728_232459_m6l3cf,train,user2,আ,-3.0713,0.999847,0.013451,0.00316,0.003601,0.03992,0.822591
4,0,20260728_232520_l4uaan__outer04__inner00__aug01,20260728_232520_l4uaan,train,user2,আ,6.34472,1.094932,-0.029489,0.039545,0.0075,0.030539,0.846842
4,0,20260728_232520_l4uaan__outer04__inner00__aug02,20260728_232520_l4uaan,train,user2,আ,-0.261533,1.093361,0.01346,-0.012825,0.004476,0.067415,1.009788
4,0,20260728_232520_l4uaan__outer04__inner00__aug03,20260728_232520_l4uaan,train,user2,আ,-4.01774,1.039154,0.030151,-0.02694,0.006532,0.03097,1.146219
4,0,20260728_232556_dwfz7c__outer04__inner00__aug01,20260728_232556_dwfz7c,train,user2,আ,5.719695,0.907907,-0.023857,0.04875,0.007898,0.054196,1.088183
4,0,20260728_232556_dwfz7c__outer04__inner00__aug02,20260728_232556_dwfz7c,train,user2,আ,0.722088,1.008871,-0.025736,-0.048683,0.004554,0.069763,1.156184
4,0,20260728_232556_dwfz7c__outer04__inner00__aug03,20260728_232556_dwfz7c,train,user2,আ,6.031242,0.992664,-0.019863,0.043744,0.006235,0.067297,1.175835
4,0,20260704_232218_jf6rio__outer04__inner00__aug01,20260704_232218_jf6rio,train,user2,ই,-6.766812,1.017039,-0.018049,-0.023613,0.006499,0.075475,1.067839
4,0,20260704_232218_jf6rio__outer04__inner00__aug02,20260704_232218_jf6rio,train,user2,ই,-3.668845,1.005405,0.010373,-0.022832,0.003262,0.064568,0.87
4,0,20260704_232218_jf6rio__outer04__inner00__aug03,20260704_232218_jf6rio,train,user2,ই,2.494269,1.062912,0.034646,-0.026788,0.006466,0.046494,0.866948
4,0,20260728_232810_781yo6__outer04__inner00__aug01,20260728_232810_781yo6,train,user2,ই,-6.739203,1.023326,0.009077,0.01502,0.006382,0.065616,0.816819
4,0,20260728_232810_781yo6__outer04__inner00__aug02,20260728_232810_781yo6,train,user2,ই,-5.757693,1.032899,-0.042715,0.047706,0.003539,0.048483,0.893006
4,0,20260728_232810_781yo6__outer04__inner00__aug03,20260728_232810_781yo6,train,user2,ই,-0.771769,0.914154,0.040175,-0.004348,0.003576,0.069531,0.980527
4,0,20260728_232836_pvgrxn__outer04__inner00__aug01,20260728_232836_pvgrxn,train,user2,ই,-1.67078,1.079646,0.017022,0.039794,0.007448,0.03958,1.028053
4,0,20260728_232836_pvgrxn__outer04__inner00__aug02,20260728_232836_pvgrxn,train,user2,ই,-2.491976,1.084606,0.020129,0.033105,0.00686,0.040392,1.093542
4,0,20260728_232836_pvgrxn__outer04__inner00__aug03,20260728_232836_pvgrxn,train,user2,ই,-1.886523,1.043627,0.045201,-0.04487,0.006372,0.077364,1.01106
4,0,20260728_233118_pcjncu__outer04__inner00__aug01,20260728_233118_pcjncu,train,user2,ই,5.499994,1.026972,0.040682,0.045064,0.004904,0.034047,1.067548
4,0,20260728_233118_pcjncu__outer04__inner00__aug02,20260728_233118_pcjncu,train,user2,ই,-6.667081,1.026251,0.003873,-0.017787,0.004519,0.06021,1.03095
4,0,20260728_233118_pcjncu__outer04__inner00__aug03,20260728_233118_pcjncu,train,user2,ই,-4.48861,1.034885,0.049808,0.011249,0.006491,0.052848,1.133276
4,0,20260728_233205_n417cm__outer04__inner00__aug01,20260728_233205_n417cm,train,user2,ই,-5.928786,0.927702,0.016563,0.034914,0.006683,0.038021,0.92767
4,0,20260728_233205_n417cm__outer04__inner00__aug02,20260728_233205_n417cm,train,user2,ই,1.501552,1.004254,-0.003856,0.003537,0.004778,0.07461,0.960655
4,0,20260728_233205_n417cm__outer04__inner00__aug03,20260728_233205_n417cm,train,user2,ই,5.500913,0.998822,-0.018606,-0.042704,0.005216,0.054154,0.96385
4,0,20260704_232243_1fsapx__outer04__inner00__aug01,20260704_232243_1fsapx,train,user2,ঈ,-5.501961,1.002497,-0.043252,0.037231,0.007421,0.058981,1.103909
4,0,20260704_232243_1fsapx__outer04__inner00__aug02,20260704_232243_1fsapx,train,user2,ঈ,-3.892641,0.946586,0.003414,0.032413,0.005019,0.038077,1.063252
4,0,20260704_232243_1fsapx__outer04__inner00__aug03,20260704_232243_1fsapx,train,user2,ঈ,-1.498649,0.98286,-0.037819,-0.025575,0.007977,0.06988,1.184238
4,0,20260728_233238_q39ioy__outer04__inner00__aug01,20260728_233238_q39ioy,train,user2,ঈ,-3.968299,0.910205,-0.012519,0.031599,0.004735,0.073371,1.153119
4,0,20260728_233238_q39ioy__outer04__inner00__aug02,20260728_233238_q39ioy,train,user2,ঈ,1.036692,1.076,0.035699,-0.044805,0.007681,0.035944,0.808181
4,0,20260728_233238_q39ioy__outer04__inner00__aug03,20260728_233238_q39ioy,train,user2,ঈ,-5.033419,1.055008,-0.045939,-0.042162,0.00373,0.05054,1.155863
4,0,20260728_233302_e8k0ge__outer04__inner00__aug01,20260728_233302_e8k0ge,train,user2,ঈ,-0.366781,1.040161,0.035112,-0.008489,0.006596,0.056078,1.222407
4,0,20260728_233302_e8k0ge__outer04__inner00__aug02,20260728_233302_e8k0ge,train,user2,ঈ,6.179501,1.001761,0.001577,0.041216,0.007928,0.042387,1.090566
4,0,20260728_233302_e8k0ge__outer04__inner00__aug03,20260728_233302_e8k0ge,train,user2,ঈ,2.288479,1.027986,0.021352,0.037848,0.004349,0.077379,0.82597
4,0,20260728_233333_nvf18a__outer04__inner00__aug01,20260728_233333_nvf18a,train,user2,ঈ,-5.004381,1.002536,0.012789,0.045648,0.007052,0.07327,1.039543
4,0,20260728_233333_nvf18a__outer04__inner00__aug02,20260728_233333_nvf18a,train,user2,ঈ,-4.694796,1.042491,-0.026281,-0.042865,0.005119,0.041577,0.870725
4,0,20260728_233333_nvf18a__outer04__inner00__aug03,20260728_233333_nvf18a,train,user2,ঈ,-1.171946,1.071362,-0.036677,0.004909,0.003891,0.04622,0.995442
4,0,20260728_233359_9wg8n4__outer04__inner00__aug01,20260728_233359_9wg8n4,train,user2,ঈ,5.806387,1.027727,0.015352,-0.021651,0.007812,0.06727,1.103768
4,0,20260728_233359_9wg8n4__outer04__inner00__aug02,20260728_233359_9wg8n4,train,user2,ঈ,-0.970238,1.015453,0.00211,0.02567,0.005484,0.078346,1.071487
4,0,20260728_233359_9wg8n4__outer04__inner00__aug03,20260728_233359_9wg8n4,train,user2,ঈ,3.754404,1.067623,0.012158,-0.029425,0.006278,0.053315,0.902731
4,0,20260711_200812_18txgi__outer04__inner00__aug01,20260711_200812_18txgi,train,user3,অ,2.469103,1.077459,-0.012889,-0.037021,0.007957,0.03508,1.197204
4,0,20260711_200812_18txgi__outer04__inner00__aug02,20260711_200812_18txgi,train,user3,অ,-3.255506,0.913241,-0.03772,0.002618,0.00768,0.051622,0.8413
4,0,20260711_200812_18txgi__outer04__inner00__aug03,20260711_200812_18txgi,train,user3,অ,-5.807641,1.08427,-0.020207,0.03661,0.006896,0.071771,0.910773
4,0,20260711_200917_z1na4w__outer04__inner00__aug01,20260711_200917_z1na4w,train,user3,অ,-6.139655,0.930175,0.038118,-0.047429,0.005439,0.035633,0.847815
4,0,20260711_200917_z1na4w__outer04__inner00__aug02,20260711_200917_z1na4w,train,user3,অ,5.931063,0.986781,-0.000353,-0.047998,0.004412,0.038461,1.192517
4,0,20260711_200917_z1na4w__outer04__inner00__aug03,20260711_200917_z1na4w,train,user3,অ,-5.674009,1.031816,-0.042904,-0.036082,0.007477,0.076159,0.949749
4,0,20260711_200954_0muns4__outer04__inner00__aug01,20260711_200954_0muns4,train,user3,অ,1.485456,1.052634,-0.024516,0.030843,0.005419,0.072554,0.954611
4,0,20260711_200954_0muns4__outer04__inner00__aug02,20260711_200954_0muns4,train,user3,অ,4.970624,0.977197,0.044517,0.006484,0.005411,0.051891,0.900984
4,0,20260711_200954_0muns4__outer04__inner00__aug03,20260711_200954_0muns4,train,user3,অ,-6.445519,0.99853,-0.021987,-0.021469,0.006753,0.038196,1.018687
4,0,20260711_201110_jw6cqh__outer04__inner00__aug01,20260711_201110_jw6cqh,train,user3,অ,3.471632,1.06095,-0.043606,0.020842,0.007199,0.071581,0.946569
4,0,20260711_201110_jw6cqh__outer04__inner00__aug02,20260711_201110_jw6cqh,train,user3,অ,4.694309,0.940589,0.002633,-0.008745,0.00336,0.075888,1.117083
4,0,20260711_201110_jw6cqh__outer04__inner00__aug03,20260711_201110_jw6cqh,train,user3,অ,-6.365057,0.961302,0.019923,0.012075,0.005268,0.075173,0.811833
4,0,20260711_201208_6ylgz1__outer04__inner00__aug01,20260711_201208_6ylgz1,train,user3,অ,-5.072344,1.029169,-0.036069,-0.040108,0.004004,0.064757,0.939178
4,0,20260711_201208_6ylgz1__outer04__inner00__aug02,20260711_201208_6ylgz1,train,user3,অ,2.149599,1.071488,-0.021711,0.022107,0.003415,0.036038,1.200431
4,0,20260711_201208_6ylgz1__outer04__inner00__aug03,20260711_201208_6ylgz1,train,user3,অ,6.357969,0.937771,-0.026526,0.044816,0.005519,0.061982,0.962361
4,0,20260711_201526_9elfv0__outer04__inner00__aug01,20260711_201526_9elfv0,train,user3,অ,-1.194445,1.029144,-0.009434,-0.008693,0.004268,0.039258,1.211555
4,0,20260711_201526_9elfv0__outer04__inner00__aug02,20260711_201526_9elfv0,train,user3,অ,4.070403,1.011487,0.005361,-0.009266,0.00712,0.047045,1.047588
4,0,20260711_201526_9elfv0__outer04__inner00__aug03,20260711_201526_9elfv0,train,user3,অ,-4.366687,0.940029,0.035246,0.036733,0.004336,0.0579,0.951076
4,0,20260711_201609_iv7642__outer04__inner00__aug01,20260711_201609_iv7642,train,user3,অ,3.976794,0.961987,-0.029229,0.042981,0.003041,0.034621,0.883846
4,0,20260711_201609_iv7642__outer04__inner00__aug02,20260711_201609_iv7642,train,user3,অ,2.026281,1.091753,0.001166,0.045248,0.006891,0.064681,1.148939
4,0,20260711_201609_iv7642__outer04__inner00__aug03,20260711_201609_iv7642,train,user3,অ,2.128159,1.019685,-0.000624,0.035506,0.005383,0.046174,1.106918
4,0,20260711_201811_0znu6g__outer04__inner00__aug01,20260711_201811_0znu6g,train,user3,অ,4.447262,1.097477,0.009022,-0.026281,0.006605,0.04044,0.864989
4,0,20260711_201811_0znu6g__outer04__inner00__aug02,20260711_201811_0znu6g,train,user3,অ,4.497833,0.910087,0.014565,-0.01466,0.00412,0.038811,0.806693
4,0,20260711_201811_0znu6g__outer04__inner00__aug03,20260711_201811_0znu6g,train,user3,অ,4.719012,0.904061,-0.037971,-0.039863,0.005045,0.039946,1.196908
4,0,20260711_201916_nc9ara__outer04__inner00__aug01,20260711_201916_nc9ara,train,user3,অ,2.693256,1.096781,-0.045765,-0.016133,0.003076,0.072508,0.829146
4,0,20260711_201916_nc9ara__outer04__inner00__aug02,20260711_201916_nc9ara,train,user3,অ,2.575049,0.93078,-0.012523,0.048852,0.006995,0.038559,0.941795
4,0,20260711_201916_nc9ara__outer04__inner00__aug03,20260711_201916_nc9ara,train,user3,অ,-3.143582,1.080753,-0.031394,0.007959,0.004127,0.041975,0.831118
4,0,20260711_201953_sai9ew__outer04__inner00__aug01,20260711_201953_sai9ew,train,user3,অ,-5.673027,0.964632,0.048002,-0.001304,0.00719,0.057299,0.841697
4,0,20260711_201953_sai9ew__outer04__inner00__aug02,20260711_201953_sai9ew,train,user3,অ,-5.144674,0.935587,-0.003927,0.027336,0.007181,0.066948,1.174604
4,0,20260711_201953_sai9ew__outer04__inner00__aug03,20260711_201953_sai9ew,train,user3,অ,-1.148142,0.920117,-0.04155,0.013049,0.007767,0.035875,0.924063
4,0,20260711_202025_bntr0i__outer04__inner00__aug01,20260711_202025_bntr0i,train,user3,অ,3.252196,1.072278,-0.017028,-0.000681,0.003742,0.070666,1.240097
4,0,20260711_202025_bntr0i__outer04__inner00__aug02,20260711_202025_bntr0i,train,user3,অ,0.601686,0.932612,-0.034432,0.012487,0.004327,0.047859,0.934231
4,0,20260711_202025_bntr0i__outer04__inner00__aug03,20260711_202025_bntr0i,train,user3,অ,-5.979844,1.081699,0.023125,-0.008119,0.004084,0.047947,1.015334
4,0,20260711_202714_mwa7m1__outer04__inner00__aug01,20260711_202714_mwa7m1,train,user3,অ,-1.566218,0.930318,-0.000643,0.004006,0.003573,0.047125,0.900226
4,0,20260711_202714_mwa7m1__outer04__inner00__aug02,20260711_202714_mwa7m1,train,user3,অ,-4.121021,0.90246,0.043052,-0.031928,0.005031,0.040502,0.960338
4,0,20260711_202714_mwa7m1__outer04__inner00__aug03,20260711_202714_mwa7m1,train,user3,অ,-0.488584,1.09287,-0.031088,-0.041888,0.006654,0.056244,0.849335
4,0,20260711_202846_kmy51g__outer04__inner00__aug01,20260711_202846_kmy51g,train,user3,অ,-2.255673,0.963104,-0.004517,0.027073,0.005294,0.046438,1.111353
4,0,20260711_202846_kmy51g__outer04__inner00__aug02,20260711_202846_kmy51g,train,user3,অ,-5.860764,0.918999,0.000328,0.018397,0.003761,0.033697,0.907672
4,0,20260711_202846_kmy51g__outer04__inner00__aug03,20260711_202846_kmy51g,train,user3,অ,2.170375,0.981945,0.038195,0.03016,0.007268,0.031415,0.993576
4,0,20260711_203013_i4o0om__outer04__inner00__aug01,20260711_203013_i4o0om,train,user3,অ,5.26826,1.020028,-0.004152,-0.007117,0.007524,0.034317,0.913388
4,0,20260711_203013_i4o0om__outer04__inner00__aug02,20260711_203013_i4o0om,train,user3,অ,3.853439,0.937053,0.029086,-0.011732,0.003945,0.060251,0.819869
4,0,20260711_203013_i4o0om__outer04__inner00__aug03,20260711_203013_i4o0om,train,user3,অ,-5.619904,1.07589,-0.00212,0.04571,0.004375,0.04356,1.101433
4,0,20260711_203112_15gnzj__outer04__inner00__aug01,20260711_203112_15gnzj,train,user3,অ,2.907751,0.982052,-0.018801,-0.042996,0.005435,0.071403,0.838092
4,0,20260711_203112_15gnzj__outer04__inner00__aug02,20260711_203112_15gnzj,train,user3,অ,0.458497,1.023841,0.019207,-0.046649,0.003334,0.030244,0.988719
4,0,20260711_203112_15gnzj__outer04__inner00__aug03,20260711_203112_15gnzj,train,user3,অ,-3.913739,0.950026,-0.031635,-0.015728,0.00613,0.067142,1.151436
4,0,20260711_205524_jbk5pv__outer04__inner00__aug01,20260711_205524_jbk5pv,train,user3,আ,2.540774,0.950806,0.030568,0.007561,0.003732,0.070344,0.835074
4,0,20260711_205524_jbk5pv__outer04__inner00__aug02,20260711_205524_jbk5pv,train,user3,আ,-1.318667,1.057489,-0.01357,0.043302,0.006954,0.039581,0.929724
4,0,20260711_205524_jbk5pv__outer04__inner00__aug03,20260711_205524_jbk5pv,train,user3,আ,-2.253216,1.056838,0.027634,0.04233,0.005006,0.072045,0.839489
4,0,20260711_205559_azslan__outer04__inner00__aug01,20260711_205559_azslan,train,user3,আ,-4.298714,0.92089,-0.017453,-0.025413,0.003814,0.072024,1.201347
4,0,20260711_205559_azslan__outer04__inner00__aug02,20260711_205559_azslan,train,user3,আ,-0.068588,1.085969,0.03017,-0.035188,0.007744,0.036998,1.05961
4,0,20260711_205559_azslan__outer04__inner00__aug03,20260711_205559_azslan,train,user3,আ,3.650479,0.924648,-0.016649,0.009855,0.006153,0.078842,1.085947
4,0,20260711_205630_gydvnp__outer04__inner00__aug01,20260711_205630_gydvnp,train,user3,আ,-0.821078,1.014907,0.026301,0.042906,0.00787,0.030973,1.018609
4,0,20260711_205630_gydvnp__outer04__inner00__aug02,20260711_205630_gydvnp,train,user3,আ,-3.903379,0.946301,0.001293,0.032766,0.005833,0.03519,1.22293
4,0,20260711_205630_gydvnp__outer04__inner00__aug03,20260711_205630_gydvnp,train,user3,আ,-5.054531,1.062276,0.016529,-0.035654,0.006653,0.061088,0.96076
4,0,20260711_205707_n57400__outer04__inner00__aug01,20260711_205707_n57400,train,user3,আ,6.476658,0.954624,-0.03424,0.040541,0.004208,0.066234,0.886747
4,0,20260711_205707_n57400__outer04__inner00__aug02,20260711_205707_n57400,train,user3,আ,5.645347,1.072277,-0.00307,-0.001853,0.005498,0.042592,0.863693
4,0,20260711_205707_n57400__outer04__inner00__aug03,20260711_205707_n57400,train,user3,আ,3.753588,1.068756,0.02226,-0.021127,0.004765,0.030929,0.865916
4,0,20260711_205748_usnulf__outer04__inner00__aug01,20260711_205748_usnulf,train,user3,আ,5.176718,1.028891,0.034607,0.022146,0.005644,0.06924,0.910137
4,0,20260711_205748_usnulf__outer04__inner00__aug02,20260711_205748_usnulf,train,user3,আ,-2.468152,1.009154,-0.001619,0.033212,0.00668,0.04722,1.055593
4,0,20260711_205748_usnulf__outer04__inner00__aug03,20260711_205748_usnulf,train,user3,আ,-6.152868,0.920051,-0.029487,0.042277,0.006782,0.079779,1.093638
4,1,20260703_231939_jmltkn__outer04__inner01__aug01,20260703_231939_jmltkn,train,user1,অ,-1.72906,0.955635,0.042598,0.038194,0.005733,0.079354,1.2451
4,1,20260703_231939_jmltkn__outer04__inner01__aug02,20260703_231939_jmltkn,train,user1,অ,1.771901,1.019863,0.047873,-0.038536,0.007289,0.051708,1.140211
4,1,20260703_231939_jmltkn__outer04__inner01__aug03,20260703_231939_jmltkn,train,user1,অ,5.556667,1.067149,0.03244,-0.026788,0.00335,0.075153,0.98556
4,1,20260704_230134_0i7e7o__outer04__inner01__aug01,20260704_230134_0i7e7o,train,user1,অ,4.86967,0.989874,0.005629,-0.022488,0.003369,0.047669,0.906516
4,1,20260704_230134_0i7e7o__outer04__inner01__aug02,20260704_230134_0i7e7o,train,user1,অ,3.752985,1.031287,-0.00489,-0.025532,0.005413,0.063831,0.894859
4,1,20260704_230134_0i7e7o__outer04__inner01__aug03,20260704_230134_0i7e7o,train,user1,অ,4.758539,1.066446,-0.034468,0.020047,0.007778,0.06425,0.820116
4,1,20260704_230207_s0bru0__outer04__inner01__aug01,20260704_230207_s0bru0,train,user1,অ,0.781649,0.976995,0.037045,-0.010011,0.004346,0.066261,1.020486
4,1,20260704_230207_s0bru0__outer04__inner01__aug02,20260704_230207_s0bru0,train,user1,অ,-3.699958,1.096531,0.003375,-0.014504,0.003582,0.059371,0.807792
4,1,20260704_230207_s0bru0__outer04__inner01__aug03,20260704_230207_s0bru0,train,user1,অ,4.421381,1.021688,-0.028311,-0.045333,0.004875,0.078854,1.003165
4,1,20260704_230243_20ggrl__outer04__inner01__aug01,20260704_230243_20ggrl,train,user1,অ,-6.659577,0.975568,-0.020212,0.009204,0.003606,0.050777,1.238088
4,1,20260704_230243_20ggrl__outer04__inner01__aug02,20260704_230243_20ggrl,train,user1,অ,3.38564,0.993521,-0.015241,0.023549,0.005952,0.041387,1.002665
4,1,20260704_230243_20ggrl__outer04__inner01__aug03,20260704_230243_20ggrl,train,user1,অ,-1.373741,1.001114,-0.037806,0.038002,0.00306,0.072541,0.894767
4,1,20260704_230314_biogka__outer04__inner01__aug01,20260704_230314_biogka,train,user1,অ,-2.2628,1.073919,0.040752,-0.0453,0.004811,0.062203,0.833309
4,1,20260704_230314_biogka__outer04__inner01__aug02,20260704_230314_biogka,train,user1,অ,1.85742,1.023103,-0.03225,0.02918,0.003418,0.037285,1.014323
4,1,20260704_230314_biogka__outer04__inner01__aug03,20260704_230314_biogka,train,user1,অ,6.099036,1.018548,0.020244,0.026015,0.005056,0.036028,1.062136
4,1,20260704_230343_z76un4__outer04__inner01__aug01,20260704_230343_z76un4,train,user1,অ,-6.20397,1.061027,0.023705,-0.005398,0.007838,0.038376,0.842044
4,1,20260704_230343_z76un4__outer04__inner01__aug02,20260704_230343_z76un4,train,user1,অ,-2.95757,0.952963,-0.044986,0.039351,0.004276,0.054307,1.005651
4,1,20260704_230343_z76un4__outer04__inner01__aug03,20260704_230343_z76un4,train,user1,অ,5.454644,1.014991,-0.017437,0.037867,0.003188,0.047808,1.113164
4,1,20260704_230438_1by20a__outer04__inner01__aug01,20260704_230438_1by20a,train,user1,অ,-0.645055,1.082986,-0.033424,0.021347,0.007032,0.070015,1.121206
4,1,20260704_230438_1by20a__outer04__inner01__aug02,20260704_230438_1by20a,train,user1,অ,4.858213,1.033808,0.02835,-0.030206,0.00661,0.064928,0.985044
4,1,20260704_230438_1by20a__outer04__inner01__aug03,20260704_230438_1by20a,train,user1,অ,-4.142915,1.062617,0.023382,-0.003095,0.003338,0.049575,0.804366
4,1,20260704_230508_zz8agk__outer04__inner01__aug01,20260704_230508_zz8agk,train,user1,অ,3.112868,1.065526,-0.024694,-0.014131,0.004922,0.057206,1.064984
4,1,20260704_230508_zz8agk__outer04__inner01__aug02,20260704_230508_zz8agk,train,user1,অ,-4.371469,1.023267,0.013814,0.023817,0.005821,0.074941,1.152433
4,1,20260704_230508_zz8agk__outer04__inner01__aug03,20260704_230508_zz8agk,train,user1,অ,-4.73327,1.067556,-0.005584,0.029421,0.00478,0.072704,1.069524
4,1,20260704_230530_8783vw__outer04__inner01__aug01,20260704_230530_8783vw,train,user1,অ,4.458637,0.965093,-0.000403,-0.043356,0.007948,0.046664,1.0516
4,1,20260704_230530_8783vw__outer04__inner01__aug02,20260704_230530_8783vw,train,user1,অ,3.094501,0.917708,0.006349,0.002059,0.003481,0.030367,0.952633
4,1,20260704_230530_8783vw__outer04__inner01__aug03,20260704_230530_8783vw,train,user1,অ,0.431974,1.073482,-0.044591,-0.019022,0.003673,0.07513,0.878628
4,1,20260704_230601_9fuwl5__outer04__inner01__aug01,20260704_230601_9fuwl5,train,user1,অ,3.567895,0.990452,0.013852,-0.008549,0.007845,0.064725,0.836485
4,1,20260704_230601_9fuwl5__outer04__inner01__aug02,20260704_230601_9fuwl5,train,user1,অ,-3.428257,1.08474,-0.019568,-0.007666,0.003317,0.074224,1.202845
4,1,20260704_230601_9fuwl5__outer04__inner01__aug03,20260704_230601_9fuwl5,train,user1,অ,-2.543738,1.018192,0.018016,0.003749,0.003757,0.057671,1.064148
4,1,20260704_230631_iep9zz__outer04__inner01__aug01,20260704_230631_iep9zz,train,user1,অ,-3.684585,1.05458,-0.04564,0.020202,0.006481,0.075434,1.180557
4,1,20260704_230631_iep9zz__outer04__inner01__aug02,20260704_230631_iep9zz,train,user1,অ,-0.72557,1.011562,0.013032,-0.020842,0.003241,0.04086,1.150697
4,1,20260704_230631_iep9zz__outer04__inner01__aug03,20260704_230631_iep9zz,train,user1,অ,-3.832779,1.019074,-0.002406,-0.022933,0.005428,0.060575,1.121936
4,1,20260709_222041_giojuy__outer04__inner01__aug01,20260709_222041_giojuy,train,user1,অ,-6.749046,0.9259,-0.029921,-0.026285,0.006,0.067094,1.133336
4,1,20260709_222041_giojuy__outer04__inner01__aug02,20260709_222041_giojuy,train,user1,অ,3.825493,1.096073,0.035074,0.037725,0.004157,0.079395,1.113363
4,1,20260709_222041_giojuy__outer04__inner01__aug03,20260709_222041_giojuy,train,user1,অ,5.061731,1.00728,-0.044009,-0.033956,0.00336,0.061287,0.967019
4,1,20260704_230720_4nlmlz__outer04__inner01__aug01,20260704_230720_4nlmlz,train,user1,আ,6.338819,0.94659,0.000152,-0.022874,0.003679,0.045609,0.939803
4,1,20260704_230720_4nlmlz__outer04__inner01__aug02,20260704_230720_4nlmlz,train,user1,আ,-6.942013,1.015958,0.002882,-0.040093,0.006524,0.051359,0.802466
4,1,20260704_230720_4nlmlz__outer04__inner01__aug03,20260704_230720_4nlmlz,train,user1,আ,5.063477,0.946556,-0.043322,0.048806,0.007153,0.076639,0.824832
4,1,20260704_230748_cofjqd__outer04__inner01__aug01,20260704_230748_cofjqd,train,user1,আ,-6.127361,1.097209,-0.010822,0.000521,0.00361,0.074368,1.154487
4,1,20260704_230748_cofjqd__outer04__inner01__aug02,20260704_230748_cofjqd,train,user1,আ,-5.156497,1.07539,0.011539,-0.046836,0.004511,0.051902,1.024539
4,1,20260704_230748_cofjqd__outer04__inner01__aug03,20260704_230748_cofjqd,train,user1,আ,-1.487952,0.922327,-0.039041,-0.024103,0.006727,0.04623,1.073351
4,1,20260704_230823_p4djtm__outer04__inner01__aug01,20260704_230823_p4djtm,train,user1,আ,4.120669,1.003557,0.030154,-0.00843,0.003775,0.05495,1.166334
4,1,20260704_230823_p4djtm__outer04__inner01__aug02,20260704_230823_p4djtm,train,user1,আ,-0.077416,0.972792,0.04558,0.043419,0.004176,0.063164,0.847221
4,1,20260704_230823_p4djtm__outer04__inner01__aug03,20260704_230823_p4djtm,train,user1,আ,6.312677,1.064237,-0.038491,0.03096,0.004131,0.032542,0.890182
4,1,20260704_230900_jm6b9y__outer04__inner01__aug01,20260704_230900_jm6b9y,train,user1,আ,-0.272106,1.019985,-0.036095,-0.042616,0.004835,0.079866,0.976893
4,1,20260704_230900_jm6b9y__outer04__inner01__aug02,20260704_230900_jm6b9y,train,user1,আ,5.001117,1.097351,-0.016268,-0.024826,0.003967,0.036803,1.107991
4,1,20260704_230900_jm6b9y__outer04__inner01__aug03,20260704_230900_jm6b9y,train,user1,আ,-4.943906,1.000441,-0.018956,-0.034263,0.003968,0.037114,1.241437
4,1,20260704_230941_ogdcp4__outer04__inner01__aug01,20260704_230941_ogdcp4,train,user1,আ,6.328713,1.008412,-0.024383,-0.004247,0.003018,0.067396,0.821133
4,1,20260704_230941_ogdcp4__outer04__inner01__aug02,20260704_230941_ogdcp4,train,user1,আ,-2.324745,0.965837,-0.015277,-0.043609,0.004255,0.036237,0.920963
4,1,20260704_230941_ogdcp4__outer04__inner01__aug03,20260704_230941_ogdcp4,train,user1,আ,-5.911466,1.009644,-0.006969,-0.026788,0.003598,0.057729,1.032304
4,1,20260704_231010_4ha6y7__outer04__inner01__aug01,20260704_231010_4ha6y7,train,user1,আ,-5.034168,1.043139,0.009906,-0.023581,0.004317,0.060112,1.066041
4,1,20260704_231010_4ha6y7__outer04__inner01__aug02,20260704_231010_4ha6y7,train,user1,আ,2.275587,1.018873,-0.030109,-0.000492,0.003591,0.068521,0.922042
4,1,20260704_231010_4ha6y7__outer04__inner01__aug03,20260704_231010_4ha6y7,train,user1,আ,6.724145,1.02935,-0.029526,-0.015731,0.005221,0.055343,0.847257
4,1,20260728_232136_0wkg0v__outer04__inner01__aug01,20260728_232136_0wkg0v,train,user1,আ,-3.407411,0.953497,0.017559,0.003164,0.003668,0.046141,1.006372
4,1,20260728_232136_0wkg0v__outer04__inner01__aug02,20260728_232136_0wkg0v,train,user1,আ,1.736323,0.922285,0.029788,-0.013118,0.007272,0.058059,0.857983
4,1,20260728_232136_0wkg0v__outer04__inner01__aug03,20260728_232136_0wkg0v,train,user1,আ,-6.779739,1.05024,-0.042256,-0.017206,0.006516,0.03834,1.02154
4,1,20260728_232203_7c77zv__outer04__inner01__aug01,20260728_232203_7c77zv,train,user1,আ,4.825643,0.911083,-0.004747,0.028415,0.003875,0.033504,0.885712
4,1,20260728_232203_7c77zv__outer04__inner01__aug02,20260728_232203_7c77zv,train,user1,আ,2.628838,0.90227,0.000939,-0.003852,0.006909,0.059744,1.197963
4,1,20260728_232203_7c77zv__outer04__inner01__aug03,20260728_232203_7c77zv,train,user1,আ,1.586444,0.972036,-0.043781,0.026681,0.004058,0.079701,1.025765
4,1,20260728_232238_kgwkds__outer04__inner01__aug01,20260728_232238_kgwkds,train,user1,আ,6.853814,1.054007,0.047358,-0.023242,0.006067,0.073371,1.003795
4,1,20260728_232238_kgwkds__outer04__inner01__aug02,20260728_232238_kgwkds,train,user1,আ,2.161638,1.098392,0.025803,-0.035943,0.005814,0.058873,1.097048
4,1,20260728_232238_kgwkds__outer04__inner01__aug03,20260728_232238_kgwkds,train,user1,আ,1.981418,0.967352,0.008173,-0.029286,0.007759,0.038625,1.154957
4,1,20260728_232316_s2ep8l__outer04__inner01__aug01,20260728_232316_s2ep8l,train,user1,আ,-4.862613,0.9154,0.04527,-0.048332,0.00642,0.06142,0.80848
4,1,20260728_232316_s2ep8l__outer04__inner01__aug02,20260728_232316_s2ep8l,train,user1,আ,-1.845093,1.018082,-0.004752,-0.048756,0.005476,0.043741,1.024719
4,1,20260728_232316_s2ep8l__outer04__inner01__aug03,20260728_232316_s2ep8l,train,user1,আ,-2.041659,0.992474,0.032239,-0.043747,0.00459,0.057689,0.935518
4,1,20260705_210750_hp0ub6__outer04__inner01__aug01,20260705_210750_hp0ub6,train,user1,ই,0.563481,0.911726,0.035243,-0.015636,0.003862,0.047954,0.839804
4,1,20260705_210750_hp0ub6__outer04__inner01__aug02,20260705_210750_hp0ub6,train,user1,ই,4.406921,1.055082,0.013953,-0.015715,0.006663,0.0472,0.985497
4,1,20260705_210750_hp0ub6__outer04__inner01__aug03,20260705_210750_hp0ub6,train,user1,ই,6.61002,1.014741,-0.024105,0.008175,0.005436,0.04173,1.117014
4,1,20260705_210817_cpe63z__outer04__inner01__aug01,20260705_210817_cpe63z,train,user1,ই,-4.916448,1.002228,-0.047256,-0.018498,0.004606,0.061495,1.107822
4,1,20260705_210817_cpe63z__outer04__inner01__aug02,20260705_210817_cpe63z,train,user1,ই,4.416376,0.975531,0.001251,0.047093,0.004773,0.040996,1.203176
4,1,20260705_210817_cpe63z__outer04__inner01__aug03,20260705_210817_cpe63z,train,user1,ই,4.391055,1.075683,-0.048317,0.001431,0.005512,0.078885,0.865602
4,1,20260705_210847_8d63gb__outer04__inner01__aug01,20260705_210847_8d63gb,train,user1,ই,-0.455169,1.093723,-0.006984,-0.027695,0.006724,0.06853,1.134142
4,1,20260705_210847_8d63gb__outer04__inner01__aug02,20260705_210847_8d63gb,train,user1,ই,-0.075764,1.057789,-0.018173,-0.01397,0.003948,0.069149,0.975963
4,1,20260705_210847_8d63gb__outer04__inner01__aug03,20260705_210847_8d63gb,train,user1,ই,6.154804,0.936563,0.020321,-0.01293,0.004763,0.044876,1.206577
4,1,20260705_210914_6z0wyv__outer04__inner01__aug01,20260705_210914_6z0wyv,train,user1,ই,-1.674923,1.080992,-0.011113,0.008533,0.005163,0.04566,1.010254
4,1,20260705_210914_6z0wyv__outer04__inner01__aug02,20260705_210914_6z0wyv,train,user1,ই,2.551389,0.910071,0.022259,-0.034232,0.005255,0.041812,1.00071
4,1,20260705_210914_6z0wyv__outer04__inner01__aug03,20260705_210914_6z0wyv,train,user1,ই,-1.31409,1.0092,0.011329,-0.002077,0.005231,0.077439,0.976057
4,1,20260705_211104_cee4mp__outer04__inner01__aug01,20260705_211104_cee4mp,train,user1,ই,-0.99024,0.9147,0.047451,0.030365,0.006544,0.06331,0.872547
4,1,20260705_211104_cee4mp__outer04__inner01__aug02,20260705_211104_cee4mp,train,user1,ই,-2.32772,1.019143,-0.004173,0.022932,0.006476,0.043664,1.163853
4,1,20260705_211104_cee4mp__outer04__inner01__aug03,20260705_211104_cee4mp,train,user1,ই,-1.653573,0.984286,-0.001389,-0.011074,0.004428,0.037592,1.087893
4,1,20260705_211129_q9xd7j__outer04__inner01__aug01,20260705_211129_q9xd7j,train,user1,ই,-6.052945,0.92895,0.042217,-0.044269,0.007973,0.071167,1.10877
4,1,20260705_211129_q9xd7j__outer04__inner01__aug02,20260705_211129_q9xd7j,train,user1,ই,-2.891641,1.060666,0.000285,-0.049375,0.005376,0.061457,0.82708
4,1,20260705_211129_q9xd7j__outer04__inner01__aug03,20260705_211129_q9xd7j,train,user1,ই,2.843873,0.915834,-0.018635,0.024062,0.004466,0.074767,1.217758
4,1,20260705_211202_fwdefr__outer04__inner01__aug01,20260705_211202_fwdefr,train,user1,ই,-6.375517,0.939424,0.003448,-0.010465,0.00699,0.037038,1.085358
4,1,20260705_211202_fwdefr__outer04__inner01__aug02,20260705_211202_fwdefr,train,user1,ই,-0.914567,1.03507,-0.043355,0.032081,0.005795,0.076299,0.888232
4,1,20260705_211202_fwdefr__outer04__inner01__aug03,20260705_211202_fwdefr,train,user1,ই,-1.148907,0.919852,-0.000984,-0.038099,0.00495,0.033725,1.033812
4,1,20260705_211229_nco6f5__outer04__inner01__aug01,20260705_211229_nco6f5,train,user1,ই,-4.869061,1.014632,-0.01868,-0.010544,0.007411,0.070027,1.192809
4,1,20260705_211229_nco6f5__outer04__inner01__aug02,20260705_211229_nco6f5,train,user1,ই,-5.886487,0.931574,0.004765,0.02777,0.003276,0.032688,1.007681
4,1,20260705_211229_nco6f5__outer04__inner01__aug03,20260705_211229_nco6f5,train,user1,ই,-4.856792,0.938554,-0.02205,0.037129,0.003343,0.051547,1.021068
4,1,20260705_211257_5zxk15__outer04__inner01__aug01,20260705_211257_5zxk15,train,user1,ই,-0.695909,1.08713,0.014913,-0.041848,0.003212,0.072443,1.084548
4,1,20260705_211257_5zxk15__outer04__inner01__aug02,20260705_211257_5zxk15,train,user1,ই,-2.315571,0.917388,0.023103,0.019843,0.003389,0.048654,0.96179
4,1,20260705_211257_5zxk15__outer04__inner01__aug03,20260705_211257_5zxk15,train,user1,ই,0.097677,0.954765,0.015363,-0.014972,0.006863,0.031673,1.189494
4,1,20260705_211324_69n6hy__outer04__inner01__aug01,20260705_211324_69n6hy,train,user1,ই,-4.705887,1.023428,-0.028872,0.026528,0.007047,0.032595,0.936124
4,1,20260705_211324_69n6hy__outer04__inner01__aug02,20260705_211324_69n6hy,train,user1,ই,4.806309,0.959302,-0.00776,-0.025385,0.004487,0.070055,1.124828
4,1,20260705_211324_69n6hy__outer04__inner01__aug03,20260705_211324_69n6hy,train,user1,ই,-5.410683,0.923339,-0.034906,0.044371,0.004068,0.076041,1.236385
4,1,20260705_213721_6edrqn__outer04__inner01__aug01,20260705_213721_6edrqn,train,user1,ঈ,-1.749575,1.035503,-0.039963,-0.025363,0.006141,0.072783,0.965386
4,1,20260705_213721_6edrqn__outer04__inner01__aug02,20260705_213721_6edrqn,train,user1,ঈ,0.434278,1.044986,0.043199,-0.048938,0.007694,0.03051,1.192181
4,1,20260705_213721_6edrqn__outer04__inner01__aug03,20260705_213721_6edrqn,train,user1,ঈ,4.563011,0.916182,-0.006681,-0.031344,0.003445,0.041956,0.860158
4,1,20260705_213804_scynf9__outer04__inner01__aug01,20260705_213804_scynf9,train,user1,ঈ,5.712054,1.033961,-0.035711,-0.013292,0.004315,0.069216,0.823172
4,1,20260705_213804_scynf9__outer04__inner01__aug02,20260705_213804_scynf9,train,user1,ঈ,6.082586,1.029859,-0.020522,0.000916,0.003641,0.031122,1.130094
4,1,20260705_213804_scynf9__outer04__inner01__aug03,20260705_213804_scynf9,train,user1,ঈ,-3.353002,1.038413,-0.035928,0.003774,0.007581,0.045115,0.923265
4,1,20260705_213852_tuebtl__outer04__inner01__aug01,20260705_213852_tuebtl,train,user1,ঈ,-1.245397,1.075234,-0.01075,-0.025462,0.004922,0.043337,1.202085
4,1,20260705_213852_tuebtl__outer04__inner01__aug02,20260705_213852_tuebtl,train,user1,ঈ,-2.152384,1.084657,-0.043536,-0.015973,0.004727,0.079057,0.998942
4,1,20260705_213852_tuebtl__outer04__inner01__aug03,20260705_213852_tuebtl,train,user1,ঈ,-0.879656,0.922542,-0.02248,0.042893,0.004193,0.051117,0.997633
4,1,20260705_213943_7qqvt7__outer04__inner01__aug01,20260705_213943_7qqvt7,train,user1,ঈ,-5.730242,1.047454,0.001626,0.007069,0.007471,0.077497,0.862138
4,1,20260705_213943_7qqvt7__outer04__inner01__aug02,20260705_213943_7qqvt7,train,user1,ঈ,1.409695,1.048021,-0.032899,-0.01712,0.005172,0.079053,0.965762
4,1,20260705_213943_7qqvt7__outer04__inner01__aug03,20260705_213943_7qqvt7,train,user1,ঈ,3.948241,1.001378,0.002413,-0.044006,0.004846,0.037149,1.202371
4,1,20260705_214029_z7ddbl__outer04__inner01__aug01,20260705_214029_z7ddbl,train,user1,ঈ,4.660345,1.097982,0.045467,-0.023011,0.004045,0.079907,0.956513
4,1,20260705_214029_z7ddbl__outer04__inner01__aug02,20260705_214029_z7ddbl,train,user1,ঈ,-6.087724,0.948851,0.030128,-0.014419,0.005342,0.070789,0.863803
4,1,20260705_214029_z7ddbl__outer04__inner01__aug03,20260705_214029_z7ddbl,train,user1,ঈ,-2.769917,0.947237,-0.03297,0.022839,0.005219,0.073602,1.125445
4,1,20260705_214107_b894ld__outer04__inner01__aug01,20260705_214107_b894ld,train,user1,ঈ,-5.631844,0.97514,0.022623,-0.031032,0.006718,0.058923,0.932143
4,1,20260705_214107_b894ld__outer04__inner01__aug02,20260705_214107_b894ld,train,user1,ঈ,-1.434118,1.028333,0.030916,0.038624,0.007559,0.058988,1.176625
4,1,20260705_214107_b894ld__outer04__inner01__aug03,20260705_214107_b894ld,train,user1,ঈ,-2.345116,0.936248,0.006048,-0.02089,0.006228,0.035862,1.044709
4,1,20260705_215457_yruoxw__outer04__inner01__aug01,20260705_215457_yruoxw,train,user1,ঈ,-0.535425,1.035098,0.043582,-0.017989,0.004966,0.063311,0.861217
4,1,20260705_215457_yruoxw__outer04__inner01__aug02,20260705_215457_yruoxw,train,user1,ঈ,0.537923,0.922679,-0.026981,0.007429,0.004106,0.071897,0.865317
4,1,20260705_215457_yruoxw__outer04__inner01__aug03,20260705_215457_yruoxw,train,user1,ঈ,2.714573,1.094107,-0.022149,0.040351,0.003718,0.04612,1.178076
4,1,20260705_215539_dr61qv__outer04__inner01__aug01,20260705_215539_dr61qv,train,user1,ঈ,-6.405888,0.926466,0.008213,-0.009146,0.005909,0.04349,1.237527
4,1,20260705_215539_dr61qv__outer04__inner01__aug02,20260705_215539_dr61qv,train,user1,ঈ,3.896054,1.039805,-0.011675,-0.00031,0.006637,0.036398,0.906542
4,1,20260705_215539_dr61qv__outer04__inner01__aug03,20260705_215539_dr61qv,train,user1,ঈ,2.998238,0.952404,-0.036116,-0.007212,0.006928,0.059144,1.114714
4,1,20260705_215654_07cd7w__outer04__inner01__aug01,20260705_215654_07cd7w,train,user1,ঈ,4.762102,0.938465,-0.030416,0.030772,0.006,0.06521,0.927246
4,1,20260705_215654_07cd7w__outer04__inner01__aug02,20260705_215654_07cd7w,train,user1,ঈ,5.322131,1.049921,-0.022076,-0.028391,0.003043,0.061153,1.208923
4,1,20260705_215654_07cd7w__outer04__inner01__aug03,20260705_215654_07cd7w,train,user1,ঈ,-5.077597,1.079689,-0.022628,-0.002458,0.003731,0.047854,1.098458
4,1,20260705_215745_i5n9h7__outer04__inner01__aug01,20260705_215745_i5n9h7,train,user1,ঈ,-0.31983,1.005142,-0.034467,0.008287,0.006748,0.076342,1.175575
4,1,20260705_215745_i5n9h7__outer04__inner01__aug02,20260705_215745_i5n9h7,train,user1,ঈ,3.846754,0.997791,-0.02052,-0.024462,0.003334,0.033489,1.104237
4,1,20260705_215745_i5n9h7__outer04__inner01__aug03,20260705_215745_i5n9h7,train,user1,ঈ,-5.571634,0.996477,0.012583,0.031986,0.005657,0.055993,0.940871
4,1,20260711_200812_18txgi__outer04__inner01__aug01,20260711_200812_18txgi,train,user3,অ,-1.838929,1.000656,-0.038893,0.005808,0.005574,0.073579,1.142956
4,1,20260711_200812_18txgi__outer04__inner01__aug02,20260711_200812_18txgi,train,user3,অ,-2.499438,0.973872,-0.01175,-0.042146,0.003496,0.048205,0.908703
4,1,20260711_200812_18txgi__outer04__inner01__aug03,20260711_200812_18txgi,train,user3,অ,-4.864022,1.056874,0.00386,0.009016,0.004854,0.057025,1.099097
4,1,20260711_200917_z1na4w__outer04__inner01__aug01,20260711_200917_z1na4w,train,user3,অ,-3.014307,1.080951,-0.014102,-0.043523,0.003169,0.062729,0.829898
4,1,20260711_200917_z1na4w__outer04__inner01__aug02,20260711_200917_z1na4w,train,user3,অ,0.04068,0.903887,-0.025235,0.030742,0.00609,0.050733,1.16448
4,1,20260711_200917_z1na4w__outer04__inner01__aug03,20260711_200917_z1na4w,train,user3,অ,5.849809,1.082777,-0.047643,0.044385,0.006983,0.039103,1.140692
4,1,20260711_200954_0muns4__outer04__inner01__aug01,20260711_200954_0muns4,train,user3,অ,2.89966,0.975073,0.008879,-0.044073,0.003736,0.06251,0.882947
4,1,20260711_200954_0muns4__outer04__inner01__aug02,20260711_200954_0muns4,train,user3,অ,-4.236237,1.047206,-0.03284,0.021845,0.005196,0.032959,0.972503
4,1,20260711_200954_0muns4__outer04__inner01__aug03,20260711_200954_0muns4,train,user3,অ,0.701666,1.039084,-0.034538,-0.016977,0.007428,0.03714,1.01278
4,1,20260711_201110_jw6cqh__outer04__inner01__aug01,20260711_201110_jw6cqh,train,user3,অ,-4.350453,0.932688,-0.000409,-0.049282,0.003864,0.048209,0.997848
4,1,20260711_201110_jw6cqh__outer04__inner01__aug02,20260711_201110_jw6cqh,train,user3,অ,0.766755,0.935287,0.005517,-0.033449,0.004956,0.03592,0.911346
4,1,20260711_201110_jw6cqh__outer04__inner01__aug03,20260711_201110_jw6cqh,train,user3,অ,-4.638887,1.00885,-0.010064,-0.02805,0.004369,0.044803,1.139783
4,1,20260711_201208_6ylgz1__outer04__inner01__aug01,20260711_201208_6ylgz1,train,user3,অ,-2.732641,1.098569,0.005625,-0.016133,0.003456,0.056972,0.920205
4,1,20260711_201208_6ylgz1__outer04__inner01__aug02,20260711_201208_6ylgz1,train,user3,অ,-0.452354,0.947962,-0.005007,-0.011507,0.007044,0.046749,0.979408
4,1,20260711_201208_6ylgz1__outer04__inner01__aug03,20260711_201208_6ylgz1,train,user3,অ,-5.058008,0.936424,-0.039439,-0.001945,0.007284,0.056876,0.827301
4,1,20260711_201526_9elfv0__outer04__inner01__aug01,20260711_201526_9elfv0,train,user3,অ,3.888265,0.973125,-0.023697,-0.027572,0.004472,0.042681,1.004264
4,1,20260711_201526_9elfv0__outer04__inner01__aug02,20260711_201526_9elfv0,train,user3,অ,-5.682867,1.037781,0.025777,-0.034181,0.007107,0.066916,0.815271
4,1,20260711_201526_9elfv0__outer04__inner01__aug03,20260711_201526_9elfv0,train,user3,অ,-5.638775,0.938485,0.045663,-0.031409,0.003821,0.067841,1.141362
4,1,20260711_201609_iv7642__outer04__inner01__aug01,20260711_201609_iv7642,train,user3,অ,-2.731827,1.030614,-0.015322,-0.004441,0.007425,0.050212,1.215838
4,1,20260711_201609_iv7642__outer04__inner01__aug02,20260711_201609_iv7642,train,user3,অ,2.68513,1.089335,-0.001475,0.028222,0.005653,0.051463,1.20132
4,1,20260711_201609_iv7642__outer04__inner01__aug03,20260711_201609_iv7642,train,user3,অ,-4.494272,0.962419,0.01661,-0.026617,0.004275,0.032482,0.864765
4,1,20260711_201811_0znu6g__outer04__inner01__aug01,20260711_201811_0znu6g,train,user3,অ,0.740468,0.950704,0.012148,-0.040224,0.005131,0.0346,1.161164
4,1,20260711_201811_0znu6g__outer04__inner01__aug02,20260711_201811_0znu6g,train,user3,অ,4.597113,1.017799,0.032699,0.035496,0.004189,0.032079,0.882229
4,1,20260711_201811_0znu6g__outer04__inner01__aug03,20260711_201811_0znu6g,train,user3,অ,-4.398665,1.059276,-0.041633,-0.042378,0.004602,0.066632,1.229122
4,1,20260711_201916_nc9ara__outer04__inner01__aug01,20260711_201916_nc9ara,train,user3,অ,3.141488,0.988853,0.00836,-0.022604,0.007506,0.035414,1.200007
4,1,20260711_201916_nc9ara__outer04__inner01__aug02,20260711_201916_nc9ara,train,user3,অ,1.329993,0.994593,0.044136,0.023029,0.006121,0.038339,0.842499
4,1,20260711_201916_nc9ara__outer04__inner01__aug03,20260711_201916_nc9ara,train,user3,অ,6.746605,0.992042,0.019933,0.042251,0.0074,0.055643,0.806276
4,1,20260711_201953_sai9ew__outer04__inner01__aug01,20260711_201953_sai9ew,train,user3,অ,-3.460947,0.981795,-0.008535,-0.039176,0.006874,0.033669,1.214356
4,1,20260711_201953_sai9ew__outer04__inner01__aug02,20260711_201953_sai9ew,train,user3,অ,-1.455372,0.979656,0.04055,0.049778,0.006185,0.045424,1.13077
4,1,20260711_201953_sai9ew__outer04__inner01__aug03,20260711_201953_sai9ew,train,user3,অ,-0.852664,0.965777,-0.015673,-0.010353,0.004321,0.060359,0.826074
4,1,20260711_202025_bntr0i__outer04__inner01__aug01,20260711_202025_bntr0i,train,user3,অ,-1.247565,1.058241,0.03408,-0.006113,0.006462,0.058502,0.852774
4,1,20260711_202025_bntr0i__outer04__inner01__aug02,20260711_202025_bntr0i,train,user3,অ,3.578436,0.988941,0.024726,-0.035695,0.007792,0.038795,1.237154
4,1,20260711_202025_bntr0i__outer04__inner01__aug03,20260711_202025_bntr0i,train,user3,অ,2.828063,1.061636,-0.030989,-0.002524,0.003343,0.061239,1.101561
4,1,20260711_202714_mwa7m1__outer04__inner01__aug01,20260711_202714_mwa7m1,train,user3,অ,-5.84348,0.922522,-0.007408,0.032371,0.003892,0.071753,0.979358
4,1,20260711_202714_mwa7m1__outer04__inner01__aug02,20260711_202714_mwa7m1,train,user3,অ,-4.488439,0.980038,0.012565,-0.013643,0.005491,0.047273,0.923386
4,1,20260711_202714_mwa7m1__outer04__inner01__aug03,20260711_202714_mwa7m1,train,user3,অ,-1.949439,1.059714,0.00478,0.016536,0.00511,0.04018,0.97406
4,1,20260711_202846_kmy51g__outer04__inner01__aug01,20260711_202846_kmy51g,train,user3,অ,-6.488395,0.904943,0.011976,0.041622,0.005455,0.032028,1.066605
4,1,20260711_202846_kmy51g__outer04__inner01__aug02,20260711_202846_kmy51g,train,user3,অ,-6.126367,1.040942,-0.033487,-0.02577,0.003162,0.042445,1.111424
4,1,20260711_202846_kmy51g__outer04__inner01__aug03,20260711_202846_kmy51g,train,user3,অ,-5.041169,1.077275,-0.049441,-0.018626,0.00549,0.037601,0.916002
4,1,20260711_203013_i4o0om__outer04__inner01__aug01,20260711_203013_i4o0om,train,user3,অ,5.541216,0.987396,-0.028893,-0.018937,0.007595,0.05757,1.206652
4,1,20260711_203013_i4o0om__outer04__inner01__aug02,20260711_203013_i4o0om,train,user3,অ,0.056352,1.014075,0.047442,-0.030299,0.003189,0.07391,0.879287
4,1,20260711_203013_i4o0om__outer04__inner01__aug03,20260711_203013_i4o0om,train,user3,অ,-2.693724,0.984093,-0.004591,-0.014883,0.005397,0.034219,0.939578
4,1,20260711_203112_15gnzj__outer04__inner01__aug01,20260711_203112_15gnzj,train,user3,অ,-1.73357,1.018185,0.001389,-0.049355,0.005678,0.047712,1.108357
4,1,20260711_203112_15gnzj__outer04__inner01__aug02,20260711_203112_15gnzj,train,user3,অ,-2.570234,0.933919,-0.028745,-0.008304,0.006716,0.078737,1.23067
4,1,20260711_203112_15gnzj__outer04__inner01__aug03,20260711_203112_15gnzj,train,user3,অ,-0.42666,0.963672,0.025258,-0.030659,0.007603,0.074878,0.974566
4,1,20260711_205524_jbk5pv__outer04__inner01__aug01,20260711_205524_jbk5pv,train,user3,আ,6.022099,1.058128,-0.007967,0.000791,0.005756,0.073452,1.058507
4,1,20260711_205524_jbk5pv__outer04__inner01__aug02,20260711_205524_jbk5pv,train,user3,আ,-0.11565,1.082636,0.04534,0.047285,0.003712,0.056778,1.037194
4,1,20260711_205524_jbk5pv__outer04__inner01__aug03,20260711_205524_jbk5pv,train,user3,আ,4.363201,0.97921,-0.049751,0.033338,0.006803,0.064088,1.14339
4,1,20260711_205559_azslan__outer04__inner01__aug01,20260711_205559_azslan,train,user3,আ,-0.323,1.077422,-0.049227,0.045691,0.006425,0.051709,1.240562
4,1,20260711_205559_azslan__outer04__inner01__aug02,20260711_205559_azslan,train,user3,আ,0.340438,1.029554,0.007599,0.048039,0.005583,0.040254,1.12646
4,1,20260711_205559_azslan__outer04__inner01__aug03,20260711_205559_azslan,train,user3,আ,2.171213,0.97277,-0.017199,0.023002,0.006812,0.048977,1.167914
4,1,20260711_205630_gydvnp__outer04__inner01__aug01,20260711_205630_gydvnp,train,user3,আ,-6.763899,1.011912,0.045069,0.047872,0.004103,0.054014,0.822007
4,1,20260711_205630_gydvnp__outer04__inner01__aug02,20260711_205630_gydvnp,train,user3,আ,5.338088,1.068876,-0.037351,-0.014896,0.007272,0.070738,0.93165
4,1,20260711_205630_gydvnp__outer04__inner01__aug03,20260711_205630_gydvnp,train,user3,আ,6.106609,0.98255,0.00368,0.00068,0.004602,0.048053,1.2371
4,1,20260711_205707_n57400__outer04__inner01__aug01,20260711_205707_n57400,train,user3,আ,3.099479,1.047879,0.019797,5.6e-05,0.00382,0.046939,1.051267
4,1,20260711_205707_n57400__outer04__inner01__aug02,20260711_205707_n57400,train,user3,আ,-5.753713,1.043338,0.048552,-0.013639,0.006828,0.070735,1.105283
4,1,20260711_205707_n57400__outer04__inner01__aug03,20260711_205707_n57400,train,user3,আ,-2.715742,1.047597,0.049949,-0.032905,0.007302,0.04636,0.831688
4,1,20260711_205748_usnulf__outer04__inner01__aug01,20260711_205748_usnulf,train,user3,আ,5.112288,0.99495,-0.033844,0.042235,0.007604,0.076237,0.861923
4,1,20260711_205748_usnulf__outer04__inner01__aug02,20260711_205748_usnulf,train,user3,আ,4.553642,1.048379,-0.002762,-0.023556,0.006136,0.034194,1.215116
4,1,20260711_205748_usnulf__outer04__inner01__aug03,20260711_205748_usnulf,train,user3,আ,2.874937,0.931333,-0.001417,0.002077,0.003214,0.070104,1.172508
4,2,20260711_220930_a944cy__outer04__inner02__aug01,20260711_220930_a944cy,train,for_bonhi,ঔ,1.864268,0.922991,-0.049298,0.011338,0.007336,0.034552,0.982972
4,2,20260711_220930_a944cy__outer04__inner02__aug02,20260711_220930_a944cy,train,for_bonhi,ঔ,-1.940125,1.039429,0.031794,0.036183,0.005529,0.034064,1.230041
4,2,20260711_220930_a944cy__outer04__inner02__aug03,20260711_220930_a944cy,train,for_bonhi,ঔ,-1.614622,0.908378,0.011845,-0.024334,0.004315,0.035152,1.009717
4,2,20260703_231939_jmltkn__outer04__inner02__aug01,20260703_231939_jmltkn,train,user1,অ,-0.253422,0.972538,0.00611,-0.003786,0.003271,0.042029,1.136375
4,2,20260703_231939_jmltkn__outer04__inner02__aug02,20260703_231939_jmltkn,train,user1,অ,-5.067191,1.017551,0.001036,0.038693,0.005222,0.077023,1.062157
4,2,20260703_231939_jmltkn__outer04__inner02__aug03,20260703_231939_jmltkn,train,user1,অ,-2.551179,1.055385,-0.032492,0.01109,0.004241,0.068032,1.098978
4,2,20260704_230134_0i7e7o__outer04__inner02__aug01,20260704_230134_0i7e7o,train,user1,অ,-6.897369,0.92991,-0.039999,-0.020967,0.00672,0.079763,1.169967
4,2,20260704_230134_0i7e7o__outer04__inner02__aug02,20260704_230134_0i7e7o,train,user1,অ,1.42146,0.992352,0.031437,0.019996,0.00356,0.032608,0.895373
4,2,20260704_230134_0i7e7o__outer04__inner02__aug03,20260704_230134_0i7e7o,train,user1,অ,4.299693,0.983254,0.009493,-0.029293,0.007097,0.054759,1.16446
4,2,20260704_230207_s0bru0__outer04__inner02__aug01,20260704_230207_s0bru0,train,user1,অ,0.628176,1.012295,-0.023026,0.037015,0.007014,0.049702,0.805236
4,2,20260704_230207_s0bru0__outer04__inner02__aug02,20260704_230207_s0bru0,train,user1,অ,3.911254,0.988775,0.029839,-0.037353,0.003902,0.06874,0.954608
4,2,20260704_230207_s0bru0__outer04__inner02__aug03,20260704_230207_s0bru0,train,user1,অ,0.425984,1.03381,-0.025804,-0.042075,0.003716,0.036059,0.956014
4,2,20260704_230243_20ggrl__outer04__inner02__aug01,20260704_230243_20ggrl,train,user1,অ,-5.121828,0.932918,-0.045525,-0.034023,0.004138,0.047813,0.914722
4,2,20260704_230243_20ggrl__outer04__inner02__aug02,20260704_230243_20ggrl,train,user1,অ,1.955339,1.065344,-0.038408,0.027609,0.007627,0.035134,1.174548
4,2,20260704_230243_20ggrl__outer04__inner02__aug03,20260704_230243_20ggrl,train,user1,অ,6.052086,0.942608,-0.017133,0.011519,0.003012,0.051021,1.12482
4,2,20260704_230314_biogka__outer04__inner02__aug01,20260704_230314_biogka,train,user1,অ,-5.246009,1.040382,-0.045194,0.033826,0.004715,0.037255,0.851171
4,2,20260704_230314_biogka__outer04__inner02__aug02,20260704_230314_biogka,train,user1,অ,-2.449249,1.01091,0.0179,0.009101,0.004922,0.068734,0.976066
4,2,20260704_230314_biogka__outer04__inner02__aug03,20260704_230314_biogka,train,user1,অ,3.776004,0.932444,0.017026,-0.042411,0.007079,0.058833,1.216239
4,2,20260704_230343_z76un4__outer04__inner02__aug01,20260704_230343_z76un4,train,user1,অ,-1.753526,0.967799,-0.000945,-0.02387,0.003796,0.070102,1.129653
4,2,20260704_230343_z76un4__outer04__inner02__aug02,20260704_230343_z76un4,train,user1,অ,0.200915,1.010693,-0.029523,-0.021351,0.00401,0.033295,1.230061
4,2,20260704_230343_z76un4__outer04__inner02__aug03,20260704_230343_z76un4,train,user1,অ,0.671765,0.944789,-0.018814,-0.024791,0.007526,0.078471,0.984544
4,2,20260704_230438_1by20a__outer04__inner02__aug01,20260704_230438_1by20a,train,user1,অ,-4.101984,0.912551,0.024798,-0.026762,0.007475,0.071646,0.963238
4,2,20260704_230438_1by20a__outer04__inner02__aug02,20260704_230438_1by20a,train,user1,অ,-5.271683,1.027037,0.023489,-0.029872,0.007388,0.04755,1.211572
4,2,20260704_230438_1by20a__outer04__inner02__aug03,20260704_230438_1by20a,train,user1,অ,-6.655846,0.935301,0.010634,0.013561,0.00785,0.065145,0.825768
4,2,20260704_230508_zz8agk__outer04__inner02__aug01,20260704_230508_zz8agk,train,user1,অ,6.874446,0.918186,0.031975,0.011287,0.003855,0.057004,1.066388
4,2,20260704_230508_zz8agk__outer04__inner02__aug02,20260704_230508_zz8agk,train,user1,অ,-2.397679,0.966403,0.039897,-0.001091,0.006727,0.067813,0.837814
4,2,20260704_230508_zz8agk__outer04__inner02__aug03,20260704_230508_zz8agk,train,user1,অ,-6.44964,0.923651,-0.043616,-0.021914,0.004161,0.064279,0.911096
4,2,20260704_230530_8783vw__outer04__inner02__aug01,20260704_230530_8783vw,train,user1,অ,0.231503,1.010402,-0.014765,0.047808,0.005922,0.030265,1.084422
4,2,20260704_230530_8783vw__outer04__inner02__aug02,20260704_230530_8783vw,train,user1,অ,1.553883,0.94519,-0.028451,-0.0187,0.005284,0.066138,1.13329
4,2,20260704_230530_8783vw__outer04__inner02__aug03,20260704_230530_8783vw,train,user1,অ,6.646281,0.930333,-0.004784,0.046114,0.006148,0.040866,0.953542
4,2,20260704_230601_9fuwl5__outer04__inner02__aug01,20260704_230601_9fuwl5,train,user1,অ,-6.090031,1.00716,-0.02991,-0.039494,0.004378,0.071162,1.068858
4,2,20260704_230601_9fuwl5__outer04__inner02__aug02,20260704_230601_9fuwl5,train,user1,অ,2.88606,0.935545,0.044962,0.010826,0.006123,0.03558,0.969822
4,2,20260704_230601_9fuwl5__outer04__inner02__aug03,20260704_230601_9fuwl5,train,user1,অ,3.081838,1.061974,-0.007428,-0.04951,0.005676,0.03796,1.103563
4,2,20260704_230631_iep9zz__outer04__inner02__aug01,20260704_230631_iep9zz,train,user1,অ,-3.388457,1.048976,-0.005747,0.036244,0.006782,0.047434,1.156029
4,2,20260704_230631_iep9zz__outer04__inner02__aug02,20260704_230631_iep9zz,train,user1,অ,-2.427668,1.032236,0.00125,0.039373,0.007762,0.039748,1.186646
4,2,20260704_230631_iep9zz__outer04__inner02__aug03,20260704_230631_iep9zz,train,user1,অ,6.48773,1.063244,-0.047299,0.046306,0.004123,0.040998,1.20573
4,2,20260709_222041_giojuy__outer04__inner02__aug01,20260709_222041_giojuy,train,user1,অ,6.209648,1.027653,0.040116,0.014895,0.003803,0.052057,1.244958
4,2,20260709_222041_giojuy__outer04__inner02__aug02,20260709_222041_giojuy,train,user1,অ,-4.867744,0.959044,-0.02441,-0.036162,0.006983,0.035815,1.2444
4,2,20260709_222041_giojuy__outer04__inner02__aug03,20260709_222041_giojuy,train,user1,অ,-1.892484,1.005831,-1.5e-05,-0.002155,0.006823,0.053301,0.860501
4,2,20260704_230720_4nlmlz__outer04__inner02__aug01,20260704_230720_4nlmlz,train,user1,আ,-5.858989,1.027949,0.008099,-0.035283,0.007134,0.055348,1.092112
4,2,20260704_230720_4nlmlz__outer04__inner02__aug02,20260704_230720_4nlmlz,train,user1,আ,2.742896,1.097653,-0.040534,0.012228,0.006669,0.048488,0.959336
4,2,20260704_230720_4nlmlz__outer04__inner02__aug03,20260704_230720_4nlmlz,train,user1,আ,-2.928484,1.068477,-0.011916,0.019493,0.0049,0.070288,0.834702
4,2,20260704_230748_cofjqd__outer04__inner02__aug01,20260704_230748_cofjqd,train,user1,আ,4.781472,0.924979,-0.029914,0.009366,0.007488,0.068367,1.043739
4,2,20260704_230748_cofjqd__outer04__inner02__aug02,20260704_230748_cofjqd,train,user1,আ,-6.714329,0.988676,0.007479,-0.02028,0.00415,0.055332,0.839813
4,2,20260704_230748_cofjqd__outer04__inner02__aug03,20260704_230748_cofjqd,train,user1,আ,3.759852,0.998752,-0.019185,-0.014998,0.00546,0.03408,0.958275
4,2,20260704_230823_p4djtm__outer04__inner02__aug01,20260704_230823_p4djtm,train,user1,আ,4.657837,0.996171,-0.042497,0.021254,0.006298,0.056098,1.177164
4,2,20260704_230823_p4djtm__outer04__inner02__aug02,20260704_230823_p4djtm,train,user1,আ,-6.075214,0.983328,-0.040626,0.020809,0.004374,0.072753,1.120969
4,2,20260704_230823_p4djtm__outer04__inner02__aug03,20260704_230823_p4djtm,train,user1,আ,-4.665354,0.91743,-0.003235,0.002854,0.006191,0.040492,1.02485
4,2,20260704_230900_jm6b9y__outer04__inner02__aug01,20260704_230900_jm6b9y,train,user1,আ,1.83605,1.061501,0.017884,-0.010203,0.003257,0.045551,1.067769
4,2,20260704_230900_jm6b9y__outer04__inner02__aug02,20260704_230900_jm6b9y,train,user1,আ,-4.409212,1.098368,-0.006413,0.019517,0.007194,0.054774,1.106728
4,2,20260704_230900_jm6b9y__outer04__inner02__aug03,20260704_230900_jm6b9y,train,user1,আ,1.004293,1.093816,-0.039865,-0.029181,0.00639,0.042243,0.895645
4,2,20260704_230941_ogdcp4__outer04__inner02__aug01,20260704_230941_ogdcp4,train,user1,আ,-6.133836,1.018988,0.019891,-0.025171,0.006811,0.071508,1.122325
4,2,20260704_230941_ogdcp4__outer04__inner02__aug02,20260704_230941_ogdcp4,train,user1,আ,5.788394,0.991926,0.002661,0.044081,0.007202,0.071327,0.807062
4,2,20260704_230941_ogdcp4__outer04__inner02__aug03,20260704_230941_ogdcp4,train,user1,আ,4.11857,0.905793,-0.025742,0.01603,0.005654,0.069914,1.104642
4,2,20260704_231010_4ha6y7__outer04__inner02__aug01,20260704_231010_4ha6y7,train,user1,আ,1.822918,1.063903,0.023335,-0.011659,0.006711,0.077739,0.897499
4,2,20260704_231010_4ha6y7__outer04__inner02__aug02,20260704_231010_4ha6y7,train,user1,আ,6.014275,0.981271,-0.023241,-0.017756,0.00521,0.067245,1.248602
4,2,20260704_231010_4ha6y7__outer04__inner02__aug03,20260704_231010_4ha6y7,train,user1,আ,-0.862533,1.067516,0.039397,-0.010174,0.00674,0.078579,0.82463
4,2,20260728_232136_0wkg0v__outer04__inner02__aug01,20260728_232136_0wkg0v,train,user1,আ,3.456907,0.924845,-0.027441,-0.027828,0.00729,0.079697,1.036638
4,2,20260728_232136_0wkg0v__outer04__inner02__aug02,20260728_232136_0wkg0v,train,user1,আ,5.417805,1.072451,-0.007613,0.043606,0.004614,0.078813,1.080511
4,2,20260728_232136_0wkg0v__outer04__inner02__aug03,20260728_232136_0wkg0v,train,user1,আ,-6.566423,1.036293,0.045246,-0.029422,0.004629,0.079801,1.005382
4,2,20260728_232203_7c77zv__outer04__inner02__aug01,20260728_232203_7c77zv,train,user1,আ,-0.088365,1.041807,0.017282,-0.027879,0.00795,0.079775,0.894606
4,2,20260728_232203_7c77zv__outer04__inner02__aug02,20260728_232203_7c77zv,train,user1,আ,2.343923,1.007784,0.048019,-0.025811,0.005447,0.049029,1.002222
4,2,20260728_232203_7c77zv__outer04__inner02__aug03,20260728_232203_7c77zv,train,user1,আ,4.192541,0.954762,-0.008751,-0.021258,0.005921,0.044173,0.974164
4,2,20260728_232238_kgwkds__outer04__inner02__aug01,20260728_232238_kgwkds,train,user1,আ,4.661485,1.060379,0.029568,0.006182,0.006886,0.036058,1.129329
4,2,20260728_232238_kgwkds__outer04__inner02__aug02,20260728_232238_kgwkds,train,user1,আ,3.028434,1.02432,-0.021038,-0.029968,0.007501,0.050728,1.229292
4,2,20260728_232238_kgwkds__outer04__inner02__aug03,20260728_232238_kgwkds,train,user1,আ,5.605232,0.981583,-0.020985,-0.038583,0.003471,0.074069,0.974333
4,2,20260728_232316_s2ep8l__outer04__inner02__aug01,20260728_232316_s2ep8l,train,user1,আ,1.144084,1.055939,-0.024896,-0.043714,0.0065,0.031548,1.045997
4,2,20260728_232316_s2ep8l__outer04__inner02__aug02,20260728_232316_s2ep8l,train,user1,আ,2.65289,0.982114,0.000619,-0.016909,0.006567,0.032722,1.129676
4,2,20260728_232316_s2ep8l__outer04__inner02__aug03,20260728_232316_s2ep8l,train,user1,আ,3.000237,1.024271,-0.044037,0.006127,0.004046,0.061003,0.906491
4,2,20260705_210750_hp0ub6__outer04__inner02__aug01,20260705_210750_hp0ub6,train,user1,ই,2.210209,0.982332,-0.019394,-0.04556,0.006375,0.044151,1.075874
4,2,20260705_210750_hp0ub6__outer04__inner02__aug02,20260705_210750_hp0ub6,train,user1,ই,-4.037928,0.912468,-0.035609,-0.02707,0.007243,0.034037,1.028374
4,2,20260705_210750_hp0ub6__outer04__inner02__aug03,20260705_210750_hp0ub6,train,user1,ই,3.371281,1.058306,0.048578,-0.024972,0.00518,0.07326,1.095393
4,2,20260705_210817_cpe63z__outer04__inner02__aug01,20260705_210817_cpe63z,train,user1,ই,-1.162644,0.98387,-0.011718,0.048801,0.00349,0.050277,1.195408
4,2,20260705_210817_cpe63z__outer04__inner02__aug02,20260705_210817_cpe63z,train,user1,ই,4.44519,1.012759,0.009225,-0.016252,0.006938,0.060747,1.168171
4,2,20260705_210817_cpe63z__outer04__inner02__aug03,20260705_210817_cpe63z,train,user1,ই,1.951147,1.047908,0.016373,0.003603,0.004979,0.032077,1.213045
4,2,20260705_210847_8d63gb__outer04__inner02__aug01,20260705_210847_8d63gb,train,user1,ই,3.666568,1.074513,-0.048755,-0.038616,0.005784,0.047584,0.809518
4,2,20260705_210847_8d63gb__outer04__inner02__aug02,20260705_210847_8d63gb,train,user1,ই,3.192888,0.970807,0.013031,0.027596,0.007647,0.047553,1.121085
4,2,20260705_210847_8d63gb__outer04__inner02__aug03,20260705_210847_8d63gb,train,user1,ই,-0.795821,0.967887,-0.011831,0.013055,0.006763,0.046783,1.044811
4,2,20260705_210914_6z0wyv__outer04__inner02__aug01,20260705_210914_6z0wyv,train,user1,ই,4.124635,0.964548,-0.031435,0.042203,0.006731,0.076367,0.944201
4,2,20260705_210914_6z0wyv__outer04__inner02__aug02,20260705_210914_6z0wyv,train,user1,ই,-6.965841,1.058334,-0.006406,0.024451,0.005691,0.031717,1.155629
4,2,20260705_210914_6z0wyv__outer04__inner02__aug03,20260705_210914_6z0wyv,train,user1,ই,3.240928,0.92809,-0.046994,-0.047861,0.005681,0.068151,1.189657
4,2,20260705_211104_cee4mp__outer04__inner02__aug01,20260705_211104_cee4mp,train,user1,ই,6.435123,1.048312,0.002223,0.035609,0.005276,0.032641,0.81913
4,2,20260705_211104_cee4mp__outer04__inner02__aug02,20260705_211104_cee4mp,train,user1,ই,2.766092,0.940988,-0.000989,0.04131,0.007397,0.073162,1.110578
4,2,20260705_211104_cee4mp__outer04__inner02__aug03,20260705_211104_cee4mp,train,user1,ই,-4.414026,0.953992,-0.048454,0.01733,0.00399,0.069888,0.972556
4,2,20260705_211129_q9xd7j__outer04__inner02__aug01,20260705_211129_q9xd7j,train,user1,ই,-4.022687,1.061162,-0.019007,0.011851,0.004051,0.031302,1.229816
4,2,20260705_211129_q9xd7j__outer04__inner02__aug02,20260705_211129_q9xd7j,train,user1,ই,4.319923,0.992023,-0.009098,0.011164,0.004648,0.077234,0.892247
4,2,20260705_211129_q9xd7j__outer04__inner02__aug03,20260705_211129_q9xd7j,train,user1,ই,-1.891266,1.030063,-0.030675,0.019369,0.003395,0.031245,0.922649
4,2,20260705_211202_fwdefr__outer04__inner02__aug01,20260705_211202_fwdefr,train,user1,ই,5.019734,1.037931,0.000784,-0.024488,0.005134,0.056823,0.965793
4,2,20260705_211202_fwdefr__outer04__inner02__aug02,20260705_211202_fwdefr,train,user1,ই,-4.53514,1.02578,-0.022252,0.035523,0.003702,0.059063,0.845135
4,2,20260705_211202_fwdefr__outer04__inner02__aug03,20260705_211202_fwdefr,train,user1,ই,3.687155,1.042207,-0.022605,-0.001699,0.007234,0.065183,1.182667
4,2,20260705_211229_nco6f5__outer04__inner02__aug01,20260705_211229_nco6f5,train,user1,ই,-5.926163,0.914211,0.031697,0.013903,0.006109,0.052119,1.089922
4,2,20260705_211229_nco6f5__outer04__inner02__aug02,20260705_211229_nco6f5,train,user1,ই,-0.307802,1.070088,0.007858,0.006393,0.003561,0.073496,1.179087
4,2,20260705_211229_nco6f5__outer04__inner02__aug03,20260705_211229_nco6f5,train,user1,ই,-0.187637,1.036232,0.02532,0.039245,0.005473,0.050439,0.961822
4,2,20260705_211257_5zxk15__outer04__inner02__aug01,20260705_211257_5zxk15,train,user1,ই,-5.738839,1.099337,0.047033,0.000279,0.007305,0.069017,0.858
4,2,20260705_211257_5zxk15__outer04__inner02__aug02,20260705_211257_5zxk15,train,user1,ই,5.753336,1.013245,-0.006167,-0.032229,0.004591,0.039796,1.132072
4,2,20260705_211257_5zxk15__outer04__inner02__aug03,20260705_211257_5zxk15,train,user1,ই,1.474083,0.917841,0.042725,0.001792,0.007706,0.042435,1.127402
4,2,20260705_211324_69n6hy__outer04__inner02__aug01,20260705_211324_69n6hy,train,user1,ই,-4.481247,0.923234,0.027811,-0.02053,0.003217,0.074019,1.144207
4,2,20260705_211324_69n6hy__outer04__inner02__aug02,20260705_211324_69n6hy,train,user1,ই,-5.129393,0.901132,0.024934,0.027066,0.004638,0.043174,1.04529
4,2,20260705_211324_69n6hy__outer04__inner02__aug03,20260705_211324_69n6hy,train,user1,ই,2.691481,0.905747,-0.010125,0.031782,0.006683,0.068315,1.035237
4,2,20260705_213721_6edrqn__outer04__inner02__aug01,20260705_213721_6edrqn,train,user1,ঈ,-5.559189,0.979655,0.00496,0.017998,0.007408,0.070186,0.966654
4,2,20260705_213721_6edrqn__outer04__inner02__aug02,20260705_213721_6edrqn,train,user1,ঈ,1.99946,0.90297,0.044142,0.024041,0.005303,0.062565,1.203069
4,2,20260705_213721_6edrqn__outer04__inner02__aug03,20260705_213721_6edrqn,train,user1,ঈ,2.699621,1.012929,-0.017533,-0.01141,0.007054,0.061874,1.242641
4,2,20260705_213804_scynf9__outer04__inner02__aug01,20260705_213804_scynf9,train,user1,ঈ,-5.364923,0.980747,-0.005136,-0.018019,0.004087,0.049615,1.076847
4,2,20260705_213804_scynf9__outer04__inner02__aug02,20260705_213804_scynf9,train,user1,ঈ,-4.463819,1.026178,-0.024219,0.046958,0.005951,0.062177,0.973371
4,2,20260705_213804_scynf9__outer04__inner02__aug03,20260705_213804_scynf9,train,user1,ঈ,-5.52128,0.946785,-0.033328,-0.010064,0.005438,0.063476,1.099795
4,2,20260705_213852_tuebtl__outer04__inner02__aug01,20260705_213852_tuebtl,train,user1,ঈ,-2.778202,0.969542,-0.005835,0.030477,0.006277,0.049023,1.130484
4,2,20260705_213852_tuebtl__outer04__inner02__aug02,20260705_213852_tuebtl,train,user1,ঈ,4.632236,0.969365,-0.034017,-0.048477,0.004457,0.050502,1.211017
4,2,20260705_213852_tuebtl__outer04__inner02__aug03,20260705_213852_tuebtl,train,user1,ঈ,3.877587,0.900567,0.036406,0.023719,0.006663,0.045775,1.20152
4,2,20260705_213943_7qqvt7__outer04__inner02__aug01,20260705_213943_7qqvt7,train,user1,ঈ,4.682373,0.982628,0.017418,0.040331,0.007377,0.051744,1.057502
4,2,20260705_213943_7qqvt7__outer04__inner02__aug02,20260705_213943_7qqvt7,train,user1,ঈ,2.777092,1.060077,-0.003963,-0.02136,0.007191,0.032622,0.926825
4,2,20260705_213943_7qqvt7__outer04__inner02__aug03,20260705_213943_7qqvt7,train,user1,ঈ,6.675908,1.058009,0.029056,0.019518,0.00308,0.040936,1.17314
4,2,20260705_214029_z7ddbl__outer04__inner02__aug01,20260705_214029_z7ddbl,train,user1,ঈ,0.521827,1.08652,0.001082,0.008286,0.003503,0.055621,1.059854
4,2,20260705_214029_z7ddbl__outer04__inner02__aug02,20260705_214029_z7ddbl,train,user1,ঈ,-2.868494,0.966266,-0.029295,0.030905,0.005786,0.073719,1.126373
4,2,20260705_214029_z7ddbl__outer04__inner02__aug03,20260705_214029_z7ddbl,train,user1,ঈ,2.399614,1.097907,0.036016,-0.005349,0.00342,0.065043,1.089427
4,2,20260705_214107_b894ld__outer04__inner02__aug01,20260705_214107_b894ld,train,user1,ঈ,2.141855,0.995899,-0.049134,0.016076,0.003258,0.071527,1.220113
4,2,20260705_214107_b894ld__outer04__inner02__aug02,20260705_214107_b894ld,train,user1,ঈ,3.78465,1.04326,0.045828,-0.042734,0.007825,0.053413,1.153404
4,2,20260705_214107_b894ld__outer04__inner02__aug03,20260705_214107_b894ld,train,user1,ঈ,-5.681542,0.904095,0.046542,-0.016564,0.006385,0.056119,1.105295
4,2,20260705_215457_yruoxw__outer04__inner02__aug01,20260705_215457_yruoxw,train,user1,ঈ,-3.897118,1.056519,0.023945,-0.026587,0.005962,0.055167,0.976936
4,2,20260705_215457_yruoxw__outer04__inner02__aug02,20260705_215457_yruoxw,train,user1,ঈ,4.381848,1.001528,-0.012975,-0.005536,0.007284,0.05089,1.219036
4,2,20260705_215457_yruoxw__outer04__inner02__aug03,20260705_215457_yruoxw,train,user1,ঈ,-6.327896,1.063473,-0.02973,-0.038172,0.004572,0.079588,1.087787
4,2,20260705_215539_dr61qv__outer04__inner02__aug01,20260705_215539_dr61qv,train,user1,ঈ,4.811417,0.916892,0.008659,-0.008993,0.003499,0.039842,1.02962
4,2,20260705_215539_dr61qv__outer04__inner02__aug02,20260705_215539_dr61qv,train,user1,ঈ,-2.462852,0.93196,-0.026309,-0.049624,0.004705,0.046381,1.099412
4,2,20260705_215539_dr61qv__outer04__inner02__aug03,20260705_215539_dr61qv,train,user1,ঈ,-1.490759,0.967311,0.024336,-9.9e-05,0.003944,0.037452,0.945387
4,2,20260705_215654_07cd7w__outer04__inner02__aug01,20260705_215654_07cd7w,train,user1,ঈ,-5.051159,0.946373,0.036793,-0.006527,0.003475,0.036987,1.066612
4,2,20260705_215654_07cd7w__outer04__inner02__aug02,20260705_215654_07cd7w,train,user1,ঈ,-0.391816,0.995964,-0.012293,0.014794,0.00374,0.060173,0.842609
4,2,20260705_215654_07cd7w__outer04__inner02__aug03,20260705_215654_07cd7w,train,user1,ঈ,-3.576266,0.960851,-0.025954,0.043015,0.006716,0.059465,0.856767
4,2,20260705_215745_i5n9h7__outer04__inner02__aug01,20260705_215745_i5n9h7,train,user1,ঈ,4.644644,0.982977,-0.024326,0.027238,0.003825,0.052865,0.806132
4,2,20260705_215745_i5n9h7__outer04__inner02__aug02,20260705_215745_i5n9h7,train,user1,ঈ,1.735462,0.900091,-0.013401,-0.007422,0.005469,0.052089,0.986987
4,2,20260705_215745_i5n9h7__outer04__inner02__aug03,20260705_215745_i5n9h7,train,user1,ঈ,3.108761,1.021794,0.002939,0.000519,0.005598,0.074223,1.222478
4,2,20260704_232121_lcxi4y__outer04__inner02__aug01,20260704_232121_lcxi4y,train,user2,অ,-5.852204,1.092455,-0.023903,-0.025359,0.004335,0.041338,1.186008
4,2,20260704_232121_lcxi4y__outer04__inner02__aug02,20260704_232121_lcxi4y,train,user2,অ,5.515491,0.927163,-0.048964,-0.007703,0.006071,0.055337,1.193487
4,2,20260704_232121_lcxi4y__outer04__inner02__aug03,20260704_232121_lcxi4y,train,user2,অ,2.591258,0.948688,0.009479,-0.003777,0.00335,0.033288,0.818039
4,2,20260728_232630_znnts0__outer04__inner02__aug01,20260728_232630_znnts0,train,user2,অ,-4.573519,1.071003,0.031708,-0.033364,0.004636,0.030328,1.158909
4,2,20260728_232630_znnts0__outer04__inner02__aug02,20260728_232630_znnts0,train,user2,অ,-6.234538,0.943436,-0.0291,0.02678,0.00695,0.07016,1.123194
4,2,20260728_232630_znnts0__outer04__inner02__aug03,20260728_232630_znnts0,train,user2,অ,6.555996,0.962313,-0.029797,-0.030289,0.003151,0.045312,1.053345
4,2,20260728_232652_hdsmyh__outer04__inner02__aug01,20260728_232652_hdsmyh,train,user2,অ,2.129963,0.967202,0.02537,0.010957,0.005778,0.035618,1.116139
4,2,20260728_232652_hdsmyh__outer04__inner02__aug02,20260728_232652_hdsmyh,train,user2,অ,-5.21312,1.025508,-6.6e-05,0.01009,0.006835,0.073351,0.955945
4,2,20260728_232652_hdsmyh__outer04__inner02__aug03,20260728_232652_hdsmyh,train,user2,অ,1.580141,1.074735,-0.007648,-0.029421,0.003206,0.034221,1.197879
4,2,20260728_232714_hincfq__outer04__inner02__aug01,20260728_232714_hincfq,train,user2,অ,-4.644627,1.042502,-0.022882,0.018759,0.007996,0.035998,0.977672
4,2,20260728_232714_hincfq__outer04__inner02__aug02,20260728_232714_hincfq,train,user2,অ,6.706611,0.953709,-0.003851,-0.006033,0.006979,0.04636,1.219242
4,2,20260728_232714_hincfq__outer04__inner02__aug03,20260728_232714_hincfq,train,user2,অ,-0.682402,0.953977,0.03467,-0.00524,0.006066,0.0494,0.92269
4,2,20260728_232741_j1gvgu__outer04__inner02__aug01,20260728_232741_j1gvgu,train,user2,অ,-0.524616,0.943939,0.044762,-0.032901,0.003439,0.044131,1.23441
4,2,20260728_232741_j1gvgu__outer04__inner02__aug02,20260728_232741_j1gvgu,train,user2,অ,5.981706,0.997568,0.022015,-0.019806,0.005469,0.032293,0.989819
4,2,20260728_232741_j1gvgu__outer04__inner02__aug03,20260728_232741_j1gvgu,train,user2,অ,-3.726744,0.934271,-0.046674,0.013334,0.003103,0.041793,1.23783
4,2,20260704_232148_mqf5ea__outer04__inner02__aug01,20260704_232148_mqf5ea,train,user2,আ,-3.004833,1.074032,0.049444,-0.049318,0.004136,0.054785,0.994764
4,2,20260704_232148_mqf5ea__outer04__inner02__aug02,20260704_232148_mqf5ea,train,user2,আ,5.334761,1.085488,0.04276,-0.02499,0.004563,0.04144,1.093332
4,2,20260704_232148_mqf5ea__outer04__inner02__aug03,20260704_232148_mqf5ea,train,user2,আ,1.969847,0.934433,-0.02541,-0.016924,0.00512,0.046238,1.222307
4,2,20260728_232436_9i4gi8__outer04__inner02__aug01,20260728_232436_9i4gi8,train,user2,আ,-4.761336,1.0501,0.002894,-0.004572,0.004005,0.038996,1.238173
4,2,20260728_232436_9i4gi8__outer04__inner02__aug02,20260728_232436_9i4gi8,train,user2,আ,3.921836,0.959566,-0.016377,-0.0201,0.007609,0.042111,1.241866
4,2,20260728_232436_9i4gi8__outer04__inner02__aug03,20260728_232436_9i4gi8,train,user2,আ,5.109429,0.928151,-0.022559,0.0137,0.004502,0.062634,0.996008
4,2,20260728_232459_m6l3cf__outer04__inner02__aug01,20260728_232459_m6l3cf,train,user2,আ,3.934697,1.09513,-0.0161,-0.018377,0.00513,0.070506,0.861521
4,2,20260728_232459_m6l3cf__outer04__inner02__aug02,20260728_232459_m6l3cf,train,user2,আ,-0.562692,0.959912,0.019261,-0.037456,0.003212,0.072522,1.0188
4,2,20260728_232459_m6l3cf__outer04__inner02__aug03,20260728_232459_m6l3cf,train,user2,আ,0.757104,0.935063,0.014736,-0.009502,0.003826,0.05684,1.187504
4,2,20260728_232520_l4uaan__outer04__inner02__aug01,20260728_232520_l4uaan,train,user2,আ,4.49048,1.098551,0.027263,-0.020987,0.005437,0.055726,0.952173
4,2,20260728_232520_l4uaan__outer04__inner02__aug02,20260728_232520_l4uaan,train,user2,আ,-5.445924,0.972349,-0.027274,0.0322,0.007295,0.054387,1.110878
4,2,20260728_232520_l4uaan__outer04__inner02__aug03,20260728_232520_l4uaan,train,user2,আ,-1.440721,1.032065,-0.026851,-0.027963,0.004204,0.07817,1.168479
4,2,20260728_232556_dwfz7c__outer04__inner02__aug01,20260728_232556_dwfz7c,train,user2,আ,1.453208,1.094074,0.042344,-0.020235,0.005743,0.078923,0.99576
4,2,20260728_232556_dwfz7c__outer04__inner02__aug02,20260728_232556_dwfz7c,train,user2,আ,1.671177,0.991081,0.013663,-0.03476,0.003825,0.042284,0.969041
4,2,20260728_232556_dwfz7c__outer04__inner02__aug03,20260728_232556_dwfz7c,train,user2,আ,2.964071,1.058695,0.01614,-0.015203,0.006651,0.079018,1.206875
4,2,20260704_232218_jf6rio__outer04__inner02__aug01,20260704_232218_jf6rio,train,user2,ই,-5.686729,1.051478,0.04543,0.046195,0.004072,0.062242,1.052642
4,2,20260704_232218_jf6rio__outer04__inner02__aug02,20260704_232218_jf6rio,train,user2,ই,-0.097545,1.077431,0.037527,0.004299,0.00581,0.071028,1.233317
4,2,20260704_232218_jf6rio__outer04__inner02__aug03,20260704_232218_jf6rio,train,user2,ই,-3.380414,1.094003,0.016259,0.048288,0.007268,0.065286,0.923536
4,2,20260728_232810_781yo6__outer04__inner02__aug01,20260728_232810_781yo6,train,user2,ই,2.847594,0.945885,0.029867,0.048704,0.006338,0.075311,1.018478
4,2,20260728_232810_781yo6__outer04__inner02__aug02,20260728_232810_781yo6,train,user2,ই,-2.113835,1.067407,0.02671,0.025579,0.007631,0.061081,1.134728
4,2,20260728_232810_781yo6__outer04__inner02__aug03,20260728_232810_781yo6,train,user2,ই,-3.241068,1.002499,0.033333,0.010698,0.007427,0.066224,1.23259
4,2,20260728_232836_pvgrxn__outer04__inner02__aug01,20260728_232836_pvgrxn,train,user2,ই,-4.008014,1.014558,-0.031516,-0.000518,0.005439,0.049817,1.016354
4,2,20260728_232836_pvgrxn__outer04__inner02__aug02,20260728_232836_pvgrxn,train,user2,ই,4.585599,0.910105,0.029673,0.01194,0.007886,0.07945,0.9203
4,2,20260728_232836_pvgrxn__outer04__inner02__aug03,20260728_232836_pvgrxn,train,user2,ই,-3.845284,1.072874,-0.028334,0.049169,0.007118,0.073676,0.931891
4,2,20260728_233118_pcjncu__outer04__inner02__aug01,20260728_233118_pcjncu,train,user2,ই,-4.996517,1.01323,-0.045647,0.038412,0.004394,0.067111,1.083636
4,2,20260728_233118_pcjncu__outer04__inner02__aug02,20260728_233118_pcjncu,train,user2,ই,-4.461505,1.080286,0.005298,-0.020559,0.003924,0.041577,0.825486
4,2,20260728_233118_pcjncu__outer04__inner02__aug03,20260728_233118_pcjncu,train,user2,ই,-1.294461,1.099799,-0.004274,-0.049143,0.006022,0.05367,1.003285
4,2,20260728_233205_n417cm__outer04__inner02__aug01,20260728_233205_n417cm,train,user2,ই,-6.19326,1.056741,-0.02022,0.037642,0.005138,0.050841,0.909068
4,2,20260728_233205_n417cm__outer04__inner02__aug02,20260728_233205_n417cm,train,user2,ই,-2.963342,0.93793,-0.01652,-0.02111,0.003302,0.069117,1.003553
4,2,20260728_233205_n417cm__outer04__inner02__aug03,20260728_233205_n417cm,train,user2,ই,5.645032,1.045117,0.014245,0.017549,0.004381,0.034475,0.884699
4,2,20260704_232243_1fsapx__outer04__inner02__aug01,20260704_232243_1fsapx,train,user2,ঈ,0.717851,0.938781,-0.026881,0.000841,0.005684,0.069554,1.162924
4,2,20260704_232243_1fsapx__outer04__inner02__aug02,20260704_232243_1fsapx,train,user2,ঈ,-6.727062,1.057197,-0.005193,0.019435,0.004617,0.044225,0.831198
4,2,20260704_232243_1fsapx__outer04__inner02__aug03,20260704_232243_1fsapx,train,user2,ঈ,4.144727,0.943364,-0.024703,0.022785,0.007932,0.057512,1.248318
4,2,20260728_233238_q39ioy__outer04__inner02__aug01,20260728_233238_q39ioy,train,user2,ঈ,6.361947,0.972267,0.009394,-8.3e-05,0.006127,0.032064,1.138554
4,2,20260728_233238_q39ioy__outer04__inner02__aug02,20260728_233238_q39ioy,train,user2,ঈ,-1.418497,1.055191,0.041604,-0.028037,0.007956,0.057824,0.965412
4,2,20260728_233238_q39ioy__outer04__inner02__aug03,20260728_233238_q39ioy,train,user2,ঈ,0.614071,0.990321,0.005771,0.035099,0.004478,0.052488,0.870811
4,2,20260728_233302_e8k0ge__outer04__inner02__aug01,20260728_233302_e8k0ge,train,user2,ঈ,6.872321,0.962669,0.026843,-0.010345,0.004069,0.043924,0.86352
4,2,20260728_233302_e8k0ge__outer04__inner02__aug02,20260728_233302_e8k0ge,train,user2,ঈ,6.770878,1.087105,0.016516,0.033343,0.006153,0.070122,1.015646
4,2,20260728_233302_e8k0ge__outer04__inner02__aug03,20260728_233302_e8k0ge,train,user2,ঈ,-0.515796,1.060454,0.026642,-0.044959,0.007676,0.040845,1.039573
4,2,20260728_233333_nvf18a__outer04__inner02__aug01,20260728_233333_nvf18a,train,user2,ঈ,-2.928343,0.90688,0.014746,-0.002472,0.007767,0.058702,0.988589
4,2,20260728_233333_nvf18a__outer04__inner02__aug02,20260728_233333_nvf18a,train,user2,ঈ,2.662696,0.984615,0.015326,0.003979,0.004186,0.060165,1.116258
4,2,20260728_233333_nvf18a__outer04__inner02__aug03,20260728_233333_nvf18a,train,user2,ঈ,0.384575,1.052822,-0.019837,-0.036036,0.007728,0.078344,0.886032
4,2,20260728_233359_9wg8n4__outer04__inner02__aug01,20260728_233359_9wg8n4,train,user2,ঈ,3.1613,0.973901,0.018324,-0.021543,0.004519,0.038767,0.920831
4,2,20260728_233359_9wg8n4__outer04__inner02__aug02,20260728_233359_9wg8n4,train,user2,ঈ,5.769394,0.975797,0.034507,0.021831,0.003606,0.07538,1.200123
4,2,20260728_233359_9wg8n4__outer04__inner02__aug03,20260728_233359_9wg8n4,train,user2,ঈ,1.379311,1.016723,-0.018964,-0.016243,0.007858,0.065099,1.161873
