outer_fold_id,inner_fold_id,augmented_sample_id,source_sample_id,user_id,label,source_video_path,brightness,contrast,motion_blur_kernel,frame_dropout_rate,crop_translation_x,crop_translation_y
0,0,20260703_231939_jmltkn__outer00__inner00__aug01,20260703_231939_jmltkn,user1,অ,output/user1/অ/অ_20260703_231939_jmltkn.mp4,0.914748,0.972177,3,0.018026,-0.01129,0.032882
0,0,20260703_231939_jmltkn__outer00__inner00__aug02,20260703_231939_jmltkn,user1,অ,output/user1/অ/অ_20260703_231939_jmltkn.mp4,0.887845,0.920242,3,0.085942,0.035639,0.011819
0,0,20260703_231939_jmltkn__outer00__inner00__aug03,20260703_231939_jmltkn,user1,অ,output/user1/অ/অ_20260703_231939_jmltkn.mp4,0.936276,0.996316,5,0.02565,0.032513,0.005576
0,0,20260704_230134_0i7e7o__outer00__inner00__aug01,20260704_230134_0i7e7o,user1,অ,output/user1/অ/অ_20260704_230134_0i7e7o.mp4,1.141587,0.889913,5,0.030756,0.044582,-0.009041
0,0,20260704_230134_0i7e7o__outer00__inner00__aug02,20260704_230134_0i7e7o,user1,অ,output/user1/অ/অ_20260704_230134_0i7e7o.mp4,0.927566,1.113828,5,0.04818,-0.044778,0.045136
0,0,20260704_230134_0i7e7o__outer00__inner00__aug03,20260704_230134_0i7e7o,user1,অ,output/user1/অ/অ_20260704_230134_0i7e7o.mp4,1.137118,1.131599,5,0.08209,0.04011,-0.0329
0,0,20260704_230207_s0bru0__outer00__inner00__aug01,20260704_230207_s0bru0,user1,অ,output/user1/অ/অ_20260704_230207_s0bru0.mp4,0.94681,1.120631,3,0.04203,-0.000594,0.023199
0,0,20260704_230207_s0bru0__outer00__inner00__aug02,20260704_230207_s0bru0,user1,অ,output/user1/অ/অ_20260704_230207_s0bru0.mp4,0.936563,0.997332,5,0.022091,0.012949,-0.036832
0,0,20260704_230207_s0bru0__outer00__inner00__aug03,20260704_230207_s0bru0,user1,অ,output/user1/অ/অ_20260704_230207_s0bru0.mp4,1.032193,0.897747,3,0.099685,-0.015109,0.002146
0,0,20260704_230243_20ggrl__outer00__inner00__aug01,20260704_230243_20ggrl,user1,অ,output/user1/অ/অ_20260704_230243_20ggrl.mp4,0.913245,1.034147,3,0.009212,0.020736,0.035714
0,0,20260704_230243_20ggrl__outer00__inner00__aug02,20260704_230243_20ggrl,user1,অ,output/user1/অ/অ_20260704_230243_20ggrl.mp4,0.882201,0.909044,5,0.000974,0.024919,0.023883
0,0,20260704_230243_20ggrl__outer00__inner00__aug03,20260704_230243_20ggrl,user1,অ,output/user1/অ/অ_20260704_230243_20ggrl.mp4,1.098009,0.969528,3,0.091547,0.002187,-0.013918
0,0,20260704_230314_biogka__outer00__inner00__aug01,20260704_230314_biogka,user1,অ,output/user1/অ/অ_20260704_230314_biogka.mp4,1.011943,1.11268,5,0.011409,0.009036,-0.020959
0,0,20260704_230314_biogka__outer00__inner00__aug02,20260704_230314_biogka,user1,অ,output/user1/অ/অ_20260704_230314_biogka.mp4,0.971416,1.050259,5,0.039733,0.033078,-0.027923
0,0,20260704_230314_biogka__outer00__inner00__aug03,20260704_230314_biogka,user1,অ,output/user1/অ/অ_20260704_230314_biogka.mp4,0.886374,0.936022,5,0.093831,0.029587,-0.031665
0,0,20260704_230343_z76un4__outer00__inner00__aug01,20260704_230343_z76un4,user1,অ,output/user1/অ/অ_20260704_230343_z76un4.mp4,0.868834,1.120935,5,0.083805,-0.039576,0.013486
0,0,20260704_230343_z76un4__outer00__inner00__aug02,20260704_230343_z76un4,user1,অ,output/user1/অ/অ_20260704_230343_z76un4.mp4,1.066078,0.952802,5,0.017704,0.027927,-0.013764
0,0,20260704_230343_z76un4__outer00__inner00__aug03,20260704_230343_z76un4,user1,অ,output/user1/অ/অ_20260704_230343_z76un4.mp4,0.93304,0.90212,5,0.02729,0.046143,0.040891
0,0,20260704_230438_1by20a__outer00__inner00__aug01,20260704_230438_1by20a,user1,অ,output/user1/অ/অ_20260704_230438_1by20a.mp4,0.964404,1.024445,3,0.004531,0.046795,-0.004767
0,0,20260704_230438_1by20a__outer00__inner00__aug02,20260704_230438_1by20a,user1,অ,output/user1/অ/অ_20260704_230438_1by20a.mp4,1.110859,0.880471,3,0.007512,-0.045726,0.033444
0,0,20260704_230438_1by20a__outer00__inner00__aug03,20260704_230438_1by20a,user1,অ,output/user1/অ/অ_20260704_230438_1by20a.mp4,1.078201,1.145668,3,0.084757,-0.010689,0.041003
0,0,20260704_230508_zz8agk__outer00__inner00__aug01,20260704_230508_zz8agk,user1,অ,output/user1/অ/অ_20260704_230508_zz8agk.mp4,1.083474,1.009636,5,0.067988,-0.010485,-0.029076
0,0,20260704_230508_zz8agk__outer00__inner00__aug02,20260704_230508_zz8agk,user1,অ,output/user1/অ/অ_20260704_230508_zz8agk.mp4,1.091929,0.863667,5,0.059648,0.0262,-0.027614
0,0,20260704_230508_zz8agk__outer00__inner00__aug03,20260704_230508_zz8agk,user1,অ,output/user1/অ/অ_20260704_230508_zz8agk.mp4,1.118021,0.894851,5,0.061844,-0.014415,-0.030069
0,0,20260704_230530_8783vw__outer00__inner00__aug01,20260704_230530_8783vw,user1,অ,output/user1/অ/অ_20260704_230530_8783vw.mp4,0.929245,0.944363,5,0.053474,0.00155,0.02195
0,0,20260704_230530_8783vw__outer00__inner00__aug02,20260704_230530_8783vw,user1,অ,output/user1/অ/অ_20260704_230530_8783vw.mp4,0.966694,1.014575,3,0.098544,0.009319,-0.047374
0,0,20260704_230530_8783vw__outer00__inner00__aug03,20260704_230530_8783vw,user1,অ,output/user1/অ/অ_20260704_230530_8783vw.mp4,0.984991,0.884982,3,0.055004,-0.002223,-0.022235
0,0,20260704_230601_9fuwl5__outer00__inner00__aug01,20260704_230601_9fuwl5,user1,অ,output/user1/অ/অ_20260704_230601_9fuwl5.mp4,1.001888,1.076341,5,0.074294,0.025881,-0.027337
0,0,20260704_230601_9fuwl5__outer00__inner00__aug02,20260704_230601_9fuwl5,user1,অ,output/user1/অ/অ_20260704_230601_9fuwl5.mp4,1.054869,0.871013,3,0.075007,0.022993,-0.017177
0,0,20260704_230601_9fuwl5__outer00__inner00__aug03,20260704_230601_9fuwl5,user1,অ,output/user1/অ/অ_20260704_230601_9fuwl5.mp4,1.102327,1.119123,3,0.070057,0.030283,-0.04663
0,0,20260704_230631_iep9zz__outer00__inner00__aug01,20260704_230631_iep9zz,user1,অ,output/user1/অ/অ_20260704_230631_iep9zz.mp4,1.016852,0.937674,3,0.020375,0.036936,0.021403
0,0,20260704_230631_iep9zz__outer00__inner00__aug02,20260704_230631_iep9zz,user1,অ,output/user1/অ/অ_20260704_230631_iep9zz.mp4,1.124446,0.944951,5,0.095968,0.012211,0.01989
0,0,20260704_230631_iep9zz__outer00__inner00__aug03,20260704_230631_iep9zz,user1,অ,output/user1/অ/অ_20260704_230631_iep9zz.mp4,0.924711,1.048303,5,0.051306,-0.012512,0.024422
0,0,20260709_222041_giojuy__outer00__inner00__aug01,20260709_222041_giojuy,user1,অ,output/user1/অ/অ_20260709_222041_giojuy.mp4,0.930315,1.140898,5,0.03306,0.024357,-0.018111
0,0,20260709_222041_giojuy__outer00__inner00__aug02,20260709_222041_giojuy,user1,অ,output/user1/অ/অ_20260709_222041_giojuy.mp4,0.971217,1.038722,5,0.041252,-0.033217,0.006314
0,0,20260709_222041_giojuy__outer00__inner00__aug03,20260709_222041_giojuy,user1,অ,output/user1/অ/অ_20260709_222041_giojuy.mp4,0.980718,0.883728,5,0.0736,-0.026949,-0.000736
0,0,20260704_230720_4nlmlz__outer00__inner00__aug01,20260704_230720_4nlmlz,user1,আ,output/user1/আ/আ_20260704_230720_4nlmlz.mp4,0.8682,0.891557,3,0.052046,0.008723,-0.021615
0,0,20260704_230720_4nlmlz__outer00__inner00__aug02,20260704_230720_4nlmlz,user1,আ,output/user1/আ/আ_20260704_230720_4nlmlz.mp4,1.123999,0.939652,3,0.051679,-0.00594,0.020458
0,0,20260704_230720_4nlmlz__outer00__inner00__aug03,20260704_230720_4nlmlz,user1,আ,output/user1/আ/আ_20260704_230720_4nlmlz.mp4,0.888167,1.083066,3,0.04369,-0.022879,0.015705
0,0,20260704_230748_cofjqd__outer00__inner00__aug01,20260704_230748_cofjqd,user1,আ,output/user1/আ/আ_20260704_230748_cofjqd.mp4,1.051941,1.083636,5,0.013136,-0.039213,-0.030804
0,0,20260704_230748_cofjqd__outer00__inner00__aug02,20260704_230748_cofjqd,user1,আ,output/user1/আ/আ_20260704_230748_cofjqd.mp4,1.079155,0.911322,5,0.08798,0.007434,0.020127
0,0,20260704_230748_cofjqd__outer00__inner00__aug03,20260704_230748_cofjqd,user1,আ,output/user1/আ/আ_20260704_230748_cofjqd.mp4,1.126958,1.076448,3,0.009059,0.033697,-0.045356
0,0,20260704_230823_p4djtm__outer00__inner00__aug01,20260704_230823_p4djtm,user1,আ,output/user1/আ/আ_20260704_230823_p4djtm.mp4,1.066714,1.043204,3,0.093291,0.019693,0.045401
0,0,20260704_230823_p4djtm__outer00__inner00__aug02,20260704_230823_p4djtm,user1,আ,output/user1/আ/আ_20260704_230823_p4djtm.mp4,0.967517,0.993835,3,0.067466,-0.025365,-0.03003
0,0,20260704_230823_p4djtm__outer00__inner00__aug03,20260704_230823_p4djtm,user1,আ,output/user1/আ/আ_20260704_230823_p4djtm.mp4,0.904628,0.98012,5,0.088317,-0.038544,-0.034231
0,0,20260704_230900_jm6b9y__outer00__inner00__aug01,20260704_230900_jm6b9y,user1,আ,output/user1/আ/আ_20260704_230900_jm6b9y.mp4,0.967889,0.921998,5,0.043871,0.036229,-0.024032
0,0,20260704_230900_jm6b9y__outer00__inner00__aug02,20260704_230900_jm6b9y,user1,আ,output/user1/আ/আ_20260704_230900_jm6b9y.mp4,0.89398,1.135371,5,0.058111,-0.048769,0.047326
0,0,20260704_230900_jm6b9y__outer00__inner00__aug03,20260704_230900_jm6b9y,user1,আ,output/user1/আ/আ_20260704_230900_jm6b9y.mp4,0.95825,0.92013,3,0.077206,-0.024751,-0.035716
0,0,20260704_230941_ogdcp4__outer00__inner00__aug01,20260704_230941_ogdcp4,user1,আ,output/user1/আ/আ_20260704_230941_ogdcp4.mp4,0.966301,0.958354,3,0.002135,-0.041906,-0.025308
0,0,20260704_230941_ogdcp4__outer00__inner00__aug02,20260704_230941_ogdcp4,user1,আ,output/user1/আ/আ_20260704_230941_ogdcp4.mp4,1.081919,0.873977,3,0.098783,0.019157,0.042399
0,0,20260704_230941_ogdcp4__outer00__inner00__aug03,20260704_230941_ogdcp4,user1,আ,output/user1/আ/আ_20260704_230941_ogdcp4.mp4,0.933704,1.047888,3,0.017002,-0.03547,-0.0367
0,0,20260704_231010_4ha6y7__outer00__inner00__aug01,20260704_231010_4ha6y7,user1,আ,output/user1/আ/আ_20260704_231010_4ha6y7.mp4,0.95402,1.023073,3,0.083497,-0.009482,-0.023221
0,0,20260704_231010_4ha6y7__outer00__inner00__aug02,20260704_231010_4ha6y7,user1,আ,output/user1/আ/আ_20260704_231010_4ha6y7.mp4,0.885421,1.054016,3,0.045908,0.008895,-0.002586
0,0,20260704_231010_4ha6y7__outer00__inner00__aug03,20260704_231010_4ha6y7,user1,আ,output/user1/আ/আ_20260704_231010_4ha6y7.mp4,0.934993,1.077554,5,0.088089,0.038488,-0.037691
0,0,20260728_232136_0wkg0v__outer00__inner00__aug01,20260728_232136_0wkg0v,user1,আ,output/user1/আ/আ_20260728_232136_0wkg0v.mp4,1.147941,1.058808,3,0.059413,0.045527,0.023667
0,0,20260728_232136_0wkg0v__outer00__inner00__aug02,20260728_232136_0wkg0v,user1,আ,output/user1/আ/আ_20260728_232136_0wkg0v.mp4,0.946528,0.872075,3,0.015111,0.023517,-0.025722
0,0,20260728_232136_0wkg0v__outer00__inner00__aug03,20260728_232136_0wkg0v,user1,আ,output/user1/আ/আ_20260728_232136_0wkg0v.mp4,1.094375,1.100443,3,0.0174,-0.013994,0.034484
0,0,20260728_232203_7c77zv__outer00__inner00__aug01,20260728_232203_7c77zv,user1,আ,output/user1/আ/আ_20260728_232203_7c77zv.mp4,0.963643,0.978887,5,0.042964,0.011992,0.00156
0,0,20260728_232203_7c77zv__outer00__inner00__aug02,20260728_232203_7c77zv,user1,আ,output/user1/আ/আ_20260728_232203_7c77zv.mp4,0.933561,1.106707,5,0.05177,-0.020407,-0.019066
0,0,20260728_232203_7c77zv__outer00__inner00__aug03,20260728_232203_7c77zv,user1,আ,output/user1/আ/আ_20260728_232203_7c77zv.mp4,0.910916,0.858535,5,0.066308,-0.019316,0.007995
0,0,20260728_232238_kgwkds__outer00__inner00__aug01,20260728_232238_kgwkds,user1,আ,output/user1/আ/আ_20260728_232238_kgwkds.mp4,1.01311,0.929544,3,0.069534,0.045352,-0.021889
0,0,20260728_232238_kgwkds__outer00__inner00__aug02,20260728_232238_kgwkds,user1,আ,output/user1/আ/আ_20260728_232238_kgwkds.mp4,0.88876,0.875608,5,0.03096,0.001447,0.023712
0,0,20260728_232238_kgwkds__outer00__inner00__aug03,20260728_232238_kgwkds,user1,আ,output/user1/আ/আ_20260728_232238_kgwkds.mp4,0.964161,1.132979,3,0.026376,-0.031834,0.001015
0,0,20260728_232316_s2ep8l__outer00__inner00__aug01,20260728_232316_s2ep8l,user1,আ,output/user1/আ/আ_20260728_232316_s2ep8l.mp4,0.879598,0.977104,3,0.085067,-0.006923,-0.006176
0,0,20260728_232316_s2ep8l__outer00__inner00__aug02,20260728_232316_s2ep8l,user1,আ,output/user1/আ/আ_20260728_232316_s2ep8l.mp4,1.048325,0.901176,3,0.061748,0.042524,0.014372
0,0,20260728_232316_s2ep8l__outer00__inner00__aug03,20260728_232316_s2ep8l,user1,আ,output/user1/আ/আ_20260728_232316_s2ep8l.mp4,0.899606,0.898955,3,0.00788,-0.019712,0.049948
0,0,20260705_210750_hp0ub6__outer00__inner00__aug01,20260705_210750_hp0ub6,user1,ই,output/user1/ই/ই_20260705_210750_hp0ub6.mp4,1.104289,0.899738,3,0.083552,0.047985,0.011732
0,0,20260705_210750_hp0ub6__outer00__inner00__aug02,20260705_210750_hp0ub6,user1,ই,output/user1/ই/ই_20260705_210750_hp0ub6.mp4,1.062862,0.932077,3,0.045506,-0.010642,0.014389
0,0,20260705_210750_hp0ub6__outer00__inner00__aug03,20260705_210750_hp0ub6,user1,ই,output/user1/ই/ই_20260705_210750_hp0ub6.mp4,0.930618,1.06811,5,0.037526,0.006458,-0.008822
0,0,20260705_210817_cpe63z__outer00__inner00__aug01,20260705_210817_cpe63z,user1,ই,output/user1/ই/ই_20260705_210817_cpe63z.mp4,0.99555,1.000944,5,0.030484,-0.011979,-0.01402
0,0,20260705_210817_cpe63z__outer00__inner00__aug02,20260705_210817_cpe63z,user1,ই,output/user1/ই/ই_20260705_210817_cpe63z.mp4,0.87219,1.105184,3,0.075494,-0.015485,0.041084
0,0,20260705_210817_cpe63z__outer00__inner00__aug03,20260705_210817_cpe63z,user1,ই,output/user1/ই/ই_20260705_210817_cpe63z.mp4,0.887032,0.965801,5,0.029499,0.042002,-0.030642
0,0,20260705_210847_8d63gb__outer00__inner00__aug01,20260705_210847_8d63gb,user1,ই,output/user1/ই/ই_20260705_210847_8d63gb.mp4,1.091142,1.081104,5,0.060061,7.4e-05,-0.017718
0,0,20260705_210847_8d63gb__outer00__inner00__aug02,20260705_210847_8d63gb,user1,ই,output/user1/ই/ই_20260705_210847_8d63gb.mp4,1.114568,1.109349,3,0.058305,0.038728,0.0284
0,0,20260705_210847_8d63gb__outer00__inner00__aug03,20260705_210847_8d63gb,user1,ই,output/user1/ই/ই_20260705_210847_8d63gb.mp4,1.119066,0.966859,3,0.085461,0.019812,-0.048295
0,0,20260705_210914_6z0wyv__outer00__inner00__aug01,20260705_210914_6z0wyv,user1,ই,output/user1/ই/ই_20260705_210914_6z0wyv.mp4,0.992471,1.094391,5,0.050002,0.006377,-0.025039
0,0,20260705_210914_6z0wyv__outer00__inner00__aug02,20260705_210914_6z0wyv,user1,ই,output/user1/ই/ই_20260705_210914_6z0wyv.mp4,1.133251,0.910066,5,0.073518,-0.014206,0.011915
0,0,20260705_210914_6z0wyv__outer00__inner00__aug03,20260705_210914_6z0wyv,user1,ই,output/user1/ই/ই_20260705_210914_6z0wyv.mp4,1.03218,0.87707,3,0.098794,-0.035911,-0.018296
0,0,20260705_211104_cee4mp__outer00__inner00__aug01,20260705_211104_cee4mp,user1,ই,output/user1/ই/ই_20260705_211104_cee4mp.mp4,0.878111,0.906277,5,0.09783,0.010298,0.045438
0,0,20260705_211104_cee4mp__outer00__inner00__aug02,20260705_211104_cee4mp,user1,ই,output/user1/ই/ই_20260705_211104_cee4mp.mp4,0.954731,1.11542,3,0.09142,0.04783,0.009705
0,0,20260705_211104_cee4mp__outer00__inner00__aug03,20260705_211104_cee4mp,user1,ই,output/user1/ই/ই_20260705_211104_cee4mp.mp4,1.115801,1.00245,5,0.003115,0.004771,-0.012569
0,0,20260705_211129_q9xd7j__outer00__inner00__aug01,20260705_211129_q9xd7j,user1,ই,output/user1/ই/ই_20260705_211129_q9xd7j.mp4,1.003807,0.945282,5,0.051088,0.013139,-0.03329
0,0,20260705_211129_q9xd7j__outer00__inner00__aug02,20260705_211129_q9xd7j,user1,ই,output/user1/ই/ই_20260705_211129_q9xd7j.mp4,0.930507,0.883184,3,0.004129,0.038734,-0.041462
0,0,20260705_211129_q9xd7j__outer00__inner00__aug03,20260705_211129_q9xd7j,user1,ই,output/user1/ই/ই_20260705_211129_q9xd7j.mp4,1.022838,0.942308,5,0.049766,0.04413,-0.022331
0,0,20260705_211202_fwdefr__outer00__inner00__aug01,20260705_211202_fwdefr,user1,ই,output/user1/ই/ই_20260705_211202_fwdefr.mp4,1.074164,1.043239,5,0.025205,0.022364,0.032293
0,0,20260705_211202_fwdefr__outer00__inner00__aug02,20260705_211202_fwdefr,user1,ই,output/user1/ই/ই_20260705_211202_fwdefr.mp4,0.981217,1.054369,3,0.026201,-0.032047,0.039835
0,0,20260705_211202_fwdefr__outer00__inner00__aug03,20260705_211202_fwdefr,user1,ই,output/user1/ই/ই_20260705_211202_fwdefr.mp4,1.072141,0.901721,5,0.028059,-0.0249,-0.047482
0,0,20260705_211229_nco6f5__outer00__inner00__aug01,20260705_211229_nco6f5,user1,ই,output/user1/ই/ই_20260705_211229_nco6f5.mp4,0.860177,0.869497,5,0.068143,-0.019152,-0.043068
0,0,20260705_211229_nco6f5__outer00__inner00__aug02,20260705_211229_nco6f5,user1,ই,output/user1/ই/ই_20260705_211229_nco6f5.mp4,1.088117,0.962548,5,0.036007,0.031579,0.023681
0,0,20260705_211229_nco6f5__outer00__inner00__aug03,20260705_211229_nco6f5,user1,ই,output/user1/ই/ই_20260705_211229_nco6f5.mp4,1.018247,0.90204,3,0.018007,-0.046988,-0.012116
0,0,20260705_211257_5zxk15__outer00__inner00__aug01,20260705_211257_5zxk15,user1,ই,output/user1/ই/ই_20260705_211257_5zxk15.mp4,1.058345,0.9647,3,0.075141,-0.017981,0.029626
0,0,20260705_211257_5zxk15__outer00__inner00__aug02,20260705_211257_5zxk15,user1,ই,output/user1/ই/ই_20260705_211257_5zxk15.mp4,0.974499,1.126822,3,0.08949,-0.011114,0.008513
0,0,20260705_211257_5zxk15__outer00__inner00__aug03,20260705_211257_5zxk15,user1,ই,output/user1/ই/ই_20260705_211257_5zxk15.mp4,0.898815,1.08364,3,0.098312,-0.037271,-0.029635
0,0,20260705_211324_69n6hy__outer00__inner00__aug01,20260705_211324_69n6hy,user1,ই,output/user1/ই/ই_20260705_211324_69n6hy.mp4,1.044201,0.99721,5,0.041444,0.010054,-0.009282
0,0,20260705_211324_69n6hy__outer00__inner00__aug02,20260705_211324_69n6hy,user1,ই,output/user1/ই/ই_20260705_211324_69n6hy.mp4,0.989659,1.002072,3,0.02914,-6.4e-05,-0.014572
0,0,20260705_211324_69n6hy__outer00__inner00__aug03,20260705_211324_69n6hy,user1,ই,output/user1/ই/ই_20260705_211324_69n6hy.mp4,0.90735,1.091592,5,0.003217,0.033944,0.016883
0,0,20260705_213721_6edrqn__outer00__inner00__aug01,20260705_213721_6edrqn,user1,ঈ,output/user1/ঈ/ঈ_20260705_213721_6edrqn.mp4,0.921207,0.990535,5,0.010904,-0.037704,-0.034456
0,0,20260705_213721_6edrqn__outer00__inner00__aug02,20260705_213721_6edrqn,user1,ঈ,output/user1/ঈ/ঈ_20260705_213721_6edrqn.mp4,0.991329,1.005673,3,0.089012,-0.037544,-0.020121
0,0,20260705_213721_6edrqn__outer00__inner00__aug03,20260705_213721_6edrqn,user1,ঈ,output/user1/ঈ/ঈ_20260705_213721_6edrqn.mp4,1.062015,0.977164,3,0.053538,-0.027488,-0.026116
0,0,20260705_213804_scynf9__outer00__inner00__aug01,20260705_213804_scynf9,user1,ঈ,output/user1/ঈ/ঈ_20260705_213804_scynf9.mp4,0.876438,1.053235,5,0.055162,0.01043,0.00568
0,0,20260705_213804_scynf9__outer00__inner00__aug02,20260705_213804_scynf9,user1,ঈ,output/user1/ঈ/ঈ_20260705_213804_scynf9.mp4,1.129758,0.996912,3,0.077346,0.015656,0.032955
0,0,20260705_213804_scynf9__outer00__inner00__aug03,20260705_213804_scynf9,user1,ঈ,output/user1/ঈ/ঈ_20260705_213804_scynf9.mp4,1.089148,0.957441,5,0.090312,-0.006065,-0.009011
0,0,20260705_213852_tuebtl__outer00__inner00__aug01,20260705_213852_tuebtl,user1,ঈ,output/user1/ঈ/ঈ_20260705_213852_tuebtl.mp4,1.021783,0.957668,3,0.046364,-0.04059,-0.026834
0,0,20260705_213852_tuebtl__outer00__inner00__aug02,20260705_213852_tuebtl,user1,ঈ,output/user1/ঈ/ঈ_20260705_213852_tuebtl.mp4,1.12721,1.084291,5,0.046747,0.034935,0.023798
0,0,20260705_213852_tuebtl__outer00__inner00__aug03,20260705_213852_tuebtl,user1,ঈ,output/user1/ঈ/ঈ_20260705_213852_tuebtl.mp4,0.924822,0.915804,3,0.01959,0.038167,0.002205
0,0,20260705_213943_7qqvt7__outer00__inner00__aug01,20260705_213943_7qqvt7,user1,ঈ,output/user1/ঈ/ঈ_20260705_213943_7qqvt7.mp4,0.850685,1.045843,3,0.026229,-0.035225,0.00191
0,0,20260705_213943_7qqvt7__outer00__inner00__aug02,20260705_213943_7qqvt7,user1,ঈ,output/user1/ঈ/ঈ_20260705_213943_7qqvt7.mp4,0.926147,1.025364,3,0.060858,-0.035599,0.043045
0,0,20260705_213943_7qqvt7__outer00__inner00__aug03,20260705_213943_7qqvt7,user1,ঈ,output/user1/ঈ/ঈ_20260705_213943_7qqvt7.mp4,1.103608,1.064207,5,0.01172,0.026438,-0.018425
0,0,20260705_214029_z7ddbl__outer00__inner00__aug01,20260705_214029_z7ddbl,user1,ঈ,output/user1/ঈ/ঈ_20260705_214029_z7ddbl.mp4,1.111602,1.104421,3,0.076299,-0.042201,-0.023109
0,0,20260705_214029_z7ddbl__outer00__inner00__aug02,20260705_214029_z7ddbl,user1,ঈ,output/user1/ঈ/ঈ_20260705_214029_z7ddbl.mp4,1.074924,0.866022,3,0.048748,-0.010739,0.036437
0,0,20260705_214029_z7ddbl__outer00__inner00__aug03,20260705_214029_z7ddbl,user1,ঈ,output/user1/ঈ/ঈ_20260705_214029_z7ddbl.mp4,0.958468,1.08477,5,0.073023,-0.042822,-0.038377
0,0,20260705_214107_b894ld__outer00__inner00__aug01,20260705_214107_b894ld,user1,ঈ,output/user1/ঈ/ঈ_20260705_214107_b894ld.mp4,1.089678,0.854479,3,0.092003,-0.001568,-0.01447
0,0,20260705_214107_b894ld__outer00__inner00__aug02,20260705_214107_b894ld,user1,ঈ,output/user1/ঈ/ঈ_20260705_214107_b894ld.mp4,1.040904,1.111526,5,0.073554,-0.029175,-0.028801
0,0,20260705_214107_b894ld__outer00__inner00__aug03,20260705_214107_b894ld,user1,ঈ,output/user1/ঈ/ঈ_20260705_214107_b894ld.mp4,1.057577,0.907157,5,0.020701,0.034818,0.023183
0,0,20260705_215457_yruoxw__outer00__inner00__aug01,20260705_215457_yruoxw,user1,ঈ,output/user1/ঈ/ঈ_20260705_215457_yruoxw.mp4,0.853312,1.097992,5,0.032944,-0.0031,-0.039995
0,0,20260705_215457_yruoxw__outer00__inner00__aug02,20260705_215457_yruoxw,user1,ঈ,output/user1/ঈ/ঈ_20260705_215457_yruoxw.mp4,1.024113,1.060754,3,0.027343,0.008628,0.048104
0,0,20260705_215457_yruoxw__outer00__inner00__aug03,20260705_215457_yruoxw,user1,ঈ,output/user1/ঈ/ঈ_20260705_215457_yruoxw.mp4,0.85426,1.123289,3,0.018899,-0.000652,-0.038989
0,0,20260705_215539_dr61qv__outer00__inner00__aug01,20260705_215539_dr61qv,user1,ঈ,output/user1/ঈ/ঈ_20260705_215539_dr61qv.mp4,0.910564,1.0112,5,0.077872,-0.026944,-0.032687
0,0,20260705_215539_dr61qv__outer00__inner00__aug02,20260705_215539_dr61qv,user1,ঈ,output/user1/ঈ/ঈ_20260705_215539_dr61qv.mp4,1.067447,1.031561,5,0.071231,0.008742,0.042251
0,0,20260705_215539_dr61qv__outer00__inner00__aug03,20260705_215539_dr61qv,user1,ঈ,output/user1/ঈ/ঈ_20260705_215539_dr61qv.mp4,0.899023,0.882729,5,0.066989,-0.003355,0.040654
0,0,20260705_215654_07cd7w__outer00__inner00__aug01,20260705_215654_07cd7w,user1,ঈ,output/user1/ঈ/ঈ_20260705_215654_07cd7w.mp4,0.961338,0.940809,3,0.079602,-0.028835,-0.037618
0,0,20260705_215654_07cd7w__outer00__inner00__aug02,20260705_215654_07cd7w,user1,ঈ,output/user1/ঈ/ঈ_20260705_215654_07cd7w.mp4,1.039565,0.99442,3,0.046113,0.040244,0.004477
0,0,20260705_215654_07cd7w__outer00__inner00__aug03,20260705_215654_07cd7w,user1,ঈ,output/user1/ঈ/ঈ_20260705_215654_07cd7w.mp4,0.964567,0.98972,5,0.04464,-0.024004,-0.005128
0,0,20260705_215745_i5n9h7__outer00__inner00__aug01,20260705_215745_i5n9h7,user1,ঈ,output/user1/ঈ/ঈ_20260705_215745_i5n9h7.mp4,1.01362,1.094491,5,0.073797,-0.009756,0.048234
0,0,20260705_215745_i5n9h7__outer00__inner00__aug02,20260705_215745_i5n9h7,user1,ঈ,output/user1/ঈ/ঈ_20260705_215745_i5n9h7.mp4,0.875637,0.892962,3,0.097465,0.025592,-0.020354
0,0,20260705_215745_i5n9h7__outer00__inner00__aug03,20260705_215745_i5n9h7,user1,ঈ,output/user1/ঈ/ঈ_20260705_215745_i5n9h7.mp4,1.110246,1.107671,5,0.044017,0.018793,0.000213
0,0,20260704_232121_lcxi4y__outer00__inner00__aug01,20260704_232121_lcxi4y,user2,অ,output/user2/অ/অ_20260704_232121_lcxi4y.mp4,1.078658,0.856789,3,0.027826,0.000149,-0.048559
0,0,20260704_232121_lcxi4y__outer00__inner00__aug02,20260704_232121_lcxi4y,user2,অ,output/user2/অ/অ_20260704_232121_lcxi4y.mp4,0.951418,0.856164,3,0.040139,-0.005156,0.023372
0,0,20260704_232121_lcxi4y__outer00__inner00__aug03,20260704_232121_lcxi4y,user2,অ,output/user2/অ/অ_20260704_232121_lcxi4y.mp4,1.020615,0.901839,3,0.002746,0.012182,0.008594
0,0,20260728_232630_znnts0__outer00__inner00__aug01,20260728_232630_znnts0,user2,অ,output/user2/অ/অ_20260728_232630_znnts0.mp4,1.068134,0.862519,3,0.090776,0.005808,-0.014929
0,0,20260728_232630_znnts0__outer00__inner00__aug02,20260728_232630_znnts0,user2,অ,output/user2/অ/অ_20260728_232630_znnts0.mp4,1.097307,1.138762,5,0.080385,-0.023951,0.046341
0,0,20260728_232630_znnts0__outer00__inner00__aug03,20260728_232630_znnts0,user2,অ,output/user2/অ/অ_20260728_232630_znnts0.mp4,1.028359,1.144955,3,0.064436,-0.009166,0.044845
0,0,20260728_232652_hdsmyh__outer00__inner00__aug01,20260728_232652_hdsmyh,user2,অ,output/user2/অ/অ_20260728_232652_hdsmyh.mp4,0.880702,1.063071,5,0.006309,-0.031087,-0.049172
0,0,20260728_232652_hdsmyh__outer00__inner00__aug02,20260728_232652_hdsmyh,user2,অ,output/user2/অ/অ_20260728_232652_hdsmyh.mp4,1.022784,0.857355,3,0.023793,0.043561,-0.043854
0,0,20260728_232652_hdsmyh__outer00__inner00__aug03,20260728_232652_hdsmyh,user2,অ,output/user2/অ/অ_20260728_232652_hdsmyh.mp4,1.079107,1.031363,3,0.079039,-0.03004,-0.025835
0,0,20260728_232714_hincfq__outer00__inner00__aug01,20260728_232714_hincfq,user2,অ,output/user2/অ/অ_20260728_232714_hincfq.mp4,1.042624,0.998385,3,0.098019,-0.042229,0.018725
0,0,20260728_232714_hincfq__outer00__inner00__aug02,20260728_232714_hincfq,user2,অ,output/user2/অ/অ_20260728_232714_hincfq.mp4,0.905723,1.104424,5,0.099625,0.018106,0.048062
0,0,20260728_232714_hincfq__outer00__inner00__aug03,20260728_232714_hincfq,user2,অ,output/user2/অ/অ_20260728_232714_hincfq.mp4,1.034386,1.004341,5,0.021545,-0.036875,0.023768
0,0,20260728_232741_j1gvgu__outer00__inner00__aug01,20260728_232741_j1gvgu,user2,অ,output/user2/অ/অ_20260728_232741_j1gvgu.mp4,0.875604,0.960869,5,0.06265,0.022697,-0.019402
0,0,20260728_232741_j1gvgu__outer00__inner00__aug02,20260728_232741_j1gvgu,user2,অ,output/user2/অ/অ_20260728_232741_j1gvgu.mp4,0.993534,0.87645,5,0.092896,0.01674,-0.028779
0,0,20260728_232741_j1gvgu__outer00__inner00__aug03,20260728_232741_j1gvgu,user2,অ,output/user2/অ/অ_20260728_232741_j1gvgu.mp4,0.984137,0.915354,3,0.072895,0.023322,-0.044174
0,0,20260704_232148_mqf5ea__outer00__inner00__aug01,20260704_232148_mqf5ea,user2,আ,output/user2/আ/আ_20260704_232148_mqf5ea.mp4,0.867093,0.94937,5,0.006187,-0.004125,-0.002685
0,0,20260704_232148_mqf5ea__outer00__inner00__aug02,20260704_232148_mqf5ea,user2,আ,output/user2/আ/আ_20260704_232148_mqf5ea.mp4,0.982793,0.987758,5,0.03522,0.006875,0.024081
0,0,20260704_232148_mqf5ea__outer00__inner00__aug03,20260704_232148_mqf5ea,user2,আ,output/user2/আ/আ_20260704_232148_mqf5ea.mp4,1.010184,0.957839,3,0.079516,0.003832,0.003358
0,0,20260728_232436_9i4gi8__outer00__inner00__aug01,20260728_232436_9i4gi8,user2,আ,output/user2/আ/আ_20260728_232436_9i4gi8.mp4,0.878095,1.101322,3,0.025534,0.049905,0.0022
0,0,20260728_232436_9i4gi8__outer00__inner00__aug02,20260728_232436_9i4gi8,user2,আ,output/user2/আ/আ_20260728_232436_9i4gi8.mp4,0.974656,1.031139,3,0.015745,0.047173,-0.036051
0,0,20260728_232436_9i4gi8__outer00__inner00__aug03,20260728_232436_9i4gi8,user2,আ,output/user2/আ/আ_20260728_232436_9i4gi8.mp4,1.106363,0.989819,5,0.020815,-0.033877,-0.008002
0,0,20260728_232459_m6l3cf__outer00__inner00__aug01,20260728_232459_m6l3cf,user2,আ,output/user2/আ/আ_20260728_232459_m6l3cf.mp4,0.941664,1.111175,3,0.07978,0.022756,0.004112
0,0,20260728_232459_m6l3cf__outer00__inner00__aug02,20260728_232459_m6l3cf,user2,আ,output/user2/আ/আ_20260728_232459_m6l3cf.mp4,1.059694,1.04383,3,0.003456,0.048629,-0.028942
0,0,20260728_232459_m6l3cf__outer00__inner00__aug03,20260728_232459_m6l3cf,user2,আ,output/user2/আ/আ_20260728_232459_m6l3cf.mp4,0.966431,1.145925,3,0.089102,0.043843,-0.023501
0,0,20260728_232520_l4uaan__outer00__inner00__aug01,20260728_232520_l4uaan,user2,আ,output/user2/আ/আ_20260728_232520_l4uaan.mp4,1.107219,0.984245,3,0.027783,0.004751,0.012605
0,0,20260728_232520_l4uaan__outer00__inner00__aug02,20260728_232520_l4uaan,user2,আ,output/user2/আ/আ_20260728_232520_l4uaan.mp4,0.883502,1.142692,5,0.090471,-0.036218,0.015799
0,0,20260728_232520_l4uaan__outer00__inner00__aug03,20260728_232520_l4uaan,user2,আ,output/user2/আ/আ_20260728_232520_l4uaan.mp4,1.117111,0.92441,3,0.089495,0.041713,0.014421
0,0,20260728_232556_dwfz7c__outer00__inner00__aug01,20260728_232556_dwfz7c,user2,আ,output/user2/আ/আ_20260728_232556_dwfz7c.mp4,1.064787,0.982794,3,0.026149,0.020121,0.046866
0,0,20260728_232556_dwfz7c__outer00__inner00__aug02,20260728_232556_dwfz7c,user2,আ,output/user2/আ/আ_20260728_232556_dwfz7c.mp4,0.989032,0.963776,3,0.071031,0.033671,0.004718
0,0,20260728_232556_dwfz7c__outer00__inner00__aug03,20260728_232556_dwfz7c,user2,আ,output/user2/আ/আ_20260728_232556_dwfz7c.mp4,1.092938,1.033168,5,0.054503,0.01644,-0.034539
0,0,20260704_232218_jf6rio__outer00__inner00__aug01,20260704_232218_jf6rio,user2,ই,output/user2/ই/ই_20260704_232218_jf6rio.mp4,1.039675,0.987792,5,0.02457,0.027944,-0.045499
0,0,20260704_232218_jf6rio__outer00__inner00__aug02,20260704_232218_jf6rio,user2,ই,output/user2/ই/ই_20260704_232218_jf6rio.mp4,1.142514,1.106502,3,0.036607,-0.011325,-0.018822
0,0,20260704_232218_jf6rio__outer00__inner00__aug03,20260704_232218_jf6rio,user2,ই,output/user2/ই/ই_20260704_232218_jf6rio.mp4,0.90151,0.98017,5,0.007355,-0.019637,-0.011533
0,0,20260728_232810_781yo6__outer00__inner00__aug01,20260728_232810_781yo6,user2,ই,output/user2/ই/ই_20260728_232810_781yo6.mp4,1.02319,0.949634,5,0.00751,0.030272,0.003025
0,0,20260728_232810_781yo6__outer00__inner00__aug02,20260728_232810_781yo6,user2,ই,output/user2/ই/ই_20260728_232810_781yo6.mp4,0.998067,1.011268,3,0.073728,-0.014787,0.002993
0,0,20260728_232810_781yo6__outer00__inner00__aug03,20260728_232810_781yo6,user2,ই,output/user2/ই/ই_20260728_232810_781yo6.mp4,1.107161,1.093571,3,0.032006,0.011706,0.003294
0,0,20260728_232836_pvgrxn__outer00__inner00__aug01,20260728_232836_pvgrxn,user2,ই,output/user2/ই/ই_20260728_232836_pvgrxn.mp4,0.990877,1.027166,3,0.098316,0.024496,-0.039836
0,0,20260728_232836_pvgrxn__outer00__inner00__aug02,20260728_232836_pvgrxn,user2,ই,output/user2/ই/ই_20260728_232836_pvgrxn.mp4,1.041068,0.919757,3,0.051944,0.003766,0.016944
0,0,20260728_232836_pvgrxn__outer00__inner00__aug03,20260728_232836_pvgrxn,user2,ই,output/user2/ই/ই_20260728_232836_pvgrxn.mp4,1.07093,1.134786,3,0.002635,0.038994,0.000734
0,0,20260728_233118_pcjncu__outer00__inner00__aug01,20260728_233118_pcjncu,user2,ই,output/user2/ই/ই_20260728_233118_pcjncu.mp4,1.066638,0.991451,5,0.078044,0.004983,-0.016915
0,0,20260728_233118_pcjncu__outer00__inner00__aug02,20260728_233118_pcjncu,user2,ই,output/user2/ই/ই_20260728_233118_pcjncu.mp4,0.981275,0.981607,3,0.044478,-0.012047,-0.026371
0,0,20260728_233118_pcjncu__outer00__inner00__aug03,20260728_233118_pcjncu,user2,ই,output/user2/ই/ই_20260728_233118_pcjncu.mp4,0.919598,0.931873,5,0.014024,-0.049757,-0.026199
0,0,20260728_233205_n417cm__outer00__inner00__aug01,20260728_233205_n417cm,user2,ই,output/user2/ই/ই_20260728_233205_n417cm.mp4,1.103736,0.957472,3,0.058722,0.02533,0.025368
0,0,20260728_233205_n417cm__outer00__inner00__aug02,20260728_233205_n417cm,user2,ই,output/user2/ই/ই_20260728_233205_n417cm.mp4,0.950931,1.112971,3,0.007881,-0.017708,-0.00745
0,0,20260728_233205_n417cm__outer00__inner00__aug03,20260728_233205_n417cm,user2,ই,output/user2/ই/ই_20260728_233205_n417cm.mp4,0.917956,0.92789,5,0.059826,0.049895,-0.013388
0,0,20260704_232243_1fsapx__outer00__inner00__aug01,20260704_232243_1fsapx,user2,ঈ,output/user2/ঈ/ঈ_20260704_232243_1fsapx.mp4,1.078933,0.873198,3,0.07521,0.038077,0.037515
0,0,20260704_232243_1fsapx__outer00__inner00__aug02,20260704_232243_1fsapx,user2,ঈ,output/user2/ঈ/ঈ_20260704_232243_1fsapx.mp4,0.928219,0.871836,3,0.033417,-0.003469,-0.006781
0,0,20260704_232243_1fsapx__outer00__inner00__aug03,20260704_232243_1fsapx,user2,ঈ,output/user2/ঈ/ঈ_20260704_232243_1fsapx.mp4,0.901953,0.874228,3,0.038683,0.01963,-0.040973
0,0,20260728_233238_q39ioy__outer00__inner00__aug01,20260728_233238_q39ioy,user2,ঈ,output/user2/ঈ/ঈ_20260728_233238_q39ioy.mp4,1.139408,1.095648,3,0.034807,0.009669,0.034189
0,0,20260728_233238_q39ioy__outer00__inner00__aug02,20260728_233238_q39ioy,user2,ঈ,output/user2/ঈ/ঈ_20260728_233238_q39ioy.mp4,1.067143,1.026227,5,0.009805,-0.026927,0.028226
0,0,20260728_233238_q39ioy__outer00__inner00__aug03,20260728_233238_q39ioy,user2,ঈ,output/user2/ঈ/ঈ_20260728_233238_q39ioy.mp4,1.130952,1.099161,5,0.007808,-0.014412,-0.005052
0,0,20260728_233302_e8k0ge__outer00__inner00__aug01,20260728_233302_e8k0ge,user2,ঈ,output/user2/ঈ/ঈ_20260728_233302_e8k0ge.mp4,1.066514,1.016127,3,0.062156,-0.009761,0.015185
0,0,20260728_233302_e8k0ge__outer00__inner00__aug02,20260728_233302_e8k0ge,user2,ঈ,output/user2/ঈ/ঈ_20260728_233302_e8k0ge.mp4,0.941195,0.868937,3,0.077798,-0.041424,-0.027497
0,0,20260728_233302_e8k0ge__outer00__inner00__aug03,20260728_233302_e8k0ge,user2,ঈ,output/user2/ঈ/ঈ_20260728_233302_e8k0ge.mp4,1.148066,1.097706,3,0.084816,0.031861,-0.046692
0,0,20260728_233333_nvf18a__outer00__inner00__aug01,20260728_233333_nvf18a,user2,ঈ,output/user2/ঈ/ঈ_20260728_233333_nvf18a.mp4,0.943555,1.048418,3,0.082981,-0.023232,0.002464
0,0,20260728_233333_nvf18a__outer00__inner00__aug02,20260728_233333_nvf18a,user2,ঈ,output/user2/ঈ/ঈ_20260728_233333_nvf18a.mp4,1.020546,0.915151,3,0.028254,0.01641,0.026962
0,0,20260728_233333_nvf18a__outer00__inner00__aug03,20260728_233333_nvf18a,user2,ঈ,output/user2/ঈ/ঈ_20260728_233333_nvf18a.mp4,0.878649,1.122217,5,0.078404,-0.044896,0.035868
0,0,20260728_233359_9wg8n4__outer00__inner00__aug01,20260728_233359_9wg8n4,user2,ঈ,output/user2/ঈ/ঈ_20260728_233359_9wg8n4.mp4,0.898571,1.132494,3,0.03028,-0.048572,0.007137
0,0,20260728_233359_9wg8n4__outer00__inner00__aug02,20260728_233359_9wg8n4,user2,ঈ,output/user2/ঈ/ঈ_20260728_233359_9wg8n4.mp4,1.102792,0.89,3,0.002438,-0.046949,0.024344
0,0,20260728_233359_9wg8n4__outer00__inner00__aug03,20260728_233359_9wg8n4,user2,ঈ,output/user2/ঈ/ঈ_20260728_233359_9wg8n4.mp4,1.12855,1.127853,5,0.058066,-0.046487,0.048025
0,0,20260711_200812_18txgi__outer00__inner00__aug01,20260711_200812_18txgi,user3,অ,output/user3/অ/অ_20260711_200812_18txgi.mp4,1.03027,1.102172,3,0.051618,0.025849,0.031304
0,0,20260711_200812_18txgi__outer00__inner00__aug02,20260711_200812_18txgi,user3,অ,output/user3/অ/অ_20260711_200812_18txgi.mp4,0.890264,0.956918,3,0.020932,-0.048636,-0.049379
0,0,20260711_200812_18txgi__outer00__inner00__aug03,20260711_200812_18txgi,user3,অ,output/user3/অ/অ_20260711_200812_18txgi.mp4,1.108648,0.942968,3,0.059902,-0.0396,0.012389
0,0,20260711_200917_z1na4w__outer00__inner00__aug01,20260711_200917_z1na4w,user3,অ,output/user3/অ/অ_20260711_200917_z1na4w.mp4,1.090339,0.893822,5,0.044033,-0.028337,-0.03862
0,0,20260711_200917_z1na4w__outer00__inner00__aug02,20260711_200917_z1na4w,user3,অ,output/user3/অ/অ_20260711_200917_z1na4w.mp4,0.955617,0.889071,3,0.074465,-0.040834,0.037127
0,0,20260711_200917_z1na4w__outer00__inner00__aug03,20260711_200917_z1na4w,user3,অ,output/user3/অ/অ_20260711_200917_z1na4w.mp4,0.936466,1.05652,3,0.044308,0.043993,0.005994
0,0,20260711_200954_0muns4__outer00__inner00__aug01,20260711_200954_0muns4,user3,অ,output/user3/অ/অ_20260711_200954_0muns4.mp4,1.065784,1.077275,5,0.032617,0.002851,0.011841
0,0,20260711_200954_0muns4__outer00__inner00__aug02,20260711_200954_0muns4,user3,অ,output/user3/অ/অ_20260711_200954_0muns4.mp4,0.989352,0.897079,5,0.063366,0.008678,0.017559
0,0,20260711_200954_0muns4__outer00__inner00__aug03,20260711_200954_0muns4,user3,অ,output/user3/অ/অ_20260711_200954_0muns4.mp4,0.918477,1.126975,5,0.070331,-0.028073,0.013031
0,0,20260711_201110_jw6cqh__outer00__inner00__aug01,20260711_201110_jw6cqh,user3,অ,output/user3/অ/অ_20260711_201110_jw6cqh.mp4,1.097035,1.131414,5,0.006634,0.033752,-0.021296
0,0,20260711_201110_jw6cqh__outer00__inner00__aug02,20260711_201110_jw6cqh,user3,অ,output/user3/অ/অ_20260711_201110_jw6cqh.mp4,0.880012,0.958422,3,0.070437,-0.023258,-0.021794
0,0,20260711_201110_jw6cqh__outer00__inner00__aug03,20260711_201110_jw6cqh,user3,অ,output/user3/অ/অ_20260711_201110_jw6cqh.mp4,1.037753,0.946819,5,0.035904,0.002294,-0.00016
0,0,20260711_201208_6ylgz1__outer00__inner00__aug01,20260711_201208_6ylgz1,user3,অ,output/user3/অ/অ_20260711_201208_6ylgz1.mp4,1.132572,0.876724,3,0.005274,-0.021161,-0.038259
0,0,20260711_201208_6ylgz1__outer00__inner00__aug02,20260711_201208_6ylgz1,user3,অ,output/user3/অ/অ_20260711_201208_6ylgz1.mp4,1.031256,0.914762,3,0.011192,-0.024483,-0.01265
0,0,20260711_201208_6ylgz1__outer00__inner00__aug03,20260711_201208_6ylgz1,user3,অ,output/user3/অ/অ_20260711_201208_6ylgz1.mp4,1.145538,0.888147,3,0.041995,-0.044646,-0.042857
0,0,20260711_201526_9elfv0__outer00__inner00__aug01,20260711_201526_9elfv0,user3,অ,output/user3/অ/অ_20260711_201526_9elfv0.mp4,0.992676,0.85748,5,0.045419,-0.026957,0.038849
0,0,20260711_201526_9elfv0__outer00__inner00__aug02,20260711_201526_9elfv0,user3,অ,output/user3/অ/অ_20260711_201526_9elfv0.mp4,0.853919,1.001251,5,0.009468,0.004699,0.048757
0,0,20260711_201526_9elfv0__outer00__inner00__aug03,20260711_201526_9elfv0,user3,অ,output/user3/অ/অ_20260711_201526_9elfv0.mp4,1.087986,1.072942,5,0.083542,-0.002658,0.000532
0,0,20260711_201609_iv7642__outer00__inner00__aug01,20260711_201609_iv7642,user3,অ,output/user3/অ/অ_20260711_201609_iv7642.mp4,0.994094,0.870196,3,0.081642,-0.009911,-0.002605
0,0,20260711_201609_iv7642__outer00__inner00__aug02,20260711_201609_iv7642,user3,অ,output/user3/অ/অ_20260711_201609_iv7642.mp4,0.862842,1.124854,5,0.020882,0.035524,-0.019241
0,0,20260711_201609_iv7642__outer00__inner00__aug03,20260711_201609_iv7642,user3,অ,output/user3/অ/অ_20260711_201609_iv7642.mp4,0.927859,0.927835,3,0.097339,-0.032973,0.004056
0,0,20260711_201811_0znu6g__outer00__inner00__aug01,20260711_201811_0znu6g,user3,অ,output/user3/অ/অ_20260711_201811_0znu6g.mp4,0.907111,0.922041,5,0.069355,0.024061,-0.000484
0,0,20260711_201811_0znu6g__outer00__inner00__aug02,20260711_201811_0znu6g,user3,অ,output/user3/অ/অ_20260711_201811_0znu6g.mp4,1.147017,1.093059,5,0.027028,0.018609,-0.04265
0,0,20260711_201811_0znu6g__outer00__inner00__aug03,20260711_201811_0znu6g,user3,অ,output/user3/অ/অ_20260711_201811_0znu6g.mp4,1.044343,1.117045,5,0.007508,-0.045604,-0.016103
0,0,20260711_201916_nc9ara__outer00__inner00__aug01,20260711_201916_nc9ara,user3,অ,output/user3/অ/অ_20260711_201916_nc9ara.mp4,1.11441,0.903807,3,0.015657,-0.022082,-0.03494
0,0,20260711_201916_nc9ara__outer00__inner00__aug02,20260711_201916_nc9ara,user3,অ,output/user3/অ/অ_20260711_201916_nc9ara.mp4,0.964456,1.04722,5,0.054605,0.032776,0.042807
0,0,20260711_201916_nc9ara__outer00__inner00__aug03,20260711_201916_nc9ara,user3,অ,output/user3/অ/অ_20260711_201916_nc9ara.mp4,1.07732,1.132452,5,0.003252,0.002725,0.043294
0,0,20260711_201953_sai9ew__outer00__inner00__aug01,20260711_201953_sai9ew,user3,অ,output/user3/অ/অ_20260711_201953_sai9ew.mp4,0.975752,0.945107,3,0.098715,-0.013667,-0.043096
0,0,20260711_201953_sai9ew__outer00__inner00__aug02,20260711_201953_sai9ew,user3,অ,output/user3/অ/অ_20260711_201953_sai9ew.mp4,1.041181,0.939778,3,0.055296,-0.017523,0.036656
0,0,20260711_201953_sai9ew__outer00__inner00__aug03,20260711_201953_sai9ew,user3,অ,output/user3/অ/অ_20260711_201953_sai9ew.mp4,0.916894,1.038834,5,0.072341,-0.008206,0.020405
0,0,20260711_202025_bntr0i__outer00__inner00__aug01,20260711_202025_bntr0i,user3,অ,output/user3/অ/অ_20260711_202025_bntr0i.mp4,1.044235,1.008316,5,0.098745,-0.031604,0.006503
0,0,20260711_202025_bntr0i__outer00__inner00__aug02,20260711_202025_bntr0i,user3,অ,output/user3/অ/অ_20260711_202025_bntr0i.mp4,0.979712,1.149532,3,0.004077,0.044952,0.048624
0,0,20260711_202025_bntr0i__outer00__inner00__aug03,20260711_202025_bntr0i,user3,অ,output/user3/অ/অ_20260711_202025_bntr0i.mp4,0.986517,1.052906,3,0.003582,0.016516,-0.024051
0,0,20260711_202714_mwa7m1__outer00__inner00__aug01,20260711_202714_mwa7m1,user3,অ,output/user3/অ/অ_20260711_202714_mwa7m1.mp4,0.857595,1.028065,3,0.092312,-0.040287,-0.039515
0,0,20260711_202714_mwa7m1__outer00__inner00__aug02,20260711_202714_mwa7m1,user3,অ,output/user3/অ/অ_20260711_202714_mwa7m1.mp4,1.008042,1.06779,5,0.005564,-0.000633,0.047815
0,0,20260711_202714_mwa7m1__outer00__inner00__aug03,20260711_202714_mwa7m1,user3,অ,output/user3/অ/অ_20260711_202714_mwa7m1.mp4,0.878139,0.906976,5,0.080266,0.040497,0.006752
0,0,20260711_202846_kmy51g__outer00__inner00__aug01,20260711_202846_kmy51g,user3,অ,output/user3/অ/অ_20260711_202846_kmy51g.mp4,0.961817,1.111335,5,0.05294,-0.00099,0.016873
0,0,20260711_202846_kmy51g__outer00__inner00__aug02,20260711_202846_kmy51g,user3,অ,output/user3/অ/অ_20260711_202846_kmy51g.mp4,0.934248,0.875867,3,0.06619,0.03635,-0.016183
0,0,20260711_202846_kmy51g__outer00__inner00__aug03,20260711_202846_kmy51g,user3,অ,output/user3/অ/অ_20260711_202846_kmy51g.mp4,1.005559,0.863964,3,0.06854,-0.043411,-0.040024
0,0,20260711_203013_i4o0om__outer00__inner00__aug01,20260711_203013_i4o0om,user3,অ,output/user3/অ/অ_20260711_203013_i4o0om.mp4,1.129557,1.067783,5,0.005532,0.022858,0.024522
0,0,20260711_203013_i4o0om__outer00__inner00__aug02,20260711_203013_i4o0om,user3,অ,output/user3/অ/অ_20260711_203013_i4o0om.mp4,1.105404,0.986199,5,0.05657,-0.029655,0.011317
0,0,20260711_203013_i4o0om__outer00__inner00__aug03,20260711_203013_i4o0om,user3,অ,output/user3/অ/অ_20260711_203013_i4o0om.mp4,0.979441,1.000585,3,0.05732,0.038985,-0.026962
0,0,20260711_203112_15gnzj__outer00__inner00__aug01,20260711_203112_15gnzj,user3,অ,output/user3/অ/অ_20260711_203112_15gnzj.mp4,0.916686,1.049551,5,0.07374,-0.022508,-0.047975
0,0,20260711_203112_15gnzj__outer00__inner00__aug02,20260711_203112_15gnzj,user3,অ,output/user3/অ/অ_20260711_203112_15gnzj.mp4,1.110577,1.129569,3,0.048688,0.037703,0.011497
0,0,20260711_203112_15gnzj__outer00__inner00__aug03,20260711_203112_15gnzj,user3,অ,output/user3/অ/অ_20260711_203112_15gnzj.mp4,0.972874,1.106713,3,0.006447,0.049821,0.025245
0,0,20260711_205524_jbk5pv__outer00__inner00__aug01,20260711_205524_jbk5pv,user3,আ,output/user3/আ/আ_20260711_205524_jbk5pv.mp4,0.87697,1.075711,3,0.006918,-0.023011,0.008275
0,0,20260711_205524_jbk5pv__outer00__inner00__aug02,20260711_205524_jbk5pv,user3,আ,output/user3/আ/আ_20260711_205524_jbk5pv.mp4,1.015375,1.115485,5,0.090122,0.040281,-0.016518
0,0,20260711_205524_jbk5pv__outer00__inner00__aug03,20260711_205524_jbk5pv,user3,আ,output/user3/আ/আ_20260711_205524_jbk5pv.mp4,1.107066,0.993414,5,0.030827,-0.046504,-0.021407
0,0,20260711_205559_azslan__outer00__inner00__aug01,20260711_205559_azslan,user3,আ,output/user3/আ/আ_20260711_205559_azslan.mp4,0.961116,1.059718,3,0.011044,-0.034705,0.01279
0,0,20260711_205559_azslan__outer00__inner00__aug02,20260711_205559_azslan,user3,আ,output/user3/আ/আ_20260711_205559_azslan.mp4,1.017072,0.904768,3,0.007652,-0.010828,-0.030842
0,0,20260711_205559_azslan__outer00__inner00__aug03,20260711_205559_azslan,user3,আ,output/user3/আ/আ_20260711_205559_azslan.mp4,0.898553,1.044872,3,0.002338,0.002713,-0.044651
0,0,20260711_205630_gydvnp__outer00__inner00__aug01,20260711_205630_gydvnp,user3,আ,output/user3/আ/আ_20260711_205630_gydvnp.mp4,1.112331,1.113605,5,0.007412,0.036245,0.009959
0,0,20260711_205630_gydvnp__outer00__inner00__aug02,20260711_205630_gydvnp,user3,আ,output/user3/আ/আ_20260711_205630_gydvnp.mp4,0.868795,1.039694,3,0.033779,-0.013415,-0.040122
0,0,20260711_205630_gydvnp__outer00__inner00__aug03,20260711_205630_gydvnp,user3,আ,output/user3/আ/আ_20260711_205630_gydvnp.mp4,0.900642,1.049378,5,0.068925,0.020414,-0.006234
0,0,20260711_205707_n57400__outer00__inner00__aug01,20260711_205707_n57400,user3,আ,output/user3/আ/আ_20260711_205707_n57400.mp4,1.023055,0.901472,3,0.045228,-0.037994,-0.007019
0,0,20260711_205707_n57400__outer00__inner00__aug02,20260711_205707_n57400,user3,আ,output/user3/আ/আ_20260711_205707_n57400.mp4,0.930804,1.030333,3,0.071834,-0.020369,-0.003514
0,0,20260711_205707_n57400__outer00__inner00__aug03,20260711_205707_n57400,user3,আ,output/user3/আ/আ_20260711_205707_n57400.mp4,1.144156,0.921327,5,0.070643,-0.0163,0.009862
0,0,20260711_205748_usnulf__outer00__inner00__aug01,20260711_205748_usnulf,user3,আ,output/user3/আ/আ_20260711_205748_usnulf.mp4,1.013301,0.864178,5,0.029019,0.034045,-0.041744
0,0,20260711_205748_usnulf__outer00__inner00__aug02,20260711_205748_usnulf,user3,আ,output/user3/আ/আ_20260711_205748_usnulf.mp4,0.883577,1.037641,5,0.068733,-0.033647,-0.019278
0,0,20260711_205748_usnulf__outer00__inner00__aug03,20260711_205748_usnulf,user3,আ,output/user3/আ/আ_20260711_205748_usnulf.mp4,1.107871,1.051439,5,0.025324,-0.029129,0.001399
0,1,20260704_232121_lcxi4y__outer00__inner01__aug01,20260704_232121_lcxi4y,user2,অ,output/user2/অ/অ_20260704_232121_lcxi4y.mp4,0.927352,1.019367,5,0.066905,-0.046828,-0.001429
0,1,20260704_232121_lcxi4y__outer00__inner01__aug02,20260704_232121_lcxi4y,user2,অ,output/user2/অ/অ_20260704_232121_lcxi4y.mp4,0.85555,0.911842,3,0.048345,-0.024955,0.011031
0,1,20260704_232121_lcxi4y__outer00__inner01__aug03,20260704_232121_lcxi4y,user2,অ,output/user2/অ/অ_20260704_232121_lcxi4y.mp4,0.954649,0.989697,5,0.082573,0.048228,-0.016559
0,1,20260728_232630_znnts0__outer00__inner01__aug01,20260728_232630_znnts0,user2,অ,output/user2/অ/অ_20260728_232630_znnts0.mp4,0.988474,0.961299,5,0.000942,0.00938,0.04689
0,1,20260728_232630_znnts0__outer00__inner01__aug02,20260728_232630_znnts0,user2,অ,output/user2/অ/অ_20260728_232630_znnts0.mp4,1.089238,0.906943,5,0.096775,0.004456,0.043552
0,1,20260728_232630_znnts0__outer00__inner01__aug03,20260728_232630_znnts0,user2,অ,output/user2/অ/অ_20260728_232630_znnts0.mp4,0.890435,0.902099,3,0.003748,-0.027157,-0.015856
0,1,20260728_232652_hdsmyh__outer00__inner01__aug01,20260728_232652_hdsmyh,user2,অ,output/user2/অ/অ_20260728_232652_hdsmyh.mp4,0.963321,1.070681,3,0.018896,0.00187,0.035563
0,1,20260728_232652_hdsmyh__outer00__inner01__aug02,20260728_232652_hdsmyh,user2,অ,output/user2/অ/অ_20260728_232652_hdsmyh.mp4,1.095064,1.13261,3,0.078331,-0.048311,-0.014314
0,1,20260728_232652_hdsmyh__outer00__inner01__aug03,20260728_232652_hdsmyh,user2,অ,output/user2/অ/অ_20260728_232652_hdsmyh.mp4,1.014795,1.142563,3,0.003682,0.007036,0.013004
0,1,20260728_232714_hincfq__outer00__inner01__aug01,20260728_232714_hincfq,user2,অ,output/user2/অ/অ_20260728_232714_hincfq.mp4,0.858428,1.111352,5,0.051297,-0.049191,-0.040742
0,1,20260728_232714_hincfq__outer00__inner01__aug02,20260728_232714_hincfq,user2,অ,output/user2/অ/অ_20260728_232714_hincfq.mp4,0.850138,0.999531,5,0.094194,-0.027348,0.021559
0,1,20260728_232714_hincfq__outer00__inner01__aug03,20260728_232714_hincfq,user2,অ,output/user2/অ/অ_20260728_232714_hincfq.mp4,0.934312,1.061729,3,0.009222,-0.022277,-0.043649
0,1,20260728_232741_j1gvgu__outer00__inner01__aug01,20260728_232741_j1gvgu,user2,অ,output/user2/অ/অ_20260728_232741_j1gvgu.mp4,0.971372,0.948626,5,0.071224,0.033467,-0.04229
0,1,20260728_232741_j1gvgu__outer00__inner01__aug02,20260728_232741_j1gvgu,user2,অ,output/user2/অ/অ_20260728_232741_j1gvgu.mp4,0.995047,0.913078,3,0.077176,0.038609,-0.00904
0,1,20260728_232741_j1gvgu__outer00__inner01__aug03,20260728_232741_j1gvgu,user2,অ,output/user2/অ/অ_20260728_232741_j1gvgu.mp4,0.881176,1.131165,5,0.040104,0.03865,-0.025804
0,1,20260704_232148_mqf5ea__outer00__inner01__aug01,20260704_232148_mqf5ea,user2,আ,output/user2/আ/আ_20260704_232148_mqf5ea.mp4,0.856978,1.076798,5,0.0073,0.035648,-0.022301
0,1,20260704_232148_mqf5ea__outer00__inner01__aug02,20260704_232148_mqf5ea,user2,আ,output/user2/আ/আ_20260704_232148_mqf5ea.mp4,1.063582,0.902585,3,0.029155,-0.042264,0.041496
0,1,20260704_232148_mqf5ea__outer00__inner01__aug03,20260704_232148_mqf5ea,user2,আ,output/user2/আ/আ_20260704_232148_mqf5ea.mp4,0.94057,0.881706,5,0.017471,-0.013956,-0.001919
0,1,20260728_232436_9i4gi8__outer00__inner01__aug01,20260728_232436_9i4gi8,user2,আ,output/user2/আ/আ_20260728_232436_9i4gi8.mp4,1.127876,0.870666,3,0.03755,0.039653,0.024837
0,1,20260728_232436_9i4gi8__outer00__inner01__aug02,20260728_232436_9i4gi8,user2,আ,output/user2/আ/আ_20260728_232436_9i4gi8.mp4,0.96076,0.971343,5,0.038778,0.028884,-0.006666
0,1,20260728_232436_9i4gi8__outer00__inner01__aug03,20260728_232436_9i4gi8,user2,আ,output/user2/আ/আ_20260728_232436_9i4gi8.mp4,1.075464,1.127119,5,0.055712,0.002831,-0.025778
0,1,20260728_232459_m6l3cf__outer00__inner01__aug01,20260728_232459_m6l3cf,user2,আ,output/user2/আ/আ_20260728_232459_m6l3cf.mp4,0.971801,0.894966,5,0.044086,0.006246,-0.03086
0,1,20260728_232459_m6l3cf__outer00__inner01__aug02,20260728_232459_m6l3cf,user2,আ,output/user2/আ/আ_20260728_232459_m6l3cf.mp4,1.14943,1.120072,5,0.061805,-0.020642,-0.032874
0,1,20260728_232459_m6l3cf__outer00__inner01__aug03,20260728_232459_m6l3cf,user2,আ,output/user2/আ/আ_20260728_232459_m6l3cf.mp4,0.951437,1.08363,5,0.035623,0.04441,0.046159
0,1,20260728_232520_l4uaan__outer00__inner01__aug01,20260728_232520_l4uaan,user2,আ,output/user2/আ/আ_20260728_232520_l4uaan.mp4,1.064932,1.139189,5,0.091371,0.040494,-0.044237
0,1,20260728_232520_l4uaan__outer00__inner01__aug02,20260728_232520_l4uaan,user2,আ,output/user2/আ/আ_20260728_232520_l4uaan.mp4,0.980641,0.878487,5,0.039588,0.029908,0.004214
0,1,20260728_232520_l4uaan__outer00__inner01__aug03,20260728_232520_l4uaan,user2,আ,output/user2/আ/আ_20260728_232520_l4uaan.mp4,0.856288,0.948343,5,0.063013,-0.033531,-0.046985
0,1,20260728_232556_dwfz7c__outer00__inner01__aug01,20260728_232556_dwfz7c,user2,আ,output/user2/আ/আ_20260728_232556_dwfz7c.mp4,0.922561,1.012183,5,0.00262,-0.040147,0.000155
0,1,20260728_232556_dwfz7c__outer00__inner01__aug02,20260728_232556_dwfz7c,user2,আ,output/user2/আ/আ_20260728_232556_dwfz7c.mp4,1.013818,1.137829,3,0.029066,-0.040865,-0.009749
0,1,20260728_232556_dwfz7c__outer00__inner01__aug03,20260728_232556_dwfz7c,user2,আ,output/user2/আ/আ_20260728_232556_dwfz7c.mp4,0.864532,1.074929,3,0.061064,-0.006299,-0.037904
0,1,20260704_232218_jf6rio__outer00__inner01__aug01,20260704_232218_jf6rio,user2,ই,output/user2/ই/ই_20260704_232218_jf6rio.mp4,1.139287,1.087668,5,0.070994,0.031322,-0.040022
0,1,20260704_232218_jf6rio__outer00__inner01__aug02,20260704_232218_jf6rio,user2,ই,output/user2/ই/ই_20260704_232218_jf6rio.mp4,1.116288,1.101505,5,0.069682,0.049449,-0.040002
0,1,20260704_232218_jf6rio__outer00__inner01__aug03,20260704_232218_jf6rio,user2,ই,output/user2/ই/ই_20260704_232218_jf6rio.mp4,0.964844,0.919717,3,0.04661,-0.023298,0.046958
0,1,20260728_232810_781yo6__outer00__inner01__aug01,20260728_232810_781yo6,user2,ই,output/user2/ই/ই_20260728_232810_781yo6.mp4,1.114578,0.873879,3,0.074125,-0.034629,0.037786
0,1,20260728_232810_781yo6__outer00__inner01__aug02,20260728_232810_781yo6,user2,ই,output/user2/ই/ই_20260728_232810_781yo6.mp4,0.974395,0.945997,3,0.091259,0.01502,0.015648
0,1,20260728_232810_781yo6__outer00__inner01__aug03,20260728_232810_781yo6,user2,ই,output/user2/ই/ই_20260728_232810_781yo6.mp4,0.905492,1.100986,3,0.048799,0.041704,-0.032258
0,1,20260728_232836_pvgrxn__outer00__inner01__aug01,20260728_232836_pvgrxn,user2,ই,output/user2/ই/ই_20260728_232836_pvgrxn.mp4,1.105261,0.983519,5,0.002581,0.025495,-0.038302
0,1,20260728_232836_pvgrxn__outer00__inner01__aug02,20260728_232836_pvgrxn,user2,ই,output/user2/ই/ই_20260728_232836_pvgrxn.mp4,0.852508,0.854254,5,0.036243,-0.018612,-0.005746
0,1,20260728_232836_pvgrxn__outer00__inner01__aug03,20260728_232836_pvgrxn,user2,ই,output/user2/ই/ই_20260728_232836_pvgrxn.mp4,0.899499,0.958105,3,0.072089,-0.011057,0.034759
0,1,20260728_233118_pcjncu__outer00__inner01__aug01,20260728_233118_pcjncu,user2,ই,output/user2/ই/ই_20260728_233118_pcjncu.mp4,1.148806,1.002452,3,0.096954,-0.023656,-0.039691
0,1,20260728_233118_pcjncu__outer00__inner01__aug02,20260728_233118_pcjncu,user2,ই,output/user2/ই/ই_20260728_233118_pcjncu.mp4,1.123713,0.935253,3,0.028511,0.027518,-0.043717
0,1,20260728_233118_pcjncu__outer00__inner01__aug03,20260728_233118_pcjncu,user2,ই,output/user2/ই/ই_20260728_233118_pcjncu.mp4,1.127784,0.940588,3,0.08346,0.045572,0.004892
0,1,20260728_233205_n417cm__outer00__inner01__aug01,20260728_233205_n417cm,user2,ই,output/user2/ই/ই_20260728_233205_n417cm.mp4,0.988362,0.97249,3,0.089054,0.015421,0.030447
0,1,20260728_233205_n417cm__outer00__inner01__aug02,20260728_233205_n417cm,user2,ই,output/user2/ই/ই_20260728_233205_n417cm.mp4,1.081629,0.879929,5,0.030961,-6.6e-05,-0.005354
0,1,20260728_233205_n417cm__outer00__inner01__aug03,20260728_233205_n417cm,user2,ই,output/user2/ই/ই_20260728_233205_n417cm.mp4,0.982536,0.938214,3,0.035875,0.003334,0.047171
0,1,20260704_232243_1fsapx__outer00__inner01__aug01,20260704_232243_1fsapx,user2,ঈ,output/user2/ঈ/ঈ_20260704_232243_1fsapx.mp4,0.936478,1.102916,5,0.006205,-0.047784,-0.010981
0,1,20260704_232243_1fsapx__outer00__inner01__aug02,20260704_232243_1fsapx,user2,ঈ,output/user2/ঈ/ঈ_20260704_232243_1fsapx.mp4,0.99768,0.86924,3,0.051877,-0.004231,0.000648
0,1,20260704_232243_1fsapx__outer00__inner01__aug03,20260704_232243_1fsapx,user2,ঈ,output/user2/ঈ/ঈ_20260704_232243_1fsapx.mp4,0.984867,0.909341,3,0.077446,0.044424,-0.009019
0,1,20260728_233238_q39ioy__outer00__inner01__aug01,20260728_233238_q39ioy,user2,ঈ,output/user2/ঈ/ঈ_20260728_233238_q39ioy.mp4,1.137106,0.931777,3,0.068192,0.003549,-0.039121
0,1,20260728_233238_q39ioy__outer00__inner01__aug02,20260728_233238_q39ioy,user2,ঈ,output/user2/ঈ/ঈ_20260728_233238_q39ioy.mp4,0.974407,0.967988,5,0.066895,0.010514,0.019403
0,1,20260728_233238_q39ioy__outer00__inner01__aug03,20260728_233238_q39ioy,user2,ঈ,output/user2/ঈ/ঈ_20260728_233238_q39ioy.mp4,0.981814,0.968017,3,0.066577,-0.02132,0.003355
0,1,20260728_233302_e8k0ge__outer00__inner01__aug01,20260728_233302_e8k0ge,user2,ঈ,output/user2/ঈ/ঈ_20260728_233302_e8k0ge.mp4,0.874287,0.895659,5,0.035971,0.026494,-0.036623
0,1,20260728_233302_e8k0ge__outer00__inner01__aug02,20260728_233302_e8k0ge,user2,ঈ,output/user2/ঈ/ঈ_20260728_233302_e8k0ge.mp4,0.89451,0.941949,5,0.012262,0.026232,0.047103
0,1,20260728_233302_e8k0ge__outer00__inner01__aug03,20260728_233302_e8k0ge,user2,ঈ,output/user2/ঈ/ঈ_20260728_233302_e8k0ge.mp4,1.111365,1.05803,3,0.098134,0.045496,0.023419
0,1,20260728_233333_nvf18a__outer00__inner01__aug01,20260728_233333_nvf18a,user2,ঈ,output/user2/ঈ/ঈ_20260728_233333_nvf18a.mp4,1.071919,1.030925,5,0.059203,0.027102,-0.011437
0,1,20260728_233333_nvf18a__outer00__inner01__aug02,20260728_233333_nvf18a,user2,ঈ,output/user2/ঈ/ঈ_20260728_233333_nvf18a.mp4,0.909119,0.95709,5,0.071843,-0.030598,-0.033516
0,1,20260728_233333_nvf18a__outer00__inner01__aug03,20260728_233333_nvf18a,user2,ঈ,output/user2/ঈ/ঈ_20260728_233333_nvf18a.mp4,0.892336,1.01018,3,0.09049,0.035918,-0.040541
0,1,20260728_233359_9wg8n4__outer00__inner01__aug01,20260728_233359_9wg8n4,user2,ঈ,output/user2/ঈ/ঈ_20260728_233359_9wg8n4.mp4,0.94019,0.963317,5,0.015442,0.019809,0.021672
0,1,20260728_233359_9wg8n4__outer00__inner01__aug02,20260728_233359_9wg8n4,user2,ঈ,output/user2/ঈ/ঈ_20260728_233359_9wg8n4.mp4,1.020895,1.006996,3,0.03925,0.001102,-0.014026
0,1,20260728_233359_9wg8n4__outer00__inner01__aug03,20260728_233359_9wg8n4,user2,ঈ,output/user2/ঈ/ঈ_20260728_233359_9wg8n4.mp4,0.939274,0.902246,3,0.029298,0.001788,-0.044584
0,1,20260711_200812_18txgi__outer00__inner01__aug01,20260711_200812_18txgi,user3,অ,output/user3/অ/অ_20260711_200812_18txgi.mp4,1.079084,0.971436,3,0.005108,0.003128,-0.036506
0,1,20260711_200812_18txgi__outer00__inner01__aug02,20260711_200812_18txgi,user3,অ,output/user3/অ/অ_20260711_200812_18txgi.mp4,1.132,0.952506,5,0.098744,0.003527,0.011904
0,1,20260711_200812_18txgi__outer00__inner01__aug03,20260711_200812_18txgi,user3,অ,output/user3/অ/অ_20260711_200812_18txgi.mp4,1.090574,0.919041,5,0.075434,0.016214,-0.046929
0,1,20260711_200917_z1na4w__outer00__inner01__aug01,20260711_200917_z1na4w,user3,অ,output/user3/অ/অ_20260711_200917_z1na4w.mp4,1.094816,0.95075,3,0.088547,0.040723,0.044214
0,1,20260711_200917_z1na4w__outer00__inner01__aug02,20260711_200917_z1na4w,user3,অ,output/user3/অ/অ_20260711_200917_z1na4w.mp4,0.898317,0.955731,3,0.074652,-0.018118,-0.01839
0,1,20260711_200917_z1na4w__outer00__inner01__aug03,20260711_200917_z1na4w,user3,অ,output/user3/অ/অ_20260711_200917_z1na4w.mp4,0.935622,0.869943,5,0.072882,0.00713,0.030925
0,1,20260711_200954_0muns4__outer00__inner01__aug01,20260711_200954_0muns4,user3,অ,output/user3/অ/অ_20260711_200954_0muns4.mp4,1.030327,0.898391,5,0.041947,-0.042418,0.035726
0,1,20260711_200954_0muns4__outer00__inner01__aug02,20260711_200954_0muns4,user3,অ,output/user3/অ/অ_20260711_200954_0muns4.mp4,1.005177,0.999549,5,0.003839,-0.048774,0.044507
0,1,20260711_200954_0muns4__outer00__inner01__aug03,20260711_200954_0muns4,user3,অ,output/user3/অ/অ_20260711_200954_0muns4.mp4,1.09281,1.09042,3,0.08427,0.02558,0.049003
0,1,20260711_201110_jw6cqh__outer00__inner01__aug01,20260711_201110_jw6cqh,user3,অ,output/user3/অ/অ_20260711_201110_jw6cqh.mp4,0.915798,1.126364,3,0.035563,0.018689,0.028397
0,1,20260711_201110_jw6cqh__outer00__inner01__aug02,20260711_201110_jw6cqh,user3,অ,output/user3/অ/অ_20260711_201110_jw6cqh.mp4,1.100077,0.98092,3,0.067081,0.049618,-0.023578
0,1,20260711_201110_jw6cqh__outer00__inner01__aug03,20260711_201110_jw6cqh,user3,অ,output/user3/অ/অ_20260711_201110_jw6cqh.mp4,1.127625,0.972121,5,0.058831,0.020539,0.001051
0,1,20260711_201208_6ylgz1__outer00__inner01__aug01,20260711_201208_6ylgz1,user3,অ,output/user3/অ/অ_20260711_201208_6ylgz1.mp4,1.000106,1.058276,5,0.072821,-0.007599,0.040231
0,1,20260711_201208_6ylgz1__outer00__inner01__aug02,20260711_201208_6ylgz1,user3,অ,output/user3/অ/অ_20260711_201208_6ylgz1.mp4,1.060725,1.011388,5,0.064443,0.042642,-0.021992
0,1,20260711_201208_6ylgz1__outer00__inner01__aug03,20260711_201208_6ylgz1,user3,অ,output/user3/অ/অ_20260711_201208_6ylgz1.mp4,1.055512,0.993635,5,0.08653,0.037805,0.000444
0,1,20260711_201526_9elfv0__outer00__inner01__aug01,20260711_201526_9elfv0,user3,অ,output/user3/অ/অ_20260711_201526_9elfv0.mp4,1.004502,1.096094,3,0.021595,0.039604,0.042818
0,1,20260711_201526_9elfv0__outer00__inner01__aug02,20260711_201526_9elfv0,user3,অ,output/user3/অ/অ_20260711_201526_9elfv0.mp4,0.949957,1.109368,3,0.069473,0.006277,0.008081
0,1,20260711_201526_9elfv0__outer00__inner01__aug03,20260711_201526_9elfv0,user3,অ,output/user3/অ/অ_20260711_201526_9elfv0.mp4,1.055138,1.000271,5,0.001271,0.015708,0.019191
0,1,20260711_201609_iv7642__outer00__inner01__aug01,20260711_201609_iv7642,user3,অ,output/user3/অ/অ_20260711_201609_iv7642.mp4,0.868526,1.06349,5,0.082748,0.022616,0.029735
0,1,20260711_201609_iv7642__outer00__inner01__aug02,20260711_201609_iv7642,user3,অ,output/user3/অ/অ_20260711_201609_iv7642.mp4,1.125533,0.992334,3,0.060107,0.003106,-0.0296
0,1,20260711_201609_iv7642__outer00__inner01__aug03,20260711_201609_iv7642,user3,অ,output/user3/অ/অ_20260711_201609_iv7642.mp4,1.145102,0.97928,5,0.07583,0.014168,-0.036268
0,1,20260711_201811_0znu6g__outer00__inner01__aug01,20260711_201811_0znu6g,user3,অ,output/user3/অ/অ_20260711_201811_0znu6g.mp4,1.121604,1.062845,5,0.082337,-0.005358,-0.033678
0,1,20260711_201811_0znu6g__outer00__inner01__aug02,20260711_201811_0znu6g,user3,অ,output/user3/অ/অ_20260711_201811_0znu6g.mp4,1.083696,1.079889,5,0.098628,-0.008884,-0.036857
0,1,20260711_201811_0znu6g__outer00__inner01__aug03,20260711_201811_0znu6g,user3,অ,output/user3/অ/অ_20260711_201811_0znu6g.mp4,0.890659,1.092913,3,0.065198,0.041057,0.03454
0,1,20260711_201916_nc9ara__outer00__inner01__aug01,20260711_201916_nc9ara,user3,অ,output/user3/অ/অ_20260711_201916_nc9ara.mp4,0.869261,1.125624,3,0.039741,-0.046809,-0.031402
0,1,20260711_201916_nc9ara__outer00__inner01__aug02,20260711_201916_nc9ara,user3,অ,output/user3/অ/অ_20260711_201916_nc9ara.mp4,0.988141,1.128892,5,0.048794,-0.037503,-0.019615
0,1,20260711_201916_nc9ara__outer00__inner01__aug03,20260711_201916_nc9ara,user3,অ,output/user3/অ/অ_20260711_201916_nc9ara.mp4,1.13615,1.044278,5,0.05079,-0.046621,0.030287
0,1,20260711_201953_sai9ew__outer00__inner01__aug01,20260711_201953_sai9ew,user3,অ,output/user3/অ/অ_20260711_201953_sai9ew.mp4,1.11855,1.021299,5,0.098539,0.010818,-0.025414
0,1,20260711_201953_sai9ew__outer00__inner01__aug02,20260711_201953_sai9ew,user3,অ,output/user3/অ/অ_20260711_201953_sai9ew.mp4,1.057457,0.943499,3,0.0952,0.034019,-0.007774
0,1,20260711_201953_sai9ew__outer00__inner01__aug03,20260711_201953_sai9ew,user3,অ,output/user3/অ/অ_20260711_201953_sai9ew.mp4,0.908796,1.086229,3,0.076723,-0.029445,-0.008988
0,1,20260711_202025_bntr0i__outer00__inner01__aug01,20260711_202025_bntr0i,user3,অ,output/user3/অ/অ_20260711_202025_bntr0i.mp4,1.093805,0.91998,3,0.023386,0.041642,-0.00098
0,1,20260711_202025_bntr0i__outer00__inner01__aug02,20260711_202025_bntr0i,user3,অ,output/user3/অ/অ_20260711_202025_bntr0i.mp4,0.905826,1.141581,5,0.000855,-0.024327,0.009571
0,1,20260711_202025_bntr0i__outer00__inner01__aug03,20260711_202025_bntr0i,user3,অ,output/user3/অ/অ_20260711_202025_bntr0i.mp4,1.024435,0.962605,5,0.055808,0.023172,0.044115
0,1,20260711_202714_mwa7m1__outer00__inner01__aug01,20260711_202714_mwa7m1,user3,অ,output/user3/অ/অ_20260711_202714_mwa7m1.mp4,1.079727,1.114731,3,0.050432,-0.043763,-0.004711
0,1,20260711_202714_mwa7m1__outer00__inner01__aug02,20260711_202714_mwa7m1,user3,অ,output/user3/অ/অ_20260711_202714_mwa7m1.mp4,1.022674,0.951354,5,0.016492,-0.00797,-0.029604
0,1,20260711_202714_mwa7m1__outer00__inner01__aug03,20260711_202714_mwa7m1,user3,অ,output/user3/অ/অ_20260711_202714_mwa7m1.mp4,1.065519,0.995276,3,0.001683,-0.048184,-0.011587
0,1,20260711_202846_kmy51g__outer00__inner01__aug01,20260711_202846_kmy51g,user3,অ,output/user3/অ/অ_20260711_202846_kmy51g.mp4,1.013939,0.959164,3,0.026235,-0.042327,-0.04254
0,1,20260711_202846_kmy51g__outer00__inner01__aug02,20260711_202846_kmy51g,user3,অ,output/user3/অ/অ_20260711_202846_kmy51g.mp4,1.126692,1.001123,5,0.023218,-0.005868,0.034886
0,1,20260711_202846_kmy51g__outer00__inner01__aug03,20260711_202846_kmy51g,user3,অ,output/user3/অ/অ_20260711_202846_kmy51g.mp4,0.871711,0.952096,5,0.033303,0.010079,-0.02818
0,1,20260711_203013_i4o0om__outer00__inner01__aug01,20260711_203013_i4o0om,user3,অ,output/user3/অ/অ_20260711_203013_i4o0om.mp4,0.963265,1.012293,5,0.086408,0.01846,0.046703
0,1,20260711_203013_i4o0om__outer00__inner01__aug02,20260711_203013_i4o0om,user3,অ,output/user3/অ/অ_20260711_203013_i4o0om.mp4,1.149117,0.873345,5,0.008557,0.005549,0.016812
0,1,20260711_203013_i4o0om__outer00__inner01__aug03,20260711_203013_i4o0om,user3,অ,output/user3/অ/অ_20260711_203013_i4o0om.mp4,0.873454,0.902717,5,0.016768,0.026573,0.039099
0,1,20260711_203112_15gnzj__outer00__inner01__aug01,20260711_203112_15gnzj,user3,অ,output/user3/অ/অ_20260711_203112_15gnzj.mp4,1.132697,1.00285,5,0.066895,-0.016506,-0.031252
0,1,20260711_203112_15gnzj__outer00__inner01__aug02,20260711_203112_15gnzj,user3,অ,output/user3/অ/অ_20260711_203112_15gnzj.mp4,1.026097,1.09894,5,0.036288,-0.014673,-0.022013
0,1,20260711_203112_15gnzj__outer00__inner01__aug03,20260711_203112_15gnzj,user3,অ,output/user3/অ/অ_20260711_203112_15gnzj.mp4,0.87144,1.055509,5,0.070002,-0.024709,0.02915
0,1,20260711_205524_jbk5pv__outer00__inner01__aug01,20260711_205524_jbk5pv,user3,আ,output/user3/আ/আ_20260711_205524_jbk5pv.mp4,0.93475,0.868963,3,0.048707,-0.025763,0.041951
0,1,20260711_205524_jbk5pv__outer00__inner01__aug02,20260711_205524_jbk5pv,user3,আ,output/user3/আ/আ_20260711_205524_jbk5pv.mp4,0.992754,0.944188,5,0.074414,0.025525,0.000832
0,1,20260711_205524_jbk5pv__outer00__inner01__aug03,20260711_205524_jbk5pv,user3,আ,output/user3/আ/আ_20260711_205524_jbk5pv.mp4,1.006958,0.913588,3,0.058012,-0.018837,0.027067
0,1,20260711_205559_azslan__outer00__inner01__aug01,20260711_205559_azslan,user3,আ,output/user3/আ/আ_20260711_205559_azslan.mp4,0.922666,1.139186,5,0.021944,-0.02146,0.027168
0,1,20260711_205559_azslan__outer00__inner01__aug02,20260711_205559_azslan,user3,আ,output/user3/আ/আ_20260711_205559_azslan.mp4,0.957093,0.944041,5,0.007201,-0.036128,-0.010811
0,1,20260711_205559_azslan__outer00__inner01__aug03,20260711_205559_azslan,user3,আ,output/user3/আ/আ_20260711_205559_azslan.mp4,1.112619,0.882906,3,0.033223,0.020482,0.004081
0,1,20260711_205630_gydvnp__outer00__inner01__aug01,20260711_205630_gydvnp,user3,আ,output/user3/আ/আ_20260711_205630_gydvnp.mp4,0.879615,0.877885,5,0.098738,-0.031645,0.01029
0,1,20260711_205630_gydvnp__outer00__inner01__aug02,20260711_205630_gydvnp,user3,আ,output/user3/আ/আ_20260711_205630_gydvnp.mp4,1.028588,0.964888,5,0.022132,0.045431,0.004859
0,1,20260711_205630_gydvnp__outer00__inner01__aug03,20260711_205630_gydvnp,user3,আ,output/user3/আ/আ_20260711_205630_gydvnp.mp4,0.964169,0.959364,3,0.076321,0.040962,0.046556
0,1,20260711_205707_n57400__outer00__inner01__aug01,20260711_205707_n57400,user3,আ,output/user3/আ/আ_20260711_205707_n57400.mp4,0.912332,0.900083,3,0.002277,-0.031015,0.027576
0,1,20260711_205707_n57400__outer00__inner01__aug02,20260711_205707_n57400,user3,আ,output/user3/আ/আ_20260711_205707_n57400.mp4,0.954836,1.098487,3,0.087442,0.049065,0.023776
0,1,20260711_205707_n57400__outer00__inner01__aug03,20260711_205707_n57400,user3,আ,output/user3/আ/আ_20260711_205707_n57400.mp4,1.113815,0.966252,5,0.021443,-0.00472,-0.022685
0,1,20260711_205748_usnulf__outer00__inner01__aug01,20260711_205748_usnulf,user3,আ,output/user3/আ/আ_20260711_205748_usnulf.mp4,1.010535,0.955009,3,0.019826,0.009279,-0.007432
0,1,20260711_205748_usnulf__outer00__inner01__aug02,20260711_205748_usnulf,user3,আ,output/user3/আ/আ_20260711_205748_usnulf.mp4,0.87632,0.952608,5,0.072194,-0.02038,-0.004173
0,1,20260711_205748_usnulf__outer00__inner01__aug03,20260711_205748_usnulf,user3,আ,output/user3/আ/আ_20260711_205748_usnulf.mp4,1.015614,1.135584,5,0.099785,-0.046735,0.007336
0,1,20260711_211455_ab7vb3__outer00__inner01__aug01,20260711_211455_ab7vb3,user4,অ,output/user4/অ/অ_20260711_211455_ab7vb3.mp4,0.871935,1.060165,3,0.023622,0.026727,0.035309
0,1,20260711_211455_ab7vb3__outer00__inner01__aug02,20260711_211455_ab7vb3,user4,অ,output/user4/অ/অ_20260711_211455_ab7vb3.mp4,1.042535,0.999447,3,0.067958,0.03132,-0.032344
0,1,20260711_211455_ab7vb3__outer00__inner01__aug03,20260711_211455_ab7vb3,user4,অ,output/user4/অ/অ_20260711_211455_ab7vb3.mp4,0.991347,1.088184,3,0.064422,0.007694,-0.010573
0,1,20260711_214733_y28o8p__outer00__inner01__aug01,20260711_214733_y28o8p,user4,অ,output/user4/অ/অ_20260711_214733_y28o8p.mp4,0.986298,0.98703,3,0.042461,0.029276,-0.000295
0,1,20260711_214733_y28o8p__outer00__inner01__aug02,20260711_214733_y28o8p,user4,অ,output/user4/অ/অ_20260711_214733_y28o8p.mp4,1.018055,0.900347,3,0.070231,0.046082,-0.018097
0,1,20260711_214733_y28o8p__outer00__inner01__aug03,20260711_214733_y28o8p,user4,অ,output/user4/অ/অ_20260711_214733_y28o8p.mp4,0.880682,1.004814,5,0.068292,-0.020012,-0.032923
0,1,20260711_214747_h8ad4n__outer00__inner01__aug01,20260711_214747_h8ad4n,user4,অ,output/user4/অ/অ_20260711_214747_h8ad4n.mp4,0.924302,1.017695,5,0.004693,0.017691,-0.041487
0,1,20260711_214747_h8ad4n__outer00__inner01__aug02,20260711_214747_h8ad4n,user4,অ,output/user4/অ/অ_20260711_214747_h8ad4n.mp4,1.02435,1.102911,5,0.023474,-0.033712,0.022985
0,1,20260711_214747_h8ad4n__outer00__inner01__aug03,20260711_214747_h8ad4n,user4,অ,output/user4/অ/অ_20260711_214747_h8ad4n.mp4,0.907157,0.932058,3,0.005206,0.017932,0.004506
0,1,20260711_214802_iotb3d__outer00__inner01__aug01,20260711_214802_iotb3d,user4,অ,output/user4/অ/অ_20260711_214802_iotb3d.mp4,0.929959,0.975046,5,0.097597,-0.036431,0.045123
0,1,20260711_214802_iotb3d__outer00__inner01__aug02,20260711_214802_iotb3d,user4,অ,output/user4/অ/অ_20260711_214802_iotb3d.mp4,1.032367,0.936706,3,0.04491,0.027195,-0.012235
0,1,20260711_214802_iotb3d__outer00__inner01__aug03,20260711_214802_iotb3d,user4,অ,output/user4/অ/অ_20260711_214802_iotb3d.mp4,1.0714,1.11367,5,0.060448,0.001212,0.045127
0,1,20260711_214818_1kqyjw__outer00__inner01__aug01,20260711_214818_1kqyjw,user4,অ,output/user4/অ/অ_20260711_214818_1kqyjw.mp4,0.985433,1.123532,5,0.009354,-0.013617,0.018565
0,1,20260711_214818_1kqyjw__outer00__inner01__aug02,20260711_214818_1kqyjw,user4,অ,output/user4/অ/অ_20260711_214818_1kqyjw.mp4,0.987669,1.090122,3,0.006955,-0.010423,0.028638
0,1,20260711_214818_1kqyjw__outer00__inner01__aug03,20260711_214818_1kqyjw,user4,অ,output/user4/অ/অ_20260711_214818_1kqyjw.mp4,0.896982,1.031095,3,0.006295,0.032625,-0.036586
0,1,20260711_214838_nmfk2j__outer00__inner01__aug01,20260711_214838_nmfk2j,user4,অ,output/user4/অ/অ_20260711_214838_nmfk2j.mp4,1.13201,1.069181,3,0.031965,-0.049244,-0.004954
0,1,20260711_214838_nmfk2j__outer00__inner01__aug02,20260711_214838_nmfk2j,user4,অ,output/user4/অ/অ_20260711_214838_nmfk2j.mp4,1.0258,1.019198,5,0.091826,-0.005434,0.040863
0,1,20260711_214838_nmfk2j__outer00__inner01__aug03,20260711_214838_nmfk2j,user4,অ,output/user4/অ/অ_20260711_214838_nmfk2j.mp4,1.08068,1.035394,3,0.029009,-0.027604,-0.024399
0,1,20260711_214856_wh1jdl__outer00__inner01__aug01,20260711_214856_wh1jdl,user4,অ,output/user4/অ/অ_20260711_214856_wh1jdl.mp4,0.89875,0.886478,3,0.01075,-0.039397,-0.007461
0,1,20260711_214856_wh1jdl__outer00__inner01__aug02,20260711_214856_wh1jdl,user4,অ,output/user4/অ/অ_20260711_214856_wh1jdl.mp4,1.144404,1.084782,5,0.016088,-0.012143,-0.019706
0,1,20260711_214856_wh1jdl__outer00__inner01__aug03,20260711_214856_wh1jdl,user4,অ,output/user4/অ/অ_20260711_214856_wh1jdl.mp4,1.113774,0.869648,3,0.002279,0.018699,-0.017489
0,1,20260711_214912_5jyzoq__outer00__inner01__aug01,20260711_214912_5jyzoq,user4,অ,output/user4/অ/অ_20260711_214912_5jyzoq.mp4,0.967028,1.053351,5,0.036687,0.006241,-0.041874
0,1,20260711_214912_5jyzoq__outer00__inner01__aug02,20260711_214912_5jyzoq,user4,অ,output/user4/অ/অ_20260711_214912_5jyzoq.mp4,1.1102,1.005633,3,0.045972,0.040163,-0.034701
0,1,20260711_214912_5jyzoq__outer00__inner01__aug03,20260711_214912_5jyzoq,user4,অ,output/user4/অ/অ_20260711_214912_5jyzoq.mp4,0.950967,1.03374,3,0.047046,-0.045598,0.031199
0,1,20260711_215025_9ahjj1__outer00__inner01__aug01,20260711_215025_9ahjj1,user4,অ,output/user4/অ/অ_20260711_215025_9ahjj1.mp4,1.112446,1.040059,3,0.093606,-0.022145,-0.020069
0,1,20260711_215025_9ahjj1__outer00__inner01__aug02,20260711_215025_9ahjj1,user4,অ,output/user4/অ/অ_20260711_215025_9ahjj1.mp4,0.868948,0.917414,5,0.048525,-0.041899,-0.019663
0,1,20260711_215025_9ahjj1__outer00__inner01__aug03,20260711_215025_9ahjj1,user4,অ,output/user4/অ/অ_20260711_215025_9ahjj1.mp4,0.925462,1.125969,5,0.079624,-0.024076,0.03326
0,1,20260711_215040_totmvz__outer00__inner01__aug01,20260711_215040_totmvz,user4,অ,output/user4/অ/অ_20260711_215040_totmvz.mp4,0.984003,1.059628,3,0.081856,0.008327,-0.039271
0,1,20260711_215040_totmvz__outer00__inner01__aug02,20260711_215040_totmvz,user4,অ,output/user4/অ/অ_20260711_215040_totmvz.mp4,0.894247,0.963573,5,0.009392,-0.03168,-0.029244
0,1,20260711_215040_totmvz__outer00__inner01__aug03,20260711_215040_totmvz,user4,অ,output/user4/অ/অ_20260711_215040_totmvz.mp4,0.907405,0.933863,5,0.023928,0.009587,-0.036787
0,1,20260711_215057_m3q3bw__outer00__inner01__aug01,20260711_215057_m3q3bw,user4,অ,output/user4/অ/অ_20260711_215057_m3q3bw.mp4,1.008546,0.888763,3,0.005312,0.022083,-0.009448
0,1,20260711_215057_m3q3bw__outer00__inner01__aug02,20260711_215057_m3q3bw,user4,অ,output/user4/অ/অ_20260711_215057_m3q3bw.mp4,0.903543,1.115523,5,0.078455,-0.019006,0.006123
0,1,20260711_215057_m3q3bw__outer00__inner01__aug03,20260711_215057_m3q3bw,user4,অ,output/user4/অ/অ_20260711_215057_m3q3bw.mp4,1.024699,1.001134,5,0.086602,0.015306,0.011881
0,1,20260711_215120_wa3iw4__outer00__inner01__aug01,20260711_215120_wa3iw4,user4,অ,output/user4/অ/অ_20260711_215120_wa3iw4.mp4,1.076712,0.981973,5,0.07182,0.037754,0.002538
0,1,20260711_215120_wa3iw4__outer00__inner01__aug02,20260711_215120_wa3iw4,user4,অ,output/user4/অ/অ_20260711_215120_wa3iw4.mp4,0.87243,0.891841,5,0.085136,0.03762,-0.038935
0,1,20260711_215120_wa3iw4__outer00__inner01__aug03,20260711_215120_wa3iw4,user4,অ,output/user4/অ/অ_20260711_215120_wa3iw4.mp4,0.896425,1.035377,5,0.017715,-0.025554,-0.002525
0,1,20260711_215140_jzmdn9__outer00__inner01__aug01,20260711_215140_jzmdn9,user4,অ,output/user4/অ/অ_20260711_215140_jzmdn9.mp4,0.8982,0.935902,5,0.034989,-0.048354,0.018257
0,1,20260711_215140_jzmdn9__outer00__inner01__aug02,20260711_215140_jzmdn9,user4,অ,output/user4/অ/অ_20260711_215140_jzmdn9.mp4,0.951403,1.029628,3,0.051125,-0.039647,0.048037
0,1,20260711_215140_jzmdn9__outer00__inner01__aug03,20260711_215140_jzmdn9,user4,অ,output/user4/অ/অ_20260711_215140_jzmdn9.mp4,1.020481,1.006855,3,0.044073,0.049461,-0.04977
0,1,20260711_215153_8dj6mi__outer00__inner01__aug01,20260711_215153_8dj6mi,user4,অ,output/user4/অ/অ_20260711_215153_8dj6mi.mp4,1.136819,0.874041,3,0.053762,-0.037586,0.00244
0,1,20260711_215153_8dj6mi__outer00__inner01__aug02,20260711_215153_8dj6mi,user4,অ,output/user4/অ/অ_20260711_215153_8dj6mi.mp4,1.109864,0.979672,3,0.074248,0.024261,-0.042772
0,1,20260711_215153_8dj6mi__outer00__inner01__aug03,20260711_215153_8dj6mi,user4,অ,output/user4/অ/অ_20260711_215153_8dj6mi.mp4,1.05978,1.019355,5,0.092343,0.034886,-0.033018
0,1,20260711_215210_14cuph__outer00__inner01__aug01,20260711_215210_14cuph,user4,অ,output/user4/অ/অ_20260711_215210_14cuph.mp4,0.975554,1.035482,3,0.037905,-0.043236,0.001337
0,1,20260711_215210_14cuph__outer00__inner01__aug02,20260711_215210_14cuph,user4,অ,output/user4/অ/অ_20260711_215210_14cuph.mp4,0.857167,1.051149,3,0.003458,-0.007633,-0.031281
0,1,20260711_215210_14cuph__outer00__inner01__aug03,20260711_215210_14cuph,user4,অ,output/user4/অ/অ_20260711_215210_14cuph.mp4,0.941665,1.107544,3,0.074426,-0.035142,0.030224
0,1,20260711_215224_s1nefb__outer00__inner01__aug01,20260711_215224_s1nefb,user4,অ,output/user4/অ/অ_20260711_215224_s1nefb.mp4,0.8877,1.048661,5,0.047539,-0.04757,-0.048395
0,1,20260711_215224_s1nefb__outer00__inner01__aug02,20260711_215224_s1nefb,user4,অ,output/user4/অ/অ_20260711_215224_s1nefb.mp4,1.008654,0.900672,3,0.031118,-0.04709,0.025331
0,1,20260711_215224_s1nefb__outer00__inner01__aug03,20260711_215224_s1nefb,user4,অ,output/user4/অ/অ_20260711_215224_s1nefb.mp4,0.968258,0.863454,3,0.015789,0.003993,-0.036648
0,1,20260711_211553_8q738s__outer00__inner01__aug01,20260711_211553_8q738s,user4,আ,output/user4/আ/আ_20260711_211553_8q738s.mp4,0.934863,0.991078,3,0.018042,0.040904,-0.042763
0,1,20260711_211553_8q738s__outer00__inner01__aug02,20260711_211553_8q738s,user4,আ,output/user4/আ/আ_20260711_211553_8q738s.mp4,0.983668,1.001564,3,0.09565,-0.037863,-0.037416
0,1,20260711_211553_8q738s__outer00__inner01__aug03,20260711_211553_8q738s,user4,আ,output/user4/আ/আ_20260711_211553_8q738s.mp4,0.909722,1.002388,3,0.043737,0.017935,0.004203
0,1,20260711_215326_rdw0i7__outer00__inner01__aug01,20260711_215326_rdw0i7,user4,আ,output/user4/আ/আ_20260711_215326_rdw0i7.mp4,1.034378,0.997998,5,0.051613,0.025178,0.040935
0,1,20260711_215326_rdw0i7__outer00__inner01__aug02,20260711_215326_rdw0i7,user4,আ,output/user4/আ/আ_20260711_215326_rdw0i7.mp4,0.871854,1.089524,5,0.009659,0.026582,0.009038
0,1,20260711_215326_rdw0i7__outer00__inner01__aug03,20260711_215326_rdw0i7,user4,আ,output/user4/আ/আ_20260711_215326_rdw0i7.mp4,0.897313,1.041934,3,0.099069,0.003133,-0.00543
0,1,20260711_215355_gtir0d__outer00__inner01__aug01,20260711_215355_gtir0d,user4,আ,output/user4/আ/আ_20260711_215355_gtir0d.mp4,0.983495,0.860658,3,0.038355,0.01124,0.013741
0,1,20260711_215355_gtir0d__outer00__inner01__aug02,20260711_215355_gtir0d,user4,আ,output/user4/আ/আ_20260711_215355_gtir0d.mp4,0.969896,1.051772,3,0.017863,-0.015152,-0.027715
0,1,20260711_215355_gtir0d__outer00__inner01__aug03,20260711_215355_gtir0d,user4,আ,output/user4/আ/আ_20260711_215355_gtir0d.mp4,1.119668,0.952817,5,0.015331,0.042235,-0.00417
0,1,20260711_215413_4z3pac__outer00__inner01__aug01,20260711_215413_4z3pac,user4,আ,output/user4/আ/আ_20260711_215413_4z3pac.mp4,1.120812,0.975759,5,0.087629,0.001936,-0.040375
0,1,20260711_215413_4z3pac__outer00__inner01__aug02,20260711_215413_4z3pac,user4,আ,output/user4/আ/আ_20260711_215413_4z3pac.mp4,0.917052,0.961994,3,0.064587,-0.044853,-0.010859
0,1,20260711_215413_4z3pac__outer00__inner01__aug03,20260711_215413_4z3pac,user4,আ,output/user4/আ/আ_20260711_215413_4z3pac.mp4,1.113142,0.911314,3,0.078273,0.033224,-0.045359
0,1,20260711_215505_noe4fp__outer00__inner01__aug01,20260711_215505_noe4fp,user4,আ,output/user4/আ/আ_20260711_215505_noe4fp.mp4,1.113644,0.893219,5,0.082906,0.032591,0.046668
0,1,20260711_215505_noe4fp__outer00__inner01__aug02,20260711_215505_noe4fp,user4,আ,output/user4/আ/আ_20260711_215505_noe4fp.mp4,0.961737,1.031464,5,0.013567,-0.02299,0.029155
0,1,20260711_215505_noe4fp__outer00__inner01__aug03,20260711_215505_noe4fp,user4,আ,output/user4/আ/আ_20260711_215505_noe4fp.mp4,1.117753,0.860439,5,0.016508,0.007772,-0.016621
0,1,20260711_215527_oaoi6c__outer00__inner01__aug01,20260711_215527_oaoi6c,user4,আ,output/user4/আ/আ_20260711_215527_oaoi6c.mp4,0.862296,0.900494,5,0.034037,-0.025095,-0.048961
0,1,20260711_215527_oaoi6c__outer00__inner01__aug02,20260711_215527_oaoi6c,user4,আ,output/user4/আ/আ_20260711_215527_oaoi6c.mp4,0.912808,1.110508,3,0.060422,-0.017446,-0.046775
0,1,20260711_215527_oaoi6c__outer00__inner01__aug03,20260711_215527_oaoi6c,user4,আ,output/user4/আ/আ_20260711_215527_oaoi6c.mp4,0.97083,1.082824,5,0.037678,-0.034293,0.016145
0,1,20260711_215554_41w3p4__outer00__inner01__aug01,20260711_215554_41w3p4,user4,আ,output/user4/আ/আ_20260711_215554_41w3p4.mp4,1.059748,1.139346,5,0.067871,-0.026289,0.042856
0,1,20260711_215554_41w3p4__outer00__inner01__aug02,20260711_215554_41w3p4,user4,আ,output/user4/আ/আ_20260711_215554_41w3p4.mp4,0.908931,0.975863,5,0.036457,-0.015769,0.049994
0,1,20260711_215554_41w3p4__outer00__inner01__aug03,20260711_215554_41w3p4,user4,আ,output/user4/আ/আ_20260711_215554_41w3p4.mp4,0.952523,1.120861,3,0.092836,-0.018978,-0.038512
0,1,20260711_215623_q6sua3__outer00__inner01__aug01,20260711_215623_q6sua3,user4,আ,output/user4/আ/আ_20260711_215623_q6sua3.mp4,0.878099,0.977679,3,0.012653,0.026107,0.007232
0,1,20260711_215623_q6sua3__outer00__inner01__aug02,20260711_215623_q6sua3,user4,আ,output/user4/আ/আ_20260711_215623_q6sua3.mp4,0.93888,1.066225,5,0.000807,0.002521,-0.000587
0,1,20260711_215623_q6sua3__outer00__inner01__aug03,20260711_215623_q6sua3,user4,আ,output/user4/আ/আ_20260711_215623_q6sua3.mp4,0.859797,0.945983,5,0.055609,0.046793,-0.026114
0,1,20260711_215646_y25z4x__outer00__inner01__aug01,20260711_215646_y25z4x,user4,আ,output/user4/আ/আ_20260711_215646_y25z4x.mp4,0.872951,0.952964,5,0.070424,-0.014258,0.009282
0,1,20260711_215646_y25z4x__outer00__inner01__aug02,20260711_215646_y25z4x,user4,আ,output/user4/আ/আ_20260711_215646_y25z4x.mp4,1.005683,1.026218,5,0.028349,-0.020312,0.002882
0,1,20260711_215646_y25z4x__outer00__inner01__aug03,20260711_215646_y25z4x,user4,আ,output/user4/আ/আ_20260711_215646_y25z4x.mp4,0.911215,1.054022,3,0.059721,-0.011607,0.016503
0,1,20260711_215701_i0we24__outer00__inner01__aug01,20260711_215701_i0we24,user4,আ,output/user4/আ/আ_20260711_215701_i0we24.mp4,0.996136,1.11183,3,0.007069,0.04722,-0.035123
0,1,20260711_215701_i0we24__outer00__inner01__aug02,20260711_215701_i0we24,user4,আ,output/user4/আ/আ_20260711_215701_i0we24.mp4,1.103871,1.081736,3,0.083848,0.020615,-0.043752
0,1,20260711_215701_i0we24__outer00__inner01__aug03,20260711_215701_i0we24,user4,আ,output/user4/আ/আ_20260711_215701_i0we24.mp4,0.952053,0.922436,5,0.009826,0.036265,-0.011283
0,1,20260711_215719_fym8k2__outer00__inner01__aug01,20260711_215719_fym8k2,user4,আ,output/user4/আ/আ_20260711_215719_fym8k2.mp4,0.947899,0.912022,5,0.003975,-0.045646,-0.048314
0,1,20260711_215719_fym8k2__outer00__inner01__aug02,20260711_215719_fym8k2,user4,আ,output/user4/আ/আ_20260711_215719_fym8k2.mp4,0.908099,0.948449,3,0.040949,-0.030525,0.003399
0,1,20260711_215719_fym8k2__outer00__inner01__aug03,20260711_215719_fym8k2,user4,আ,output/user4/আ/আ_20260711_215719_fym8k2.mp4,0.976766,1.058241,3,0.0284,-0.046754,-0.006112
0,1,20260711_215732_e3wli4__outer00__inner01__aug01,20260711_215732_e3wli4,user4,আ,output/user4/আ/আ_20260711_215732_e3wli4.mp4,1.105549,1.103081,5,0.076748,-0.016648,-0.014449
0,1,20260711_215732_e3wli4__outer00__inner01__aug02,20260711_215732_e3wli4,user4,আ,output/user4/আ/আ_20260711_215732_e3wli4.mp4,0.923251,1.119072,3,0.05119,-0.029803,-0.042648
0,1,20260711_215732_e3wli4__outer00__inner01__aug03,20260711_215732_e3wli4,user4,আ,output/user4/আ/আ_20260711_215732_e3wli4.mp4,1.140313,0.90288,3,0.071139,0.00836,-0.018337
0,1,20260711_215746_pw5glc__outer00__inner01__aug01,20260711_215746_pw5glc,user4,আ,output/user4/আ/আ_20260711_215746_pw5glc.mp4,0.91915,0.865465,3,0.017929,0.017816,-0.017964
0,1,20260711_215746_pw5glc__outer00__inner01__aug02,20260711_215746_pw5glc,user4,আ,output/user4/আ/আ_20260711_215746_pw5glc.mp4,0.910822,0.90061,5,0.030317,-0.0497,0.03604
0,1,20260711_215746_pw5glc__outer00__inner01__aug03,20260711_215746_pw5glc,user4,আ,output/user4/আ/আ_20260711_215746_pw5glc.mp4,0.863896,1.05675,3,0.047898,-0.012236,0.002855
0,1,20260711_215803_gtb1nz__outer00__inner01__aug01,20260711_215803_gtb1nz,user4,আ,output/user4/আ/আ_20260711_215803_gtb1nz.mp4,0.992506,1.083898,5,0.059031,0.021714,0.012406
0,1,20260711_215803_gtb1nz__outer00__inner01__aug02,20260711_215803_gtb1nz,user4,আ,output/user4/আ/আ_20260711_215803_gtb1nz.mp4,0.91301,0.857319,3,0.044555,-0.031814,0.044916
0,1,20260711_215803_gtb1nz__outer00__inner01__aug03,20260711_215803_gtb1nz,user4,আ,output/user4/আ/আ_20260711_215803_gtb1nz.mp4,1.083503,0.860303,5,0.023585,-0.026635,-0.027442
0,1,20260711_215826_09me7o__outer00__inner01__aug01,20260711_215826_09me7o,user4,আ,output/user4/আ/আ_20260711_215826_09me7o.mp4,1.004432,0.850162,5,0.062757,0.014586,0.018816
0,1,20260711_215826_09me7o__outer00__inner01__aug02,20260711_215826_09me7o,user4,আ,output/user4/আ/আ_20260711_215826_09me7o.mp4,0.940204,0.939584,5,0.093862,-0.007512,0.024051
0,1,20260711_215826_09me7o__outer00__inner01__aug03,20260711_215826_09me7o,user4,আ,output/user4/আ/আ_20260711_215826_09me7o.mp4,0.965528,0.968234,5,0.091428,0.029812,0.01625
0,1,20260711_215850_2a6qfe__outer00__inner01__aug01,20260711_215850_2a6qfe,user4,আ,output/user4/আ/আ_20260711_215850_2a6qfe.mp4,1.000891,0.938109,5,0.015684,0.038404,0.007358
0,1,20260711_215850_2a6qfe__outer00__inner01__aug02,20260711_215850_2a6qfe,user4,আ,output/user4/আ/আ_20260711_215850_2a6qfe.mp4,0.92244,1.032849,3,0.019295,-0.031674,-0.018645
0,1,20260711_215850_2a6qfe__outer00__inner01__aug03,20260711_215850_2a6qfe,user4,আ,output/user4/আ/আ_20260711_215850_2a6qfe.mp4,0.869297,1.057802,5,0.061443,-0.037491,-0.006678
0,1,20260711_211613_pni7yl__outer00__inner01__aug01,20260711_211613_pni7yl,user4,ই,output/user4/ই/ই_20260711_211613_pni7yl.mp4,1.134021,1.10185,3,0.063353,0.045649,-0.005741
0,1,20260711_211613_pni7yl__outer00__inner01__aug02,20260711_211613_pni7yl,user4,ই,output/user4/ই/ই_20260711_211613_pni7yl.mp4,0.907239,1.148009,3,0.094295,0.028397,0.035157
0,1,20260711_211613_pni7yl__outer00__inner01__aug03,20260711_211613_pni7yl,user4,ই,output/user4/ই/ই_20260711_211613_pni7yl.mp4,0.965716,1.090786,5,0.027321,0.016719,0.048667
0,1,20260711_211631_omhqof__outer00__inner01__aug01,20260711_211631_omhqof,user4,ই,output/user4/ই/ই_20260711_211631_omhqof.mp4,0.935355,0.860642,3,0.059474,-0.011774,0.040362
0,1,20260711_211631_omhqof__outer00__inner01__aug02,20260711_211631_omhqof,user4,ই,output/user4/ই/ই_20260711_211631_omhqof.mp4,1.032403,0.924011,5,0.014327,-0.042706,0.016343
0,1,20260711_211631_omhqof__outer00__inner01__aug03,20260711_211631_omhqof,user4,ই,output/user4/ই/ই_20260711_211631_omhqof.mp4,0.938455,1.121352,5,0.017318,0.019858,-0.008616
0,1,20260711_215916_5xq3ym__outer00__inner01__aug01,20260711_215916_5xq3ym,user4,ই,output/user4/ই/ই_20260711_215916_5xq3ym.mp4,0.97725,0.897288,3,0.033161,-0.025579,0.034995
0,1,20260711_215916_5xq3ym__outer00__inner01__aug02,20260711_215916_5xq3ym,user4,ই,output/user4/ই/ই_20260711_215916_5xq3ym.mp4,1.115655,1.0587,5,0.084531,0.03143,0.009862
0,1,20260711_215916_5xq3ym__outer00__inner01__aug03,20260711_215916_5xq3ym,user4,ই,output/user4/ই/ই_20260711_215916_5xq3ym.mp4,1.027169,0.920378,3,0.012348,0.027849,-0.037955
0,1,20260711_215928_ckxbi5__outer00__inner01__aug01,20260711_215928_ckxbi5,user4,ই,output/user4/ই/ই_20260711_215928_ckxbi5.mp4,1.140714,0.93799,3,0.004453,0.021273,-0.035179
0,1,20260711_215928_ckxbi5__outer00__inner01__aug02,20260711_215928_ckxbi5,user4,ই,output/user4/ই/ই_20260711_215928_ckxbi5.mp4,0.869293,1.040098,3,0.027299,0.042582,-0.03246
0,1,20260711_215928_ckxbi5__outer00__inner01__aug03,20260711_215928_ckxbi5,user4,ই,output/user4/ই/ই_20260711_215928_ckxbi5.mp4,0.877691,1.052962,3,0.024341,-0.024967,0.004498
0,1,20260711_215945_ovgs11__outer00__inner01__aug01,20260711_215945_ovgs11,user4,ই,output/user4/ই/ই_20260711_215945_ovgs11.mp4,0.850205,0.858717,5,0.007685,-0.003592,0.046782
0,1,20260711_215945_ovgs11__outer00__inner01__aug02,20260711_215945_ovgs11,user4,ই,output/user4/ই/ই_20260711_215945_ovgs11.mp4,0.981632,1.046171,5,0.007767,-0.007066,0.002551
0,1,20260711_215945_ovgs11__outer00__inner01__aug03,20260711_215945_ovgs11,user4,ই,output/user4/ই/ই_20260711_215945_ovgs11.mp4,0.906233,0.861545,3,0.087414,-0.021109,0.03344
0,1,20260711_215959_axw0jl__outer00__inner01__aug01,20260711_215959_axw0jl,user4,ই,output/user4/ই/ই_20260711_215959_axw0jl.mp4,0.905698,1.059433,3,0.069629,0.008164,0.048136
0,1,20260711_215959_axw0jl__outer00__inner01__aug02,20260711_215959_axw0jl,user4,ই,output/user4/ই/ই_20260711_215959_axw0jl.mp4,1.006987,0.981539,5,0.042809,-0.044812,-0.025027
0,1,20260711_215959_axw0jl__outer00__inner01__aug03,20260711_215959_axw0jl,user4,ই,output/user4/ই/ই_20260711_215959_axw0jl.mp4,0.988571,0.978308,5,0.092338,-0.036105,-0.011668
0,1,20260711_220013_x16qxh__outer00__inner01__aug01,20260711_220013_x16qxh,user4,ই,output/user4/ই/ই_20260711_220013_x16qxh.mp4,1.002097,1.043652,5,0.096808,0.011655,0.03877
0,1,20260711_220013_x16qxh__outer00__inner01__aug02,20260711_220013_x16qxh,user4,ই,output/user4/ই/ই_20260711_220013_x16qxh.mp4,1.007227,0.869566,5,0.081154,0.03228,0.007184
0,1,20260711_220013_x16qxh__outer00__inner01__aug03,20260711_220013_x16qxh,user4,ই,output/user4/ই/ই_20260711_220013_x16qxh.mp4,1.010762,1.013198,3,0.00896,0.004353,-0.012192
0,1,20260711_220027_1j40u6__outer00__inner01__aug01,20260711_220027_1j40u6,user4,ই,output/user4/ই/ই_20260711_220027_1j40u6.mp4,1.064268,0.939209,5,0.012027,-0.043645,-0.045136
0,1,20260711_220027_1j40u6__outer00__inner01__aug02,20260711_220027_1j40u6,user4,ই,output/user4/ই/ই_20260711_220027_1j40u6.mp4,0.89796,1.092303,3,0.056462,-0.010301,0.020065
0,1,20260711_220027_1j40u6__outer00__inner01__aug03,20260711_220027_1j40u6,user4,ই,output/user4/ই/ই_20260711_220027_1j40u6.mp4,1.037801,0.92424,5,0.015902,-0.001768,-0.034444
0,1,20260711_220043_yyhe4o__outer00__inner01__aug01,20260711_220043_yyhe4o,user4,ই,output/user4/ই/ই_20260711_220043_yyhe4o.mp4,0.894257,0.851662,5,0.03412,-0.002973,0.046747
0,1,20260711_220043_yyhe4o__outer00__inner01__aug02,20260711_220043_yyhe4o,user4,ই,output/user4/ই/ই_20260711_220043_yyhe4o.mp4,1.142984,0.964239,5,0.098164,0.032494,-0.012976
0,1,20260711_220043_yyhe4o__outer00__inner01__aug03,20260711_220043_yyhe4o,user4,ই,output/user4/ই/ই_20260711_220043_yyhe4o.mp4,0.887902,1.074057,5,0.070268,-0.000735,-0.030735
0,1,20260711_220058_6cy90j__outer00__inner01__aug01,20260711_220058_6cy90j,user4,ই,output/user4/ই/ই_20260711_220058_6cy90j.mp4,0.918499,0.85991,5,0.030945,0.04281,0.03345
0,1,20260711_220058_6cy90j__outer00__inner01__aug02,20260711_220058_6cy90j,user4,ই,output/user4/ই/ই_20260711_220058_6cy90j.mp4,1.020399,1.111625,3,0.099988,0.028325,-0.017037
0,1,20260711_220058_6cy90j__outer00__inner01__aug03,20260711_220058_6cy90j,user4,ই,output/user4/ই/ই_20260711_220058_6cy90j.mp4,1.076222,1.054097,3,0.028303,0.03979,-0.002208
0,1,20260711_220112_94lc88__outer00__inner01__aug01,20260711_220112_94lc88,user4,ই,output/user4/ই/ই_20260711_220112_94lc88.mp4,1.023453,0.944771,3,0.072536,0.001769,-0.004529
0,1,20260711_220112_94lc88__outer00__inner01__aug02,20260711_220112_94lc88,user4,ই,output/user4/ই/ই_20260711_220112_94lc88.mp4,1.074598,1.140061,3,0.039491,-0.0331,0.037316
0,1,20260711_220112_94lc88__outer00__inner01__aug03,20260711_220112_94lc88,user4,ই,output/user4/ই/ই_20260711_220112_94lc88.mp4,0.85647,0.997609,5,0.01953,0.027663,-0.031582
0,1,20260711_220132_3b6d70__outer00__inner01__aug01,20260711_220132_3b6d70,user4,ই,output/user4/ই/ই_20260711_220132_3b6d70.mp4,1.098426,0.918064,3,0.094307,0.012503,0.018741
0,1,20260711_220132_3b6d70__outer00__inner01__aug02,20260711_220132_3b6d70,user4,ই,output/user4/ই/ই_20260711_220132_3b6d70.mp4,0.997092,1.117035,5,0.074944,0.024521,0.03982
0,1,20260711_220132_3b6d70__outer00__inner01__aug03,20260711_220132_3b6d70,user4,ই,output/user4/ই/ই_20260711_220132_3b6d70.mp4,0.988638,1.130426,5,0.029057,-0.037844,0.036498
0,1,20260711_220151_kjuuzh__outer00__inner01__aug01,20260711_220151_kjuuzh,user4,ই,output/user4/ই/ই_20260711_220151_kjuuzh.mp4,0.964336,0.963464,5,0.051057,-0.009453,-0.016016
0,1,20260711_220151_kjuuzh__outer00__inner01__aug02,20260711_220151_kjuuzh,user4,ই,output/user4/ই/ই_20260711_220151_kjuuzh.mp4,0.888291,0.886077,3,0.090118,-0.020738,-0.01953
0,1,20260711_220151_kjuuzh__outer00__inner01__aug03,20260711_220151_kjuuzh,user4,ই,output/user4/ই/ই_20260711_220151_kjuuzh.mp4,0.858533,1.109932,3,0.073321,0.031401,0.008138
0,1,20260711_220205_cr3boy__outer00__inner01__aug01,20260711_220205_cr3boy,user4,ই,output/user4/ই/ই_20260711_220205_cr3boy.mp4,0.999926,1.074072,5,0.052789,0.018601,-0.043565
0,1,20260711_220205_cr3boy__outer00__inner01__aug02,20260711_220205_cr3boy,user4,ই,output/user4/ই/ই_20260711_220205_cr3boy.mp4,0.963771,0.98338,5,0.018453,0.045359,0.041235
0,1,20260711_220205_cr3boy__outer00__inner01__aug03,20260711_220205_cr3boy,user4,ই,output/user4/ই/ই_20260711_220205_cr3boy.mp4,0.875624,0.897739,3,0.024596,0.021226,-0.018185
0,1,20260711_220217_85rgxu__outer00__inner01__aug01,20260711_220217_85rgxu,user4,ই,output/user4/ই/ই_20260711_220217_85rgxu.mp4,0.916715,1.090722,3,0.064733,-0.042583,-0.000185
0,1,20260711_220217_85rgxu__outer00__inner01__aug02,20260711_220217_85rgxu,user4,ই,output/user4/ই/ই_20260711_220217_85rgxu.mp4,1.029673,0.970656,5,0.066268,0.019513,0.019741
0,1,20260711_220217_85rgxu__outer00__inner01__aug03,20260711_220217_85rgxu,user4,ই,output/user4/ই/ই_20260711_220217_85rgxu.mp4,0.996197,0.982589,5,0.087893,-0.0128,-0.049125
0,1,20260711_220235_4uai7u__outer00__inner01__aug01,20260711_220235_4uai7u,user4,ই,output/user4/ই/ই_20260711_220235_4uai7u.mp4,1.053375,1.068192,3,0.007679,-0.0235,0.01087
0,1,20260711_220235_4uai7u__outer00__inner01__aug02,20260711_220235_4uai7u,user4,ই,output/user4/ই/ই_20260711_220235_4uai7u.mp4,1.074281,0.973561,5,0.069098,0.035077,0.03982
0,1,20260711_220235_4uai7u__outer00__inner01__aug03,20260711_220235_4uai7u,user4,ই,output/user4/ই/ই_20260711_220235_4uai7u.mp4,0.892426,0.853634,5,0.004287,-0.037147,-0.028153
0,1,20260711_220308_e7l7wm__outer00__inner01__aug01,20260711_220308_e7l7wm,user4,ই,output/user4/ই/ই_20260711_220308_e7l7wm.mp4,1.024107,0.913722,5,0.094082,-0.019755,-0.00889
0,1,20260711_220308_e7l7wm__outer00__inner01__aug02,20260711_220308_e7l7wm,user4,ই,output/user4/ই/ই_20260711_220308_e7l7wm.mp4,1.008565,0.961505,3,0.006731,-0.048444,0.039911
0,1,20260711_220308_e7l7wm__outer00__inner01__aug03,20260711_220308_e7l7wm,user4,ই,output/user4/ই/ই_20260711_220308_e7l7wm.mp4,0.966938,1.142454,3,0.091596,-0.034074,-0.032291
0,1,20260711_220404_itceug__outer00__inner01__aug01,20260711_220404_itceug,user4,ঈ,output/user4/ঈ/ঈ_20260711_220404_itceug.mp4,1.097851,0.933577,5,0.089731,0.015882,-0.035395
0,1,20260711_220404_itceug__outer00__inner01__aug02,20260711_220404_itceug,user4,ঈ,output/user4/ঈ/ঈ_20260711_220404_itceug.mp4,0.927249,0.987472,5,0.036941,0.006491,-0.034584
0,1,20260711_220404_itceug__outer00__inner01__aug03,20260711_220404_itceug,user4,ঈ,output/user4/ঈ/ঈ_20260711_220404_itceug.mp4,1.000221,1.141497,5,0.034705,0.022661,0.022183
0,1,20260711_220444_r35mfs__outer00__inner01__aug01,20260711_220444_r35mfs,user4,ঈ,output/user4/ঈ/ঈ_20260711_220444_r35mfs.mp4,1.124698,1.016374,3,0.07331,-0.047415,-0.04186
0,1,20260711_220444_r35mfs__outer00__inner01__aug02,20260711_220444_r35mfs,user4,ঈ,output/user4/ঈ/ঈ_20260711_220444_r35mfs.mp4,0.973536,1.075265,5,0.029853,-0.03031,-0.045763
0,1,20260711_220444_r35mfs__outer00__inner01__aug03,20260711_220444_r35mfs,user4,ঈ,output/user4/ঈ/ঈ_20260711_220444_r35mfs.mp4,0.867025,0.925454,5,0.047139,0.015435,0.020054
0,1,20260711_220519_ila5ji__outer00__inner01__aug01,20260711_220519_ila5ji,user4,ঈ,output/user4/ঈ/ঈ_20260711_220519_ila5ji.mp4,0.994572,0.88985,3,0.094488,-0.027681,0.003327
0,1,20260711_220519_ila5ji__outer00__inner01__aug02,20260711_220519_ila5ji,user4,ঈ,output/user4/ঈ/ঈ_20260711_220519_ila5ji.mp4,1.139196,0.95686,5,0.072924,-0.030509,-0.047913
0,1,20260711_220519_ila5ji__outer00__inner01__aug03,20260711_220519_ila5ji,user4,ঈ,output/user4/ঈ/ঈ_20260711_220519_ila5ji.mp4,1.026732,0.894866,3,0.040185,-0.047559,0.027151
0,1,20260711_220543_7o5bd0__outer00__inner01__aug01,20260711_220543_7o5bd0,user4,ঈ,output/user4/ঈ/ঈ_20260711_220543_7o5bd0.mp4,1.004903,0.911634,3,0.093916,0.015673,-0.012619
0,1,20260711_220543_7o5bd0__outer00__inner01__aug02,20260711_220543_7o5bd0,user4,ঈ,output/user4/ঈ/ঈ_20260711_220543_7o5bd0.mp4,0.982699,1.096712,3,0.032416,-0.045381,0.021137
0,1,20260711_220543_7o5bd0__outer00__inner01__aug03,20260711_220543_7o5bd0,user4,ঈ,output/user4/ঈ/ঈ_20260711_220543_7o5bd0.mp4,0.926918,1.083665,5,0.011143,0.023807,0.005604
0,1,20260711_220606_essesa__outer00__inner01__aug01,20260711_220606_essesa,user4,ঈ,output/user4/ঈ/ঈ_20260711_220606_essesa.mp4,1.054378,1.040529,3,7.1e-05,-0.013755,0.043666
0,1,20260711_220606_essesa__outer00__inner01__aug02,20260711_220606_essesa,user4,ঈ,output/user4/ঈ/ঈ_20260711_220606_essesa.mp4,1.090272,0.973503,3,0.084996,-0.028227,-0.045271
0,1,20260711_220606_essesa__outer00__inner01__aug03,20260711_220606_essesa,user4,ঈ,output/user4/ঈ/ঈ_20260711_220606_essesa.mp4,0.975296,1.125638,5,0.028653,0.027731,0.009157
0,1,20260711_220641_ufswp1__outer00__inner01__aug01,20260711_220641_ufswp1,user4,ঈ,output/user4/ঈ/ঈ_20260711_220641_ufswp1.mp4,0.956372,0.871557,3,0.098201,0.007583,0.008782
0,1,20260711_220641_ufswp1__outer00__inner01__aug02,20260711_220641_ufswp1,user4,ঈ,output/user4/ঈ/ঈ_20260711_220641_ufswp1.mp4,1.016175,1.111597,3,0.0343,0.048029,-0.038885
0,1,20260711_220641_ufswp1__outer00__inner01__aug03,20260711_220641_ufswp1,user4,ঈ,output/user4/ঈ/ঈ_20260711_220641_ufswp1.mp4,1.006739,0.944835,5,0.095355,0.048422,0.0263
0,1,20260711_220701_y1rftt__outer00__inner01__aug01,20260711_220701_y1rftt,user4,ঈ,output/user4/ঈ/ঈ_20260711_220701_y1rftt.mp4,0.975598,1.052377,5,0.06161,-0.044307,0.038913
0,1,20260711_220701_y1rftt__outer00__inner01__aug02,20260711_220701_y1rftt,user4,ঈ,output/user4/ঈ/ঈ_20260711_220701_y1rftt.mp4,0.890838,0.978868,3,0.031428,0.047893,0.019586
0,1,20260711_220701_y1rftt__outer00__inner01__aug03,20260711_220701_y1rftt,user4,ঈ,output/user4/ঈ/ঈ_20260711_220701_y1rftt.mp4,0.944074,0.869906,3,0.030186,0.02177,0.04158
0,1,20260711_220721_h9k2mi__outer00__inner01__aug01,20260711_220721_h9k2mi,user4,ঈ,output/user4/ঈ/ঈ_20260711_220721_h9k2mi.mp4,1.127033,1.049396,5,0.096302,0.047748,0.028548
0,1,20260711_220721_h9k2mi__outer00__inner01__aug02,20260711_220721_h9k2mi,user4,ঈ,output/user4/ঈ/ঈ_20260711_220721_h9k2mi.mp4,0.865203,0.921306,3,0.086655,-0.033674,-0.023709
0,1,20260711_220721_h9k2mi__outer00__inner01__aug03,20260711_220721_h9k2mi,user4,ঈ,output/user4/ঈ/ঈ_20260711_220721_h9k2mi.mp4,0.906384,0.874477,5,0.00898,-0.026623,0.000303
0,1,20260711_220738_j2qzn6__outer00__inner01__aug01,20260711_220738_j2qzn6,user4,ঈ,output/user4/ঈ/ঈ_20260711_220738_j2qzn6.mp4,1.115876,0.946505,3,0.080192,-0.000953,0.00345
0,1,20260711_220738_j2qzn6__outer00__inner01__aug02,20260711_220738_j2qzn6,user4,ঈ,output/user4/ঈ/ঈ_20260711_220738_j2qzn6.mp4,1.088803,0.959251,3,0.019115,-0.018932,0.048236
0,1,20260711_220738_j2qzn6__outer00__inner01__aug03,20260711_220738_j2qzn6,user4,ঈ,output/user4/ঈ/ঈ_20260711_220738_j2qzn6.mp4,0.861609,0.971406,3,0.082999,-0.025039,0.041278
0,1,20260711_220751_axw80l__outer00__inner01__aug01,20260711_220751_axw80l,user4,ঈ,output/user4/ঈ/ঈ_20260711_220751_axw80l.mp4,0.965399,1.068922,3,0.073854,-0.021316,-0.001565
0,1,20260711_220751_axw80l__outer00__inner01__aug02,20260711_220751_axw80l,user4,ঈ,output/user4/ঈ/ঈ_20260711_220751_axw80l.mp4,1.001783,0.94304,5,0.085524,-0.010191,-0.03631
0,1,20260711_220751_axw80l__outer00__inner01__aug03,20260711_220751_axw80l,user4,ঈ,output/user4/ঈ/ঈ_20260711_220751_axw80l.mp4,1.091776,1.0167,3,0.027691,-0.029691,-0.013699
0,1,20260711_220807_mldxj2__outer00__inner01__aug01,20260711_220807_mldxj2,user4,ঈ,output/user4/ঈ/ঈ_20260711_220807_mldxj2.mp4,1.119599,1.136738,3,0.056381,-0.03631,-0.039022
0,1,20260711_220807_mldxj2__outer00__inner01__aug02,20260711_220807_mldxj2,user4,ঈ,output/user4/ঈ/ঈ_20260711_220807_mldxj2.mp4,1.095763,0.971717,3,0.067907,-0.042013,0.020234
0,1,20260711_220807_mldxj2__outer00__inner01__aug03,20260711_220807_mldxj2,user4,ঈ,output/user4/ঈ/ঈ_20260711_220807_mldxj2.mp4,1.006028,1.03552,3,0.034432,-0.041747,-0.001168
0,1,20260711_220822_wgaxvc__outer00__inner01__aug01,20260711_220822_wgaxvc,user4,ঈ,output/user4/ঈ/ঈ_20260711_220822_wgaxvc.mp4,1.086577,1.061041,5,0.079727,0.038911,0.016542
0,1,20260711_220822_wgaxvc__outer00__inner01__aug02,20260711_220822_wgaxvc,user4,ঈ,output/user4/ঈ/ঈ_20260711_220822_wgaxvc.mp4,1.079145,1.06825,5,0.013099,-0.017284,-0.007712
0,1,20260711_220822_wgaxvc__outer00__inner01__aug03,20260711_220822_wgaxvc,user4,ঈ,output/user4/ঈ/ঈ_20260711_220822_wgaxvc.mp4,1.011205,0.853895,3,0.089829,-0.007655,0.022323
0,1,20260711_220837_dby4gx__outer00__inner01__aug01,20260711_220837_dby4gx,user4,ঈ,output/user4/ঈ/ঈ_20260711_220837_dby4gx.mp4,0.918875,1.124169,3,0.054818,0.025493,-0.039113
0,1,20260711_220837_dby4gx__outer00__inner01__aug02,20260711_220837_dby4gx,user4,ঈ,output/user4/ঈ/ঈ_20260711_220837_dby4gx.mp4,1.045222,1.091448,5,0.054126,-0.017908,-0.032559
0,1,20260711_220837_dby4gx__outer00__inner01__aug03,20260711_220837_dby4gx,user4,ঈ,output/user4/ঈ/ঈ_20260711_220837_dby4gx.mp4,1.01344,0.935357,3,0.02048,0.044501,0.017735
0,1,20260711_220850_xo5kch__outer00__inner01__aug01,20260711_220850_xo5kch,user4,ঈ,output/user4/ঈ/ঈ_20260711_220850_xo5kch.mp4,1.091658,1.052898,3,0.015279,0.004529,0.045932
0,1,20260711_220850_xo5kch__outer00__inner01__aug02,20260711_220850_xo5kch,user4,ঈ,output/user4/ঈ/ঈ_20260711_220850_xo5kch.mp4,1.008171,0.868471,5,0.014307,0.012946,-0.000785
0,1,20260711_220850_xo5kch__outer00__inner01__aug03,20260711_220850_xo5kch,user4,ঈ,output/user4/ঈ/ঈ_20260711_220850_xo5kch.mp4,1.10718,0.888758,3,0.033749,0.021482,0.035057
0,1,20260711_220906_ehc737__outer00__inner01__aug01,20260711_220906_ehc737,user4,ঈ,output/user4/ঈ/ঈ_20260711_220906_ehc737.mp4,0.926413,1.061499,3,0.008645,0.017177,-0.022051
0,1,20260711_220906_ehc737__outer00__inner01__aug02,20260711_220906_ehc737,user4,ঈ,output/user4/ঈ/ঈ_20260711_220906_ehc737.mp4,1.070385,0.861415,3,0.077219,0.027218,0.038114
0,1,20260711_220906_ehc737__outer00__inner01__aug03,20260711_220906_ehc737,user4,ঈ,output/user4/ঈ/ঈ_20260711_220906_ehc737.mp4,1.127781,1.097422,3,0.048315,0.011332,-0.039671
0,2,20260703_231939_jmltkn__outer00__inner02__aug01,20260703_231939_jmltkn,user1,অ,output/user1/অ/অ_20260703_231939_jmltkn.mp4,0.880077,1.138205,3,0.068025,0.00736,-0.026164
0,2,20260703_231939_jmltkn__outer00__inner02__aug02,20260703_231939_jmltkn,user1,অ,output/user1/অ/অ_20260703_231939_jmltkn.mp4,0.892365,0.968541,3,0.015564,-0.031201,0.038999
0,2,20260703_231939_jmltkn__outer00__inner02__aug03,20260703_231939_jmltkn,user1,অ,output/user1/অ/অ_20260703_231939_jmltkn.mp4,0.950301,1.080285,3,0.09163,-0.044639,-0.036725
0,2,20260704_230134_0i7e7o__outer00__inner02__aug01,20260704_230134_0i7e7o,user1,অ,output/user1/অ/অ_20260704_230134_0i7e7o.mp4,0.956725,1.020053,5,0.008792,-0.045033,-0.023874
0,2,20260704_230134_0i7e7o__outer00__inner02__aug02,20260704_230134_0i7e7o,user1,অ,output/user1/অ/অ_20260704_230134_0i7e7o.mp4,0.976159,1.117898,5,0.069651,0.012915,0.015732
0,2,20260704_230134_0i7e7o__outer00__inner02__aug03,20260704_230134_0i7e7o,user1,অ,output/user1/অ/অ_20260704_230134_0i7e7o.mp4,1.084835,1.024262,5,0.098958,-0.01939,-0.028458
0,2,20260704_230207_s0bru0__outer00__inner02__aug01,20260704_230207_s0bru0,user1,অ,output/user1/অ/অ_20260704_230207_s0bru0.mp4,1.010538,1.08431,5,0.039309,0.039718,-0.016169
0,2,20260704_230207_s0bru0__outer00__inner02__aug02,20260704_230207_s0bru0,user1,অ,output/user1/অ/অ_20260704_230207_s0bru0.mp4,1.005176,0.962584,5,0.078687,0.047362,0.039888
0,2,20260704_230207_s0bru0__outer00__inner02__aug03,20260704_230207_s0bru0,user1,অ,output/user1/অ/অ_20260704_230207_s0bru0.mp4,0.90006,0.970894,5,0.05065,-0.042473,-0.02546
0,2,20260704_230243_20ggrl__outer00__inner02__aug01,20260704_230243_20ggrl,user1,অ,output/user1/অ/অ_20260704_230243_20ggrl.mp4,1.105417,0.979602,5,0.097443,0.02851,0.002645
0,2,20260704_230243_20ggrl__outer00__inner02__aug02,20260704_230243_20ggrl,user1,অ,output/user1/অ/অ_20260704_230243_20ggrl.mp4,0.929297,0.901614,3,0.08945,0.008879,0.021514
0,2,20260704_230243_20ggrl__outer00__inner02__aug03,20260704_230243_20ggrl,user1,অ,output/user1/অ/অ_20260704_230243_20ggrl.mp4,0.880266,0.951378,3,0.062687,-0.021971,-0.021358
0,2,20260704_230314_biogka__outer00__inner02__aug01,20260704_230314_biogka,user1,অ,output/user1/অ/অ_20260704_230314_biogka.mp4,1.102677,0.878252,5,0.002338,0.046653,0.026074
0,2,20260704_230314_biogka__outer00__inner02__aug02,20260704_230314_biogka,user1,অ,output/user1/অ/অ_20260704_230314_biogka.mp4,0.852873,1.094591,3,0.041682,0.027469,0.01493
0,2,20260704_230314_biogka__outer00__inner02__aug03,20260704_230314_biogka,user1,অ,output/user1/অ/অ_20260704_230314_biogka.mp4,1.012715,0.906151,5,0.009972,0.039707,0.042755
0,2,20260704_230343_z76un4__outer00__inner02__aug01,20260704_230343_z76un4,user1,অ,output/user1/অ/অ_20260704_230343_z76un4.mp4,1.063932,1.009721,3,0.030558,0.011812,-0.044604
0,2,20260704_230343_z76un4__outer00__inner02__aug02,20260704_230343_z76un4,user1,অ,output/user1/অ/অ_20260704_230343_z76un4.mp4,1.075322,0.945867,5,0.011128,-0.009156,0.027072
0,2,20260704_230343_z76un4__outer00__inner02__aug03,20260704_230343_z76un4,user1,অ,output/user1/অ/অ_20260704_230343_z76un4.mp4,1.016509,0.966961,3,0.0223,-0.003828,0.031096
0,2,20260704_230438_1by20a__outer00__inner02__aug01,20260704_230438_1by20a,user1,অ,output/user1/অ/অ_20260704_230438_1by20a.mp4,0.957703,0.915689,3,0.052557,-0.03009,-0.004494
0,2,20260704_230438_1by20a__outer00__inner02__aug02,20260704_230438_1by20a,user1,অ,output/user1/অ/অ_20260704_230438_1by20a.mp4,1.138492,0.971119,5,0.077622,-0.005291,0.020577
0,2,20260704_230438_1by20a__outer00__inner02__aug03,20260704_230438_1by20a,user1,অ,output/user1/অ/অ_20260704_230438_1by20a.mp4,0.882922,0.858207,3,0.00029,0.010185,0.048425
0,2,20260704_230508_zz8agk__outer00__inner02__aug01,20260704_230508_zz8agk,user1,অ,output/user1/অ/অ_20260704_230508_zz8agk.mp4,1.000294,1.029493,3,0.044486,-0.035149,0.005357
0,2,20260704_230508_zz8agk__outer00__inner02__aug02,20260704_230508_zz8agk,user1,অ,output/user1/অ/অ_20260704_230508_zz8agk.mp4,1.000638,1.117485,5,0.038211,0.014257,0.025391
0,2,20260704_230508_zz8agk__outer00__inner02__aug03,20260704_230508_zz8agk,user1,অ,output/user1/অ/অ_20260704_230508_zz8agk.mp4,1.000342,0.864284,5,0.014091,0.047192,-0.042887
0,2,20260704_230530_8783vw__outer00__inner02__aug01,20260704_230530_8783vw,user1,অ,output/user1/অ/অ_20260704_230530_8783vw.mp4,1.135509,0.966494,5,0.074345,0.026348,-0.04921
0,2,20260704_230530_8783vw__outer00__inner02__aug02,20260704_230530_8783vw,user1,অ,output/user1/অ/অ_20260704_230530_8783vw.mp4,1.101302,0.944623,3,0.007731,-0.045814,0.003746
0,2,20260704_230530_8783vw__outer00__inner02__aug03,20260704_230530_8783vw,user1,অ,output/user1/অ/অ_20260704_230530_8783vw.mp4,1.051975,1.13509,5,0.016203,0.019882,-0.023204
0,2,20260704_230601_9fuwl5__outer00__inner02__aug01,20260704_230601_9fuwl5,user1,অ,output/user1/অ/অ_20260704_230601_9fuwl5.mp4,0.885524,1.103908,5,0.078639,0.049183,0.044254
0,2,20260704_230601_9fuwl5__outer00__inner02__aug02,20260704_230601_9fuwl5,user1,অ,output/user1/অ/অ_20260704_230601_9fuwl5.mp4,0.967851,0.909481,5,0.03878,0.004409,0.004417
0,2,20260704_230601_9fuwl5__outer00__inner02__aug03,20260704_230601_9fuwl5,user1,অ,output/user1/অ/অ_20260704_230601_9fuwl5.mp4,0.916673,0.93183,3,0.028693,0.049312,0.047564
0,2,20260704_230631_iep9zz__outer00__inner02__aug01,20260704_230631_iep9zz,user1,অ,output/user1/অ/অ_20260704_230631_iep9zz.mp4,0.916638,1.14311,3,0.052207,0.025411,-0.004591
0,2,20260704_230631_iep9zz__outer00__inner02__aug02,20260704_230631_iep9zz,user1,অ,output/user1/অ/অ_20260704_230631_iep9zz.mp4,0.93789,0.932397,3,0.056906,-0.022725,0.001035
0,2,20260704_230631_iep9zz__outer00__inner02__aug03,20260704_230631_iep9zz,user1,অ,output/user1/অ/অ_20260704_230631_iep9zz.mp4,1.066303,0.945663,5,0.013379,0.041126,0.000607
0,2,20260709_222041_giojuy__outer00__inner02__aug01,20260709_222041_giojuy,user1,অ,output/user1/অ/অ_20260709_222041_giojuy.mp4,0.908634,1.0156,5,0.079734,-0.040917,0.009848
0,2,20260709_222041_giojuy__outer00__inner02__aug02,20260709_222041_giojuy,user1,অ,output/user1/অ/অ_20260709_222041_giojuy.mp4,0.893942,1.14542,5,0.02567,-0.002896,0.041586
0,2,20260709_222041_giojuy__outer00__inner02__aug03,20260709_222041_giojuy,user1,অ,output/user1/অ/অ_20260709_222041_giojuy.mp4,0.874952,0.945875,5,0.072955,0.038097,0.028667
0,2,20260704_230720_4nlmlz__outer00__inner02__aug01,20260704_230720_4nlmlz,user1,আ,output/user1/আ/আ_20260704_230720_4nlmlz.mp4,1.149295,0.988558,3,0.061807,-0.025336,-0.014281
0,2,20260704_230720_4nlmlz__outer00__inner02__aug02,20260704_230720_4nlmlz,user1,আ,output/user1/আ/আ_20260704_230720_4nlmlz.mp4,0.939488,0.965199,3,0.066853,-0.04971,-0.04827
0,2,20260704_230720_4nlmlz__outer00__inner02__aug03,20260704_230720_4nlmlz,user1,আ,output/user1/আ/আ_20260704_230720_4nlmlz.mp4,1.056546,0.949428,5,0.088914,-0.02028,-0.047056
0,2,20260704_230748_cofjqd__outer00__inner02__aug01,20260704_230748_cofjqd,user1,আ,output/user1/আ/আ_20260704_230748_cofjqd.mp4,1.019336,0.999754,5,0.007418,-0.028765,-0.025867
0,2,20260704_230748_cofjqd__outer00__inner02__aug02,20260704_230748_cofjqd,user1,আ,output/user1/আ/আ_20260704_230748_cofjqd.mp4,1.023644,1.105872,5,0.079295,-0.010695,-0.026094
0,2,20260704_230748_cofjqd__outer00__inner02__aug03,20260704_230748_cofjqd,user1,আ,output/user1/আ/আ_20260704_230748_cofjqd.mp4,1.026541,1.031522,5,0.063746,0.003784,0.001244
0,2,20260704_230823_p4djtm__outer00__inner02__aug01,20260704_230823_p4djtm,user1,আ,output/user1/আ/আ_20260704_230823_p4djtm.mp4,0.885855,1.09128,5,0.066393,-0.022319,-0.023577
0,2,20260704_230823_p4djtm__outer00__inner02__aug02,20260704_230823_p4djtm,user1,আ,output/user1/আ/আ_20260704_230823_p4djtm.mp4,1.119872,1.10646,5,0.010257,-0.021489,-0.024551
0,2,20260704_230823_p4djtm__outer00__inner02__aug03,20260704_230823_p4djtm,user1,আ,output/user1/আ/আ_20260704_230823_p4djtm.mp4,1.034783,1.01604,3,0.095216,0.008966,0.039824
0,2,20260704_230900_jm6b9y__outer00__inner02__aug01,20260704_230900_jm6b9y,user1,আ,output/user1/আ/আ_20260704_230900_jm6b9y.mp4,0.966579,1.092948,5,0.006236,0.022921,0.024656
0,2,20260704_230900_jm6b9y__outer00__inner02__aug02,20260704_230900_jm6b9y,user1,আ,output/user1/আ/আ_20260704_230900_jm6b9y.mp4,0.884569,0.922777,3,0.070219,0.033888,-0.030797
0,2,20260704_230900_jm6b9y__outer00__inner02__aug03,20260704_230900_jm6b9y,user1,আ,output/user1/আ/আ_20260704_230900_jm6b9y.mp4,1.111615,0.985402,3,0.024429,0.047164,0.020468
0,2,20260704_230941_ogdcp4__outer00__inner02__aug01,20260704_230941_ogdcp4,user1,আ,output/user1/আ/আ_20260704_230941_ogdcp4.mp4,0.909836,0.885174,3,0.002566,-0.00125,0.004982
0,2,20260704_230941_ogdcp4__outer00__inner02__aug02,20260704_230941_ogdcp4,user1,আ,output/user1/আ/আ_20260704_230941_ogdcp4.mp4,0.918926,0.985775,5,0.043786,-0.020608,0.023296
0,2,20260704_230941_ogdcp4__outer00__inner02__aug03,20260704_230941_ogdcp4,user1,আ,output/user1/আ/আ_20260704_230941_ogdcp4.mp4,1.059647,1.022281,3,0.011394,0.00863,-0.009835
0,2,20260704_231010_4ha6y7__outer00__inner02__aug01,20260704_231010_4ha6y7,user1,আ,output/user1/আ/আ_20260704_231010_4ha6y7.mp4,0.964197,1.064063,5,0.007626,-0.041523,0.046508
0,2,20260704_231010_4ha6y7__outer00__inner02__aug02,20260704_231010_4ha6y7,user1,আ,output/user1/আ/আ_20260704_231010_4ha6y7.mp4,0.913426,0.882393,5,0.04242,-0.032543,0.01167
0,2,20260704_231010_4ha6y7__outer00__inner02__aug03,20260704_231010_4ha6y7,user1,আ,output/user1/আ/আ_20260704_231010_4ha6y7.mp4,0.908203,0.921438,3,0.000812,-0.00302,0.002738
0,2,20260728_232136_0wkg0v__outer00__inner02__aug01,20260728_232136_0wkg0v,user1,আ,output/user1/আ/আ_20260728_232136_0wkg0v.mp4,1.077179,0.926453,5,0.0699,-0.035335,-0.016691
0,2,20260728_232136_0wkg0v__outer00__inner02__aug02,20260728_232136_0wkg0v,user1,আ,output/user1/আ/আ_20260728_232136_0wkg0v.mp4,1.060307,0.909545,5,0.079674,-0.044018,-0.023509
0,2,20260728_232136_0wkg0v__outer00__inner02__aug03,20260728_232136_0wkg0v,user1,আ,output/user1/আ/আ_20260728_232136_0wkg0v.mp4,0.920455,0.993489,5,0.003408,0.016863,-0.004807
0,2,20260728_232203_7c77zv__outer00__inner02__aug01,20260728_232203_7c77zv,user1,আ,output/user1/আ/আ_20260728_232203_7c77zv.mp4,0.925969,1.090563,5,0.023851,0.034397,-0.015741
0,2,20260728_232203_7c77zv__outer00__inner02__aug02,20260728_232203_7c77zv,user1,আ,output/user1/আ/আ_20260728_232203_7c77zv.mp4,1.065638,1.136183,5,0.043739,0.002358,0.003563
0,2,20260728_232203_7c77zv__outer00__inner02__aug03,20260728_232203_7c77zv,user1,আ,output/user1/আ/আ_20260728_232203_7c77zv.mp4,0.919776,1.036879,5,0.02067,0.009151,-0.043712
0,2,20260728_232238_kgwkds__outer00__inner02__aug01,20260728_232238_kgwkds,user1,আ,output/user1/আ/আ_20260728_232238_kgwkds.mp4,1.029243,0.9532,5,0.047684,-0.004064,0.001274
0,2,20260728_232238_kgwkds__outer00__inner02__aug02,20260728_232238_kgwkds,user1,আ,output/user1/আ/আ_20260728_232238_kgwkds.mp4,0.903528,0.891514,5,0.026803,0.044943,-0.034408
0,2,20260728_232238_kgwkds__outer00__inner02__aug03,20260728_232238_kgwkds,user1,আ,output/user1/আ/আ_20260728_232238_kgwkds.mp4,0.945465,0.98838,3,0.077282,0.037344,-0.023048
0,2,20260728_232316_s2ep8l__outer00__inner02__aug01,20260728_232316_s2ep8l,user1,আ,output/user1/আ/আ_20260728_232316_s2ep8l.mp4,0.908194,1.110136,5,0.03145,0.02316,0.025136
0,2,20260728_232316_s2ep8l__outer00__inner02__aug02,20260728_232316_s2ep8l,user1,আ,output/user1/আ/আ_20260728_232316_s2ep8l.mp4,1.060969,0.900005,3,0.021203,0.040985,0.029377
0,2,20260728_232316_s2ep8l__outer00__inner02__aug03,20260728_232316_s2ep8l,user1,আ,output/user1/আ/আ_20260728_232316_s2ep8l.mp4,1.036346,0.89917,5,0.029756,0.006945,0.028289
0,2,20260705_210750_hp0ub6__outer00__inner02__aug01,20260705_210750_hp0ub6,user1,ই,output/user1/ই/ই_20260705_210750_hp0ub6.mp4,0.870259,0.890669,5,0.007082,0.036894,-0.047422
0,2,20260705_210750_hp0ub6__outer00__inner02__aug02,20260705_210750_hp0ub6,user1,ই,output/user1/ই/ই_20260705_210750_hp0ub6.mp4,1.08424,0.917291,5,0.034406,-0.001826,-0.041547
0,2,20260705_210750_hp0ub6__outer00__inner02__aug03,20260705_210750_hp0ub6,user1,ই,output/user1/ই/ই_20260705_210750_hp0ub6.mp4,1.025242,0.989046,5,0.070386,0.033368,0.037569
0,2,20260705_210817_cpe63z__outer00__inner02__aug01,20260705_210817_cpe63z,user1,ই,output/user1/ই/ই_20260705_210817_cpe63z.mp4,1.129972,0.878189,3,0.047544,0.045816,-0.044679
0,2,20260705_210817_cpe63z__outer00__inner02__aug02,20260705_210817_cpe63z,user1,ই,output/user1/ই/ই_20260705_210817_cpe63z.mp4,0.892808,0.952721,5,0.062793,-0.013592,-0.028087
0,2,20260705_210817_cpe63z__outer00__inner02__aug03,20260705_210817_cpe63z,user1,ই,output/user1/ই/ই_20260705_210817_cpe63z.mp4,1.057286,0.9985,3,0.02346,-0.048036,-0.022174
0,2,20260705_210847_8d63gb__outer00__inner02__aug01,20260705_210847_8d63gb,user1,ই,output/user1/ই/ই_20260705_210847_8d63gb.mp4,1.080382,1.135188,3,0.051638,0.039685,-0.019008
0,2,20260705_210847_8d63gb__outer00__inner02__aug02,20260705_210847_8d63gb,user1,ই,output/user1/ই/ই_20260705_210847_8d63gb.mp4,1.017649,1.034793,3,0.041427,0.013775,0.016825
0,2,20260705_210847_8d63gb__outer00__inner02__aug03,20260705_210847_8d63gb,user1,ই,output/user1/ই/ই_20260705_210847_8d63gb.mp4,1.060107,1.087532,3,0.019912,0.040792,-0.04404
0,2,20260705_210914_6z0wyv__outer00__inner02__aug01,20260705_210914_6z0wyv,user1,ই,output/user1/ই/ই_20260705_210914_6z0wyv.mp4,1.052471,0.957348,5,0.097363,0.028169,0.023446
0,2,20260705_210914_6z0wyv__outer00__inner02__aug02,20260705_210914_6z0wyv,user1,ই,output/user1/ই/ই_20260705_210914_6z0wyv.mp4,1.053076,0.89866,3,0.078138,0.01503,0.031607
0,2,20260705_210914_6z0wyv__outer00__inner02__aug03,20260705_210914_6z0wyv,user1,ই,output/user1/ই/ই_20260705_210914_6z0wyv.mp4,0.873249,1.104283,3,0.044626,0.008124,-0.006413
0,2,20260705_211104_cee4mp__outer00__inner02__aug01,20260705_211104_cee4mp,user1,ই,output/user1/ই/ই_20260705_211104_cee4mp.mp4,0.878076,0.852227,3,0.08462,-0.028787,-0.009042
0,2,20260705_211104_cee4mp__outer00__inner02__aug02,20260705_211104_cee4mp,user1,ই,output/user1/ই/ই_20260705_211104_cee4mp.mp4,1.044018,0.879504,3,0.015784,-0.010038,-0.048488
0,2,20260705_211104_cee4mp__outer00__inner02__aug03,20260705_211104_cee4mp,user1,ই,output/user1/ই/ই_20260705_211104_cee4mp.mp4,1.103641,1.136393,3,0.059669,-0.008155,-0.023544
0,2,20260705_211129_q9xd7j__outer00__inner02__aug01,20260705_211129_q9xd7j,user1,ই,output/user1/ই/ই_20260705_211129_q9xd7j.mp4,1.03533,0.926937,3,0.030301,-0.025031,0.045804
0,2,20260705_211129_q9xd7j__outer00__inner02__aug02,20260705_211129_q9xd7j,user1,ই,output/user1/ই/ই_20260705_211129_q9xd7j.mp4,1.037479,1.074836,5,0.026038,-0.021463,0.013316
0,2,20260705_211129_q9xd7j__outer00__inner02__aug03,20260705_211129_q9xd7j,user1,ই,output/user1/ই/ই_20260705_211129_q9xd7j.mp4,0.902051,0.964199,5,0.096342,0.011962,-0.027828
0,2,20260705_211202_fwdefr__outer00__inner02__aug01,20260705_211202_fwdefr,user1,ই,output/user1/ই/ই_20260705_211202_fwdefr.mp4,0.906035,0.941548,3,0.047781,-0.003867,0.032218
0,2,20260705_211202_fwdefr__outer00__inner02__aug02,20260705_211202_fwdefr,user1,ই,output/user1/ই/ই_20260705_211202_fwdefr.mp4,1.004431,0.972188,3,0.018573,0.033258,0.021784
0,2,20260705_211202_fwdefr__outer00__inner02__aug03,20260705_211202_fwdefr,user1,ই,output/user1/ই/ই_20260705_211202_fwdefr.mp4,0.966131,1.052069,3,0.036148,0.030069,-0.045922
0,2,20260705_211229_nco6f5__outer00__inner02__aug01,20260705_211229_nco6f5,user1,ই,output/user1/ই/ই_20260705_211229_nco6f5.mp4,0.892101,0.888248,3,0.055873,0.047076,-0.036153
0,2,20260705_211229_nco6f5__outer00__inner02__aug02,20260705_211229_nco6f5,user1,ই,output/user1/ই/ই_20260705_211229_nco6f5.mp4,1.028423,0.960985,3,0.098055,-0.044495,-0.031642
0,2,20260705_211229_nco6f5__outer00__inner02__aug03,20260705_211229_nco6f5,user1,ই,output/user1/ই/ই_20260705_211229_nco6f5.mp4,0.976442,0.890976,3,0.053132,-0.007831,-0.016898
0,2,20260705_211257_5zxk15__outer00__inner02__aug01,20260705_211257_5zxk15,user1,ই,output/user1/ই/ই_20260705_211257_5zxk15.mp4,1.050147,0.873795,3,0.018322,0.034898,0.007957
0,2,20260705_211257_5zxk15__outer00__inner02__aug02,20260705_211257_5zxk15,user1,ই,output/user1/ই/ই_20260705_211257_5zxk15.mp4,1.070916,0.982742,5,0.05555,0.041068,0.013102
0,2,20260705_211257_5zxk15__outer00__inner02__aug03,20260705_211257_5zxk15,user1,ই,output/user1/ই/ই_20260705_211257_5zxk15.mp4,1.004956,0.914074,5,0.072769,0.011164,0.008489
0,2,20260705_211324_69n6hy__outer00__inner02__aug01,20260705_211324_69n6hy,user1,ই,output/user1/ই/ই_20260705_211324_69n6hy.mp4,1.088566,0.898325,3,0.024505,0.030548,-0.023779
0,2,20260705_211324_69n6hy__outer00__inner02__aug02,20260705_211324_69n6hy,user1,ই,output/user1/ই/ই_20260705_211324_69n6hy.mp4,0.894571,0.987157,5,0.054809,-0.023061,0.041942
0,2,20260705_211324_69n6hy__outer00__inner02__aug03,20260705_211324_69n6hy,user1,ই,output/user1/ই/ই_20260705_211324_69n6hy.mp4,1.111786,1.040123,5,0.060573,0.030988,-0.001846
0,2,20260705_213721_6edrqn__outer00__inner02__aug01,20260705_213721_6edrqn,user1,ঈ,output/user1/ঈ/ঈ_20260705_213721_6edrqn.mp4,1.013784,0.963054,3,0.07318,-0.004417,-0.002473
0,2,20260705_213721_6edrqn__outer00__inner02__aug02,20260705_213721_6edrqn,user1,ঈ,output/user1/ঈ/ঈ_20260705_213721_6edrqn.mp4,1.008079,0.902729,5,0.025883,0.006179,0.034103
0,2,20260705_213721_6edrqn__outer00__inner02__aug03,20260705_213721_6edrqn,user1,ঈ,output/user1/ঈ/ঈ_20260705_213721_6edrqn.mp4,1.102731,0.973749,3,0.089363,0.044446,0.020975
0,2,20260705_213804_scynf9__outer00__inner02__aug01,20260705_213804_scynf9,user1,ঈ,output/user1/ঈ/ঈ_20260705_213804_scynf9.mp4,1.020292,0.942749,3,0.041597,-0.005415,-0.029566
0,2,20260705_213804_scynf9__outer00__inner02__aug02,20260705_213804_scynf9,user1,ঈ,output/user1/ঈ/ঈ_20260705_213804_scynf9.mp4,1.022163,0.887829,3,0.060531,-0.02392,0.019891
0,2,20260705_213804_scynf9__outer00__inner02__aug03,20260705_213804_scynf9,user1,ঈ,output/user1/ঈ/ঈ_20260705_213804_scynf9.mp4,1.06166,1.063438,5,0.013275,0.03134,-0.019253
0,2,20260705_213852_tuebtl__outer00__inner02__aug01,20260705_213852_tuebtl,user1,ঈ,output/user1/ঈ/ঈ_20260705_213852_tuebtl.mp4,1.13084,0.879945,3,0.098691,-0.030575,0.021008
0,2,20260705_213852_tuebtl__outer00__inner02__aug02,20260705_213852_tuebtl,user1,ঈ,output/user1/ঈ/ঈ_20260705_213852_tuebtl.mp4,1.084465,0.934341,3,0.08997,0.00765,0.02696
0,2,20260705_213852_tuebtl__outer00__inner02__aug03,20260705_213852_tuebtl,user1,ঈ,output/user1/ঈ/ঈ_20260705_213852_tuebtl.mp4,0.955214,1.088,5,0.065648,-0.027654,-0.047793
0,2,20260705_213943_7qqvt7__outer00__inner02__aug01,20260705_213943_7qqvt7,user1,ঈ,output/user1/ঈ/ঈ_20260705_213943_7qqvt7.mp4,0.988201,0.967891,5,0.053804,-0.01228,0.023373
0,2,20260705_213943_7qqvt7__outer00__inner02__aug02,20260705_213943_7qqvt7,user1,ঈ,output/user1/ঈ/ঈ_20260705_213943_7qqvt7.mp4,1.13375,0.876243,5,0.009439,-0.033438,0.003992
0,2,20260705_213943_7qqvt7__outer00__inner02__aug03,20260705_213943_7qqvt7,user1,ঈ,output/user1/ঈ/ঈ_20260705_213943_7qqvt7.mp4,1.13852,1.100108,3,0.029538,-0.041951,-0.000257
0,2,20260705_214029_z7ddbl__outer00__inner02__aug01,20260705_214029_z7ddbl,user1,ঈ,output/user1/ঈ/ঈ_20260705_214029_z7ddbl.mp4,1.095763,0.937535,5,0.002955,0.018844,-0.045021
0,2,20260705_214029_z7ddbl__outer00__inner02__aug02,20260705_214029_z7ddbl,user1,ঈ,output/user1/ঈ/ঈ_20260705_214029_z7ddbl.mp4,0.887196,0.960871,3,0.097151,0.049045,-0.006206
0,2,20260705_214029_z7ddbl__outer00__inner02__aug03,20260705_214029_z7ddbl,user1,ঈ,output/user1/ঈ/ঈ_20260705_214029_z7ddbl.mp4,1.04138,1.053533,3,0.009526,-0.042196,0.007942
0,2,20260705_214107_b894ld__outer00__inner02__aug01,20260705_214107_b894ld,user1,ঈ,output/user1/ঈ/ঈ_20260705_214107_b894ld.mp4,1.021173,0.921052,3,0.07619,0.000179,0.030919
0,2,20260705_214107_b894ld__outer00__inner02__aug02,20260705_214107_b894ld,user1,ঈ,output/user1/ঈ/ঈ_20260705_214107_b894ld.mp4,1.122828,0.861363,5,0.018102,0.011304,0.012092
0,2,20260705_214107_b894ld__outer00__inner02__aug03,20260705_214107_b894ld,user1,ঈ,output/user1/ঈ/ঈ_20260705_214107_b894ld.mp4,1.042057,1.097907,5,0.008363,0.012878,0.045869
0,2,20260705_215457_yruoxw__outer00__inner02__aug01,20260705_215457_yruoxw,user1,ঈ,output/user1/ঈ/ঈ_20260705_215457_yruoxw.mp4,1.040879,1.090215,5,0.086463,0.048705,0.045635
0,2,20260705_215457_yruoxw__outer00__inner02__aug02,20260705_215457_yruoxw,user1,ঈ,output/user1/ঈ/ঈ_20260705_215457_yruoxw.mp4,0.897669,1.123203,5,0.034068,0.017986,-0.016736
0,2,20260705_215457_yruoxw__outer00__inner02__aug03,20260705_215457_yruoxw,user1,ঈ,output/user1/ঈ/ঈ_20260705_215457_yruoxw.mp4,1.100097,0.883674,3,0.06205,0.04204,-0.049617
0,2,20260705_215539_dr61qv__outer00__inner02__aug01,20260705_215539_dr61qv,user1,ঈ,output/user1/ঈ/ঈ_20260705_215539_dr61qv.mp4,1.079505,0.970574,5,0.073123,0.018908,0.005044
0,2,20260705_215539_dr61qv__outer00__inner02__aug02,20260705_215539_dr61qv,user1,ঈ,output/user1/ঈ/ঈ_20260705_215539_dr61qv.mp4,0.879793,1.122015,3,0.020921,0.0241,0.012115
0,2,20260705_215539_dr61qv__outer00__inner02__aug03,20260705_215539_dr61qv,user1,ঈ,output/user1/ঈ/ঈ_20260705_215539_dr61qv.mp4,0.966571,0.873011,3,0.040794,0.025205,-0.046584
0,2,20260705_215654_07cd7w__outer00__inner02__aug01,20260705_215654_07cd7w,user1,ঈ,output/user1/ঈ/ঈ_20260705_215654_07cd7w.mp4,1.096731,0.851557,5,0.090968,-0.048692,0.01722
0,2,20260705_215654_07cd7w__outer00__inner02__aug02,20260705_215654_07cd7w,user1,ঈ,output/user1/ঈ/ঈ_20260705_215654_07cd7w.mp4,0.864355,1.116276,3,0.013901,0.035352,0.031355
0,2,20260705_215654_07cd7w__outer00__inner02__aug03,20260705_215654_07cd7w,user1,ঈ,output/user1/ঈ/ঈ_20260705_215654_07cd7w.mp4,1.105818,1.093094,5,0.071387,0.016711,0.012596
0,2,20260705_215745_i5n9h7__outer00__inner02__aug01,20260705_215745_i5n9h7,user1,ঈ,output/user1/ঈ/ঈ_20260705_215745_i5n9h7.mp4,0.865366,0.985512,3,0.008884,0.030227,0.012556
0,2,20260705_215745_i5n9h7__outer00__inner02__aug02,20260705_215745_i5n9h7,user1,ঈ,output/user1/ঈ/ঈ_20260705_215745_i5n9h7.mp4,0.850448,0.876897,3,0.01661,-0.026276,0.038059
0,2,20260705_215745_i5n9h7__outer00__inner02__aug03,20260705_215745_i5n9h7,user1,ঈ,output/user1/ঈ/ঈ_20260705_215745_i5n9h7.mp4,0.986274,0.944005,5,0.074069,-0.049577,0.009537
0,2,20260711_211455_ab7vb3__outer00__inner02__aug01,20260711_211455_ab7vb3,user4,অ,output/user4/অ/অ_20260711_211455_ab7vb3.mp4,0.932412,1.094561,5,0.016514,-0.041667,-0.049858
0,2,20260711_211455_ab7vb3__outer00__inner02__aug02,20260711_211455_ab7vb3,user4,অ,output/user4/অ/অ_20260711_211455_ab7vb3.mp4,1.078324,1.075796,5,0.085631,-0.032995,0.01063
0,2,20260711_211455_ab7vb3__outer00__inner02__aug03,20260711_211455_ab7vb3,user4,অ,output/user4/অ/অ_20260711_211455_ab7vb3.mp4,0.852803,1.044302,5,0.096333,0.018781,0.014465
0,2,20260711_214733_y28o8p__outer00__inner02__aug01,20260711_214733_y28o8p,user4,অ,output/user4/অ/অ_20260711_214733_y28o8p.mp4,1.066816,1.081881,5,0.007135,0.047914,0.000531
0,2,20260711_214733_y28o8p__outer00__inner02__aug02,20260711_214733_y28o8p,user4,অ,output/user4/অ/অ_20260711_214733_y28o8p.mp4,0.971757,1.060131,3,0.052515,0.021331,0.048933
0,2,20260711_214733_y28o8p__outer00__inner02__aug03,20260711_214733_y28o8p,user4,অ,output/user4/অ/অ_20260711_214733_y28o8p.mp4,1.122264,0.978201,5,0.066796,0.006769,-0.004669
0,2,20260711_214747_h8ad4n__outer00__inner02__aug01,20260711_214747_h8ad4n,user4,অ,output/user4/অ/অ_20260711_214747_h8ad4n.mp4,0.857022,1.016311,3,0.009735,0.027137,0.001287
0,2,20260711_214747_h8ad4n__outer00__inner02__aug02,20260711_214747_h8ad4n,user4,অ,output/user4/অ/অ_20260711_214747_h8ad4n.mp4,0.900097,0.967965,3,0.069215,-0.012305,-0.007988
0,2,20260711_214747_h8ad4n__outer00__inner02__aug03,20260711_214747_h8ad4n,user4,অ,output/user4/অ/অ_20260711_214747_h8ad4n.mp4,0.878184,0.946616,5,0.054518,-0.035383,-0.018277
0,2,20260711_214802_iotb3d__outer00__inner02__aug01,20260711_214802_iotb3d,user4,অ,output/user4/অ/অ_20260711_214802_iotb3d.mp4,1.036769,0.957535,3,0.065789,-0.04024,-0.037503
0,2,20260711_214802_iotb3d__outer00__inner02__aug02,20260711_214802_iotb3d,user4,অ,output/user4/অ/অ_20260711_214802_iotb3d.mp4,0.900601,0.990909,5,0.071278,0.033134,-0.012466
0,2,20260711_214802_iotb3d__outer00__inner02__aug03,20260711_214802_iotb3d,user4,অ,output/user4/অ/অ_20260711_214802_iotb3d.mp4,0.944109,1.010591,3,0.046567,0.044951,-0.03577
0,2,20260711_214818_1kqyjw__outer00__inner02__aug01,20260711_214818_1kqyjw,user4,অ,output/user4/অ/অ_20260711_214818_1kqyjw.mp4,0.865954,0.943915,5,0.011956,-0.039517,0.030873
0,2,20260711_214818_1kqyjw__outer00__inner02__aug02,20260711_214818_1kqyjw,user4,অ,output/user4/অ/অ_20260711_214818_1kqyjw.mp4,1.131639,0.877139,3,0.05804,0.037774,-0.008475
0,2,20260711_214818_1kqyjw__outer00__inner02__aug03,20260711_214818_1kqyjw,user4,অ,output/user4/অ/অ_20260711_214818_1kqyjw.mp4,0.94718,1.081323,5,0.04658,-0.035035,0.022202
0,2,20260711_214838_nmfk2j__outer00__inner02__aug01,20260711_214838_nmfk2j,user4,অ,output/user4/অ/অ_20260711_214838_nmfk2j.mp4,1.133456,0.890107,3,0.050308,0.028071,-0.006676
0,2,20260711_214838_nmfk2j__outer00__inner02__aug02,20260711_214838_nmfk2j,user4,অ,output/user4/অ/অ_20260711_214838_nmfk2j.mp4,0.920246,0.956872,3,0.045923,-0.049833,0.021625
0,2,20260711_214838_nmfk2j__outer00__inner02__aug03,20260711_214838_nmfk2j,user4,অ,output/user4/অ/অ_20260711_214838_nmfk2j.mp4,0.951422,0.906511,3,0.067782,0.010614,0.035612
0,2,20260711_214856_wh1jdl__outer00__inner02__aug01,20260711_214856_wh1jdl,user4,অ,output/user4/অ/অ_20260711_214856_wh1jdl.mp4,1.103883,1.102793,3,0.026199,0.000282,-0.028242
0,2,20260711_214856_wh1jdl__outer00__inner02__aug02,20260711_214856_wh1jdl,user4,অ,output/user4/অ/অ_20260711_214856_wh1jdl.mp4,0.987899,0.980807,3,0.062392,-0.020062,0.019866
0,2,20260711_214856_wh1jdl__outer00__inner02__aug03,20260711_214856_wh1jdl,user4,অ,output/user4/অ/অ_20260711_214856_wh1jdl.mp4,0.946414,0.940149,3,0.012388,-0.027792,-0.010572
0,2,20260711_214912_5jyzoq__outer00__inner02__aug01,20260711_214912_5jyzoq,user4,অ,output/user4/অ/অ_20260711_214912_5jyzoq.mp4,0.977686,1.146536,3,0.08741,0.034995,-0.027708
0,2,20260711_214912_5jyzoq__outer00__inner02__aug02,20260711_214912_5jyzoq,user4,অ,output/user4/অ/অ_20260711_214912_5jyzoq.mp4,1.102884,1.030484,3,0.018523,-0.015539,0.034228
0,2,20260711_214912_5jyzoq__outer00__inner02__aug03,20260711_214912_5jyzoq,user4,অ,output/user4/অ/অ_20260711_214912_5jyzoq.mp4,1.12694,0.951988,5,0.065372,0.000801,0.010778
0,2,20260711_215025_9ahjj1__outer00__inner02__aug01,20260711_215025_9ahjj1,user4,অ,output/user4/অ/অ_20260711_215025_9ahjj1.mp4,0.909088,0.923697,3,0.064106,0.018481,-0.025627
0,2,20260711_215025_9ahjj1__outer00__inner02__aug02,20260711_215025_9ahjj1,user4,অ,output/user4/অ/অ_20260711_215025_9ahjj1.mp4,0.978786,1.039871,5,0.051131,0.013109,0.017073
0,2,20260711_215025_9ahjj1__outer00__inner02__aug03,20260711_215025_9ahjj1,user4,অ,output/user4/অ/অ_20260711_215025_9ahjj1.mp4,0.987964,0.915533,5,0.086135,0.018801,-0.042784
0,2,20260711_215040_totmvz__outer00__inner02__aug01,20260711_215040_totmvz,user4,অ,output/user4/অ/অ_20260711_215040_totmvz.mp4,1.12062,0.983668,5,0.092237,-0.027724,0.02064
0,2,20260711_215040_totmvz__outer00__inner02__aug02,20260711_215040_totmvz,user4,অ,output/user4/অ/অ_20260711_215040_totmvz.mp4,1.100063,1.135611,5,0.03104,-0.045393,-0.012256
0,2,20260711_215040_totmvz__outer00__inner02__aug03,20260711_215040_totmvz,user4,অ,output/user4/অ/অ_20260711_215040_totmvz.mp4,1.146515,0.877388,5,0.041843,-0.038998,-0.005274
0,2,20260711_215057_m3q3bw__outer00__inner02__aug01,20260711_215057_m3q3bw,user4,অ,output/user4/অ/অ_20260711_215057_m3q3bw.mp4,1.08182,1.098227,3,0.097717,-0.005331,-0.028337
0,2,20260711_215057_m3q3bw__outer00__inner02__aug02,20260711_215057_m3q3bw,user4,অ,output/user4/অ/অ_20260711_215057_m3q3bw.mp4,1.083685,0.931887,3,0.083516,0.043363,-0.032798
0,2,20260711_215057_m3q3bw__outer00__inner02__aug03,20260711_215057_m3q3bw,user4,অ,output/user4/অ/অ_20260711_215057_m3q3bw.mp4,1.027883,0.990454,5,0.039233,0.049905,0.044258
0,2,20260711_215120_wa3iw4__outer00__inner02__aug01,20260711_215120_wa3iw4,user4,অ,output/user4/অ/অ_20260711_215120_wa3iw4.mp4,1.013775,0.95502,3,0.052124,0.048839,0.001563
0,2,20260711_215120_wa3iw4__outer00__inner02__aug02,20260711_215120_wa3iw4,user4,অ,output/user4/অ/অ_20260711_215120_wa3iw4.mp4,1.001523,0.954226,3,0.045409,-0.026907,0.023452
0,2,20260711_215120_wa3iw4__outer00__inner02__aug03,20260711_215120_wa3iw4,user4,অ,output/user4/অ/অ_20260711_215120_wa3iw4.mp4,0.905678,0.9317,3,0.078806,-0.046114,0.019494
0,2,20260711_215140_jzmdn9__outer00__inner02__aug01,20260711_215140_jzmdn9,user4,অ,output/user4/অ/অ_20260711_215140_jzmdn9.mp4,0.961115,1.009181,3,0.091267,-0.03873,0.0197
0,2,20260711_215140_jzmdn9__outer00__inner02__aug02,20260711_215140_jzmdn9,user4,অ,output/user4/অ/অ_20260711_215140_jzmdn9.mp4,1.044478,0.959304,3,0.008463,-0.033557,-0.017652
0,2,20260711_215140_jzmdn9__outer00__inner02__aug03,20260711_215140_jzmdn9,user4,অ,output/user4/অ/অ_20260711_215140_jzmdn9.mp4,0.904849,1.004802,5,0.007518,0.002491,-0.000115
0,2,20260711_215153_8dj6mi__outer00__inner02__aug01,20260711_215153_8dj6mi,user4,অ,output/user4/অ/অ_20260711_215153_8dj6mi.mp4,1.124715,0.989122,5,0.013242,0.024318,-0.005942
0,2,20260711_215153_8dj6mi__outer00__inner02__aug02,20260711_215153_8dj6mi,user4,অ,output/user4/অ/অ_20260711_215153_8dj6mi.mp4,1.115676,0.98623,5,0.082396,-0.028526,-0.017341
0,2,20260711_215153_8dj6mi__outer00__inner02__aug03,20260711_215153_8dj6mi,user4,অ,output/user4/অ/অ_20260711_215153_8dj6mi.mp4,0.899077,0.928585,5,0.029683,-0.001194,-0.020105
0,2,20260711_215210_14cuph__outer00__inner02__aug01,20260711_215210_14cuph,user4,অ,output/user4/অ/অ_20260711_215210_14cuph.mp4,0.919728,1.122642,3,0.044982,0.027522,-0.026539
0,2,20260711_215210_14cuph__outer00__inner02__aug02,20260711_215210_14cuph,user4,অ,output/user4/অ/অ_20260711_215210_14cuph.mp4,0.978128,0.875044,3,0.009338,-0.022747,-0.044913
0,2,20260711_215210_14cuph__outer00__inner02__aug03,20260711_215210_14cuph,user4,অ,output/user4/অ/অ_20260711_215210_14cuph.mp4,0.931939,1.047863,5,0.005807,0.04808,-0.039
0,2,20260711_215224_s1nefb__outer00__inner02__aug01,20260711_215224_s1nefb,user4,অ,output/user4/অ/অ_20260711_215224_s1nefb.mp4,0.927976,1.01728,3,0.061914,-0.038672,-0.035907
0,2,20260711_215224_s1nefb__outer00__inner02__aug02,20260711_215224_s1nefb,user4,অ,output/user4/অ/অ_20260711_215224_s1nefb.mp4,0.852538,0.955108,5,0.07952,0.015967,0.012342
0,2,20260711_215224_s1nefb__outer00__inner02__aug03,20260711_215224_s1nefb,user4,অ,output/user4/অ/অ_20260711_215224_s1nefb.mp4,0.993365,1.098722,3,0.048036,-0.020602,-0.033788
0,2,20260711_211553_8q738s__outer00__inner02__aug01,20260711_211553_8q738s,user4,আ,output/user4/আ/আ_20260711_211553_8q738s.mp4,1.001802,1.048775,5,0.092621,0.048075,0.013032
0,2,20260711_211553_8q738s__outer00__inner02__aug02,20260711_211553_8q738s,user4,আ,output/user4/আ/আ_20260711_211553_8q738s.mp4,1.057443,1.052788,5,0.025447,0.046849,0.046445
0,2,20260711_211553_8q738s__outer00__inner02__aug03,20260711_211553_8q738s,user4,আ,output/user4/আ/আ_20260711_211553_8q738s.mp4,1.069871,1.148597,5,0.039328,0.01842,0.014641
0,2,20260711_215326_rdw0i7__outer00__inner02__aug01,20260711_215326_rdw0i7,user4,আ,output/user4/আ/আ_20260711_215326_rdw0i7.mp4,0.965842,1.044396,5,0.014264,-0.025106,-0.042298
0,2,20260711_215326_rdw0i7__outer00__inner02__aug02,20260711_215326_rdw0i7,user4,আ,output/user4/আ/আ_20260711_215326_rdw0i7.mp4,1.108988,0.971687,5,0.070664,-0.033815,0.021818
0,2,20260711_215326_rdw0i7__outer00__inner02__aug03,20260711_215326_rdw0i7,user4,আ,output/user4/আ/আ_20260711_215326_rdw0i7.mp4,0.895377,0.998425,5,0.001039,0.033983,-0.019456
0,2,20260711_215355_gtir0d__outer00__inner02__aug01,20260711_215355_gtir0d,user4,আ,output/user4/আ/আ_20260711_215355_gtir0d.mp4,1.125562,1.019953,3,0.029091,0.042258,0.04868
0,2,20260711_215355_gtir0d__outer00__inner02__aug02,20260711_215355_gtir0d,user4,আ,output/user4/আ/আ_20260711_215355_gtir0d.mp4,0.920906,0.914711,5,0.04232,-0.015819,-0.006165
0,2,20260711_215355_gtir0d__outer00__inner02__aug03,20260711_215355_gtir0d,user4,আ,output/user4/আ/আ_20260711_215355_gtir0d.mp4,1.06121,0.870092,5,0.069087,0.035565,-0.016455
0,2,20260711_215413_4z3pac__outer00__inner02__aug01,20260711_215413_4z3pac,user4,আ,output/user4/আ/আ_20260711_215413_4z3pac.mp4,1.114552,1.088051,3,0.091502,0.048237,-0.04103
0,2,20260711_215413_4z3pac__outer00__inner02__aug02,20260711_215413_4z3pac,user4,আ,output/user4/আ/আ_20260711_215413_4z3pac.mp4,1.103737,1.001898,5,0.074515,0.023973,0.043688
0,2,20260711_215413_4z3pac__outer00__inner02__aug03,20260711_215413_4z3pac,user4,আ,output/user4/আ/আ_20260711_215413_4z3pac.mp4,1.028055,0.960252,3,0.038186,-0.048774,0.030031
0,2,20260711_215505_noe4fp__outer00__inner02__aug01,20260711_215505_noe4fp,user4,আ,output/user4/আ/আ_20260711_215505_noe4fp.mp4,1.137097,1.104464,5,0.039072,-0.028064,-0.016121
0,2,20260711_215505_noe4fp__outer00__inner02__aug02,20260711_215505_noe4fp,user4,আ,output/user4/আ/আ_20260711_215505_noe4fp.mp4,1.050228,1.081343,5,0.006072,-0.011653,0.025324
0,2,20260711_215505_noe4fp__outer00__inner02__aug03,20260711_215505_noe4fp,user4,আ,output/user4/আ/আ_20260711_215505_noe4fp.mp4,1.004843,0.863487,3,0.040903,-0.037354,0.003413
0,2,20260711_215527_oaoi6c__outer00__inner02__aug01,20260711_215527_oaoi6c,user4,আ,output/user4/আ/আ_20260711_215527_oaoi6c.mp4,0.996536,1.010725,3,0.003045,0.00064,-1.5e-05
0,2,20260711_215527_oaoi6c__outer00__inner02__aug02,20260711_215527_oaoi6c,user4,আ,output/user4/আ/আ_20260711_215527_oaoi6c.mp4,0.990026,1.107307,5,0.027655,0.041354,0.024256
0,2,20260711_215527_oaoi6c__outer00__inner02__aug03,20260711_215527_oaoi6c,user4,আ,output/user4/আ/আ_20260711_215527_oaoi6c.mp4,0.851797,0.93647,3,0.005343,-0.017748,0.015589
0,2,20260711_215554_41w3p4__outer00__inner02__aug01,20260711_215554_41w3p4,user4,আ,output/user4/আ/আ_20260711_215554_41w3p4.mp4,0.901973,0.889063,3,0.033425,-0.013803,0.033326
0,2,20260711_215554_41w3p4__outer00__inner02__aug02,20260711_215554_41w3p4,user4,আ,output/user4/আ/আ_20260711_215554_41w3p4.mp4,0.937514,1.105631,3,0.061686,0.012134,0.023238
0,2,20260711_215554_41w3p4__outer00__inner02__aug03,20260711_215554_41w3p4,user4,আ,output/user4/আ/আ_20260711_215554_41w3p4.mp4,0.995128,0.996918,3,0.016431,0.004993,-0.009278
0,2,20260711_215623_q6sua3__outer00__inner02__aug01,20260711_215623_q6sua3,user4,আ,output/user4/আ/আ_20260711_215623_q6sua3.mp4,1.072209,0.877269,3,0.089725,-0.004874,-0.045841
0,2,20260711_215623_q6sua3__outer00__inner02__aug02,20260711_215623_q6sua3,user4,আ,output/user4/আ/আ_20260711_215623_q6sua3.mp4,0.888783,1.120414,3,0.084755,-0.03118,0.014951
0,2,20260711_215623_q6sua3__outer00__inner02__aug03,20260711_215623_q6sua3,user4,আ,output/user4/আ/আ_20260711_215623_q6sua3.mp4,0.950732,1.022443,5,0.040663,0.000742,0.000513
0,2,20260711_215646_y25z4x__outer00__inner02__aug01,20260711_215646_y25z4x,user4,আ,output/user4/আ/আ_20260711_215646_y25z4x.mp4,1.108416,0.935394,3,0.066275,0.009196,-0.010955
0,2,20260711_215646_y25z4x__outer00__inner02__aug02,20260711_215646_y25z4x,user4,আ,output/user4/আ/আ_20260711_215646_y25z4x.mp4,1.099745,1.095759,3,0.095806,0.017829,0.028985
0,2,20260711_215646_y25z4x__outer00__inner02__aug03,20260711_215646_y25z4x,user4,আ,output/user4/আ/আ_20260711_215646_y25z4x.mp4,1.145271,0.989562,3,0.016358,0.028563,0.00546
0,2,20260711_215701_i0we24__outer00__inner02__aug01,20260711_215701_i0we24,user4,আ,output/user4/আ/আ_20260711_215701_i0we24.mp4,0.957044,1.022664,5,0.099922,-0.000425,-0.021695
0,2,20260711_215701_i0we24__outer00__inner02__aug02,20260711_215701_i0we24,user4,আ,output/user4/আ/আ_20260711_215701_i0we24.mp4,1.110613,0.888997,5,0.062322,0.049964,0.03194
0,2,20260711_215701_i0we24__outer00__inner02__aug03,20260711_215701_i0we24,user4,আ,output/user4/আ/আ_20260711_215701_i0we24.mp4,0.925441,1.076282,3,0.013473,0.019897,0.023102
0,2,20260711_215719_fym8k2__outer00__inner02__aug01,20260711_215719_fym8k2,user4,আ,output/user4/আ/আ_20260711_215719_fym8k2.mp4,1.142878,1.140698,5,0.054094,-0.045992,-0.0432
0,2,20260711_215719_fym8k2__outer00__inner02__aug02,20260711_215719_fym8k2,user4,আ,output/user4/আ/আ_20260711_215719_fym8k2.mp4,1.056315,1.144447,5,0.08423,0.036297,-0.044341
0,2,20260711_215719_fym8k2__outer00__inner02__aug03,20260711_215719_fym8k2,user4,আ,output/user4/আ/আ_20260711_215719_fym8k2.mp4,1.132813,0.942329,3,0.013306,-0.038358,0.018975
0,2,20260711_215732_e3wli4__outer00__inner02__aug01,20260711_215732_e3wli4,user4,আ,output/user4/আ/আ_20260711_215732_e3wli4.mp4,1.093081,1.063127,5,0.029528,-0.040326,0.021952
0,2,20260711_215732_e3wli4__outer00__inner02__aug02,20260711_215732_e3wli4,user4,আ,output/user4/আ/আ_20260711_215732_e3wli4.mp4,1.038603,1.143974,5,0.0964,-0.00687,-0.025691
0,2,20260711_215732_e3wli4__outer00__inner02__aug03,20260711_215732_e3wli4,user4,আ,output/user4/আ/আ_20260711_215732_e3wli4.mp4,1.089747,1.076049,5,0.072954,0.005543,-0.037701
0,2,20260711_215746_pw5glc__outer00__inner02__aug01,20260711_215746_pw5glc,user4,আ,output/user4/আ/আ_20260711_215746_pw5glc.mp4,1.10357,1.146218,5,0.022237,0.030094,-0.002402
0,2,20260711_215746_pw5glc__outer00__inner02__aug02,20260711_215746_pw5glc,user4,আ,output/user4/আ/আ_20260711_215746_pw5glc.mp4,0.962454,0.921358,3,0.06903,-0.015807,-0.021234
0,2,20260711_215746_pw5glc__outer00__inner02__aug03,20260711_215746_pw5glc,user4,আ,output/user4/আ/আ_20260711_215746_pw5glc.mp4,0.942058,1.146714,5,0.040653,0.010565,0.02316
0,2,20260711_215803_gtb1nz__outer00__inner02__aug01,20260711_215803_gtb1nz,user4,আ,output/user4/আ/আ_20260711_215803_gtb1nz.mp4,1.093316,1.064634,3,0.063089,0.045672,0.015991
0,2,20260711_215803_gtb1nz__outer00__inner02__aug02,20260711_215803_gtb1nz,user4,আ,output/user4/আ/আ_20260711_215803_gtb1nz.mp4,1.05424,0.976889,5,0.039146,-0.034188,0.046056
0,2,20260711_215803_gtb1nz__outer00__inner02__aug03,20260711_215803_gtb1nz,user4,আ,output/user4/আ/আ_20260711_215803_gtb1nz.mp4,1.125031,1.085509,3,0.007963,0.025767,-0.006761
0,2,20260711_215826_09me7o__outer00__inner02__aug01,20260711_215826_09me7o,user4,আ,output/user4/আ/আ_20260711_215826_09me7o.mp4,1.081789,0.992526,5,0.025764,-0.046634,0.041192
0,2,20260711_215826_09me7o__outer00__inner02__aug02,20260711_215826_09me7o,user4,আ,output/user4/আ/আ_20260711_215826_09me7o.mp4,1.114152,1.124753,3,0.084141,0.018528,0.022505
0,2,20260711_215826_09me7o__outer00__inner02__aug03,20260711_215826_09me7o,user4,আ,output/user4/আ/আ_20260711_215826_09me7o.mp4,1.058348,0.850331,5,0.029202,0.006291,0.000437
0,2,20260711_215850_2a6qfe__outer00__inner02__aug01,20260711_215850_2a6qfe,user4,আ,output/user4/আ/আ_20260711_215850_2a6qfe.mp4,0.987105,1.132135,5,0.024701,0.035512,0.018984
0,2,20260711_215850_2a6qfe__outer00__inner02__aug02,20260711_215850_2a6qfe,user4,আ,output/user4/আ/আ_20260711_215850_2a6qfe.mp4,1.009854,1.051051,3,0.073366,-0.039075,-0.005592
0,2,20260711_215850_2a6qfe__outer00__inner02__aug03,20260711_215850_2a6qfe,user4,আ,output/user4/আ/আ_20260711_215850_2a6qfe.mp4,1.038462,1.089787,5,0.058664,-0.025366,-0.048561
0,2,20260711_211613_pni7yl__outer00__inner02__aug01,20260711_211613_pni7yl,user4,ই,output/user4/ই/ই_20260711_211613_pni7yl.mp4,1.003863,0.944748,3,0.087988,-0.031924,0.029532
0,2,20260711_211613_pni7yl__outer00__inner02__aug02,20260711_211613_pni7yl,user4,ই,output/user4/ই/ই_20260711_211613_pni7yl.mp4,1.069366,0.974335,3,0.092311,-0.004924,0.014823
0,2,20260711_211613_pni7yl__outer00__inner02__aug03,20260711_211613_pni7yl,user4,ই,output/user4/ই/ই_20260711_211613_pni7yl.mp4,0.967259,0.978837,5,0.037057,0.047482,0.044921
0,2,20260711_211631_omhqof__outer00__inner02__aug01,20260711_211631_omhqof,user4,ই,output/user4/ই/ই_20260711_211631_omhqof.mp4,1.044756,0.885536,3,0.092172,-0.032537,-0.038167
0,2,20260711_211631_omhqof__outer00__inner02__aug02,20260711_211631_omhqof,user4,ই,output/user4/ই/ই_20260711_211631_omhqof.mp4,0.958914,1.084995,3,0.023061,0.024134,0.01618
0,2,20260711_211631_omhqof__outer00__inner02__aug03,20260711_211631_omhqof,user4,ই,output/user4/ই/ই_20260711_211631_omhqof.mp4,1.050217,1.108116,5,0.004471,-0.027791,-0.044205
0,2,20260711_215916_5xq3ym__outer00__inner02__aug01,20260711_215916_5xq3ym,user4,ই,output/user4/ই/ই_20260711_215916_5xq3ym.mp4,1.099707,1.103475,5,0.095041,-0.018008,-0.008659
0,2,20260711_215916_5xq3ym__outer00__inner02__aug02,20260711_215916_5xq3ym,user4,ই,output/user4/ই/ই_20260711_215916_5xq3ym.mp4,1.041895,1.006346,5,0.050293,-0.041782,0.038472
0,2,20260711_215916_5xq3ym__outer00__inner02__aug03,20260711_215916_5xq3ym,user4,ই,output/user4/ই/ই_20260711_215916_5xq3ym.mp4,0.943075,0.864391,3,0.082733,-0.013271,-0.046229
0,2,20260711_215928_ckxbi5__outer00__inner02__aug01,20260711_215928_ckxbi5,user4,ই,output/user4/ই/ই_20260711_215928_ckxbi5.mp4,1.138487,0.904756,3,0.056627,-0.020615,0.034131
0,2,20260711_215928_ckxbi5__outer00__inner02__aug02,20260711_215928_ckxbi5,user4,ই,output/user4/ই/ই_20260711_215928_ckxbi5.mp4,1.035344,0.989556,3,0.013226,-0.038086,-0.003491
0,2,20260711_215928_ckxbi5__outer00__inner02__aug03,20260711_215928_ckxbi5,user4,ই,output/user4/ই/ই_20260711_215928_ckxbi5.mp4,0.94549,1.118914,3,0.086925,-0.017721,0.03912
0,2,20260711_215945_ovgs11__outer00__inner02__aug01,20260711_215945_ovgs11,user4,ই,output/user4/ই/ই_20260711_215945_ovgs11.mp4,0.859131,1.048045,5,0.067545,-0.046167,0.038133
0,2,20260711_215945_ovgs11__outer00__inner02__aug02,20260711_215945_ovgs11,user4,ই,output/user4/ই/ই_20260711_215945_ovgs11.mp4,1.064567,1.089032,5,0.06031,-0.007003,0.047317
0,2,20260711_215945_ovgs11__outer00__inner02__aug03,20260711_215945_ovgs11,user4,ই,output/user4/ই/ই_20260711_215945_ovgs11.mp4,1.145843,0.931854,5,0.088066,-0.008957,-0.026898
0,2,20260711_215959_axw0jl__outer00__inner02__aug01,20260711_215959_axw0jl,user4,ই,output/user4/ই/ই_20260711_215959_axw0jl.mp4,1.04238,1.010455,5,0.001097,-0.002328,0.00668
0,2,20260711_215959_axw0jl__outer00__inner02__aug02,20260711_215959_axw0jl,user4,ই,output/user4/ই/ই_20260711_215959_axw0jl.mp4,1.039134,1.119362,5,0.036142,-0.043343,-0.009597
0,2,20260711_215959_axw0jl__outer00__inner02__aug03,20260711_215959_axw0jl,user4,ই,output/user4/ই/ই_20260711_215959_axw0jl.mp4,1.118012,1.100444,3,0.087451,0.043154,0.020194
0,2,20260711_220013_x16qxh__outer00__inner02__aug01,20260711_220013_x16qxh,user4,ই,output/user4/ই/ই_20260711_220013_x16qxh.mp4,0.96344,1.13036,3,0.017004,-0.042108,-0.020379
0,2,20260711_220013_x16qxh__outer00__inner02__aug02,20260711_220013_x16qxh,user4,ই,output/user4/ই/ই_20260711_220013_x16qxh.mp4,1.093581,1.084719,5,0.001619,-0.03764,0.046435
0,2,20260711_220013_x16qxh__outer00__inner02__aug03,20260711_220013_x16qxh,user4,ই,output/user4/ই/ই_20260711_220013_x16qxh.mp4,0.911034,0.904679,5,0.018695,0.018624,-0.045527
0,2,20260711_220027_1j40u6__outer00__inner02__aug01,20260711_220027_1j40u6,user4,ই,output/user4/ই/ই_20260711_220027_1j40u6.mp4,1.058752,1.051743,3,0.03498,0.031506,-0.015334
0,2,20260711_220027_1j40u6__outer00__inner02__aug02,20260711_220027_1j40u6,user4,ই,output/user4/ই/ই_20260711_220027_1j40u6.mp4,1.060379,1.035197,5,0.026363,-0.008488,0.011793
0,2,20260711_220027_1j40u6__outer00__inner02__aug03,20260711_220027_1j40u6,user4,ই,output/user4/ই/ই_20260711_220027_1j40u6.mp4,0.865827,0.977537,3,0.033405,0.022443,0.043109
0,2,20260711_220043_yyhe4o__outer00__inner02__aug01,20260711_220043_yyhe4o,user4,ই,output/user4/ই/ই_20260711_220043_yyhe4o.mp4,0.900145,1.088153,3,0.073957,0.025892,-0.044
0,2,20260711_220043_yyhe4o__outer00__inner02__aug02,20260711_220043_yyhe4o,user4,ই,output/user4/ই/ই_20260711_220043_yyhe4o.mp4,0.914147,1.056415,5,0.009922,0.022662,0.029415
0,2,20260711_220043_yyhe4o__outer00__inner02__aug03,20260711_220043_yyhe4o,user4,ই,output/user4/ই/ই_20260711_220043_yyhe4o.mp4,0.893768,1.14149,5,0.072021,0.033951,-0.018699
0,2,20260711_220058_6cy90j__outer00__inner02__aug01,20260711_220058_6cy90j,user4,ই,output/user4/ই/ই_20260711_220058_6cy90j.mp4,0.926054,0.858124,5,0.092903,-0.013361,-0.024777
0,2,20260711_220058_6cy90j__outer00__inner02__aug02,20260711_220058_6cy90j,user4,ই,output/user4/ই/ই_20260711_220058_6cy90j.mp4,1.096122,0.967221,5,0.022221,0.006296,-0.043018
0,2,20260711_220058_6cy90j__outer00__inner02__aug03,20260711_220058_6cy90j,user4,ই,output/user4/ই/ই_20260711_220058_6cy90j.mp4,0.984439,1.099116,3,0.015006,-0.013672,-0.040601
0,2,20260711_220112_94lc88__outer00__inner02__aug01,20260711_220112_94lc88,user4,ই,output/user4/ই/ই_20260711_220112_94lc88.mp4,1.084488,0.997083,3,0.060091,0.036466,0.034452
0,2,20260711_220112_94lc88__outer00__inner02__aug02,20260711_220112_94lc88,user4,ই,output/user4/ই/ই_20260711_220112_94lc88.mp4,1.068202,0.869873,3,0.002244,0.046894,-0.03768
0,2,20260711_220112_94lc88__outer00__inner02__aug03,20260711_220112_94lc88,user4,ই,output/user4/ই/ই_20260711_220112_94lc88.mp4,1.126399,1.131621,5,0.07086,-0.034497,0.019547
0,2,20260711_220132_3b6d70__outer00__inner02__aug01,20260711_220132_3b6d70,user4,ই,output/user4/ই/ই_20260711_220132_3b6d70.mp4,1.126275,1.063645,5,0.06143,0.010548,-0.01393
0,2,20260711_220132_3b6d70__outer00__inner02__aug02,20260711_220132_3b6d70,user4,ই,output/user4/ই/ই_20260711_220132_3b6d70.mp4,1.028409,0.860553,3,0.020715,-0.002146,-0.015382
0,2,20260711_220132_3b6d70__outer00__inner02__aug03,20260711_220132_3b6d70,user4,ই,output/user4/ই/ই_20260711_220132_3b6d70.mp4,0.999875,0.897076,3,0.011986,-0.040781,0.000172
0,2,20260711_220151_kjuuzh__outer00__inner02__aug01,20260711_220151_kjuuzh,user4,ই,output/user4/ই/ই_20260711_220151_kjuuzh.mp4,0.975614,0.947667,3,0.084782,0.037361,0.037641
0,2,20260711_220151_kjuuzh__outer00__inner02__aug02,20260711_220151_kjuuzh,user4,ই,output/user4/ই/ই_20260711_220151_kjuuzh.mp4,0.901882,1.052387,3,0.081653,0.039842,-0.040575
0,2,20260711_220151_kjuuzh__outer00__inner02__aug03,20260711_220151_kjuuzh,user4,ই,output/user4/ই/ই_20260711_220151_kjuuzh.mp4,1.108139,1.117914,3,0.039807,0.037733,0.039849
0,2,20260711_220205_cr3boy__outer00__inner02__aug01,20260711_220205_cr3boy,user4,ই,output/user4/ই/ই_20260711_220205_cr3boy.mp4,1.090482,1.006699,3,0.071683,-0.044003,0.011123
0,2,20260711_220205_cr3boy__outer00__inner02__aug02,20260711_220205_cr3boy,user4,ই,output/user4/ই/ই_20260711_220205_cr3boy.mp4,0.970192,0.882842,5,0.018477,-0.001084,-0.036695
0,2,20260711_220205_cr3boy__outer00__inner02__aug03,20260711_220205_cr3boy,user4,ই,output/user4/ই/ই_20260711_220205_cr3boy.mp4,1.063204,1.054691,3,0.018029,-0.033573,-0.010229
0,2,20260711_220217_85rgxu__outer00__inner02__aug01,20260711_220217_85rgxu,user4,ই,output/user4/ই/ই_20260711_220217_85rgxu.mp4,1.088618,1.071992,3,0.017359,-0.006006,0.027702
0,2,20260711_220217_85rgxu__outer00__inner02__aug02,20260711_220217_85rgxu,user4,ই,output/user4/ই/ই_20260711_220217_85rgxu.mp4,1.044426,1.075526,3,0.094284,-0.024614,-0.043615
0,2,20260711_220217_85rgxu__outer00__inner02__aug03,20260711_220217_85rgxu,user4,ই,output/user4/ই/ই_20260711_220217_85rgxu.mp4,0.91972,1.002559,3,0.04531,0.04109,-0.007673
0,2,20260711_220235_4uai7u__outer00__inner02__aug01,20260711_220235_4uai7u,user4,ই,output/user4/ই/ই_20260711_220235_4uai7u.mp4,0.940996,1.104036,3,0.013316,0.039951,0.036314
0,2,20260711_220235_4uai7u__outer00__inner02__aug02,20260711_220235_4uai7u,user4,ই,output/user4/ই/ই_20260711_220235_4uai7u.mp4,0.855954,1.136458,3,0.074059,-0.031968,-0.016088
0,2,20260711_220235_4uai7u__outer00__inner02__aug03,20260711_220235_4uai7u,user4,ই,output/user4/ই/ই_20260711_220235_4uai7u.mp4,1.000731,1.056308,3,0.038645,0.038156,0.027007
0,2,20260711_220308_e7l7wm__outer00__inner02__aug01,20260711_220308_e7l7wm,user4,ই,output/user4/ই/ই_20260711_220308_e7l7wm.mp4,0.896406,0.939155,3,0.060225,0.003515,-0.038491
0,2,20260711_220308_e7l7wm__outer00__inner02__aug02,20260711_220308_e7l7wm,user4,ই,output/user4/ই/ই_20260711_220308_e7l7wm.mp4,1.13626,1.041889,5,0.00588,-0.006184,0.001702
0,2,20260711_220308_e7l7wm__outer00__inner02__aug03,20260711_220308_e7l7wm,user4,ই,output/user4/ই/ই_20260711_220308_e7l7wm.mp4,1.145017,0.875154,3,0.067313,0.021406,0.035831
0,2,20260711_220404_itceug__outer00__inner02__aug01,20260711_220404_itceug,user4,ঈ,output/user4/ঈ/ঈ_20260711_220404_itceug.mp4,1.024762,0.882267,3,0.010911,-0.036308,-0.007492
0,2,20260711_220404_itceug__outer00__inner02__aug02,20260711_220404_itceug,user4,ঈ,output/user4/ঈ/ঈ_20260711_220404_itceug.mp4,1.059292,1.035612,5,0.053402,0.016639,0.012809
0,2,20260711_220404_itceug__outer00__inner02__aug03,20260711_220404_itceug,user4,ঈ,output/user4/ঈ/ঈ_20260711_220404_itceug.mp4,1.033894,0.872567,3,0.052345,-0.024953,0.043769
0,2,20260711_220444_r35mfs__outer00__inner02__aug01,20260711_220444_r35mfs,user4,ঈ,output/user4/ঈ/ঈ_20260711_220444_r35mfs.mp4,1.080529,0.994165,5,0.009943,-0.028347,0.044387
0,2,20260711_220444_r35mfs__outer00__inner02__aug02,20260711_220444_r35mfs,user4,ঈ,output/user4/ঈ/ঈ_20260711_220444_r35mfs.mp4,1.042766,1.045273,3,0.010052,0.005161,-0.048043
0,2,20260711_220444_r35mfs__outer00__inner02__aug03,20260711_220444_r35mfs,user4,ঈ,output/user4/ঈ/ঈ_20260711_220444_r35mfs.mp4,1.040083,0.857032,3,0.018008,-0.044625,0.005455
0,2,20260711_220519_ila5ji__outer00__inner02__aug01,20260711_220519_ila5ji,user4,ঈ,output/user4/ঈ/ঈ_20260711_220519_ila5ji.mp4,1.059796,0.887669,3,0.012947,0.038468,-0.040916
0,2,20260711_220519_ila5ji__outer00__inner02__aug02,20260711_220519_ila5ji,user4,ঈ,output/user4/ঈ/ঈ_20260711_220519_ila5ji.mp4,0.89695,1.075671,3,0.041502,-0.012883,-0.015694
0,2,20260711_220519_ila5ji__outer00__inner02__aug03,20260711_220519_ila5ji,user4,ঈ,output/user4/ঈ/ঈ_20260711_220519_ila5ji.mp4,0.974649,0.895758,3,0.010162,0.039992,-0.028836
0,2,20260711_220543_7o5bd0__outer00__inner02__aug01,20260711_220543_7o5bd0,user4,ঈ,output/user4/ঈ/ঈ_20260711_220543_7o5bd0.mp4,0.860527,1.055139,5,0.029495,-0.001876,-0.046603
0,2,20260711_220543_7o5bd0__outer00__inner02__aug02,20260711_220543_7o5bd0,user4,ঈ,output/user4/ঈ/ঈ_20260711_220543_7o5bd0.mp4,0.887727,1.129102,5,0.004133,-0.006201,0.037306
0,2,20260711_220543_7o5bd0__outer00__inner02__aug03,20260711_220543_7o5bd0,user4,ঈ,output/user4/ঈ/ঈ_20260711_220543_7o5bd0.mp4,1.106025,0.863806,3,0.080809,-0.033631,-0.001032
0,2,20260711_220606_essesa__outer00__inner02__aug01,20260711_220606_essesa,user4,ঈ,output/user4/ঈ/ঈ_20260711_220606_essesa.mp4,0.953312,0.91323,3,0.048202,0.00465,0.026685
0,2,20260711_220606_essesa__outer00__inner02__aug02,20260711_220606_essesa,user4,ঈ,output/user4/ঈ/ঈ_20260711_220606_essesa.mp4,0.85842,0.9578,5,0.014503,0.019178,-0.037891
0,2,20260711_220606_essesa__outer00__inner02__aug03,20260711_220606_essesa,user4,ঈ,output/user4/ঈ/ঈ_20260711_220606_essesa.mp4,0.993637,0.990092,5,0.074616,-0.040097,-0.021218
0,2,20260711_220641_ufswp1__outer00__inner02__aug01,20260711_220641_ufswp1,user4,ঈ,output/user4/ঈ/ঈ_20260711_220641_ufswp1.mp4,1.083174,1.146155,5,0.054233,0.012601,0.02209
0,2,20260711_220641_ufswp1__outer00__inner02__aug02,20260711_220641_ufswp1,user4,ঈ,output/user4/ঈ/ঈ_20260711_220641_ufswp1.mp4,1.054175,0.971576,5,0.026768,0.010729,-0.044341
0,2,20260711_220641_ufswp1__outer00__inner02__aug03,20260711_220641_ufswp1,user4,ঈ,output/user4/ঈ/ঈ_20260711_220641_ufswp1.mp4,0.877218,0.903063,5,0.015391,-0.011708,0.005621
0,2,20260711_220701_y1rftt__outer00__inner02__aug01,20260711_220701_y1rftt,user4,ঈ,output/user4/ঈ/ঈ_20260711_220701_y1rftt.mp4,1.06849,0.879634,5,0.042685,0.037589,0.002051
0,2,20260711_220701_y1rftt__outer00__inner02__aug02,20260711_220701_y1rftt,user4,ঈ,output/user4/ঈ/ঈ_20260711_220701_y1rftt.mp4,1.128456,1.143238,3,0.052245,0.028286,-0.025282
0,2,20260711_220701_y1rftt__outer00__inner02__aug03,20260711_220701_y1rftt,user4,ঈ,output/user4/ঈ/ঈ_20260711_220701_y1rftt.mp4,0.872777,1.126982,5,0.076826,-0.040586,0.046111
0,2,20260711_220721_h9k2mi__outer00__inner02__aug01,20260711_220721_h9k2mi,user4,ঈ,output/user4/ঈ/ঈ_20260711_220721_h9k2mi.mp4,1.094687,1.056246,3,0.005581,-0.025894,-0.011807
0,2,20260711_220721_h9k2mi__outer00__inner02__aug02,20260711_220721_h9k2mi,user4,ঈ,output/user4/ঈ/ঈ_20260711_220721_h9k2mi.mp4,1.093364,1.00469,5,0.016663,-0.045682,0.00162
0,2,20260711_220721_h9k2mi__outer00__inner02__aug03,20260711_220721_h9k2mi,user4,ঈ,output/user4/ঈ/ঈ_20260711_220721_h9k2mi.mp4,1.041955,0.924392,3,0.081711,-0.000862,-0.001541
0,2,20260711_220738_j2qzn6__outer00__inner02__aug01,20260711_220738_j2qzn6,user4,ঈ,output/user4/ঈ/ঈ_20260711_220738_j2qzn6.mp4,1.068818,0.928981,3,0.057734,-0.045334,-0.01338
0,2,20260711_220738_j2qzn6__outer00__inner02__aug02,20260711_220738_j2qzn6,user4,ঈ,output/user4/ঈ/ঈ_20260711_220738_j2qzn6.mp4,1.102223,0.86985,3,0.025317,0.046617,-0.007994
0,2,20260711_220738_j2qzn6__outer00__inner02__aug03,20260711_220738_j2qzn6,user4,ঈ,output/user4/ঈ/ঈ_20260711_220738_j2qzn6.mp4,0.934243,0.956727,3,0.022916,-0.040196,0.027094
0,2,20260711_220751_axw80l__outer00__inner02__aug01,20260711_220751_axw80l,user4,ঈ,output/user4/ঈ/ঈ_20260711_220751_axw80l.mp4,0.950844,1.122792,3,0.093653,0.004205,0.043052
0,2,20260711_220751_axw80l__outer00__inner02__aug02,20260711_220751_axw80l,user4,ঈ,output/user4/ঈ/ঈ_20260711_220751_axw80l.mp4,1.148605,1.127908,3,0.097264,-0.049746,-0.015557
0,2,20260711_220751_axw80l__outer00__inner02__aug03,20260711_220751_axw80l,user4,ঈ,output/user4/ঈ/ঈ_20260711_220751_axw80l.mp4,1.100608,0.980943,5,0.005364,-0.036351,-0.049297
0,2,20260711_220807_mldxj2__outer00__inner02__aug01,20260711_220807_mldxj2,user4,ঈ,output/user4/ঈ/ঈ_20260711_220807_mldxj2.mp4,0.912831,0.860816,5,0.069529,0.035175,-0.041567
0,2,20260711_220807_mldxj2__outer00__inner02__aug02,20260711_220807_mldxj2,user4,ঈ,output/user4/ঈ/ঈ_20260711_220807_mldxj2.mp4,0.914484,0.975832,3,0.055898,0.034802,-0.024583
0,2,20260711_220807_mldxj2__outer00__inner02__aug03,20260711_220807_mldxj2,user4,ঈ,output/user4/ঈ/ঈ_20260711_220807_mldxj2.mp4,0.948333,0.999052,5,0.069315,-0.024454,-0.028777
0,2,20260711_220822_wgaxvc__outer00__inner02__aug01,20260711_220822_wgaxvc,user4,ঈ,output/user4/ঈ/ঈ_20260711_220822_wgaxvc.mp4,1.123605,1.08448,5,0.060089,0.046096,0.04341
0,2,20260711_220822_wgaxvc__outer00__inner02__aug02,20260711_220822_wgaxvc,user4,ঈ,output/user4/ঈ/ঈ_20260711_220822_wgaxvc.mp4,1.00057,1.123338,3,0.052157,0.01694,-0.00153
0,2,20260711_220822_wgaxvc__outer00__inner02__aug03,20260711_220822_wgaxvc,user4,ঈ,output/user4/ঈ/ঈ_20260711_220822_wgaxvc.mp4,1.12171,1.08499,3,0.047298,-0.024955,-0.003097
0,2,20260711_220837_dby4gx__outer00__inner02__aug01,20260711_220837_dby4gx,user4,ঈ,output/user4/ঈ/ঈ_20260711_220837_dby4gx.mp4,1.029048,1.102816,5,0.043019,0.001293,-0.020874
0,2,20260711_220837_dby4gx__outer00__inner02__aug02,20260711_220837_dby4gx,user4,ঈ,output/user4/ঈ/ঈ_20260711_220837_dby4gx.mp4,0.943336,0.882844,3,0.021271,-0.02322,0.049559
0,2,20260711_220837_dby4gx__outer00__inner02__aug03,20260711_220837_dby4gx,user4,ঈ,output/user4/ঈ/ঈ_20260711_220837_dby4gx.mp4,1.01825,1.02852,5,0.065562,-0.044178,-0.023579
0,2,20260711_220850_xo5kch__outer00__inner02__aug01,20260711_220850_xo5kch,user4,ঈ,output/user4/ঈ/ঈ_20260711_220850_xo5kch.mp4,0.952654,1.111176,5,0.049824,-0.007652,-0.028778
0,2,20260711_220850_xo5kch__outer00__inner02__aug02,20260711_220850_xo5kch,user4,ঈ,output/user4/ঈ/ঈ_20260711_220850_xo5kch.mp4,0.859769,0.929081,3,0.064599,0.031215,0.017485
0,2,20260711_220850_xo5kch__outer00__inner02__aug03,20260711_220850_xo5kch,user4,ঈ,output/user4/ঈ/ঈ_20260711_220850_xo5kch.mp4,1.119146,1.141119,5,0.027197,-0.026183,0.034822
0,2,20260711_220906_ehc737__outer00__inner02__aug01,20260711_220906_ehc737,user4,ঈ,output/user4/ঈ/ঈ_20260711_220906_ehc737.mp4,1.007214,0.900962,3,0.040894,-0.029605,-0.024032
0,2,20260711_220906_ehc737__outer00__inner02__aug02,20260711_220906_ehc737,user4,ঈ,output/user4/ঈ/ঈ_20260711_220906_ehc737.mp4,0.975378,1.115608,5,0.036426,-0.045848,-0.029523
0,2,20260711_220906_ehc737__outer00__inner02__aug03,20260711_220906_ehc737,user4,ঈ,output/user4/ঈ/ঈ_20260711_220906_ehc737.mp4,1.024614,0.889759,3,0.077131,0.034083,0.041466
1,0,20260711_220930_a944cy__outer01__inner00__aug01,20260711_220930_a944cy,for_bonhi,ঔ,output/for_bonhi/ঔ/ঔ_20260711_220930_a944cy.mp4,0.957642,0.926626,3,0.046386,-0.023394,-0.034463
1,0,20260711_220930_a944cy__outer01__inner00__aug02,20260711_220930_a944cy,for_bonhi,ঔ,output/for_bonhi/ঔ/ঔ_20260711_220930_a944cy.mp4,1.038578,0.948077,5,0.036607,-0.049582,-0.035603
1,0,20260711_220930_a944cy__outer01__inner00__aug03,20260711_220930_a944cy,for_bonhi,ঔ,output/for_bonhi/ঔ/ঔ_20260711_220930_a944cy.mp4,0.87048,0.950174,5,0.088355,0.005126,0.028237
1,0,20260704_232121_lcxi4y__outer01__inner00__aug01,20260704_232121_lcxi4y,user2,অ,output/user2/অ/অ_20260704_232121_lcxi4y.mp4,0.888576,0.942251,3,0.057855,0.01221,-0.034593
1,0,20260704_232121_lcxi4y__outer01__inner00__aug02,20260704_232121_lcxi4y,user2,অ,output/user2/অ/অ_20260704_232121_lcxi4y.mp4,0.941471,0.963839,5,0.008987,-0.009622,0.012542
1,0,20260704_232121_lcxi4y__outer01__inner00__aug03,20260704_232121_lcxi4y,user2,অ,output/user2/অ/অ_20260704_232121_lcxi4y.mp4,0.985528,0.925787,5,0.087185,-0.028419,0.034386
1,0,20260728_232630_znnts0__outer01__inner00__aug01,20260728_232630_znnts0,user2,অ,output/user2/অ/অ_20260728_232630_znnts0.mp4,0.910851,1.000255,5,0.075491,0.009857,-0.047699
1,0,20260728_232630_znnts0__outer01__inner00__aug02,20260728_232630_znnts0,user2,অ,output/user2/অ/অ_20260728_232630_znnts0.mp4,1.015906,1.112939,3,0.089978,-0.016917,-0.029721
1,0,20260728_232630_znnts0__outer01__inner00__aug03,20260728_232630_znnts0,user2,অ,output/user2/অ/অ_20260728_232630_znnts0.mp4,1.10327,0.873681,3,0.059741,-0.00783,0.026132
1,0,20260728_232652_hdsmyh__outer01__inner00__aug01,20260728_232652_hdsmyh,user2,অ,output/user2/অ/অ_20260728_232652_hdsmyh.mp4,1.0565,0.879974,5,0.016078,-0.003017,-0.044464
1,0,20260728_232652_hdsmyh__outer01__inner00__aug02,20260728_232652_hdsmyh,user2,অ,output/user2/অ/অ_20260728_232652_hdsmyh.mp4,0.969884,1.056172,5,0.004693,0.009579,-0.032791
1,0,20260728_232652_hdsmyh__outer01__inner00__aug03,20260728_232652_hdsmyh,user2,অ,output/user2/অ/অ_20260728_232652_hdsmyh.mp4,1.144502,0.944918,5,0.08683,-0.038476,0.044035
1,0,20260728_232714_hincfq__outer01__inner00__aug01,20260728_232714_hincfq,user2,অ,output/user2/অ/অ_20260728_232714_hincfq.mp4,1.090602,0.86396,5,0.001185,0.029144,-0.02219
1,0,20260728_232714_hincfq__outer01__inner00__aug02,20260728_232714_hincfq,user2,অ,output/user2/অ/অ_20260728_232714_hincfq.mp4,0.976775,1.109003,5,0.056661,0.03567,-0.029675
1,0,20260728_232714_hincfq__outer01__inner00__aug03,20260728_232714_hincfq,user2,অ,output/user2/অ/অ_20260728_232714_hincfq.mp4,1.008205,1.065975,5,0.037724,-0.034681,-0.046831
1,0,20260728_232741_j1gvgu__outer01__inner00__aug01,20260728_232741_j1gvgu,user2,অ,output/user2/অ/অ_20260728_232741_j1gvgu.mp4,1.019443,1.003735,5,0.076916,-0.017495,-0.036755
1,0,20260728_232741_j1gvgu__outer01__inner00__aug02,20260728_232741_j1gvgu,user2,অ,output/user2/অ/অ_20260728_232741_j1gvgu.mp4,0.942157,1.099662,5,0.018119,-0.048025,0.026036
1,0,20260728_232741_j1gvgu__outer01__inner00__aug03,20260728_232741_j1gvgu,user2,অ,output/user2/অ/অ_20260728_232741_j1gvgu.mp4,1.12498,1.064056,5,0.009513,0.041668,0.032988
1,0,20260704_232148_mqf5ea__outer01__inner00__aug01,20260704_232148_mqf5ea,user2,আ,output/user2/আ/আ_20260704_232148_mqf5ea.mp4,1.13287,0.902888,3,0.083428,0.024651,0.043084
1,0,20260704_232148_mqf5ea__outer01__inner00__aug02,20260704_232148_mqf5ea,user2,আ,output/user2/আ/আ_20260704_232148_mqf5ea.mp4,1.099512,0.978611,3,0.005297,0.004826,0.034311
1,0,20260704_232148_mqf5ea__outer01__inner00__aug03,20260704_232148_mqf5ea,user2,আ,output/user2/আ/আ_20260704_232148_mqf5ea.mp4,0.935841,1.126403,5,0.049088,-0.023881,0.009078
1,0,20260728_232436_9i4gi8__outer01__inner00__aug01,20260728_232436_9i4gi8,user2,আ,output/user2/আ/আ_20260728_232436_9i4gi8.mp4,0.91233,1.036572,5,0.07034,-0.010708,-0.028498
1,0,20260728_232436_9i4gi8__outer01__inner00__aug02,20260728_232436_9i4gi8,user2,আ,output/user2/আ/আ_20260728_232436_9i4gi8.mp4,0.898304,1.013945,3,0.021936,0.019013,-0.045022
1,0,20260728_232436_9i4gi8__outer01__inner00__aug03,20260728_232436_9i4gi8,user2,আ,output/user2/আ/আ_20260728_232436_9i4gi8.mp4,0.886166,1.081873,5,0.099221,0.031925,-0.038759
1,0,20260728_232459_m6l3cf__outer01__inner00__aug01,20260728_232459_m6l3cf,user2,আ,output/user2/আ/আ_20260728_232459_m6l3cf.mp4,0.977634,0.924929,3,0.086264,0.015481,-0.001474
1,0,20260728_232459_m6l3cf__outer01__inner00__aug02,20260728_232459_m6l3cf,user2,আ,output/user2/আ/আ_20260728_232459_m6l3cf.mp4,0.961164,0.968784,5,0.015788,-0.042843,-0.039072
1,0,20260728_232459_m6l3cf__outer01__inner00__aug03,20260728_232459_m6l3cf,user2,আ,output/user2/আ/আ_20260728_232459_m6l3cf.mp4,1.100031,1.111928,5,0.050593,-0.024261,-0.048533
1,0,20260728_232520_l4uaan__outer01__inner00__aug01,20260728_232520_l4uaan,user2,আ,output/user2/আ/আ_20260728_232520_l4uaan.mp4,1.082332,1.129492,3,0.008195,0.021509,-0.039489
1,0,20260728_232520_l4uaan__outer01__inner00__aug02,20260728_232520_l4uaan,user2,আ,output/user2/আ/আ_20260728_232520_l4uaan.mp4,1.10989,1.008198,5,0.001856,-0.023594,0.016185
1,0,20260728_232520_l4uaan__outer01__inner00__aug03,20260728_232520_l4uaan,user2,আ,output/user2/আ/আ_20260728_232520_l4uaan.mp4,1.043437,0.89344,5,0.057385,-0.008342,0.009673
1,0,20260728_232556_dwfz7c__outer01__inner00__aug01,20260728_232556_dwfz7c,user2,আ,output/user2/আ/আ_20260728_232556_dwfz7c.mp4,1.079686,1.124293,5,0.086889,-0.037916,-0.006242
1,0,20260728_232556_dwfz7c__outer01__inner00__aug02,20260728_232556_dwfz7c,user2,আ,output/user2/আ/আ_20260728_232556_dwfz7c.mp4,0.990621,1.073748,5,0.009069,-0.033343,0.010768
1,0,20260728_232556_dwfz7c__outer01__inner00__aug03,20260728_232556_dwfz7c,user2,আ,output/user2/আ/আ_20260728_232556_dwfz7c.mp4,0.987256,0.908173,3,0.035352,0.019088,-0.02985
1,0,20260704_232218_jf6rio__outer01__inner00__aug01,20260704_232218_jf6rio,user2,ই,output/user2/ই/ই_20260704_232218_jf6rio.mp4,1.105852,0.96132,5,0.057536,0.019456,0.003839
1,0,20260704_232218_jf6rio__outer01__inner00__aug02,20260704_232218_jf6rio,user2,ই,output/user2/ই/ই_20260704_232218_jf6rio.mp4,1.05031,0.982589,5,0.066872,-0.034634,-0.048452
1,0,20260704_232218_jf6rio__outer01__inner00__aug03,20260704_232218_jf6rio,user2,ই,output/user2/ই/ই_20260704_232218_jf6rio.mp4,1.143734,1.0824,5,0.03271,0.018289,-0.040318
1,0,20260728_232810_781yo6__outer01__inner00__aug01,20260728_232810_781yo6,user2,ই,output/user2/ই/ই_20260728_232810_781yo6.mp4,1.083391,1.012443,5,0.039125,-0.000466,-0.022768
1,0,20260728_232810_781yo6__outer01__inner00__aug02,20260728_232810_781yo6,user2,ই,output/user2/ই/ই_20260728_232810_781yo6.mp4,1.086946,0.879706,3,0.079444,0.015777,-0.038153
1,0,20260728_232810_781yo6__outer01__inner00__aug03,20260728_232810_781yo6,user2,ই,output/user2/ই/ই_20260728_232810_781yo6.mp4,0.908692,1.129253,5,0.034559,0.010113,0.030218
1,0,20260728_232836_pvgrxn__outer01__inner00__aug01,20260728_232836_pvgrxn,user2,ই,output/user2/ই/ই_20260728_232836_pvgrxn.mp4,1.079095,0.914011,5,0.09213,-0.019611,0.046321
1,0,20260728_232836_pvgrxn__outer01__inner00__aug02,20260728_232836_pvgrxn,user2,ই,output/user2/ই/ই_20260728_232836_pvgrxn.mp4,0.982851,1.086634,5,0.008368,-0.006097,-0.013335
1,0,20260728_232836_pvgrxn__outer01__inner00__aug03,20260728_232836_pvgrxn,user2,ই,output/user2/ই/ই_20260728_232836_pvgrxn.mp4,1.138972,0.86125,3,0.099759,-0.01808,0.045648
1,0,20260728_233118_pcjncu__outer01__inner00__aug01,20260728_233118_pcjncu,user2,ই,output/user2/ই/ই_20260728_233118_pcjncu.mp4,1.009347,1.087225,3,0.047642,0.004747,0.040501
1,0,20260728_233118_pcjncu__outer01__inner00__aug02,20260728_233118_pcjncu,user2,ই,output/user2/ই/ই_20260728_233118_pcjncu.mp4,1.049093,1.109592,3,0.082484,-0.049788,-0.02164
1,0,20260728_233118_pcjncu__outer01__inner00__aug03,20260728_233118_pcjncu,user2,ই,output/user2/ই/ই_20260728_233118_pcjncu.mp4,0.864193,1.105919,3,0.056471,-0.040826,0.040691
1,0,20260728_233205_n417cm__outer01__inner00__aug01,20260728_233205_n417cm,user2,ই,output/user2/ই/ই_20260728_233205_n417cm.mp4,1.016746,1.017537,3,0.002079,0.047461,-0.00528
1,0,20260728_233205_n417cm__outer01__inner00__aug02,20260728_233205_n417cm,user2,ই,output/user2/ই/ই_20260728_233205_n417cm.mp4,1.012454,0.960609,3,0.026339,0.049075,0.024661
1,0,20260728_233205_n417cm__outer01__inner00__aug03,20260728_233205_n417cm,user2,ই,output/user2/ই/ই_20260728_233205_n417cm.mp4,0.931338,1.117968,3,0.098742,0.027946,-0.028932
1,0,20260704_232243_1fsapx__outer01__inner00__aug01,20260704_232243_1fsapx,user2,ঈ,output/user2/ঈ/ঈ_20260704_232243_1fsapx.mp4,0.994653,0.890486,3,0.026847,0.049846,-0.040313
1,0,20260704_232243_1fsapx__outer01__inner00__aug02,20260704_232243_1fsapx,user2,ঈ,output/user2/ঈ/ঈ_20260704_232243_1fsapx.mp4,0.873662,0.935427,5,0.03941,-0.038931,0.045084
1,0,20260704_232243_1fsapx__outer01__inner00__aug03,20260704_232243_1fsapx,user2,ঈ,output/user2/ঈ/ঈ_20260704_232243_1fsapx.mp4,1.112694,1.007317,3,0.054021,-0.013594,-0.04069
1,0,20260728_233238_q39ioy__outer01__inner00__aug01,20260728_233238_q39ioy,user2,ঈ,output/user2/ঈ/ঈ_20260728_233238_q39ioy.mp4,1.056919,0.957943,3,0.009,0.037242,-0.009985
1,0,20260728_233238_q39ioy__outer01__inner00__aug02,20260728_233238_q39ioy,user2,ঈ,output/user2/ঈ/ঈ_20260728_233238_q39ioy.mp4,0.894603,1.037947,5,0.08062,0.012524,-0.042063
1,0,20260728_233238_q39ioy__outer01__inner00__aug03,20260728_233238_q39ioy,user2,ঈ,output/user2/ঈ/ঈ_20260728_233238_q39ioy.mp4,1.120277,0.944435,5,0.084077,-0.007584,0.033898
1,0,20260728_233302_e8k0ge__outer01__inner00__aug01,20260728_233302_e8k0ge,user2,ঈ,output/user2/ঈ/ঈ_20260728_233302_e8k0ge.mp4,0.855867,0.946305,3,0.012745,0.045092,0.019641
1,0,20260728_233302_e8k0ge__outer01__inner00__aug02,20260728_233302_e8k0ge,user2,ঈ,output/user2/ঈ/ঈ_20260728_233302_e8k0ge.mp4,1.061953,0.890712,5,0.06241,-0.029642,0.005133
1,0,20260728_233302_e8k0ge__outer01__inner00__aug03,20260728_233302_e8k0ge,user2,ঈ,output/user2/ঈ/ঈ_20260728_233302_e8k0ge.mp4,0.927449,0.984963,5,0.055838,0.022126,0.026261
1,0,20260728_233333_nvf18a__outer01__inner00__aug01,20260728_233333_nvf18a,user2,ঈ,output/user2/ঈ/ঈ_20260728_233333_nvf18a.mp4,0.853375,1.053653,3,0.029009,0.044927,-0.046633
1,0,20260728_233333_nvf18a__outer01__inner00__aug02,20260728_233333_nvf18a,user2,ঈ,output/user2/ঈ/ঈ_20260728_233333_nvf18a.mp4,1.086312,1.089527,3,0.071291,0.019543,0.04914
1,0,20260728_233333_nvf18a__outer01__inner00__aug03,20260728_233333_nvf18a,user2,ঈ,output/user2/ঈ/ঈ_20260728_233333_nvf18a.mp4,0.892854,1.081873,3,0.014472,-0.002941,0.043658
1,0,20260728_233359_9wg8n4__outer01__inner00__aug01,20260728_233359_9wg8n4,user2,ঈ,output/user2/ঈ/ঈ_20260728_233359_9wg8n4.mp4,1.008368,1.084003,3,0.034094,-0.007378,-0.018
1,0,20260728_233359_9wg8n4__outer01__inner00__aug02,20260728_233359_9wg8n4,user2,ঈ,output/user2/ঈ/ঈ_20260728_233359_9wg8n4.mp4,0.980262,1.096143,3,0.085254,-0.000858,-0.00179
1,0,20260728_233359_9wg8n4__outer01__inner00__aug03,20260728_233359_9wg8n4,user2,ঈ,output/user2/ঈ/ঈ_20260728_233359_9wg8n4.mp4,1.092313,0.862475,3,0.065254,-0.047659,0.044817
1,0,20260711_200812_18txgi__outer01__inner00__aug01,20260711_200812_18txgi,user3,অ,output/user3/অ/অ_20260711_200812_18txgi.mp4,1.073073,1.064797,3,0.0783,0.027126,0.049734
1,0,20260711_200812_18txgi__outer01__inner00__aug02,20260711_200812_18txgi,user3,অ,output/user3/অ/অ_20260711_200812_18txgi.mp4,0.861425,0.983554,5,0.053448,0.007423,0.001971
1,0,20260711_200812_18txgi__outer01__inner00__aug03,20260711_200812_18txgi,user3,অ,output/user3/অ/অ_20260711_200812_18txgi.mp4,1.0586,1.119392,5,0.030623,0.007657,0.035636
1,0,20260711_200917_z1na4w__outer01__inner00__aug01,20260711_200917_z1na4w,user3,অ,output/user3/অ/অ_20260711_200917_z1na4w.mp4,1.127184,1.080375,3,0.036269,0.034215,-0.026027
1,0,20260711_200917_z1na4w__outer01__inner00__aug02,20260711_200917_z1na4w,user3,অ,output/user3/অ/অ_20260711_200917_z1na4w.mp4,0.889794,1.108518,5,0.036372,0.022827,-0.03559
1,0,20260711_200917_z1na4w__outer01__inner00__aug03,20260711_200917_z1na4w,user3,অ,output/user3/অ/অ_20260711_200917_z1na4w.mp4,1.13751,1.050191,3,0.008368,0.017585,-0.010707
1,0,20260711_200954_0muns4__outer01__inner00__aug01,20260711_200954_0muns4,user3,অ,output/user3/অ/অ_20260711_200954_0muns4.mp4,0.994748,1.004688,5,0.040608,0.021949,0.021351
1,0,20260711_200954_0muns4__outer01__inner00__aug02,20260711_200954_0muns4,user3,অ,output/user3/অ/অ_20260711_200954_0muns4.mp4,0.920906,0.878954,5,0.026994,0.003291,0.032951
1,0,20260711_200954_0muns4__outer01__inner00__aug03,20260711_200954_0muns4,user3,অ,output/user3/অ/অ_20260711_200954_0muns4.mp4,1.086102,1.036032,3,0.008001,-0.003806,-0.003195
1,0,20260711_201110_jw6cqh__outer01__inner00__aug01,20260711_201110_jw6cqh,user3,অ,output/user3/অ/অ_20260711_201110_jw6cqh.mp4,1.117361,1.045967,3,0.028254,-0.005815,-0.023753
1,0,20260711_201110_jw6cqh__outer01__inner00__aug02,20260711_201110_jw6cqh,user3,অ,output/user3/অ/অ_20260711_201110_jw6cqh.mp4,0.851431,0.9384,5,0.089122,0.031446,0.000224
1,0,20260711_201110_jw6cqh__outer01__inner00__aug03,20260711_201110_jw6cqh,user3,অ,output/user3/অ/অ_20260711_201110_jw6cqh.mp4,1.101735,0.981688,5,0.087392,-0.004785,-0.001769
1,0,20260711_201208_6ylgz1__outer01__inner00__aug01,20260711_201208_6ylgz1,user3,অ,output/user3/অ/অ_20260711_201208_6ylgz1.mp4,0.987251,1.134306,5,0.089759,0.042463,0.030025
1,0,20260711_201208_6ylgz1__outer01__inner00__aug02,20260711_201208_6ylgz1,user3,অ,output/user3/অ/অ_20260711_201208_6ylgz1.mp4,0.991741,1.079693,5,0.085514,-0.001288,0.035824
1,0,20260711_201208_6ylgz1__outer01__inner00__aug03,20260711_201208_6ylgz1,user3,অ,output/user3/অ/অ_20260711_201208_6ylgz1.mp4,0.87072,1.095425,5,0.040316,-0.009883,0.00567
1,0,20260711_201526_9elfv0__outer01__inner00__aug01,20260711_201526_9elfv0,user3,অ,output/user3/অ/অ_20260711_201526_9elfv0.mp4,1.031023,1.132478,3,0.096478,-0.022874,0.013302
1,0,20260711_201526_9elfv0__outer01__inner00__aug02,20260711_201526_9elfv0,user3,অ,output/user3/অ/অ_20260711_201526_9elfv0.mp4,0.96121,1.056425,5,0.015804,0.030645,-0.037271
1,0,20260711_201526_9elfv0__outer01__inner00__aug03,20260711_201526_9elfv0,user3,অ,output/user3/অ/অ_20260711_201526_9elfv0.mp4,0.852554,1.023799,5,0.049438,0.014447,-0.015388
1,0,20260711_201609_iv7642__outer01__inner00__aug01,20260711_201609_iv7642,user3,অ,output/user3/অ/অ_20260711_201609_iv7642.mp4,1.061643,0.99986,5,0.007591,0.035446,-0.007058
1,0,20260711_201609_iv7642__outer01__inner00__aug02,20260711_201609_iv7642,user3,অ,output/user3/অ/অ_20260711_201609_iv7642.mp4,1.092709,0.883822,5,0.035969,0.029413,0.019137
1,0,20260711_201609_iv7642__outer01__inner00__aug03,20260711_201609_iv7642,user3,অ,output/user3/অ/অ_20260711_201609_iv7642.mp4,0.986628,0.958854,3,0.019591,-0.022834,-0.049592
1,0,20260711_201811_0znu6g__outer01__inner00__aug01,20260711_201811_0znu6g,user3,অ,output/user3/অ/অ_20260711_201811_0znu6g.mp4,0.886719,1.009273,3,0.067534,-0.007964,0.00511
1,0,20260711_201811_0znu6g__outer01__inner00__aug02,20260711_201811_0znu6g,user3,অ,output/user3/অ/অ_20260711_201811_0znu6g.mp4,0.9002,1.037857,5,0.057781,0.009319,-0.039401
1,0,20260711_201811_0znu6g__outer01__inner00__aug03,20260711_201811_0znu6g,user3,অ,output/user3/অ/অ_20260711_201811_0znu6g.mp4,0.915148,0.867491,3,0.078434,0.016773,0.015594
1,0,20260711_201916_nc9ara__outer01__inner00__aug01,20260711_201916_nc9ara,user3,অ,output/user3/অ/অ_20260711_201916_nc9ara.mp4,1.138844,0.905627,3,0.085203,-0.021894,-0.013447
1,0,20260711_201916_nc9ara__outer01__inner00__aug02,20260711_201916_nc9ara,user3,অ,output/user3/অ/অ_20260711_201916_nc9ara.mp4,0.912977,0.965626,5,0.013493,-0.040455,-0.011631
1,0,20260711_201916_nc9ara__outer01__inner00__aug03,20260711_201916_nc9ara,user3,অ,output/user3/অ/অ_20260711_201916_nc9ara.mp4,1.08794,1.057137,5,0.095397,-0.046211,0.032963
1,0,20260711_201953_sai9ew__outer01__inner00__aug01,20260711_201953_sai9ew,user3,অ,output/user3/অ/অ_20260711_201953_sai9ew.mp4,1.078858,0.915537,5,0.008929,-0.034615,0.004909
1,0,20260711_201953_sai9ew__outer01__inner00__aug02,20260711_201953_sai9ew,user3,অ,output/user3/অ/অ_20260711_201953_sai9ew.mp4,1.020803,1.009911,3,0.099844,-0.049726,0.048028
1,0,20260711_201953_sai9ew__outer01__inner00__aug03,20260711_201953_sai9ew,user3,অ,output/user3/অ/অ_20260711_201953_sai9ew.mp4,1.088229,0.903657,5,0.068669,-0.041503,0.012657
1,0,20260711_202025_bntr0i__outer01__inner00__aug01,20260711_202025_bntr0i,user3,অ,output/user3/অ/অ_20260711_202025_bntr0i.mp4,0.936416,1.061248,3,0.069011,0.020382,-0.005272
1,0,20260711_202025_bntr0i__outer01__inner00__aug02,20260711_202025_bntr0i,user3,অ,output/user3/অ/অ_20260711_202025_bntr0i.mp4,0.895216,1.136711,5,0.000772,-0.042218,0.014091
1,0,20260711_202025_bntr0i__outer01__inner00__aug03,20260711_202025_bntr0i,user3,অ,output/user3/অ/অ_20260711_202025_bntr0i.mp4,1.028891,1.141185,3,0.088536,-0.023878,0.030106
1,0,20260711_202714_mwa7m1__outer01__inner00__aug01,20260711_202714_mwa7m1,user3,অ,output/user3/অ/অ_20260711_202714_mwa7m1.mp4,1.066479,0.950545,5,0.061926,-0.000853,-0.030194
1,0,20260711_202714_mwa7m1__outer01__inner00__aug02,20260711_202714_mwa7m1,user3,অ,output/user3/অ/অ_20260711_202714_mwa7m1.mp4,0.988004,0.948529,5,0.081856,0.02907,-0.027864
1,0,20260711_202714_mwa7m1__outer01__inner00__aug03,20260711_202714_mwa7m1,user3,অ,output/user3/অ/অ_20260711_202714_mwa7m1.mp4,1.104226,0.919728,3,0.012563,-0.047832,-0.011348
1,0,20260711_202846_kmy51g__outer01__inner00__aug01,20260711_202846_kmy51g,user3,অ,output/user3/অ/অ_20260711_202846_kmy51g.mp4,0.899997,1.075167,5,0.027347,-0.005455,0.011307
1,0,20260711_202846_kmy51g__outer01__inner00__aug02,20260711_202846_kmy51g,user3,অ,output/user3/অ/অ_20260711_202846_kmy51g.mp4,1.104729,0.921641,3,0.003628,0.009702,0.035485
1,0,20260711_202846_kmy51g__outer01__inner00__aug03,20260711_202846_kmy51g,user3,অ,output/user3/অ/অ_20260711_202846_kmy51g.mp4,0.889446,0.900827,5,0.044937,-0.045128,-0.017382
1,0,20260711_203013_i4o0om__outer01__inner00__aug01,20260711_203013_i4o0om,user3,অ,output/user3/অ/অ_20260711_203013_i4o0om.mp4,0.876331,0.934738,5,0.07763,-0.048501,-0.027388
1,0,20260711_203013_i4o0om__outer01__inner00__aug02,20260711_203013_i4o0om,user3,অ,output/user3/অ/অ_20260711_203013_i4o0om.mp4,0.922888,0.944486,3,0.092717,-0.007518,0.029796
1,0,20260711_203013_i4o0om__outer01__inner00__aug03,20260711_203013_i4o0om,user3,অ,output/user3/অ/অ_20260711_203013_i4o0om.mp4,1.0567,0.927118,3,0.081313,-0.04275,0.032833
1,0,20260711_203112_15gnzj__outer01__inner00__aug01,20260711_203112_15gnzj,user3,অ,output/user3/অ/অ_20260711_203112_15gnzj.mp4,0.998718,1.075214,3,0.074911,0.048853,0.045044
1,0,20260711_203112_15gnzj__outer01__inner00__aug02,20260711_203112_15gnzj,user3,অ,output/user3/অ/অ_20260711_203112_15gnzj.mp4,1.115159,1.031085,3,0.087089,-0.040873,-0.010433
1,0,20260711_203112_15gnzj__outer01__inner00__aug03,20260711_203112_15gnzj,user3,অ,output/user3/অ/অ_20260711_203112_15gnzj.mp4,1.035739,1.077484,3,0.024822,0.006332,0.016395
1,0,20260711_205524_jbk5pv__outer01__inner00__aug01,20260711_205524_jbk5pv,user3,আ,output/user3/আ/আ_20260711_205524_jbk5pv.mp4,0.959293,0.992594,3,0.097827,0.003684,-0.011897
1,0,20260711_205524_jbk5pv__outer01__inner00__aug02,20260711_205524_jbk5pv,user3,আ,output/user3/আ/আ_20260711_205524_jbk5pv.mp4,1.010687,0.978575,3,0.017798,0.005219,0.01681
1,0,20260711_205524_jbk5pv__outer01__inner00__aug03,20260711_205524_jbk5pv,user3,আ,output/user3/আ/আ_20260711_205524_jbk5pv.mp4,1.144797,1.105329,3,0.022034,0.023593,-0.027543
1,0,20260711_205559_azslan__outer01__inner00__aug01,20260711_205559_azslan,user3,আ,output/user3/আ/আ_20260711_205559_azslan.mp4,0.967435,1.074734,3,0.083268,-0.006926,-0.038232
1,0,20260711_205559_azslan__outer01__inner00__aug02,20260711_205559_azslan,user3,আ,output/user3/আ/আ_20260711_205559_azslan.mp4,1.061939,1.021591,5,0.022115,0.035124,0.022126
1,0,20260711_205559_azslan__outer01__inner00__aug03,20260711_205559_azslan,user3,আ,output/user3/আ/আ_20260711_205559_azslan.mp4,1.006484,1.047686,3,0.015288,0.012617,-0.03137
1,0,20260711_205630_gydvnp__outer01__inner00__aug01,20260711_205630_gydvnp,user3,আ,output/user3/আ/আ_20260711_205630_gydvnp.mp4,1.132155,0.967695,5,0.004729,-0.047175,-0.045275
1,0,20260711_205630_gydvnp__outer01__inner00__aug02,20260711_205630_gydvnp,user3,আ,output/user3/আ/আ_20260711_205630_gydvnp.mp4,1.105799,0.999357,5,0.066524,-0.001459,0.039401
1,0,20260711_205630_gydvnp__outer01__inner00__aug03,20260711_205630_gydvnp,user3,আ,output/user3/আ/আ_20260711_205630_gydvnp.mp4,1.105329,1.13226,5,0.060712,-0.018012,-0.027159
1,0,20260711_205707_n57400__outer01__inner00__aug01,20260711_205707_n57400,user3,আ,output/user3/আ/আ_20260711_205707_n57400.mp4,0.859146,0.851069,5,0.068339,0.019657,0.012745
1,0,20260711_205707_n57400__outer01__inner00__aug02,20260711_205707_n57400,user3,আ,output/user3/আ/আ_20260711_205707_n57400.mp4,0.988749,0.96531,5,0.09034,0.045364,0.015975
1,0,20260711_205707_n57400__outer01__inner00__aug03,20260711_205707_n57400,user3,আ,output/user3/আ/আ_20260711_205707_n57400.mp4,1.020757,1.010303,3,0.075086,0.020315,-0.00101
1,0,20260711_205748_usnulf__outer01__inner00__aug01,20260711_205748_usnulf,user3,আ,output/user3/আ/আ_20260711_205748_usnulf.mp4,0.920848,1.000088,3,0.049508,0.004683,0.02677
1,0,20260711_205748_usnulf__outer01__inner00__aug02,20260711_205748_usnulf,user3,আ,output/user3/আ/আ_20260711_205748_usnulf.mp4,1.096237,1.07776,5,0.051135,0.012115,0.046455
1,0,20260711_205748_usnulf__outer01__inner00__aug03,20260711_205748_usnulf,user3,আ,output/user3/আ/আ_20260711_205748_usnulf.mp4,1.001776,1.018483,5,0.067007,0.038081,-0.036061
1,1,20260711_200812_18txgi__outer01__inner01__aug01,20260711_200812_18txgi,user3,অ,output/user3/অ/অ_20260711_200812_18txgi.mp4,1.060339,0.926385,3,0.074,-0.037743,0.043785
1,1,20260711_200812_18txgi__outer01__inner01__aug02,20260711_200812_18txgi,user3,অ,output/user3/অ/অ_20260711_200812_18txgi.mp4,1.025839,1.011508,3,0.063023,0.002695,0.014542
1,1,20260711_200812_18txgi__outer01__inner01__aug03,20260711_200812_18txgi,user3,অ,output/user3/অ/অ_20260711_200812_18txgi.mp4,0.909041,1.148895,5,0.032891,0.020997,-0.032611
1,1,20260711_200917_z1na4w__outer01__inner01__aug01,20260711_200917_z1na4w,user3,অ,output/user3/অ/অ_20260711_200917_z1na4w.mp4,0.967007,1.147726,5,0.046419,0.035444,0.018981
1,1,20260711_200917_z1na4w__outer01__inner01__aug02,20260711_200917_z1na4w,user3,অ,output/user3/অ/অ_20260711_200917_z1na4w.mp4,1.012192,1.093686,3,0.065905,0.024678,0.017569
1,1,20260711_200917_z1na4w__outer01__inner01__aug03,20260711_200917_z1na4w,user3,অ,output/user3/অ/অ_20260711_200917_z1na4w.mp4,1.041202,0.874634,5,0.041509,-0.029725,-0.014512
1,1,20260711_200954_0muns4__outer01__inner01__aug01,20260711_200954_0muns4,user3,অ,output/user3/অ/অ_20260711_200954_0muns4.mp4,1.03075,1.106864,5,0.073181,-0.048092,0.007481
1,1,20260711_200954_0muns4__outer01__inner01__aug02,20260711_200954_0muns4,user3,অ,output/user3/অ/অ_20260711_200954_0muns4.mp4,0.89666,0.978433,5,0.092905,-0.034679,-0.026071
1,1,20260711_200954_0muns4__outer01__inner01__aug03,20260711_200954_0muns4,user3,অ,output/user3/অ/অ_20260711_200954_0muns4.mp4,1.04092,0.919068,5,0.099396,-0.017041,0.017116
1,1,20260711_201110_jw6cqh__outer01__inner01__aug01,20260711_201110_jw6cqh,user3,অ,output/user3/অ/অ_20260711_201110_jw6cqh.mp4,0.879678,0.926127,3,0.018649,0.035162,0.040397
1,1,20260711_201110_jw6cqh__outer01__inner01__aug02,20260711_201110_jw6cqh,user3,অ,output/user3/অ/অ_20260711_201110_jw6cqh.mp4,1.127769,1.069083,3,0.021443,0.006927,-0.012747
1,1,20260711_201110_jw6cqh__outer01__inner01__aug03,20260711_201110_jw6cqh,user3,অ,output/user3/অ/অ_20260711_201110_jw6cqh.mp4,0.945004,1.096265,5,0.023818,0.04203,0.004708
1,1,20260711_201208_6ylgz1__outer01__inner01__aug01,20260711_201208_6ylgz1,user3,অ,output/user3/অ/অ_20260711_201208_6ylgz1.mp4,0.88515,1.008739,3,0.020977,-0.01563,0.028018
1,1,20260711_201208_6ylgz1__outer01__inner01__aug02,20260711_201208_6ylgz1,user3,অ,output/user3/অ/অ_20260711_201208_6ylgz1.mp4,1.105933,1.043311,3,0.04785,0.017364,-0.004825
1,1,20260711_201208_6ylgz1__outer01__inner01__aug03,20260711_201208_6ylgz1,user3,অ,output/user3/অ/অ_20260711_201208_6ylgz1.mp4,0.960042,1.056465,5,0.026737,-0.02735,-0.028248
1,1,20260711_201526_9elfv0__outer01__inner01__aug01,20260711_201526_9elfv0,user3,অ,output/user3/অ/অ_20260711_201526_9elfv0.mp4,0.880332,0.898006,3,0.088691,0.048695,-0.023088
1,1,20260711_201526_9elfv0__outer01__inner01__aug02,20260711_201526_9elfv0,user3,অ,output/user3/অ/অ_20260711_201526_9elfv0.mp4,0.902194,0.919605,3,0.003886,-0.045193,0.035716
1,1,20260711_201526_9elfv0__outer01__inner01__aug03,20260711_201526_9elfv0,user3,অ,output/user3/অ/অ_20260711_201526_9elfv0.mp4,1.042038,1.089178,3,0.014563,-0.026147,-0.000518
1,1,20260711_201609_iv7642__outer01__inner01__aug01,20260711_201609_iv7642,user3,অ,output/user3/অ/অ_20260711_201609_iv7642.mp4,0.940156,0.934308,3,0.061044,-0.037922,0.032357
1,1,20260711_201609_iv7642__outer01__inner01__aug02,20260711_201609_iv7642,user3,অ,output/user3/অ/অ_20260711_201609_iv7642.mp4,0.88939,1.03141,5,0.054265,-0.016346,0.048797
1,1,20260711_201609_iv7642__outer01__inner01__aug03,20260711_201609_iv7642,user3,অ,output/user3/অ/অ_20260711_201609_iv7642.mp4,0.969366,1.075375,5,0.0927,0.025009,-0.017184
1,1,20260711_201811_0znu6g__outer01__inner01__aug01,20260711_201811_0znu6g,user3,অ,output/user3/অ/অ_20260711_201811_0znu6g.mp4,0.965214,0.942741,5,0.018311,-0.01264,0.03312
1,1,20260711_201811_0znu6g__outer01__inner01__aug02,20260711_201811_0znu6g,user3,অ,output/user3/অ/অ_20260711_201811_0znu6g.mp4,0.939017,0.867742,5,0.088942,0.019512,0.011093
1,1,20260711_201811_0znu6g__outer01__inner01__aug03,20260711_201811_0znu6g,user3,অ,output/user3/অ/অ_20260711_201811_0znu6g.mp4,1.020309,1.054008,3,0.023355,0.00408,0.012955
1,1,20260711_201916_nc9ara__outer01__inner01__aug01,20260711_201916_nc9ara,user3,অ,output/user3/অ/অ_20260711_201916_nc9ara.mp4,1.014442,1.052658,3,0.046159,0.016896,0.029913
1,1,20260711_201916_nc9ara__outer01__inner01__aug02,20260711_201916_nc9ara,user3,অ,output/user3/অ/অ_20260711_201916_nc9ara.mp4,0.90054,0.983208,3,0.011241,-0.010867,0.034148
1,1,20260711_201916_nc9ara__outer01__inner01__aug03,20260711_201916_nc9ara,user3,অ,output/user3/অ/অ_20260711_201916_nc9ara.mp4,0.870589,1.106069,5,0.014592,0.002418,0.049414
1,1,20260711_201953_sai9ew__outer01__inner01__aug01,20260711_201953_sai9ew,user3,অ,output/user3/অ/অ_20260711_201953_sai9ew.mp4,0.88931,0.983923,3,0.002242,-0.022604,-0.036337
1,1,20260711_201953_sai9ew__outer01__inner01__aug02,20260711_201953_sai9ew,user3,অ,output/user3/অ/অ_20260711_201953_sai9ew.mp4,1.041103,0.854814,3,0.092132,-0.007774,-0.005602
1,1,20260711_201953_sai9ew__outer01__inner01__aug03,20260711_201953_sai9ew,user3,অ,output/user3/অ/অ_20260711_201953_sai9ew.mp4,0.962588,1.081197,5,0.057143,-0.034891,-0.049387
1,1,20260711_202025_bntr0i__outer01__inner01__aug01,20260711_202025_bntr0i,user3,অ,output/user3/অ/অ_20260711_202025_bntr0i.mp4,1.091673,1.064248,3,0.085135,0.032931,-0.010177
1,1,20260711_202025_bntr0i__outer01__inner01__aug02,20260711_202025_bntr0i,user3,অ,output/user3/অ/অ_20260711_202025_bntr0i.mp4,1.084339,0.968153,3,0.019838,-0.031697,-0.047661
1,1,20260711_202025_bntr0i__outer01__inner01__aug03,20260711_202025_bntr0i,user3,অ,output/user3/অ/অ_20260711_202025_bntr0i.mp4,1.039585,0.870364,3,0.035814,0.011419,0.04626
1,1,20260711_202714_mwa7m1__outer01__inner01__aug01,20260711_202714_mwa7m1,user3,অ,output/user3/অ/অ_20260711_202714_mwa7m1.mp4,0.959858,0.854032,5,0.044681,-0.032801,-0.035029
1,1,20260711_202714_mwa7m1__outer01__inner01__aug02,20260711_202714_mwa7m1,user3,অ,output/user3/অ/অ_20260711_202714_mwa7m1.mp4,1.046873,1.026333,5,0.071196,-0.013444,-0.025944
1,1,20260711_202714_mwa7m1__outer01__inner01__aug03,20260711_202714_mwa7m1,user3,অ,output/user3/অ/অ_20260711_202714_mwa7m1.mp4,0.997495,1.069476,5,0.013842,-0.024437,0.018765
1,1,20260711_202846_kmy51g__outer01__inner01__aug01,20260711_202846_kmy51g,user3,অ,output/user3/অ/অ_20260711_202846_kmy51g.mp4,0.875249,1.063831,5,0.008865,-0.022917,0.003483
1,1,20260711_202846_kmy51g__outer01__inner01__aug02,20260711_202846_kmy51g,user3,অ,output/user3/অ/অ_20260711_202846_kmy51g.mp4,0.93714,0.923714,5,0.056242,-0.029961,0.043653
1,1,20260711_202846_kmy51g__outer01__inner01__aug03,20260711_202846_kmy51g,user3,অ,output/user3/অ/অ_20260711_202846_kmy51g.mp4,1.045205,0.87397,3,0.073847,0.023853,0.020325
1,1,20260711_203013_i4o0om__outer01__inner01__aug01,20260711_203013_i4o0om,user3,অ,output/user3/অ/অ_20260711_203013_i4o0om.mp4,1.088292,1.115288,5,0.086838,-0.024844,-0.042763
1,1,20260711_203013_i4o0om__outer01__inner01__aug02,20260711_203013_i4o0om,user3,অ,output/user3/অ/অ_20260711_203013_i4o0om.mp4,1.13486,0.979864,3,0.095075,-0.027745,-0.031578
1,1,20260711_203013_i4o0om__outer01__inner01__aug03,20260711_203013_i4o0om,user3,অ,output/user3/অ/অ_20260711_203013_i4o0om.mp4,0.939917,1.119232,3,0.051087,0.019287,0.022757
1,1,20260711_203112_15gnzj__outer01__inner01__aug01,20260711_203112_15gnzj,user3,অ,output/user3/অ/অ_20260711_203112_15gnzj.mp4,1.030256,0.883084,3,0.020105,-0.015487,0.038017
1,1,20260711_203112_15gnzj__outer01__inner01__aug02,20260711_203112_15gnzj,user3,অ,output/user3/অ/অ_20260711_203112_15gnzj.mp4,0.995663,1.061023,5,0.010687,0.004312,0.016965
1,1,20260711_203112_15gnzj__outer01__inner01__aug03,20260711_203112_15gnzj,user3,অ,output/user3/অ/অ_20260711_203112_15gnzj.mp4,0.886169,0.900424,3,0.010938,-0.027526,0.040189
1,1,20260711_205524_jbk5pv__outer01__inner01__aug01,20260711_205524_jbk5pv,user3,আ,output/user3/আ/আ_20260711_205524_jbk5pv.mp4,0.890029,0.95811,3,0.06395,-0.038122,-0.049481
1,1,20260711_205524_jbk5pv__outer01__inner01__aug02,20260711_205524_jbk5pv,user3,আ,output/user3/আ/আ_20260711_205524_jbk5pv.mp4,0.940048,1.137685,5,0.005212,-0.032022,0.034536
1,1,20260711_205524_jbk5pv__outer01__inner01__aug03,20260711_205524_jbk5pv,user3,আ,output/user3/আ/আ_20260711_205524_jbk5pv.mp4,0.868439,0.998582,5,0.002172,-0.042479,0.042196
1,1,20260711_205559_azslan__outer01__inner01__aug01,20260711_205559_azslan,user3,আ,output/user3/আ/আ_20260711_205559_azslan.mp4,1.104763,0.862111,5,0.070656,-0.046015,-0.033523
1,1,20260711_205559_azslan__outer01__inner01__aug02,20260711_205559_azslan,user3,আ,output/user3/আ/আ_20260711_205559_azslan.mp4,0.975265,0.999545,5,0.073552,0.023184,-0.032982
1,1,20260711_205559_azslan__outer01__inner01__aug03,20260711_205559_azslan,user3,আ,output/user3/আ/আ_20260711_205559_azslan.mp4,0.973528,1.142982,3,0.028645,-0.002454,0.035606
1,1,20260711_205630_gydvnp__outer01__inner01__aug01,20260711_205630_gydvnp,user3,আ,output/user3/আ/আ_20260711_205630_gydvnp.mp4,1.149979,0.989809,3,0.061317,0.014859,0.031539
1,1,20260711_205630_gydvnp__outer01__inner01__aug02,20260711_205630_gydvnp,user3,আ,output/user3/আ/আ_20260711_205630_gydvnp.mp4,1.090815,0.891017,3,0.008159,-0.01606,-0.0056
1,1,20260711_205630_gydvnp__outer01__inner01__aug03,20260711_205630_gydvnp,user3,আ,output/user3/আ/আ_20260711_205630_gydvnp.mp4,1.079079,1.036231,3,0.035625,0.042198,0.032665
1,1,20260711_205707_n57400__outer01__inner01__aug01,20260711_205707_n57400,user3,আ,output/user3/আ/আ_20260711_205707_n57400.mp4,0.906151,1.066551,3,0.002999,0.038626,-0.023679
1,1,20260711_205707_n57400__outer01__inner01__aug02,20260711_205707_n57400,user3,আ,output/user3/আ/আ_20260711_205707_n57400.mp4,1.029555,0.993505,3,0.026841,0.007444,0.041332
1,1,20260711_205707_n57400__outer01__inner01__aug03,20260711_205707_n57400,user3,আ,output/user3/আ/আ_20260711_205707_n57400.mp4,0.99445,1.12427,5,0.092735,0.009703,0.046195
1,1,20260711_205748_usnulf__outer01__inner01__aug01,20260711_205748_usnulf,user3,আ,output/user3/আ/আ_20260711_205748_usnulf.mp4,1.107083,1.118066,3,0.089136,0.014046,0.031371
1,1,20260711_205748_usnulf__outer01__inner01__aug02,20260711_205748_usnulf,user3,আ,output/user3/আ/আ_20260711_205748_usnulf.mp4,0.924637,1.055076,5,0.015273,-0.045147,-0.027079
1,1,20260711_205748_usnulf__outer01__inner01__aug03,20260711_205748_usnulf,user3,আ,output/user3/আ/আ_20260711_205748_usnulf.mp4,0.858756,1.035488,5,0.018341,0.048984,-0.004533
1,1,20260711_211455_ab7vb3__outer01__inner01__aug01,20260711_211455_ab7vb3,user4,অ,output/user4/অ/অ_20260711_211455_ab7vb3.mp4,1.040673,0.977043,3,0.087026,-0.018019,-0.021763
1,1,20260711_211455_ab7vb3__outer01__inner01__aug02,20260711_211455_ab7vb3,user4,অ,output/user4/অ/অ_20260711_211455_ab7vb3.mp4,0.912203,1.128139,3,0.078899,0.017387,0.01658
1,1,20260711_211455_ab7vb3__outer01__inner01__aug03,20260711_211455_ab7vb3,user4,অ,output/user4/অ/অ_20260711_211455_ab7vb3.mp4,0.925845,1.146839,3,0.090637,-0.023751,0.016489
1,1,20260711_214733_y28o8p__outer01__inner01__aug01,20260711_214733_y28o8p,user4,অ,output/user4/অ/অ_20260711_214733_y28o8p.mp4,1.055428,0.976104,5,0.046881,-0.014121,0.010782
1,1,20260711_214733_y28o8p__outer01__inner01__aug02,20260711_214733_y28o8p,user4,অ,output/user4/অ/অ_20260711_214733_y28o8p.mp4,0.93572,1.022393,5,0.067075,-0.035116,-0.003537
1,1,20260711_214733_y28o8p__outer01__inner01__aug03,20260711_214733_y28o8p,user4,অ,output/user4/অ/অ_20260711_214733_y28o8p.mp4,0.903735,1.113232,5,0.092087,0.029918,0.026396
1,1,20260711_214747_h8ad4n__outer01__inner01__aug01,20260711_214747_h8ad4n,user4,অ,output/user4/অ/অ_20260711_214747_h8ad4n.mp4,1.084738,1.132852,3,0.044419,-0.039688,0.026858
1,1,20260711_214747_h8ad4n__outer01__inner01__aug02,20260711_214747_h8ad4n,user4,অ,output/user4/অ/অ_20260711_214747_h8ad4n.mp4,0.875169,1.032887,5,0.037683,-0.032637,-0.007155
1,1,20260711_214747_h8ad4n__outer01__inner01__aug03,20260711_214747_h8ad4n,user4,অ,output/user4/অ/অ_20260711_214747_h8ad4n.mp4,1.033657,0.983438,5,0.049256,-0.018862,-0.029937
1,1,20260711_214802_iotb3d__outer01__inner01__aug01,20260711_214802_iotb3d,user4,অ,output/user4/অ/অ_20260711_214802_iotb3d.mp4,1.085781,1.144361,3,0.03753,-0.016864,0.029597
1,1,20260711_214802_iotb3d__outer01__inner01__aug02,20260711_214802_iotb3d,user4,অ,output/user4/অ/অ_20260711_214802_iotb3d.mp4,1.041689,1.053291,3,0.078586,-0.014767,-0.024034
1,1,20260711_214802_iotb3d__outer01__inner01__aug03,20260711_214802_iotb3d,user4,অ,output/user4/অ/অ_20260711_214802_iotb3d.mp4,0.997512,1.050229,3,0.012668,-0.018496,0.045521
1,1,20260711_214818_1kqyjw__outer01__inner01__aug01,20260711_214818_1kqyjw,user4,অ,output/user4/অ/অ_20260711_214818_1kqyjw.mp4,0.94721,0.998862,3,0.054468,-0.010698,0.006611
1,1,20260711_214818_1kqyjw__outer01__inner01__aug02,20260711_214818_1kqyjw,user4,অ,output/user4/অ/অ_20260711_214818_1kqyjw.mp4,1.056154,0.915068,3,0.078336,-0.029445,-0.012095
1,1,20260711_214818_1kqyjw__outer01__inner01__aug03,20260711_214818_1kqyjw,user4,অ,output/user4/অ/অ_20260711_214818_1kqyjw.mp4,1.143697,0.919923,5,0.087653,0.035906,0.032297
1,1,20260711_214838_nmfk2j__outer01__inner01__aug01,20260711_214838_nmfk2j,user4,অ,output/user4/অ/অ_20260711_214838_nmfk2j.mp4,1.03698,0.958374,3,0.040072,-0.0048,-0.036296
1,1,20260711_214838_nmfk2j__outer01__inner01__aug02,20260711_214838_nmfk2j,user4,অ,output/user4/অ/অ_20260711_214838_nmfk2j.mp4,0.992401,0.952317,5,0.06714,0.00211,0.01199
1,1,20260711_214838_nmfk2j__outer01__inner01__aug03,20260711_214838_nmfk2j,user4,অ,output/user4/অ/অ_20260711_214838_nmfk2j.mp4,0.96959,1.083643,3,0.083076,-0.030946,-0.037064
1,1,20260711_214856_wh1jdl__outer01__inner01__aug01,20260711_214856_wh1jdl,user4,অ,output/user4/অ/অ_20260711_214856_wh1jdl.mp4,0.948769,1.016996,5,0.075017,-0.012536,0.037926
1,1,20260711_214856_wh1jdl__outer01__inner01__aug02,20260711_214856_wh1jdl,user4,অ,output/user4/অ/অ_20260711_214856_wh1jdl.mp4,0.954892,0.999475,5,0.071065,-0.027478,0.012852
1,1,20260711_214856_wh1jdl__outer01__inner01__aug03,20260711_214856_wh1jdl,user4,অ,output/user4/অ/অ_20260711_214856_wh1jdl.mp4,1.034189,0.920764,5,0.060905,0.004088,-0.023325
1,1,20260711_214912_5jyzoq__outer01__inner01__aug01,20260711_214912_5jyzoq,user4,অ,output/user4/অ/অ_20260711_214912_5jyzoq.mp4,1.013009,1.12534,5,0.045694,-0.046509,-0.018293
1,1,20260711_214912_5jyzoq__outer01__inner01__aug02,20260711_214912_5jyzoq,user4,অ,output/user4/অ/অ_20260711_214912_5jyzoq.mp4,0.910283,1.056519,5,0.022017,-0.036284,0.000514
1,1,20260711_214912_5jyzoq__outer01__inner01__aug03,20260711_214912_5jyzoq,user4,অ,output/user4/অ/অ_20260711_214912_5jyzoq.mp4,1.033926,1.041899,3,0.091231,-0.034905,0.020393
1,1,20260711_215025_9ahjj1__outer01__inner01__aug01,20260711_215025_9ahjj1,user4,অ,output/user4/অ/অ_20260711_215025_9ahjj1.mp4,0.886605,0.85931,5,0.05239,-0.047338,-0.01068
1,1,20260711_215025_9ahjj1__outer01__inner01__aug02,20260711_215025_9ahjj1,user4,অ,output/user4/অ/অ_20260711_215025_9ahjj1.mp4,1.049092,0.910862,3,0.078778,0.028801,0.003391
1,1,20260711_215025_9ahjj1__outer01__inner01__aug03,20260711_215025_9ahjj1,user4,অ,output/user4/অ/অ_20260711_215025_9ahjj1.mp4,0.9668,1.042026,3,0.065999,-0.036859,0.03312
1,1,20260711_215040_totmvz__outer01__inner01__aug01,20260711_215040_totmvz,user4,অ,output/user4/অ/অ_20260711_215040_totmvz.mp4,0.975917,0.856697,5,0.037591,0.024698,-0.021792
1,1,20260711_215040_totmvz__outer01__inner01__aug02,20260711_215040_totmvz,user4,অ,output/user4/অ/অ_20260711_215040_totmvz.mp4,0.940169,1.052095,3,0.084841,-0.003307,0.034469
1,1,20260711_215040_totmvz__outer01__inner01__aug03,20260711_215040_totmvz,user4,অ,output/user4/অ/অ_20260711_215040_totmvz.mp4,0.881506,0.889328,5,0.040433,-0.015779,-0.041879
1,1,20260711_215057_m3q3bw__outer01__inner01__aug01,20260711_215057_m3q3bw,user4,অ,output/user4/অ/অ_20260711_215057_m3q3bw.mp4,1.111368,1.112099,3,0.046153,0.040086,-0.042636
1,1,20260711_215057_m3q3bw__outer01__inner01__aug02,20260711_215057_m3q3bw,user4,অ,output/user4/অ/অ_20260711_215057_m3q3bw.mp4,1.105684,1.144425,5,0.00462,-0.04086,0.007538
1,1,20260711_215057_m3q3bw__outer01__inner01__aug03,20260711_215057_m3q3bw,user4,অ,output/user4/অ/অ_20260711_215057_m3q3bw.mp4,1.141336,1.12028,5,0.033456,0.016677,0.001195
1,1,20260711_215120_wa3iw4__outer01__inner01__aug01,20260711_215120_wa3iw4,user4,অ,output/user4/অ/অ_20260711_215120_wa3iw4.mp4,0.90219,1.068849,5,0.016776,-0.022324,-0.008857
1,1,20260711_215120_wa3iw4__outer01__inner01__aug02,20260711_215120_wa3iw4,user4,অ,output/user4/অ/অ_20260711_215120_wa3iw4.mp4,0.965245,0.983576,3,0.06849,-0.005464,0.012883
1,1,20260711_215120_wa3iw4__outer01__inner01__aug03,20260711_215120_wa3iw4,user4,অ,output/user4/অ/অ_20260711_215120_wa3iw4.mp4,1.047428,1.001219,5,0.018956,-0.046033,0.03132
1,1,20260711_215140_jzmdn9__outer01__inner01__aug01,20260711_215140_jzmdn9,user4,অ,output/user4/অ/অ_20260711_215140_jzmdn9.mp4,1.064312,0.943998,5,0.038623,-0.005188,-0.035152
1,1,20260711_215140_jzmdn9__outer01__inner01__aug02,20260711_215140_jzmdn9,user4,অ,output/user4/অ/অ_20260711_215140_jzmdn9.mp4,1.08458,1.032786,5,0.093336,0.032929,-0.04129
1,1,20260711_215140_jzmdn9__outer01__inner01__aug03,20260711_215140_jzmdn9,user4,অ,output/user4/অ/অ_20260711_215140_jzmdn9.mp4,0.850538,0.990356,3,0.076365,-0.03199,0.016857
1,1,20260711_215153_8dj6mi__outer01__inner01__aug01,20260711_215153_8dj6mi,user4,অ,output/user4/অ/অ_20260711_215153_8dj6mi.mp4,0.946183,0.897389,5,0.079271,-0.01142,0.014039
1,1,20260711_215153_8dj6mi__outer01__inner01__aug02,20260711_215153_8dj6mi,user4,অ,output/user4/অ/অ_20260711_215153_8dj6mi.mp4,0.900784,0.870038,3,0.0517,-0.047154,-0.026805
1,1,20260711_215153_8dj6mi__outer01__inner01__aug03,20260711_215153_8dj6mi,user4,অ,output/user4/অ/অ_20260711_215153_8dj6mi.mp4,0.873694,0.962369,3,0.013622,-0.040331,-0.022055
1,1,20260711_215210_14cuph__outer01__inner01__aug01,20260711_215210_14cuph,user4,অ,output/user4/অ/অ_20260711_215210_14cuph.mp4,0.916233,0.883954,5,0.036938,0.02303,0.027962
1,1,20260711_215210_14cuph__outer01__inner01__aug02,20260711_215210_14cuph,user4,অ,output/user4/অ/অ_20260711_215210_14cuph.mp4,1.11708,1.125075,5,0.024184,-0.030407,0.006225
1,1,20260711_215210_14cuph__outer01__inner01__aug03,20260711_215210_14cuph,user4,অ,output/user4/অ/অ_20260711_215210_14cuph.mp4,1.116584,0.864717,3,0.090353,0.010496,-0.012415
1,1,20260711_215224_s1nefb__outer01__inner01__aug01,20260711_215224_s1nefb,user4,অ,output/user4/অ/অ_20260711_215224_s1nefb.mp4,1.022441,1.072996,3,0.063682,-0.000109,0.032217
1,1,20260711_215224_s1nefb__outer01__inner01__aug02,20260711_215224_s1nefb,user4,অ,output/user4/অ/অ_20260711_215224_s1nefb.mp4,0.874406,1.096038,3,0.066152,0.040823,-0.022896
1,1,20260711_215224_s1nefb__outer01__inner01__aug03,20260711_215224_s1nefb,user4,অ,output/user4/অ/অ_20260711_215224_s1nefb.mp4,0.894009,0.90467,5,0.099812,-0.023253,0.034366
1,1,20260711_211553_8q738s__outer01__inner01__aug01,20260711_211553_8q738s,user4,আ,output/user4/আ/আ_20260711_211553_8q738s.mp4,1.149683,1.001729,5,0.094733,-0.027551,-0.00302
1,1,20260711_211553_8q738s__outer01__inner01__aug02,20260711_211553_8q738s,user4,আ,output/user4/আ/আ_20260711_211553_8q738s.mp4,0.988945,1.144958,3,0.094666,0.028858,-0.04178
1,1,20260711_211553_8q738s__outer01__inner01__aug03,20260711_211553_8q738s,user4,আ,output/user4/আ/আ_20260711_211553_8q738s.mp4,1.06156,1.130608,5,0.002378,0.019505,0.043686
1,1,20260711_215326_rdw0i7__outer01__inner01__aug01,20260711_215326_rdw0i7,user4,আ,output/user4/আ/আ_20260711_215326_rdw0i7.mp4,1.000271,0.85601,3,0.048009,-0.025909,0.033421
1,1,20260711_215326_rdw0i7__outer01__inner01__aug02,20260711_215326_rdw0i7,user4,আ,output/user4/আ/আ_20260711_215326_rdw0i7.mp4,1.088828,0.927709,3,0.005139,-0.033113,0.017437
1,1,20260711_215326_rdw0i7__outer01__inner01__aug03,20260711_215326_rdw0i7,user4,আ,output/user4/আ/আ_20260711_215326_rdw0i7.mp4,1.134327,1.072379,3,0.048567,-0.003912,0.007396
1,1,20260711_215355_gtir0d__outer01__inner01__aug01,20260711_215355_gtir0d,user4,আ,output/user4/আ/আ_20260711_215355_gtir0d.mp4,1.042681,1.089982,3,0.007287,-0.005692,0.047317
1,1,20260711_215355_gtir0d__outer01__inner01__aug02,20260711_215355_gtir0d,user4,আ,output/user4/আ/আ_20260711_215355_gtir0d.mp4,0.991313,1.071298,5,0.057915,-0.046182,0.045429
1,1,20260711_215355_gtir0d__outer01__inner01__aug03,20260711_215355_gtir0d,user4,আ,output/user4/আ/আ_20260711_215355_gtir0d.mp4,0.96862,1.096895,5,0.09876,0.002585,0.042423
1,1,20260711_215413_4z3pac__outer01__inner01__aug01,20260711_215413_4z3pac,user4,আ,output/user4/আ/আ_20260711_215413_4z3pac.mp4,0.974789,0.914044,3,0.091063,0.015414,0.025899
1,1,20260711_215413_4z3pac__outer01__inner01__aug02,20260711_215413_4z3pac,user4,আ,output/user4/আ/আ_20260711_215413_4z3pac.mp4,1.049345,0.980584,3,0.053372,-0.019321,0.011012
1,1,20260711_215413_4z3pac__outer01__inner01__aug03,20260711_215413_4z3pac,user4,আ,output/user4/আ/আ_20260711_215413_4z3pac.mp4,1.079386,1.049863,5,0.01807,-0.003862,-0.042263
1,1,20260711_215505_noe4fp__outer01__inner01__aug01,20260711_215505_noe4fp,user4,আ,output/user4/আ/আ_20260711_215505_noe4fp.mp4,1.081818,0.996632,3,0.024367,0.013488,-0.036329
1,1,20260711_215505_noe4fp__outer01__inner01__aug02,20260711_215505_noe4fp,user4,আ,output/user4/আ/আ_20260711_215505_noe4fp.mp4,0.868332,0.981793,3,0.03265,0.044267,0.031987
1,1,20260711_215505_noe4fp__outer01__inner01__aug03,20260711_215505_noe4fp,user4,আ,output/user4/আ/আ_20260711_215505_noe4fp.mp4,1.102509,0.958318,3,0.023278,0.047665,0.009965
1,1,20260711_215527_oaoi6c__outer01__inner01__aug01,20260711_215527_oaoi6c,user4,আ,output/user4/আ/আ_20260711_215527_oaoi6c.mp4,0.969797,1.121667,3,0.086894,-0.019417,-0.046815
1,1,20260711_215527_oaoi6c__outer01__inner01__aug02,20260711_215527_oaoi6c,user4,আ,output/user4/আ/আ_20260711_215527_oaoi6c.mp4,1.126983,0.907859,5,0.099177,-0.033943,-0.027874
1,1,20260711_215527_oaoi6c__outer01__inner01__aug03,20260711_215527_oaoi6c,user4,আ,output/user4/আ/আ_20260711_215527_oaoi6c.mp4,1.142572,0.907274,5,0.069574,0.013615,-0.034499
1,1,20260711_215554_41w3p4__outer01__inner01__aug01,20260711_215554_41w3p4,user4,আ,output/user4/আ/আ_20260711_215554_41w3p4.mp4,1.078783,0.896418,3,0.032188,0.027853,0.049052
1,1,20260711_215554_41w3p4__outer01__inner01__aug02,20260711_215554_41w3p4,user4,আ,output/user4/আ/আ_20260711_215554_41w3p4.mp4,1.094138,1.122074,3,0.050497,-0.000125,0.033686
1,1,20260711_215554_41w3p4__outer01__inner01__aug03,20260711_215554_41w3p4,user4,আ,output/user4/আ/আ_20260711_215554_41w3p4.mp4,0.87521,1.099688,3,0.06896,-0.012597,-0.037207
1,1,20260711_215623_q6sua3__outer01__inner01__aug01,20260711_215623_q6sua3,user4,আ,output/user4/আ/আ_20260711_215623_q6sua3.mp4,1.057513,1.031999,3,0.041495,0.048231,0.023965
1,1,20260711_215623_q6sua3__outer01__inner01__aug02,20260711_215623_q6sua3,user4,আ,output/user4/আ/আ_20260711_215623_q6sua3.mp4,0.896151,1.040797,5,0.020123,-0.044952,-0.041938
1,1,20260711_215623_q6sua3__outer01__inner01__aug03,20260711_215623_q6sua3,user4,আ,output/user4/আ/আ_20260711_215623_q6sua3.mp4,0.912111,0.985668,5,0.008283,-0.034789,0.01262
1,1,20260711_215646_y25z4x__outer01__inner01__aug01,20260711_215646_y25z4x,user4,আ,output/user4/আ/আ_20260711_215646_y25z4x.mp4,1.105584,0.974678,3,0.078061,0.023783,0.004538
1,1,20260711_215646_y25z4x__outer01__inner01__aug02,20260711_215646_y25z4x,user4,আ,output/user4/আ/আ_20260711_215646_y25z4x.mp4,1.052466,0.864572,3,0.064313,-0.023173,-0.025847
1,1,20260711_215646_y25z4x__outer01__inner01__aug03,20260711_215646_y25z4x,user4,আ,output/user4/আ/আ_20260711_215646_y25z4x.mp4,0.952122,0.970835,3,0.077931,-0.015351,0.018439
1,1,20260711_215701_i0we24__outer01__inner01__aug01,20260711_215701_i0we24,user4,আ,output/user4/আ/আ_20260711_215701_i0we24.mp4,1.004956,0.959954,3,0.068247,-0.0161,0.047643
1,1,20260711_215701_i0we24__outer01__inner01__aug02,20260711_215701_i0we24,user4,আ,output/user4/আ/আ_20260711_215701_i0we24.mp4,1.086492,0.868274,3,0.015351,0.003172,-0.007286
1,1,20260711_215701_i0we24__outer01__inner01__aug03,20260711_215701_i0we24,user4,আ,output/user4/আ/আ_20260711_215701_i0we24.mp4,0.868857,0.929721,5,0.023117,-0.020083,0.027238
1,1,20260711_215719_fym8k2__outer01__inner01__aug01,20260711_215719_fym8k2,user4,আ,output/user4/আ/আ_20260711_215719_fym8k2.mp4,1.093086,0.894759,5,0.052736,-0.040603,-0.002725
1,1,20260711_215719_fym8k2__outer01__inner01__aug02,20260711_215719_fym8k2,user4,আ,output/user4/আ/আ_20260711_215719_fym8k2.mp4,1.102681,0.851658,5,0.093985,-0.047056,-0.041525
1,1,20260711_215719_fym8k2__outer01__inner01__aug03,20260711_215719_fym8k2,user4,আ,output/user4/আ/আ_20260711_215719_fym8k2.mp4,1.081012,1.118502,5,0.013221,0.017158,-0.003365
1,1,20260711_215732_e3wli4__outer01__inner01__aug01,20260711_215732_e3wli4,user4,আ,output/user4/আ/আ_20260711_215732_e3wli4.mp4,0.964146,0.902498,3,0.095316,0.048327,-0.023625
1,1,20260711_215732_e3wli4__outer01__inner01__aug02,20260711_215732_e3wli4,user4,আ,output/user4/আ/আ_20260711_215732_e3wli4.mp4,1.133703,0.911117,5,0.046716,-0.011046,-0.011895
1,1,20260711_215732_e3wli4__outer01__inner01__aug03,20260711_215732_e3wli4,user4,আ,output/user4/আ/আ_20260711_215732_e3wli4.mp4,0.983455,0.887134,5,0.024699,-0.013429,0.031182
1,1,20260711_215746_pw5glc__outer01__inner01__aug01,20260711_215746_pw5glc,user4,আ,output/user4/আ/আ_20260711_215746_pw5glc.mp4,1.110132,0.938213,5,0.043505,0.014551,0.025961
1,1,20260711_215746_pw5glc__outer01__inner01__aug02,20260711_215746_pw5glc,user4,আ,output/user4/আ/আ_20260711_215746_pw5glc.mp4,1.136362,1.104949,5,0.006015,-0.00278,-0.034164
1,1,20260711_215746_pw5glc__outer01__inner01__aug03,20260711_215746_pw5glc,user4,আ,output/user4/আ/আ_20260711_215746_pw5glc.mp4,1.016548,0.899948,5,0.075883,-0.047247,-0.003804
1,1,20260711_215803_gtb1nz__outer01__inner01__aug01,20260711_215803_gtb1nz,user4,আ,output/user4/আ/আ_20260711_215803_gtb1nz.mp4,0.887269,1.055816,3,0.002046,-0.009809,0.023842
1,1,20260711_215803_gtb1nz__outer01__inner01__aug02,20260711_215803_gtb1nz,user4,আ,output/user4/আ/আ_20260711_215803_gtb1nz.mp4,1.147329,0.883107,5,0.076347,-0.016072,-0.010893
1,1,20260711_215803_gtb1nz__outer01__inner01__aug03,20260711_215803_gtb1nz,user4,আ,output/user4/আ/আ_20260711_215803_gtb1nz.mp4,1.105185,0.957186,3,0.023397,0.001047,0.001031
1,1,20260711_215826_09me7o__outer01__inner01__aug01,20260711_215826_09me7o,user4,আ,output/user4/আ/আ_20260711_215826_09me7o.mp4,1.149087,0.96818,5,0.059261,0.031363,-0.038614
1,1,20260711_215826_09me7o__outer01__inner01__aug02,20260711_215826_09me7o,user4,আ,output/user4/আ/আ_20260711_215826_09me7o.mp4,0.902747,1.139809,5,0.08541,0.028803,0.000821
1,1,20260711_215826_09me7o__outer01__inner01__aug03,20260711_215826_09me7o,user4,আ,output/user4/আ/আ_20260711_215826_09me7o.mp4,1.049793,0.981771,3,0.006158,-0.047202,-0.04147
1,1,20260711_215850_2a6qfe__outer01__inner01__aug01,20260711_215850_2a6qfe,user4,আ,output/user4/আ/আ_20260711_215850_2a6qfe.mp4,1.128735,1.13328,3,0.067113,0.005081,0.00224
1,1,20260711_215850_2a6qfe__outer01__inner01__aug02,20260711_215850_2a6qfe,user4,আ,output/user4/আ/আ_20260711_215850_2a6qfe.mp4,1.024268,0.988302,3,0.055062,0.025997,-0.011743
1,1,20260711_215850_2a6qfe__outer01__inner01__aug03,20260711_215850_2a6qfe,user4,আ,output/user4/আ/আ_20260711_215850_2a6qfe.mp4,0.977454,1.014673,5,0.069028,0.009061,0.018242
1,1,20260711_211613_pni7yl__outer01__inner01__aug01,20260711_211613_pni7yl,user4,ই,output/user4/ই/ই_20260711_211613_pni7yl.mp4,0.854586,1.037849,5,0.023083,-0.025662,0.020514
1,1,20260711_211613_pni7yl__outer01__inner01__aug02,20260711_211613_pni7yl,user4,ই,output/user4/ই/ই_20260711_211613_pni7yl.mp4,0.906081,1.063551,5,0.049138,0.040318,0.022115
1,1,20260711_211613_pni7yl__outer01__inner01__aug03,20260711_211613_pni7yl,user4,ই,output/user4/ই/ই_20260711_211613_pni7yl.mp4,0.871578,0.998387,3,0.002011,-0.039444,0.041924
1,1,20260711_211631_omhqof__outer01__inner01__aug01,20260711_211631_omhqof,user4,ই,output/user4/ই/ই_20260711_211631_omhqof.mp4,1.062585,0.883575,5,0.01037,-0.024027,-0.002933
1,1,20260711_211631_omhqof__outer01__inner01__aug02,20260711_211631_omhqof,user4,ই,output/user4/ই/ই_20260711_211631_omhqof.mp4,0.924443,1.053621,3,0.055361,-0.008262,0.046666
1,1,20260711_211631_omhqof__outer01__inner01__aug03,20260711_211631_omhqof,user4,ই,output/user4/ই/ই_20260711_211631_omhqof.mp4,1.099744,0.93806,5,0.015034,-0.025979,-0.043088
1,1,20260711_215916_5xq3ym__outer01__inner01__aug01,20260711_215916_5xq3ym,user4,ই,output/user4/ই/ই_20260711_215916_5xq3ym.mp4,0.900871,0.958574,5,0.004257,0.013277,0.03649
1,1,20260711_215916_5xq3ym__outer01__inner01__aug02,20260711_215916_5xq3ym,user4,ই,output/user4/ই/ই_20260711_215916_5xq3ym.mp4,0.850655,0.979969,5,0.048021,0.008959,-0.037587
1,1,20260711_215916_5xq3ym__outer01__inner01__aug03,20260711_215916_5xq3ym,user4,ই,output/user4/ই/ই_20260711_215916_5xq3ym.mp4,0.881662,1.059895,5,0.002713,-0.003676,0.016581
1,1,20260711_215928_ckxbi5__outer01__inner01__aug01,20260711_215928_ckxbi5,user4,ই,output/user4/ই/ই_20260711_215928_ckxbi5.mp4,0.871894,0.954583,5,0.062147,-0.011633,-0.040517
1,1,20260711_215928_ckxbi5__outer01__inner01__aug02,20260711_215928_ckxbi5,user4,ই,output/user4/ই/ই_20260711_215928_ckxbi5.mp4,0.952807,1.027476,5,0.054523,-0.005374,0.00985
1,1,20260711_215928_ckxbi5__outer01__inner01__aug03,20260711_215928_ckxbi5,user4,ই,output/user4/ই/ই_20260711_215928_ckxbi5.mp4,1.121937,1.067849,5,0.007226,-0.026125,0.022552
1,1,20260711_215945_ovgs11__outer01__inner01__aug01,20260711_215945_ovgs11,user4,ই,output/user4/ই/ই_20260711_215945_ovgs11.mp4,0.962382,1.025493,3,0.07242,0.002286,0.04041
1,1,20260711_215945_ovgs11__outer01__inner01__aug02,20260711_215945_ovgs11,user4,ই,output/user4/ই/ই_20260711_215945_ovgs11.mp4,1.015654,0.96216,5,0.026538,0.024529,-0.007448
1,1,20260711_215945_ovgs11__outer01__inner01__aug03,20260711_215945_ovgs11,user4,ই,output/user4/ই/ই_20260711_215945_ovgs11.mp4,1.101799,1.133719,3,0.086268,0.04316,-0.005758
1,1,20260711_215959_axw0jl__outer01__inner01__aug01,20260711_215959_axw0jl,user4,ই,output/user4/ই/ই_20260711_215959_axw0jl.mp4,1.143545,1.078939,5,0.051543,0.048883,0.04921
1,1,20260711_215959_axw0jl__outer01__inner01__aug02,20260711_215959_axw0jl,user4,ই,output/user4/ই/ই_20260711_215959_axw0jl.mp4,0.994807,1.041084,3,0.00017,0.019686,-0.008396
1,1,20260711_215959_axw0jl__outer01__inner01__aug03,20260711_215959_axw0jl,user4,ই,output/user4/ই/ই_20260711_215959_axw0jl.mp4,0.942501,1.107389,5,0.003,-0.044292,0.012661
1,1,20260711_220013_x16qxh__outer01__inner01__aug01,20260711_220013_x16qxh,user4,ই,output/user4/ই/ই_20260711_220013_x16qxh.mp4,0.945537,1.000968,5,0.065765,-0.025165,-0.009194
1,1,20260711_220013_x16qxh__outer01__inner01__aug02,20260711_220013_x16qxh,user4,ই,output/user4/ই/ই_20260711_220013_x16qxh.mp4,1.120568,0.982009,5,0.092876,0.020358,-0.021989
1,1,20260711_220013_x16qxh__outer01__inner01__aug03,20260711_220013_x16qxh,user4,ই,output/user4/ই/ই_20260711_220013_x16qxh.mp4,1.107471,1.042585,5,0.079007,0.009393,0.023471
1,1,20260711_220027_1j40u6__outer01__inner01__aug01,20260711_220027_1j40u6,user4,ই,output/user4/ই/ই_20260711_220027_1j40u6.mp4,0.976999,1.093272,5,0.095262,-0.023222,0.000453
1,1,20260711_220027_1j40u6__outer01__inner01__aug02,20260711_220027_1j40u6,user4,ই,output/user4/ই/ই_20260711_220027_1j40u6.mp4,0.871839,0.954826,3,0.074109,0.035552,-0.000282
1,1,20260711_220027_1j40u6__outer01__inner01__aug03,20260711_220027_1j40u6,user4,ই,output/user4/ই/ই_20260711_220027_1j40u6.mp4,0.968614,0.967517,3,0.057522,-0.019222,-0.038848
1,1,20260711_220043_yyhe4o__outer01__inner01__aug01,20260711_220043_yyhe4o,user4,ই,output/user4/ই/ই_20260711_220043_yyhe4o.mp4,0.895044,0.967206,5,0.004965,-0.043029,-0.01743
1,1,20260711_220043_yyhe4o__outer01__inner01__aug02,20260711_220043_yyhe4o,user4,ই,output/user4/ই/ই_20260711_220043_yyhe4o.mp4,0.923899,0.898177,3,0.001414,-0.035819,-0.043122
1,1,20260711_220043_yyhe4o__outer01__inner01__aug03,20260711_220043_yyhe4o,user4,ই,output/user4/ই/ই_20260711_220043_yyhe4o.mp4,0.926142,0.897656,3,0.002457,0.021802,-0.030219
1,1,20260711_220058_6cy90j__outer01__inner01__aug01,20260711_220058_6cy90j,user4,ই,output/user4/ই/ই_20260711_220058_6cy90j.mp4,0.877613,0.891294,3,0.030911,-0.01324,0.028075
1,1,20260711_220058_6cy90j__outer01__inner01__aug02,20260711_220058_6cy90j,user4,ই,output/user4/ই/ই_20260711_220058_6cy90j.mp4,1.123733,0.881946,5,0.007461,-0.030508,0.022989
1,1,20260711_220058_6cy90j__outer01__inner01__aug03,20260711_220058_6cy90j,user4,ই,output/user4/ই/ই_20260711_220058_6cy90j.mp4,0.861895,1.006682,5,0.068462,-0.032293,0.00809
1,1,20260711_220112_94lc88__outer01__inner01__aug01,20260711_220112_94lc88,user4,ই,output/user4/ই/ই_20260711_220112_94lc88.mp4,1.0354,0.996711,5,0.081852,-0.043832,0.038214
1,1,20260711_220112_94lc88__outer01__inner01__aug02,20260711_220112_94lc88,user4,ই,output/user4/ই/ই_20260711_220112_94lc88.mp4,1.018437,0.870503,3,0.044933,-0.049677,-0.038637
1,1,20260711_220112_94lc88__outer01__inner01__aug03,20260711_220112_94lc88,user4,ই,output/user4/ই/ই_20260711_220112_94lc88.mp4,0.896816,1.108805,3,0.051552,-0.027681,-0.032927
1,1,20260711_220132_3b6d70__outer01__inner01__aug01,20260711_220132_3b6d70,user4,ই,output/user4/ই/ই_20260711_220132_3b6d70.mp4,1.096577,1.053378,3,0.022982,-0.04785,0.034555
1,1,20260711_220132_3b6d70__outer01__inner01__aug02,20260711_220132_3b6d70,user4,ই,output/user4/ই/ই_20260711_220132_3b6d70.mp4,1.137435,0.962848,3,0.075138,-0.009854,-0.041682
1,1,20260711_220132_3b6d70__outer01__inner01__aug03,20260711_220132_3b6d70,user4,ই,output/user4/ই/ই_20260711_220132_3b6d70.mp4,1.140476,1.047083,5,0.079589,-0.001027,0.038417
1,1,20260711_220151_kjuuzh__outer01__inner01__aug01,20260711_220151_kjuuzh,user4,ই,output/user4/ই/ই_20260711_220151_kjuuzh.mp4,1.049384,0.882464,3,0.031148,0.005196,0.02742
1,1,20260711_220151_kjuuzh__outer01__inner01__aug02,20260711_220151_kjuuzh,user4,ই,output/user4/ই/ই_20260711_220151_kjuuzh.mp4,1.133824,0.904581,3,0.041935,0.001527,-0.009092
1,1,20260711_220151_kjuuzh__outer01__inner01__aug03,20260711_220151_kjuuzh,user4,ই,output/user4/ই/ই_20260711_220151_kjuuzh.mp4,1.081348,0.921171,5,0.032266,-0.006326,0.013001
1,1,20260711_220205_cr3boy__outer01__inner01__aug01,20260711_220205_cr3boy,user4,ই,output/user4/ই/ই_20260711_220205_cr3boy.mp4,0.962296,0.862042,3,0.095295,-0.020231,-0.039919
1,1,20260711_220205_cr3boy__outer01__inner01__aug02,20260711_220205_cr3boy,user4,ই,output/user4/ই/ই_20260711_220205_cr3boy.mp4,1.074597,0.967747,3,0.071438,-0.004038,0.041727
1,1,20260711_220205_cr3boy__outer01__inner01__aug03,20260711_220205_cr3boy,user4,ই,output/user4/ই/ই_20260711_220205_cr3boy.mp4,0.890566,1.147805,3,0.062867,0.015135,-0.011839
1,1,20260711_220217_85rgxu__outer01__inner01__aug01,20260711_220217_85rgxu,user4,ই,output/user4/ই/ই_20260711_220217_85rgxu.mp4,1.05075,0.9845,5,0.022559,-0.043035,-0.01124
1,1,20260711_220217_85rgxu__outer01__inner01__aug02,20260711_220217_85rgxu,user4,ই,output/user4/ই/ই_20260711_220217_85rgxu.mp4,0.917848,0.916314,5,0.080365,-0.027301,-0.017292
1,1,20260711_220217_85rgxu__outer01__inner01__aug03,20260711_220217_85rgxu,user4,ই,output/user4/ই/ই_20260711_220217_85rgxu.mp4,0.85821,0.924132,3,0.023343,0.048705,-0.04087
1,1,20260711_220235_4uai7u__outer01__inner01__aug01,20260711_220235_4uai7u,user4,ই,output/user4/ই/ই_20260711_220235_4uai7u.mp4,1.103131,0.987178,5,0.001215,-0.020826,0.004249
1,1,20260711_220235_4uai7u__outer01__inner01__aug02,20260711_220235_4uai7u,user4,ই,output/user4/ই/ই_20260711_220235_4uai7u.mp4,1.042507,1.001517,3,0.093684,0.014257,0.024069
1,1,20260711_220235_4uai7u__outer01__inner01__aug03,20260711_220235_4uai7u,user4,ই,output/user4/ই/ই_20260711_220235_4uai7u.mp4,0.922393,1.065261,3,0.046838,0.045905,0.040943
1,1,20260711_220308_e7l7wm__outer01__inner01__aug01,20260711_220308_e7l7wm,user4,ই,output/user4/ই/ই_20260711_220308_e7l7wm.mp4,0.949244,1.045225,3,0.022275,-0.034848,-0.023938
1,1,20260711_220308_e7l7wm__outer01__inner01__aug02,20260711_220308_e7l7wm,user4,ই,output/user4/ই/ই_20260711_220308_e7l7wm.mp4,1.0182,0.922923,3,0.098926,-0.034088,-0.0409
1,1,20260711_220308_e7l7wm__outer01__inner01__aug03,20260711_220308_e7l7wm,user4,ই,output/user4/ই/ই_20260711_220308_e7l7wm.mp4,0.974218,0.900189,5,0.016424,0.024788,-0.042226
1,1,20260711_220404_itceug__outer01__inner01__aug01,20260711_220404_itceug,user4,ঈ,output/user4/ঈ/ঈ_20260711_220404_itceug.mp4,0.852443,0.853246,5,0.035729,0.022521,-0.034093
1,1,20260711_220404_itceug__outer01__inner01__aug02,20260711_220404_itceug,user4,ঈ,output/user4/ঈ/ঈ_20260711_220404_itceug.mp4,0.853516,0.934918,3,0.058111,-0.032347,-0.016649
1,1,20260711_220404_itceug__outer01__inner01__aug03,20260711_220404_itceug,user4,ঈ,output/user4/ঈ/ঈ_20260711_220404_itceug.mp4,0.928716,0.949508,5,0.097548,-0.015431,0.045857
1,1,20260711_220444_r35mfs__outer01__inner01__aug01,20260711_220444_r35mfs,user4,ঈ,output/user4/ঈ/ঈ_20260711_220444_r35mfs.mp4,0.987867,0.943968,3,0.098263,-0.021231,0.009472
1,1,20260711_220444_r35mfs__outer01__inner01__aug02,20260711_220444_r35mfs,user4,ঈ,output/user4/ঈ/ঈ_20260711_220444_r35mfs.mp4,0.989014,1.025065,3,0.021901,-0.015633,-0.041264
1,1,20260711_220444_r35mfs__outer01__inner01__aug03,20260711_220444_r35mfs,user4,ঈ,output/user4/ঈ/ঈ_20260711_220444_r35mfs.mp4,0.963957,1.143134,3,0.008782,0.030786,-0.042594
1,1,20260711_220519_ila5ji__outer01__inner01__aug01,20260711_220519_ila5ji,user4,ঈ,output/user4/ঈ/ঈ_20260711_220519_ila5ji.mp4,0.902121,0.942081,3,0.041978,0.018058,0.038809
1,1,20260711_220519_ila5ji__outer01__inner01__aug02,20260711_220519_ila5ji,user4,ঈ,output/user4/ঈ/ঈ_20260711_220519_ila5ji.mp4,0.853436,0.886315,5,0.057199,-0.020387,-0.043405
1,1,20260711_220519_ila5ji__outer01__inner01__aug03,20260711_220519_ila5ji,user4,ঈ,output/user4/ঈ/ঈ_20260711_220519_ila5ji.mp4,1.034677,0.921986,3,0.032503,-0.022326,-0.026357
1,1,20260711_220543_7o5bd0__outer01__inner01__aug01,20260711_220543_7o5bd0,user4,ঈ,output/user4/ঈ/ঈ_20260711_220543_7o5bd0.mp4,1.108406,0.978234,3,0.05836,-0.022597,-0.009603
1,1,20260711_220543_7o5bd0__outer01__inner01__aug02,20260711_220543_7o5bd0,user4,ঈ,output/user4/ঈ/ঈ_20260711_220543_7o5bd0.mp4,0.859667,1.047004,3,0.002594,-0.012414,-0.041147
1,1,20260711_220543_7o5bd0__outer01__inner01__aug03,20260711_220543_7o5bd0,user4,ঈ,output/user4/ঈ/ঈ_20260711_220543_7o5bd0.mp4,1.05406,1.109308,3,0.044755,-0.027373,0.035992
1,1,20260711_220606_essesa__outer01__inner01__aug01,20260711_220606_essesa,user4,ঈ,output/user4/ঈ/ঈ_20260711_220606_essesa.mp4,0.94529,0.933419,5,0.083341,-0.012188,0.017157
1,1,20260711_220606_essesa__outer01__inner01__aug02,20260711_220606_essesa,user4,ঈ,output/user4/ঈ/ঈ_20260711_220606_essesa.mp4,1.069621,0.991477,3,0.037442,0.038545,0.028817
1,1,20260711_220606_essesa__outer01__inner01__aug03,20260711_220606_essesa,user4,ঈ,output/user4/ঈ/ঈ_20260711_220606_essesa.mp4,0.90002,1.126088,5,0.019612,0.031182,-0.049931
1,1,20260711_220641_ufswp1__outer01__inner01__aug01,20260711_220641_ufswp1,user4,ঈ,output/user4/ঈ/ঈ_20260711_220641_ufswp1.mp4,0.876902,0.98908,5,0.003755,0.040058,-0.02548
1,1,20260711_220641_ufswp1__outer01__inner01__aug02,20260711_220641_ufswp1,user4,ঈ,output/user4/ঈ/ঈ_20260711_220641_ufswp1.mp4,1.105961,0.901992,5,0.034098,0.041336,-0.010324
1,1,20260711_220641_ufswp1__outer01__inner01__aug03,20260711_220641_ufswp1,user4,ঈ,output/user4/ঈ/ঈ_20260711_220641_ufswp1.mp4,1.063299,0.999446,3,0.008129,0.034247,-0.015486
1,1,20260711_220701_y1rftt__outer01__inner01__aug01,20260711_220701_y1rftt,user4,ঈ,output/user4/ঈ/ঈ_20260711_220701_y1rftt.mp4,1.135457,0.985218,5,0.058047,0.009239,0.016752
1,1,20260711_220701_y1rftt__outer01__inner01__aug02,20260711_220701_y1rftt,user4,ঈ,output/user4/ঈ/ঈ_20260711_220701_y1rftt.mp4,1.02318,0.901529,5,0.085943,0.027108,0.014536
1,1,20260711_220701_y1rftt__outer01__inner01__aug03,20260711_220701_y1rftt,user4,ঈ,output/user4/ঈ/ঈ_20260711_220701_y1rftt.mp4,0.952598,1.12976,3,0.086832,0.018553,-0.029917
1,1,20260711_220721_h9k2mi__outer01__inner01__aug01,20260711_220721_h9k2mi,user4,ঈ,output/user4/ঈ/ঈ_20260711_220721_h9k2mi.mp4,0.88143,0.928418,5,0.073027,-0.000399,-0.04294
1,1,20260711_220721_h9k2mi__outer01__inner01__aug02,20260711_220721_h9k2mi,user4,ঈ,output/user4/ঈ/ঈ_20260711_220721_h9k2mi.mp4,1.108184,0.866485,3,0.09807,-0.014555,0.038262
1,1,20260711_220721_h9k2mi__outer01__inner01__aug03,20260711_220721_h9k2mi,user4,ঈ,output/user4/ঈ/ঈ_20260711_220721_h9k2mi.mp4,0.946973,1.023987,3,0.045494,0.012432,0.040136
1,1,20260711_220738_j2qzn6__outer01__inner01__aug01,20260711_220738_j2qzn6,user4,ঈ,output/user4/ঈ/ঈ_20260711_220738_j2qzn6.mp4,1.035133,1.136962,3,0.046953,0.030026,0.041604
1,1,20260711_220738_j2qzn6__outer01__inner01__aug02,20260711_220738_j2qzn6,user4,ঈ,output/user4/ঈ/ঈ_20260711_220738_j2qzn6.mp4,1.097591,0.907447,3,0.032593,0.024082,0.020384
1,1,20260711_220738_j2qzn6__outer01__inner01__aug03,20260711_220738_j2qzn6,user4,ঈ,output/user4/ঈ/ঈ_20260711_220738_j2qzn6.mp4,1.123874,0.969068,3,0.003381,0.030288,0.036396
1,1,20260711_220751_axw80l__outer01__inner01__aug01,20260711_220751_axw80l,user4,ঈ,output/user4/ঈ/ঈ_20260711_220751_axw80l.mp4,1.148403,0.919746,5,0.093032,0.049488,0.046521
1,1,20260711_220751_axw80l__outer01__inner01__aug02,20260711_220751_axw80l,user4,ঈ,output/user4/ঈ/ঈ_20260711_220751_axw80l.mp4,1.077619,1.022462,5,0.060254,-0.019931,0.001879
1,1,20260711_220751_axw80l__outer01__inner01__aug03,20260711_220751_axw80l,user4,ঈ,output/user4/ঈ/ঈ_20260711_220751_axw80l.mp4,0.996487,1.040939,3,0.032827,-0.032764,0.040035
1,1,20260711_220807_mldxj2__outer01__inner01__aug01,20260711_220807_mldxj2,user4,ঈ,output/user4/ঈ/ঈ_20260711_220807_mldxj2.mp4,0.988727,0.89539,5,0.084769,0.019812,0.040235
1,1,20260711_220807_mldxj2__outer01__inner01__aug02,20260711_220807_mldxj2,user4,ঈ,output/user4/ঈ/ঈ_20260711_220807_mldxj2.mp4,1.018598,1.123395,3,0.021967,0.048696,-0.016247
1,1,20260711_220807_mldxj2__outer01__inner01__aug03,20260711_220807_mldxj2,user4,ঈ,output/user4/ঈ/ঈ_20260711_220807_mldxj2.mp4,0.947656,1.076356,3,0.032618,-0.008635,-0.012632
1,1,20260711_220822_wgaxvc__outer01__inner01__aug01,20260711_220822_wgaxvc,user4,ঈ,output/user4/ঈ/ঈ_20260711_220822_wgaxvc.mp4,0.983864,0.861106,5,0.063569,-0.001731,0.007009
1,1,20260711_220822_wgaxvc__outer01__inner01__aug02,20260711_220822_wgaxvc,user4,ঈ,output/user4/ঈ/ঈ_20260711_220822_wgaxvc.mp4,0.85252,0.874528,3,0.096968,-0.002842,0.025056
1,1,20260711_220822_wgaxvc__outer01__inner01__aug03,20260711_220822_wgaxvc,user4,ঈ,output/user4/ঈ/ঈ_20260711_220822_wgaxvc.mp4,0.867881,1.078519,3,0.041654,0.041614,-0.045829
1,1,20260711_220837_dby4gx__outer01__inner01__aug01,20260711_220837_dby4gx,user4,ঈ,output/user4/ঈ/ঈ_20260711_220837_dby4gx.mp4,0.886144,0.952869,3,0.020968,-0.03914,-0.001114
1,1,20260711_220837_dby4gx__outer01__inner01__aug02,20260711_220837_dby4gx,user4,ঈ,output/user4/ঈ/ঈ_20260711_220837_dby4gx.mp4,0.924642,1.048338,3,0.034485,0.039729,-0.025099
1,1,20260711_220837_dby4gx__outer01__inner01__aug03,20260711_220837_dby4gx,user4,ঈ,output/user4/ঈ/ঈ_20260711_220837_dby4gx.mp4,0.942237,1.102344,5,0.035456,-0.041834,-0.034385
1,1,20260711_220850_xo5kch__outer01__inner01__aug01,20260711_220850_xo5kch,user4,ঈ,output/user4/ঈ/ঈ_20260711_220850_xo5kch.mp4,1.011213,1.132309,3,0.020357,-0.018398,-0.049415
1,1,20260711_220850_xo5kch__outer01__inner01__aug02,20260711_220850_xo5kch,user4,ঈ,output/user4/ঈ/ঈ_20260711_220850_xo5kch.mp4,1.031379,0.898177,5,0.097012,0.027459,-0.022731
1,1,20260711_220850_xo5kch__outer01__inner01__aug03,20260711_220850_xo5kch,user4,ঈ,output/user4/ঈ/ঈ_20260711_220850_xo5kch.mp4,0.958929,0.982939,5,0.057955,-0.031719,0.046925
1,1,20260711_220906_ehc737__outer01__inner01__aug01,20260711_220906_ehc737,user4,ঈ,output/user4/ঈ/ঈ_20260711_220906_ehc737.mp4,1.146203,0.951879,5,0.028043,0.035714,-0.003282
1,1,20260711_220906_ehc737__outer01__inner01__aug02,20260711_220906_ehc737,user4,ঈ,output/user4/ঈ/ঈ_20260711_220906_ehc737.mp4,0.859242,0.909524,3,0.096486,0.041458,-0.003513
1,1,20260711_220906_ehc737__outer01__inner01__aug03,20260711_220906_ehc737,user4,ঈ,output/user4/ঈ/ঈ_20260711_220906_ehc737.mp4,0.930845,1.109586,3,0.022782,-0.004069,-0.007584
1,2,20260711_220930_a944cy__outer01__inner02__aug01,20260711_220930_a944cy,for_bonhi,ঔ,output/for_bonhi/ঔ/ঔ_20260711_220930_a944cy.mp4,0.935306,0.915113,3,0.053501,-0.036169,0.006295
1,2,20260711_220930_a944cy__outer01__inner02__aug02,20260711_220930_a944cy,for_bonhi,ঔ,output/for_bonhi/ঔ/ঔ_20260711_220930_a944cy.mp4,1.039389,0.88234,3,0.082022,0.011861,0.047941
1,2,20260711_220930_a944cy__outer01__inner02__aug03,20260711_220930_a944cy,for_bonhi,ঔ,output/for_bonhi/ঔ/ঔ_20260711_220930_a944cy.mp4,1.131003,0.996623,3,0.073641,-0.044297,-0.01189
1,2,20260704_232121_lcxi4y__outer01__inner02__aug01,20260704_232121_lcxi4y,user2,অ,output/user2/অ/অ_20260704_232121_lcxi4y.mp4,0.938259,1.00695,3,0.046937,0.047777,-0.000609
1,2,20260704_232121_lcxi4y__outer01__inner02__aug02,20260704_232121_lcxi4y,user2,অ,output/user2/অ/অ_20260704_232121_lcxi4y.mp4,0.862773,1.04111,3,0.010652,-0.020245,0.044807
1,2,20260704_232121_lcxi4y__outer01__inner02__aug03,20260704_232121_lcxi4y,user2,অ,output/user2/অ/অ_20260704_232121_lcxi4y.mp4,0.97859,1.099285,5,0.070902,-0.015409,-0.021518
1,2,20260728_232630_znnts0__outer01__inner02__aug01,20260728_232630_znnts0,user2,অ,output/user2/অ/অ_20260728_232630_znnts0.mp4,1.07826,0.905639,5,0.047619,0.03253,0.022776
1,2,20260728_232630_znnts0__outer01__inner02__aug02,20260728_232630_znnts0,user2,অ,output/user2/অ/অ_20260728_232630_znnts0.mp4,1.032259,1.071442,5,0.085133,-0.031528,0.041198
1,2,20260728_232630_znnts0__outer01__inner02__aug03,20260728_232630_znnts0,user2,অ,output/user2/অ/অ_20260728_232630_znnts0.mp4,0.873378,1.053295,5,0.060505,0.034671,0.026645
1,2,20260728_232652_hdsmyh__outer01__inner02__aug01,20260728_232652_hdsmyh,user2,অ,output/user2/অ/অ_20260728_232652_hdsmyh.mp4,1.037832,1.10586,3,0.048568,0.040531,0.045822
1,2,20260728_232652_hdsmyh__outer01__inner02__aug02,20260728_232652_hdsmyh,user2,অ,output/user2/অ/অ_20260728_232652_hdsmyh.mp4,1.076094,1.008385,3,0.00077,-0.02651,-0.031819
1,2,20260728_232652_hdsmyh__outer01__inner02__aug03,20260728_232652_hdsmyh,user2,অ,output/user2/অ/অ_20260728_232652_hdsmyh.mp4,0.991081,1.096965,3,0.054678,0.006105,0.035852
1,2,20260728_232714_hincfq__outer01__inner02__aug01,20260728_232714_hincfq,user2,অ,output/user2/অ/অ_20260728_232714_hincfq.mp4,1.119535,1.097232,5,0.066815,-0.001626,0.048409
1,2,20260728_232714_hincfq__outer01__inner02__aug02,20260728_232714_hincfq,user2,অ,output/user2/অ/অ_20260728_232714_hincfq.mp4,0.909921,0.879912,5,0.014731,-0.028069,-0.028398
1,2,20260728_232714_hincfq__outer01__inner02__aug03,20260728_232714_hincfq,user2,অ,output/user2/অ/অ_20260728_232714_hincfq.mp4,0.910784,1.043813,5,0.010007,0.017589,0.012852
1,2,20260728_232741_j1gvgu__outer01__inner02__aug01,20260728_232741_j1gvgu,user2,অ,output/user2/অ/অ_20260728_232741_j1gvgu.mp4,0.973452,0.921867,5,0.062299,-0.02469,0.034338
1,2,20260728_232741_j1gvgu__outer01__inner02__aug02,20260728_232741_j1gvgu,user2,অ,output/user2/অ/অ_20260728_232741_j1gvgu.mp4,0.874957,1.114219,5,0.070827,-0.004226,0.041709
1,2,20260728_232741_j1gvgu__outer01__inner02__aug03,20260728_232741_j1gvgu,user2,অ,output/user2/অ/অ_20260728_232741_j1gvgu.mp4,0.893856,0.935805,5,0.007049,0.010029,-0.028463
1,2,20260704_232148_mqf5ea__outer01__inner02__aug01,20260704_232148_mqf5ea,user2,আ,output/user2/আ/আ_20260704_232148_mqf5ea.mp4,1.0766,1.142495,3,0.012715,-0.039401,-0.044026
1,2,20260704_232148_mqf5ea__outer01__inner02__aug02,20260704_232148_mqf5ea,user2,আ,output/user2/আ/আ_20260704_232148_mqf5ea.mp4,0.898285,1.019417,5,0.03613,-0.045363,-0.004722
1,2,20260704_232148_mqf5ea__outer01__inner02__aug03,20260704_232148_mqf5ea,user2,আ,output/user2/আ/আ_20260704_232148_mqf5ea.mp4,0.925399,1.101203,5,0.091515,0.049391,0.044131
1,2,20260728_232436_9i4gi8__outer01__inner02__aug01,20260728_232436_9i4gi8,user2,আ,output/user2/আ/আ_20260728_232436_9i4gi8.mp4,1.140951,0.868326,3,0.092599,-0.04275,0.000839
1,2,20260728_232436_9i4gi8__outer01__inner02__aug02,20260728_232436_9i4gi8,user2,আ,output/user2/আ/আ_20260728_232436_9i4gi8.mp4,0.927959,1.087147,3,0.097362,0.0119,-0.026059
1,2,20260728_232436_9i4gi8__outer01__inner02__aug03,20260728_232436_9i4gi8,user2,আ,output/user2/আ/আ_20260728_232436_9i4gi8.mp4,1.095674,0.894857,3,0.025611,0.016124,-0.043526
1,2,20260728_232459_m6l3cf__outer01__inner02__aug01,20260728_232459_m6l3cf,user2,আ,output/user2/আ/আ_20260728_232459_m6l3cf.mp4,0.86158,1.043444,5,0.090256,0.044081,0.025832
1,2,20260728_232459_m6l3cf__outer01__inner02__aug02,20260728_232459_m6l3cf,user2,আ,output/user2/আ/আ_20260728_232459_m6l3cf.mp4,1.133075,0.918975,3,0.04358,-0.027925,0.032756
1,2,20260728_232459_m6l3cf__outer01__inner02__aug03,20260728_232459_m6l3cf,user2,আ,output/user2/আ/আ_20260728_232459_m6l3cf.mp4,0.974929,0.934748,3,0.01301,-0.028993,-0.011002
1,2,20260728_232520_l4uaan__outer01__inner02__aug01,20260728_232520_l4uaan,user2,আ,output/user2/আ/আ_20260728_232520_l4uaan.mp4,1.112131,1.140017,5,0.007018,0.03606,-0.03536
1,2,20260728_232520_l4uaan__outer01__inner02__aug02,20260728_232520_l4uaan,user2,আ,output/user2/আ/আ_20260728_232520_l4uaan.mp4,1.126222,1.126138,5,0.020066,-0.012833,-0.037695
1,2,20260728_232520_l4uaan__outer01__inner02__aug03,20260728_232520_l4uaan,user2,আ,output/user2/আ/আ_20260728_232520_l4uaan.mp4,1.060911,1.03331,3,0.027724,-0.023587,-0.036763
1,2,20260728_232556_dwfz7c__outer01__inner02__aug01,20260728_232556_dwfz7c,user2,আ,output/user2/আ/আ_20260728_232556_dwfz7c.mp4,0.897963,1.136485,5,0.003046,-0.041926,-0.022595
1,2,20260728_232556_dwfz7c__outer01__inner02__aug02,20260728_232556_dwfz7c,user2,আ,output/user2/আ/আ_20260728_232556_dwfz7c.mp4,0.979812,0.951657,5,0.050029,0.019106,0.022606
1,2,20260728_232556_dwfz7c__outer01__inner02__aug03,20260728_232556_dwfz7c,user2,আ,output/user2/আ/আ_20260728_232556_dwfz7c.mp4,1.08388,0.930913,5,0.097081,-0.013187,-0.027617
1,2,20260704_232218_jf6rio__outer01__inner02__aug01,20260704_232218_jf6rio,user2,ই,output/user2/ই/ই_20260704_232218_jf6rio.mp4,0.946585,1.143714,5,0.024287,0.042777,-0.018412
1,2,20260704_232218_jf6rio__outer01__inner02__aug02,20260704_232218_jf6rio,user2,ই,output/user2/ই/ই_20260704_232218_jf6rio.mp4,0.850636,1.129947,3,0.078886,0.043886,0.043151
1,2,20260704_232218_jf6rio__outer01__inner02__aug03,20260704_232218_jf6rio,user2,ই,output/user2/ই/ই_20260704_232218_jf6rio.mp4,0.862337,1.121627,5,0.075452,-0.020165,-0.003616
1,2,20260728_232810_781yo6__outer01__inner02__aug01,20260728_232810_781yo6,user2,ই,output/user2/ই/ই_20260728_232810_781yo6.mp4,0.868245,1.140189,3,0.063482,0.021122,0.03426
1,2,20260728_232810_781yo6__outer01__inner02__aug02,20260728_232810_781yo6,user2,ই,output/user2/ই/ই_20260728_232810_781yo6.mp4,0.923622,1.090951,5,0.091504,-0.010304,0.02013
1,2,20260728_232810_781yo6__outer01__inner02__aug03,20260728_232810_781yo6,user2,ই,output/user2/ই/ই_20260728_232810_781yo6.mp4,0.935886,1.062191,3,0.017726,-0.042741,-0.034711
1,2,20260728_232836_pvgrxn__outer01__inner02__aug01,20260728_232836_pvgrxn,user2,ই,output/user2/ই/ই_20260728_232836_pvgrxn.mp4,1.10322,1.102687,5,0.013157,0.028377,0.015116
1,2,20260728_232836_pvgrxn__outer01__inner02__aug02,20260728_232836_pvgrxn,user2,ই,output/user2/ই/ই_20260728_232836_pvgrxn.mp4,1.005896,1.05709,5,0.071949,-0.008639,-0.034753
1,2,20260728_232836_pvgrxn__outer01__inner02__aug03,20260728_232836_pvgrxn,user2,ই,output/user2/ই/ই_20260728_232836_pvgrxn.mp4,1.030169,1.142845,3,0.095321,0.045195,0.036518
1,2,20260728_233118_pcjncu__outer01__inner02__aug01,20260728_233118_pcjncu,user2,ই,output/user2/ই/ই_20260728_233118_pcjncu.mp4,1.148676,1.01399,5,0.022412,0.016832,0.043747
1,2,20260728_233118_pcjncu__outer01__inner02__aug02,20260728_233118_pcjncu,user2,ই,output/user2/ই/ই_20260728_233118_pcjncu.mp4,0.921067,1.067732,5,0.028045,0.042744,0.020175
1,2,20260728_233118_pcjncu__outer01__inner02__aug03,20260728_233118_pcjncu,user2,ই,output/user2/ই/ই_20260728_233118_pcjncu.mp4,1.054983,0.911258,5,0.045241,0.019939,0.019029
1,2,20260728_233205_n417cm__outer01__inner02__aug01,20260728_233205_n417cm,user2,ই,output/user2/ই/ই_20260728_233205_n417cm.mp4,0.987308,0.975482,3,0.072261,-0.022653,-0.030142
1,2,20260728_233205_n417cm__outer01__inner02__aug02,20260728_233205_n417cm,user2,ই,output/user2/ই/ই_20260728_233205_n417cm.mp4,1.107341,0.867084,5,0.059684,0.030945,0.001736
1,2,20260728_233205_n417cm__outer01__inner02__aug03,20260728_233205_n417cm,user2,ই,output/user2/ই/ই_20260728_233205_n417cm.mp4,1.043366,1.149563,5,0.006131,-0.013117,-0.020956
1,2,20260704_232243_1fsapx__outer01__inner02__aug01,20260704_232243_1fsapx,user2,ঈ,output/user2/ঈ/ঈ_20260704_232243_1fsapx.mp4,1.066644,1.088024,3,0.001935,-0.048461,0.011432
1,2,20260704_232243_1fsapx__outer01__inner02__aug02,20260704_232243_1fsapx,user2,ঈ,output/user2/ঈ/ঈ_20260704_232243_1fsapx.mp4,1.004361,1.064635,5,0.011203,-0.007753,0.021884
1,2,20260704_232243_1fsapx__outer01__inner02__aug03,20260704_232243_1fsapx,user2,ঈ,output/user2/ঈ/ঈ_20260704_232243_1fsapx.mp4,0.98164,0.884005,3,0.036171,-0.048892,0.039297
1,2,20260728_233238_q39ioy__outer01__inner02__aug01,20260728_233238_q39ioy,user2,ঈ,output/user2/ঈ/ঈ_20260728_233238_q39ioy.mp4,0.890135,0.984059,3,0.07117,0.017048,-0.004217
1,2,20260728_233238_q39ioy__outer01__inner02__aug02,20260728_233238_q39ioy,user2,ঈ,output/user2/ঈ/ঈ_20260728_233238_q39ioy.mp4,1.060866,0.865749,5,0.034466,-0.01199,0.038383
1,2,20260728_233238_q39ioy__outer01__inner02__aug03,20260728_233238_q39ioy,user2,ঈ,output/user2/ঈ/ঈ_20260728_233238_q39ioy.mp4,0.982124,1.070112,3,0.04877,0.025525,0.033925
1,2,20260728_233302_e8k0ge__outer01__inner02__aug01,20260728_233302_e8k0ge,user2,ঈ,output/user2/ঈ/ঈ_20260728_233302_e8k0ge.mp4,1.063011,1.081633,5,0.056888,0.022852,-0.004414
1,2,20260728_233302_e8k0ge__outer01__inner02__aug02,20260728_233302_e8k0ge,user2,ঈ,output/user2/ঈ/ঈ_20260728_233302_e8k0ge.mp4,0.905194,0.983785,3,0.010936,-0.036273,0.017976
1,2,20260728_233302_e8k0ge__outer01__inner02__aug03,20260728_233302_e8k0ge,user2,ঈ,output/user2/ঈ/ঈ_20260728_233302_e8k0ge.mp4,1.149188,1.050557,3,0.027029,-0.029618,-0.046006
1,2,20260728_233333_nvf18a__outer01__inner02__aug01,20260728_233333_nvf18a,user2,ঈ,output/user2/ঈ/ঈ_20260728_233333_nvf18a.mp4,0.977466,1.027417,3,0.044591,0.014499,-0.040065
1,2,20260728_233333_nvf18a__outer01__inner02__aug02,20260728_233333_nvf18a,user2,ঈ,output/user2/ঈ/ঈ_20260728_233333_nvf18a.mp4,0.972482,1.070369,5,0.027677,-0.026141,-0.014027
1,2,20260728_233333_nvf18a__outer01__inner02__aug03,20260728_233333_nvf18a,user2,ঈ,output/user2/ঈ/ঈ_20260728_233333_nvf18a.mp4,0.963246,0.89654,3,0.004454,0.042834,0.049627
1,2,20260728_233359_9wg8n4__outer01__inner02__aug01,20260728_233359_9wg8n4,user2,ঈ,output/user2/ঈ/ঈ_20260728_233359_9wg8n4.mp4,0.927291,0.930644,5,0.087319,0.046276,0.049742
1,2,20260728_233359_9wg8n4__outer01__inner02__aug02,20260728_233359_9wg8n4,user2,ঈ,output/user2/ঈ/ঈ_20260728_233359_9wg8n4.mp4,0.922781,1.141258,5,0.080806,0.007032,-0.041513
1,2,20260728_233359_9wg8n4__outer01__inner02__aug03,20260728_233359_9wg8n4,user2,ঈ,output/user2/ঈ/ঈ_20260728_233359_9wg8n4.mp4,1.11276,0.914726,5,0.079806,0.042128,-0.005498
1,2,20260711_211455_ab7vb3__outer01__inner02__aug01,20260711_211455_ab7vb3,user4,অ,output/user4/অ/অ_20260711_211455_ab7vb3.mp4,0.925599,1.149054,3,0.072603,-0.006306,0.024834
1,2,20260711_211455_ab7vb3__outer01__inner02__aug02,20260711_211455_ab7vb3,user4,অ,output/user4/অ/অ_20260711_211455_ab7vb3.mp4,1.080513,0.965176,5,0.022136,0.017912,-0.019272
1,2,20260711_211455_ab7vb3__outer01__inner02__aug03,20260711_211455_ab7vb3,user4,অ,output/user4/অ/অ_20260711_211455_ab7vb3.mp4,0.850743,0.90468,5,0.044517,0.021256,-0.015419
1,2,20260711_214733_y28o8p__outer01__inner02__aug01,20260711_214733_y28o8p,user4,অ,output/user4/অ/অ_20260711_214733_y28o8p.mp4,0.88963,0.94008,5,0.090246,-0.007899,-0.00065
1,2,20260711_214733_y28o8p__outer01__inner02__aug02,20260711_214733_y28o8p,user4,অ,output/user4/অ/অ_20260711_214733_y28o8p.mp4,1.147389,0.869711,3,0.083083,-0.002009,0.048169
1,2,20260711_214733_y28o8p__outer01__inner02__aug03,20260711_214733_y28o8p,user4,অ,output/user4/অ/অ_20260711_214733_y28o8p.mp4,0.88536,0.975911,5,0.024118,-0.023013,0.001932
1,2,20260711_214747_h8ad4n__outer01__inner02__aug01,20260711_214747_h8ad4n,user4,অ,output/user4/অ/অ_20260711_214747_h8ad4n.mp4,1.012129,1.117906,5,0.066994,-0.030264,0.041712
1,2,20260711_214747_h8ad4n__outer01__inner02__aug02,20260711_214747_h8ad4n,user4,অ,output/user4/অ/অ_20260711_214747_h8ad4n.mp4,0.938191,1.052677,5,0.0243,-0.045017,0.038629
1,2,20260711_214747_h8ad4n__outer01__inner02__aug03,20260711_214747_h8ad4n,user4,অ,output/user4/অ/অ_20260711_214747_h8ad4n.mp4,0.893125,1.098933,3,0.039766,0.034922,-0.027898
1,2,20260711_214802_iotb3d__outer01__inner02__aug01,20260711_214802_iotb3d,user4,অ,output/user4/অ/অ_20260711_214802_iotb3d.mp4,0.899819,0.866019,3,0.072383,0.015009,-0.005604
1,2,20260711_214802_iotb3d__outer01__inner02__aug02,20260711_214802_iotb3d,user4,অ,output/user4/অ/অ_20260711_214802_iotb3d.mp4,0.906512,0.999009,5,0.092202,0.048808,0.02635
1,2,20260711_214802_iotb3d__outer01__inner02__aug03,20260711_214802_iotb3d,user4,অ,output/user4/অ/অ_20260711_214802_iotb3d.mp4,1.149797,0.923101,5,0.098538,0.033517,-0.04414
1,2,20260711_214818_1kqyjw__outer01__inner02__aug01,20260711_214818_1kqyjw,user4,অ,output/user4/অ/অ_20260711_214818_1kqyjw.mp4,1.052132,1.012375,5,0.016787,0.046105,0.017712
1,2,20260711_214818_1kqyjw__outer01__inner02__aug02,20260711_214818_1kqyjw,user4,অ,output/user4/অ/অ_20260711_214818_1kqyjw.mp4,0.984714,0.953308,3,0.054261,-0.025646,0.04582
1,2,20260711_214818_1kqyjw__outer01__inner02__aug03,20260711_214818_1kqyjw,user4,অ,output/user4/অ/অ_20260711_214818_1kqyjw.mp4,1.036917,0.93054,3,0.001705,0.0338,0.031766
1,2,20260711_214838_nmfk2j__outer01__inner02__aug01,20260711_214838_nmfk2j,user4,অ,output/user4/অ/অ_20260711_214838_nmfk2j.mp4,1.039477,0.982296,5,0.047749,0.042988,-0.009792
1,2,20260711_214838_nmfk2j__outer01__inner02__aug02,20260711_214838_nmfk2j,user4,অ,output/user4/অ/অ_20260711_214838_nmfk2j.mp4,0.856516,1.012295,3,0.077525,0.001949,0.004533
1,2,20260711_214838_nmfk2j__outer01__inner02__aug03,20260711_214838_nmfk2j,user4,অ,output/user4/অ/অ_20260711_214838_nmfk2j.mp4,1.065839,1.037466,5,0.05461,0.030519,0.025668
1,2,20260711_214856_wh1jdl__outer01__inner02__aug01,20260711_214856_wh1jdl,user4,অ,output/user4/অ/অ_20260711_214856_wh1jdl.mp4,0.966618,0.92332,5,0.051773,0.004856,0.035601
1,2,20260711_214856_wh1jdl__outer01__inner02__aug02,20260711_214856_wh1jdl,user4,অ,output/user4/অ/অ_20260711_214856_wh1jdl.mp4,1.139573,0.992693,5,0.028776,-0.031794,-0.039684
1,2,20260711_214856_wh1jdl__outer01__inner02__aug03,20260711_214856_wh1jdl,user4,অ,output/user4/অ/অ_20260711_214856_wh1jdl.mp4,0.933349,0.877612,5,0.070772,0.018441,-0.033497
1,2,20260711_214912_5jyzoq__outer01__inner02__aug01,20260711_214912_5jyzoq,user4,অ,output/user4/অ/অ_20260711_214912_5jyzoq.mp4,0.98409,0.977203,5,0.038392,-0.039112,0.025944
1,2,20260711_214912_5jyzoq__outer01__inner02__aug02,20260711_214912_5jyzoq,user4,অ,output/user4/অ/অ_20260711_214912_5jyzoq.mp4,0.984818,0.964613,5,0.002623,0.013983,0.01929
1,2,20260711_214912_5jyzoq__outer01__inner02__aug03,20260711_214912_5jyzoq,user4,অ,output/user4/অ/অ_20260711_214912_5jyzoq.mp4,0.850546,1.131127,3,0.028319,0.029422,0.009983
1,2,20260711_215025_9ahjj1__outer01__inner02__aug01,20260711_215025_9ahjj1,user4,অ,output/user4/অ/অ_20260711_215025_9ahjj1.mp4,0.937319,0.910291,3,0.031625,-0.037082,0.032651
1,2,20260711_215025_9ahjj1__outer01__inner02__aug02,20260711_215025_9ahjj1,user4,অ,output/user4/অ/অ_20260711_215025_9ahjj1.mp4,1.078312,0.995713,3,0.003069,-0.03097,0.04482
1,2,20260711_215025_9ahjj1__outer01__inner02__aug03,20260711_215025_9ahjj1,user4,অ,output/user4/অ/অ_20260711_215025_9ahjj1.mp4,1.035254,0.897652,3,0.075393,0.008755,0.044518
1,2,20260711_215040_totmvz__outer01__inner02__aug01,20260711_215040_totmvz,user4,অ,output/user4/অ/অ_20260711_215040_totmvz.mp4,0.903295,0.854989,3,0.026723,0.012318,-0.023911
1,2,20260711_215040_totmvz__outer01__inner02__aug02,20260711_215040_totmvz,user4,অ,output/user4/অ/অ_20260711_215040_totmvz.mp4,0.895119,1.132376,3,0.086651,0.021294,0.023511
1,2,20260711_215040_totmvz__outer01__inner02__aug03,20260711_215040_totmvz,user4,অ,output/user4/অ/অ_20260711_215040_totmvz.mp4,0.925487,0.96442,3,0.080803,0.003173,-0.014286
1,2,20260711_215057_m3q3bw__outer01__inner02__aug01,20260711_215057_m3q3bw,user4,অ,output/user4/অ/অ_20260711_215057_m3q3bw.mp4,1.144653,0.966993,5,0.071592,0.048981,-0.037459
1,2,20260711_215057_m3q3bw__outer01__inner02__aug02,20260711_215057_m3q3bw,user4,অ,output/user4/অ/অ_20260711_215057_m3q3bw.mp4,0.89695,0.879572,5,0.039515,-0.010235,0.038471
1,2,20260711_215057_m3q3bw__outer01__inner02__aug03,20260711_215057_m3q3bw,user4,অ,output/user4/অ/অ_20260711_215057_m3q3bw.mp4,0.995798,0.908073,5,0.061204,0.012738,0.048261
1,2,20260711_215120_wa3iw4__outer01__inner02__aug01,20260711_215120_wa3iw4,user4,অ,output/user4/অ/অ_20260711_215120_wa3iw4.mp4,0.872257,1.046281,5,0.030792,-0.02552,0.028658
1,2,20260711_215120_wa3iw4__outer01__inner02__aug02,20260711_215120_wa3iw4,user4,অ,output/user4/অ/অ_20260711_215120_wa3iw4.mp4,0.924351,0.985957,5,0.08104,-0.043618,-0.005993
1,2,20260711_215120_wa3iw4__outer01__inner02__aug03,20260711_215120_wa3iw4,user4,অ,output/user4/অ/অ_20260711_215120_wa3iw4.mp4,1.052463,1.03099,3,0.051539,0.022487,0.002008
1,2,20260711_215140_jzmdn9__outer01__inner02__aug01,20260711_215140_jzmdn9,user4,অ,output/user4/অ/অ_20260711_215140_jzmdn9.mp4,0.872176,0.993886,3,0.009664,0.045761,0.047302
1,2,20260711_215140_jzmdn9__outer01__inner02__aug02,20260711_215140_jzmdn9,user4,অ,output/user4/অ/অ_20260711_215140_jzmdn9.mp4,1.019378,1.050156,5,0.050576,-0.022831,0.003554
1,2,20260711_215140_jzmdn9__outer01__inner02__aug03,20260711_215140_jzmdn9,user4,অ,output/user4/অ/অ_20260711_215140_jzmdn9.mp4,0.871951,1.044931,5,0.062551,-0.040834,-0.016861
1,2,20260711_215153_8dj6mi__outer01__inner02__aug01,20260711_215153_8dj6mi,user4,অ,output/user4/অ/অ_20260711_215153_8dj6mi.mp4,0.976297,0.993123,3,0.046821,-0.011508,0.028589
1,2,20260711_215153_8dj6mi__outer01__inner02__aug02,20260711_215153_8dj6mi,user4,অ,output/user4/অ/অ_20260711_215153_8dj6mi.mp4,1.145773,1.072318,5,0.008439,-0.040519,-0.032463
1,2,20260711_215153_8dj6mi__outer01__inner02__aug03,20260711_215153_8dj6mi,user4,অ,output/user4/অ/অ_20260711_215153_8dj6mi.mp4,1.017465,0.948235,3,0.017131,-0.010178,-0.025889
1,2,20260711_215210_14cuph__outer01__inner02__aug01,20260711_215210_14cuph,user4,অ,output/user4/অ/অ_20260711_215210_14cuph.mp4,1.109958,1.066146,3,0.028539,0.039591,0.004784
1,2,20260711_215210_14cuph__outer01__inner02__aug02,20260711_215210_14cuph,user4,অ,output/user4/অ/অ_20260711_215210_14cuph.mp4,0.879999,0.993936,5,0.064801,-0.039401,0.017415
1,2,20260711_215210_14cuph__outer01__inner02__aug03,20260711_215210_14cuph,user4,অ,output/user4/অ/অ_20260711_215210_14cuph.mp4,1.007491,1.052925,5,0.077796,-0.036766,-0.040123
1,2,20260711_215224_s1nefb__outer01__inner02__aug01,20260711_215224_s1nefb,user4,অ,output/user4/অ/অ_20260711_215224_s1nefb.mp4,0.894064,1.14507,5,0.097753,-0.017861,-0.034241
1,2,20260711_215224_s1nefb__outer01__inner02__aug02,20260711_215224_s1nefb,user4,অ,output/user4/অ/অ_20260711_215224_s1nefb.mp4,1.072196,0.981085,5,0.064664,-0.010722,0.037433
1,2,20260711_215224_s1nefb__outer01__inner02__aug03,20260711_215224_s1nefb,user4,অ,output/user4/অ/অ_20260711_215224_s1nefb.mp4,1.13879,0.993754,5,0.05461,0.007206,-0.011824
1,2,20260711_211553_8q738s__outer01__inner02__aug01,20260711_211553_8q738s,user4,আ,output/user4/আ/আ_20260711_211553_8q738s.mp4,1.102961,1.089867,3,0.062284,-0.045987,-0.023999
1,2,20260711_211553_8q738s__outer01__inner02__aug02,20260711_211553_8q738s,user4,আ,output/user4/আ/আ_20260711_211553_8q738s.mp4,0.904188,1.033827,3,0.047539,0.017927,0.027658
1,2,20260711_211553_8q738s__outer01__inner02__aug03,20260711_211553_8q738s,user4,আ,output/user4/আ/আ_20260711_211553_8q738s.mp4,0.904614,1.136391,3,0.058724,-0.003974,-0.035179
1,2,20260711_215326_rdw0i7__outer01__inner02__aug01,20260711_215326_rdw0i7,user4,আ,output/user4/আ/আ_20260711_215326_rdw0i7.mp4,1.109922,1.095637,5,0.009467,-0.037818,0.013939
1,2,20260711_215326_rdw0i7__outer01__inner02__aug02,20260711_215326_rdw0i7,user4,আ,output/user4/আ/আ_20260711_215326_rdw0i7.mp4,0.919196,0.860886,5,0.005381,-0.04567,-0.014099
1,2,20260711_215326_rdw0i7__outer01__inner02__aug03,20260711_215326_rdw0i7,user4,আ,output/user4/আ/আ_20260711_215326_rdw0i7.mp4,0.865329,1.020067,5,0.009036,-0.0294,0.011644
1,2,20260711_215355_gtir0d__outer01__inner02__aug01,20260711_215355_gtir0d,user4,আ,output/user4/আ/আ_20260711_215355_gtir0d.mp4,0.919408,1.068001,5,0.026742,0.016482,0.017969
1,2,20260711_215355_gtir0d__outer01__inner02__aug02,20260711_215355_gtir0d,user4,আ,output/user4/আ/আ_20260711_215355_gtir0d.mp4,0.905303,1.041133,3,0.028512,0.025673,-0.001295
1,2,20260711_215355_gtir0d__outer01__inner02__aug03,20260711_215355_gtir0d,user4,আ,output/user4/আ/আ_20260711_215355_gtir0d.mp4,0.999272,1.108719,3,0.002192,-0.031085,-0.027932
1,2,20260711_215413_4z3pac__outer01__inner02__aug01,20260711_215413_4z3pac,user4,আ,output/user4/আ/আ_20260711_215413_4z3pac.mp4,1.102061,1.075784,5,0.056904,-0.049039,0.027743
1,2,20260711_215413_4z3pac__outer01__inner02__aug02,20260711_215413_4z3pac,user4,আ,output/user4/আ/আ_20260711_215413_4z3pac.mp4,0.972637,0.855629,3,0.033646,6.5e-05,-0.006244
1,2,20260711_215413_4z3pac__outer01__inner02__aug03,20260711_215413_4z3pac,user4,আ,output/user4/আ/আ_20260711_215413_4z3pac.mp4,1.136147,0.973029,5,0.081579,0.027889,0.013989
1,2,20260711_215505_noe4fp__outer01__inner02__aug01,20260711_215505_noe4fp,user4,আ,output/user4/আ/আ_20260711_215505_noe4fp.mp4,0.888281,0.961242,5,0.076936,0.034458,0.040932
1,2,20260711_215505_noe4fp__outer01__inner02__aug02,20260711_215505_noe4fp,user4,আ,output/user4/আ/আ_20260711_215505_noe4fp.mp4,1.126198,0.884002,5,0.022518,-0.035047,0.023285
1,2,20260711_215505_noe4fp__outer01__inner02__aug03,20260711_215505_noe4fp,user4,আ,output/user4/আ/আ_20260711_215505_noe4fp.mp4,1.132203,1.085348,3,0.049541,0.048267,0.016221
1,2,20260711_215527_oaoi6c__outer01__inner02__aug01,20260711_215527_oaoi6c,user4,আ,output/user4/আ/আ_20260711_215527_oaoi6c.mp4,1.112953,0.890736,3,0.039225,0.003719,-0.011287
1,2,20260711_215527_oaoi6c__outer01__inner02__aug02,20260711_215527_oaoi6c,user4,আ,output/user4/আ/আ_20260711_215527_oaoi6c.mp4,1.142735,1.078202,3,0.080209,-0.003427,0.021527
1,2,20260711_215527_oaoi6c__outer01__inner02__aug03,20260711_215527_oaoi6c,user4,আ,output/user4/আ/আ_20260711_215527_oaoi6c.mp4,1.068699,0.995768,5,0.091464,0.001013,0.015917
1,2,20260711_215554_41w3p4__outer01__inner02__aug01,20260711_215554_41w3p4,user4,আ,output/user4/আ/আ_20260711_215554_41w3p4.mp4,1.006673,0.928069,3,0.030262,-0.036351,0.024419
1,2,20260711_215554_41w3p4__outer01__inner02__aug02,20260711_215554_41w3p4,user4,আ,output/user4/আ/আ_20260711_215554_41w3p4.mp4,0.920913,1.065707,5,0.027938,0.04169,0.008943
1,2,20260711_215554_41w3p4__outer01__inner02__aug03,20260711_215554_41w3p4,user4,আ,output/user4/আ/আ_20260711_215554_41w3p4.mp4,1.021124,1.066836,5,0.040119,0.013375,0.039883
1,2,20260711_215623_q6sua3__outer01__inner02__aug01,20260711_215623_q6sua3,user4,আ,output/user4/আ/আ_20260711_215623_q6sua3.mp4,1.037657,1.108763,5,0.065799,-0.009815,0.016915
1,2,20260711_215623_q6sua3__outer01__inner02__aug02,20260711_215623_q6sua3,user4,আ,output/user4/আ/আ_20260711_215623_q6sua3.mp4,0.936501,1.09607,5,0.08154,-0.011547,-0.00773
1,2,20260711_215623_q6sua3__outer01__inner02__aug03,20260711_215623_q6sua3,user4,আ,output/user4/আ/আ_20260711_215623_q6sua3.mp4,0.897883,0.984817,5,0.034859,-0.001731,-0.017496
1,2,20260711_215646_y25z4x__outer01__inner02__aug01,20260711_215646_y25z4x,user4,আ,output/user4/আ/আ_20260711_215646_y25z4x.mp4,0.871724,0.934845,5,0.055139,0.035246,-0.040496
1,2,20260711_215646_y25z4x__outer01__inner02__aug02,20260711_215646_y25z4x,user4,আ,output/user4/আ/আ_20260711_215646_y25z4x.mp4,1.145831,0.961284,3,0.087041,0.038698,-0.006847
1,2,20260711_215646_y25z4x__outer01__inner02__aug03,20260711_215646_y25z4x,user4,আ,output/user4/আ/আ_20260711_215646_y25z4x.mp4,0.911659,1.009816,3,0.017939,-0.004608,0.008261
1,2,20260711_215701_i0we24__outer01__inner02__aug01,20260711_215701_i0we24,user4,আ,output/user4/আ/আ_20260711_215701_i0we24.mp4,1.13205,1.066568,5,0.020106,0.009264,0.044336
1,2,20260711_215701_i0we24__outer01__inner02__aug02,20260711_215701_i0we24,user4,আ,output/user4/আ/আ_20260711_215701_i0we24.mp4,1.099152,0.986355,3,0.000254,-0.036245,-0.029472
1,2,20260711_215701_i0we24__outer01__inner02__aug03,20260711_215701_i0we24,user4,আ,output/user4/আ/আ_20260711_215701_i0we24.mp4,0.94228,0.9982,5,0.026903,0.020172,-0.021274
1,2,20260711_215719_fym8k2__outer01__inner02__aug01,20260711_215719_fym8k2,user4,আ,output/user4/আ/আ_20260711_215719_fym8k2.mp4,0.967824,1.072989,5,0.078615,0.009751,0.003232
1,2,20260711_215719_fym8k2__outer01__inner02__aug02,20260711_215719_fym8k2,user4,আ,output/user4/আ/আ_20260711_215719_fym8k2.mp4,1.022364,0.898715,5,0.082941,0.037249,-0.049631
1,2,20260711_215719_fym8k2__outer01__inner02__aug03,20260711_215719_fym8k2,user4,আ,output/user4/আ/আ_20260711_215719_fym8k2.mp4,0.90657,0.915926,3,0.08411,0.042952,0.037175
1,2,20260711_215732_e3wli4__outer01__inner02__aug01,20260711_215732_e3wli4,user4,আ,output/user4/আ/আ_20260711_215732_e3wli4.mp4,1.089327,0.897083,3,0.021709,0.039893,-0.035639
1,2,20260711_215732_e3wli4__outer01__inner02__aug02,20260711_215732_e3wli4,user4,আ,output/user4/আ/আ_20260711_215732_e3wli4.mp4,1.100516,0.929246,5,0.044513,-0.026932,0.030435
1,2,20260711_215732_e3wli4__outer01__inner02__aug03,20260711_215732_e3wli4,user4,আ,output/user4/আ/আ_20260711_215732_e3wli4.mp4,0.978133,0.856006,5,0.041794,0.026967,-0.016361
1,2,20260711_215746_pw5glc__outer01__inner02__aug01,20260711_215746_pw5glc,user4,আ,output/user4/আ/আ_20260711_215746_pw5glc.mp4,0.879926,0.876662,5,0.095981,0.023619,0.036581
1,2,20260711_215746_pw5glc__outer01__inner02__aug02,20260711_215746_pw5glc,user4,আ,output/user4/আ/আ_20260711_215746_pw5glc.mp4,1.027735,0.921292,5,0.075404,-0.042934,0.00489
1,2,20260711_215746_pw5glc__outer01__inner02__aug03,20260711_215746_pw5glc,user4,আ,output/user4/আ/আ_20260711_215746_pw5glc.mp4,0.984698,1.100242,3,0.012194,-0.035126,-0.019135
1,2,20260711_215803_gtb1nz__outer01__inner02__aug01,20260711_215803_gtb1nz,user4,আ,output/user4/আ/আ_20260711_215803_gtb1nz.mp4,1.111021,1.070412,5,0.065801,0.015302,0.002581
1,2,20260711_215803_gtb1nz__outer01__inner02__aug02,20260711_215803_gtb1nz,user4,আ,output/user4/আ/আ_20260711_215803_gtb1nz.mp4,0.913637,1.09222,5,0.004257,0.033789,-0.037834
1,2,20260711_215803_gtb1nz__outer01__inner02__aug03,20260711_215803_gtb1nz,user4,আ,output/user4/আ/আ_20260711_215803_gtb1nz.mp4,1.124615,0.951965,5,0.048039,-0.040286,-0.021596
1,2,20260711_215826_09me7o__outer01__inner02__aug01,20260711_215826_09me7o,user4,আ,output/user4/আ/আ_20260711_215826_09me7o.mp4,0.875476,1.000582,5,0.009124,-0.007453,-0.033983
1,2,20260711_215826_09me7o__outer01__inner02__aug02,20260711_215826_09me7o,user4,আ,output/user4/আ/আ_20260711_215826_09me7o.mp4,1.099404,0.968877,5,0.054437,0.016865,0.029575
1,2,20260711_215826_09me7o__outer01__inner02__aug03,20260711_215826_09me7o,user4,আ,output/user4/আ/আ_20260711_215826_09me7o.mp4,0.920899,0.922906,5,0.044311,0.007634,0.004153
1,2,20260711_215850_2a6qfe__outer01__inner02__aug01,20260711_215850_2a6qfe,user4,আ,output/user4/আ/আ_20260711_215850_2a6qfe.mp4,0.905787,0.986014,5,0.003565,-0.040687,-0.004643
1,2,20260711_215850_2a6qfe__outer01__inner02__aug02,20260711_215850_2a6qfe,user4,আ,output/user4/আ/আ_20260711_215850_2a6qfe.mp4,0.941155,0.896402,5,0.011967,-0.005496,-0.005254
1,2,20260711_215850_2a6qfe__outer01__inner02__aug03,20260711_215850_2a6qfe,user4,আ,output/user4/আ/আ_20260711_215850_2a6qfe.mp4,1.008226,0.91924,5,0.037459,0.033292,0.019972
1,2,20260711_211613_pni7yl__outer01__inner02__aug01,20260711_211613_pni7yl,user4,ই,output/user4/ই/ই_20260711_211613_pni7yl.mp4,1.04182,1.037726,3,0.051087,-0.03553,-0.028557
1,2,20260711_211613_pni7yl__outer01__inner02__aug02,20260711_211613_pni7yl,user4,ই,output/user4/ই/ই_20260711_211613_pni7yl.mp4,1.142222,1.094998,5,0.022126,-0.001827,-0.043961
1,2,20260711_211613_pni7yl__outer01__inner02__aug03,20260711_211613_pni7yl,user4,ই,output/user4/ই/ই_20260711_211613_pni7yl.mp4,1.026784,0.97045,5,0.042447,0.01122,-0.033699
1,2,20260711_211631_omhqof__outer01__inner02__aug01,20260711_211631_omhqof,user4,ই,output/user4/ই/ই_20260711_211631_omhqof.mp4,1.003022,0.97613,3,0.016905,0.019688,0.013917
1,2,20260711_211631_omhqof__outer01__inner02__aug02,20260711_211631_omhqof,user4,ই,output/user4/ই/ই_20260711_211631_omhqof.mp4,0.951534,1.094673,5,0.031964,0.031621,-0.002795
1,2,20260711_211631_omhqof__outer01__inner02__aug03,20260711_211631_omhqof,user4,ই,output/user4/ই/ই_20260711_211631_omhqof.mp4,1.141274,0.935404,3,0.007603,-0.0255,0.043181
1,2,20260711_215916_5xq3ym__outer01__inner02__aug01,20260711_215916_5xq3ym,user4,ই,output/user4/ই/ই_20260711_215916_5xq3ym.mp4,0.975887,1.030866,5,0.04456,0.003166,0.009875
1,2,20260711_215916_5xq3ym__outer01__inner02__aug02,20260711_215916_5xq3ym,user4,ই,output/user4/ই/ই_20260711_215916_5xq3ym.mp4,1.04195,0.859096,5,0.071622,0.031159,0.03226
1,2,20260711_215916_5xq3ym__outer01__inner02__aug03,20260711_215916_5xq3ym,user4,ই,output/user4/ই/ই_20260711_215916_5xq3ym.mp4,1.035309,1.005068,3,0.030919,0.014583,-0.007135
1,2,20260711_215928_ckxbi5__outer01__inner02__aug01,20260711_215928_ckxbi5,user4,ই,output/user4/ই/ই_20260711_215928_ckxbi5.mp4,0.978454,0.990424,5,0.04351,-0.020074,-0.027051
1,2,20260711_215928_ckxbi5__outer01__inner02__aug02,20260711_215928_ckxbi5,user4,ই,output/user4/ই/ই_20260711_215928_ckxbi5.mp4,1.063034,0.99782,3,0.032282,0.012224,0.024729
1,2,20260711_215928_ckxbi5__outer01__inner02__aug03,20260711_215928_ckxbi5,user4,ই,output/user4/ই/ই_20260711_215928_ckxbi5.mp4,1.100631,1.118662,5,0.031538,0.012863,-0.019386
1,2,20260711_215945_ovgs11__outer01__inner02__aug01,20260711_215945_ovgs11,user4,ই,output/user4/ই/ই_20260711_215945_ovgs11.mp4,0.856472,0.92513,5,0.052633,0.046488,-0.033862
1,2,20260711_215945_ovgs11__outer01__inner02__aug02,20260711_215945_ovgs11,user4,ই,output/user4/ই/ই_20260711_215945_ovgs11.mp4,0.889052,1.014597,5,0.027429,-0.002704,-0.020784
1,2,20260711_215945_ovgs11__outer01__inner02__aug03,20260711_215945_ovgs11,user4,ই,output/user4/ই/ই_20260711_215945_ovgs11.mp4,0.993144,0.879037,5,0.034693,-0.038874,0.043563
1,2,20260711_215959_axw0jl__outer01__inner02__aug01,20260711_215959_axw0jl,user4,ই,output/user4/ই/ই_20260711_215959_axw0jl.mp4,0.862066,1.103379,3,0.088828,-0.011827,0.01006
1,2,20260711_215959_axw0jl__outer01__inner02__aug02,20260711_215959_axw0jl,user4,ই,output/user4/ই/ই_20260711_215959_axw0jl.mp4,0.898037,0.89978,5,0.097236,0.032675,0.000517
1,2,20260711_215959_axw0jl__outer01__inner02__aug03,20260711_215959_axw0jl,user4,ই,output/user4/ই/ই_20260711_215959_axw0jl.mp4,1.003883,1.090029,5,0.03743,-0.017772,0.010094
1,2,20260711_220013_x16qxh__outer01__inner02__aug01,20260711_220013_x16qxh,user4,ই,output/user4/ই/ই_20260711_220013_x16qxh.mp4,1.114704,0.987682,3,0.054594,-0.035677,-0.032889
1,2,20260711_220013_x16qxh__outer01__inner02__aug02,20260711_220013_x16qxh,user4,ই,output/user4/ই/ই_20260711_220013_x16qxh.mp4,0.902304,1.092227,5,0.082875,0.008845,0.015683
1,2,20260711_220013_x16qxh__outer01__inner02__aug03,20260711_220013_x16qxh,user4,ই,output/user4/ই/ই_20260711_220013_x16qxh.mp4,1.122168,0.978319,5,0.041928,-0.026842,-0.021261
1,2,20260711_220027_1j40u6__outer01__inner02__aug01,20260711_220027_1j40u6,user4,ই,output/user4/ই/ই_20260711_220027_1j40u6.mp4,0.965851,0.964435,3,0.045645,-0.008178,-0.041782
1,2,20260711_220027_1j40u6__outer01__inner02__aug02,20260711_220027_1j40u6,user4,ই,output/user4/ই/ই_20260711_220027_1j40u6.mp4,0.923595,0.946318,3,0.03368,-0.030558,0.040876
1,2,20260711_220027_1j40u6__outer01__inner02__aug03,20260711_220027_1j40u6,user4,ই,output/user4/ই/ই_20260711_220027_1j40u6.mp4,1.106094,0.940025,3,0.064423,-0.020348,-0.001732
1,2,20260711_220043_yyhe4o__outer01__inner02__aug01,20260711_220043_yyhe4o,user4,ই,output/user4/ই/ই_20260711_220043_yyhe4o.mp4,1.031843,0.88651,3,0.057061,-0.005871,0.014518
1,2,20260711_220043_yyhe4o__outer01__inner02__aug02,20260711_220043_yyhe4o,user4,ই,output/user4/ই/ই_20260711_220043_yyhe4o.mp4,0.921864,1.080213,3,0.022132,-0.016456,-0.00642
1,2,20260711_220043_yyhe4o__outer01__inner02__aug03,20260711_220043_yyhe4o,user4,ই,output/user4/ই/ই_20260711_220043_yyhe4o.mp4,0.970586,1.03301,3,0.011021,0.02515,0.04878
1,2,20260711_220058_6cy90j__outer01__inner02__aug01,20260711_220058_6cy90j,user4,ই,output/user4/ই/ই_20260711_220058_6cy90j.mp4,0.865771,1.059482,5,0.046067,0.014535,-0.025878
1,2,20260711_220058_6cy90j__outer01__inner02__aug02,20260711_220058_6cy90j,user4,ই,output/user4/ই/ই_20260711_220058_6cy90j.mp4,0.864077,0.853547,5,0.073569,-0.043801,0.02729
1,2,20260711_220058_6cy90j__outer01__inner02__aug03,20260711_220058_6cy90j,user4,ই,output/user4/ই/ই_20260711_220058_6cy90j.mp4,0.966422,0.861686,5,0.006752,0.041892,0.033405
1,2,20260711_220112_94lc88__outer01__inner02__aug01,20260711_220112_94lc88,user4,ই,output/user4/ই/ই_20260711_220112_94lc88.mp4,0.91714,1.035424,5,0.092434,-0.04928,0.030633
1,2,20260711_220112_94lc88__outer01__inner02__aug02,20260711_220112_94lc88,user4,ই,output/user4/ই/ই_20260711_220112_94lc88.mp4,0.899583,1.142883,5,0.082179,0.034184,0.011076
1,2,20260711_220112_94lc88__outer01__inner02__aug03,20260711_220112_94lc88,user4,ই,output/user4/ই/ই_20260711_220112_94lc88.mp4,1.054399,0.954053,5,0.076068,-0.035871,-0.040519
1,2,20260711_220132_3b6d70__outer01__inner02__aug01,20260711_220132_3b6d70,user4,ই,output/user4/ই/ই_20260711_220132_3b6d70.mp4,0.941458,1.106224,5,0.039792,0.001239,0.029832
1,2,20260711_220132_3b6d70__outer01__inner02__aug02,20260711_220132_3b6d70,user4,ই,output/user4/ই/ই_20260711_220132_3b6d70.mp4,1.043988,0.988398,5,0.039212,-0.024543,-0.040591
1,2,20260711_220132_3b6d70__outer01__inner02__aug03,20260711_220132_3b6d70,user4,ই,output/user4/ই/ই_20260711_220132_3b6d70.mp4,0.872872,0.895533,3,0.092311,0.016664,-0.045235
1,2,20260711_220151_kjuuzh__outer01__inner02__aug01,20260711_220151_kjuuzh,user4,ই,output/user4/ই/ই_20260711_220151_kjuuzh.mp4,0.90431,0.991406,5,0.082358,0.022119,0.002799
1,2,20260711_220151_kjuuzh__outer01__inner02__aug02,20260711_220151_kjuuzh,user4,ই,output/user4/ই/ই_20260711_220151_kjuuzh.mp4,1.034086,0.923602,5,0.022756,-0.036647,-0.030906
1,2,20260711_220151_kjuuzh__outer01__inner02__aug03,20260711_220151_kjuuzh,user4,ই,output/user4/ই/ই_20260711_220151_kjuuzh.mp4,0.993633,1.04325,3,0.056197,-0.048108,0.011113
1,2,20260711_220205_cr3boy__outer01__inner02__aug01,20260711_220205_cr3boy,user4,ই,output/user4/ই/ই_20260711_220205_cr3boy.mp4,0.867744,1.148637,5,0.013153,0.019674,0.034358
1,2,20260711_220205_cr3boy__outer01__inner02__aug02,20260711_220205_cr3boy,user4,ই,output/user4/ই/ই_20260711_220205_cr3boy.mp4,1.138568,0.879114,5,0.064614,-0.007439,0.040645
1,2,20260711_220205_cr3boy__outer01__inner02__aug03,20260711_220205_cr3boy,user4,ই,output/user4/ই/ই_20260711_220205_cr3boy.mp4,0.967059,0.957627,3,0.002455,-0.038561,0.005046
1,2,20260711_220217_85rgxu__outer01__inner02__aug01,20260711_220217_85rgxu,user4,ই,output/user4/ই/ই_20260711_220217_85rgxu.mp4,0.862483,0.985255,5,0.053184,-0.046699,0.009192
1,2,20260711_220217_85rgxu__outer01__inner02__aug02,20260711_220217_85rgxu,user4,ই,output/user4/ই/ই_20260711_220217_85rgxu.mp4,1.060197,0.928344,3,0.078645,-0.010544,-0.032402
1,2,20260711_220217_85rgxu__outer01__inner02__aug03,20260711_220217_85rgxu,user4,ই,output/user4/ই/ই_20260711_220217_85rgxu.mp4,1.060985,0.88584,5,0.062611,-0.011726,0.011198
1,2,20260711_220235_4uai7u__outer01__inner02__aug01,20260711_220235_4uai7u,user4,ই,output/user4/ই/ই_20260711_220235_4uai7u.mp4,1.122782,1.102113,3,0.083322,0.031991,-0.034538
1,2,20260711_220235_4uai7u__outer01__inner02__aug02,20260711_220235_4uai7u,user4,ই,output/user4/ই/ই_20260711_220235_4uai7u.mp4,0.989285,1.104443,3,0.001266,0.039317,0.024721
1,2,20260711_220235_4uai7u__outer01__inner02__aug03,20260711_220235_4uai7u,user4,ই,output/user4/ই/ই_20260711_220235_4uai7u.mp4,1.121232,0.925654,5,0.082823,0.042647,-0.006252
1,2,20260711_220308_e7l7wm__outer01__inner02__aug01,20260711_220308_e7l7wm,user4,ই,output/user4/ই/ই_20260711_220308_e7l7wm.mp4,1.018444,1.072719,3,0.019372,-0.017583,-0.046448
1,2,20260711_220308_e7l7wm__outer01__inner02__aug02,20260711_220308_e7l7wm,user4,ই,output/user4/ই/ই_20260711_220308_e7l7wm.mp4,1.104716,0.902669,3,0.041943,-0.040881,0.037647
1,2,20260711_220308_e7l7wm__outer01__inner02__aug03,20260711_220308_e7l7wm,user4,ই,output/user4/ই/ই_20260711_220308_e7l7wm.mp4,1.14934,1.14978,5,0.040012,0.004058,0.013057
1,2,20260711_220404_itceug__outer01__inner02__aug01,20260711_220404_itceug,user4,ঈ,output/user4/ঈ/ঈ_20260711_220404_itceug.mp4,0.902884,0.866195,3,0.007979,-0.047581,0.024466
1,2,20260711_220404_itceug__outer01__inner02__aug02,20260711_220404_itceug,user4,ঈ,output/user4/ঈ/ঈ_20260711_220404_itceug.mp4,1.044984,1.066522,3,0.024072,-0.048588,-0.011528
1,2,20260711_220404_itceug__outer01__inner02__aug03,20260711_220404_itceug,user4,ঈ,output/user4/ঈ/ঈ_20260711_220404_itceug.mp4,0.887126,1.076308,5,0.070237,0.036988,0.011496
1,2,20260711_220444_r35mfs__outer01__inner02__aug01,20260711_220444_r35mfs,user4,ঈ,output/user4/ঈ/ঈ_20260711_220444_r35mfs.mp4,1.007789,1.114236,5,0.038306,0.021124,-0.042256
1,2,20260711_220444_r35mfs__outer01__inner02__aug02,20260711_220444_r35mfs,user4,ঈ,output/user4/ঈ/ঈ_20260711_220444_r35mfs.mp4,1.055009,0.870172,5,0.026914,-0.009669,0.032477
1,2,20260711_220444_r35mfs__outer01__inner02__aug03,20260711_220444_r35mfs,user4,ঈ,output/user4/ঈ/ঈ_20260711_220444_r35mfs.mp4,1.044091,1.100541,5,0.052314,-0.003045,0.024429
1,2,20260711_220519_ila5ji__outer01__inner02__aug01,20260711_220519_ila5ji,user4,ঈ,output/user4/ঈ/ঈ_20260711_220519_ila5ji.mp4,0.945149,1.050019,5,0.067082,0.044836,0.02915
1,2,20260711_220519_ila5ji__outer01__inner02__aug02,20260711_220519_ila5ji,user4,ঈ,output/user4/ঈ/ঈ_20260711_220519_ila5ji.mp4,0.862202,0.98575,5,0.065548,-0.030692,0.022656
1,2,20260711_220519_ila5ji__outer01__inner02__aug03,20260711_220519_ila5ji,user4,ঈ,output/user4/ঈ/ঈ_20260711_220519_ila5ji.mp4,1.05303,0.896149,3,0.024419,-0.039508,0.009415
1,2,20260711_220543_7o5bd0__outer01__inner02__aug01,20260711_220543_7o5bd0,user4,ঈ,output/user4/ঈ/ঈ_20260711_220543_7o5bd0.mp4,0.955012,1.015704,3,0.079198,-0.002408,-0.043013
1,2,20260711_220543_7o5bd0__outer01__inner02__aug02,20260711_220543_7o5bd0,user4,ঈ,output/user4/ঈ/ঈ_20260711_220543_7o5bd0.mp4,1.143694,0.971012,5,0.091071,0.027231,0.034165
1,2,20260711_220543_7o5bd0__outer01__inner02__aug03,20260711_220543_7o5bd0,user4,ঈ,output/user4/ঈ/ঈ_20260711_220543_7o5bd0.mp4,1.13689,1.109261,5,0.085967,-0.026431,0.039292
1,2,20260711_220606_essesa__outer01__inner02__aug01,20260711_220606_essesa,user4,ঈ,output/user4/ঈ/ঈ_20260711_220606_essesa.mp4,0.970385,1.100667,5,0.005451,-0.040492,0.006125
1,2,20260711_220606_essesa__outer01__inner02__aug02,20260711_220606_essesa,user4,ঈ,output/user4/ঈ/ঈ_20260711_220606_essesa.mp4,1.045697,1.04997,3,0.035834,0.010056,0.024849
1,2,20260711_220606_essesa__outer01__inner02__aug03,20260711_220606_essesa,user4,ঈ,output/user4/ঈ/ঈ_20260711_220606_essesa.mp4,0.908891,1.109539,5,0.067532,-0.045999,0.047211
1,2,20260711_220641_ufswp1__outer01__inner02__aug01,20260711_220641_ufswp1,user4,ঈ,output/user4/ঈ/ঈ_20260711_220641_ufswp1.mp4,1.123752,0.883135,5,0.03939,-0.019594,0.024745
1,2,20260711_220641_ufswp1__outer01__inner02__aug02,20260711_220641_ufswp1,user4,ঈ,output/user4/ঈ/ঈ_20260711_220641_ufswp1.mp4,1.128816,0.920251,3,0.088776,-0.044922,-0.017563
1,2,20260711_220641_ufswp1__outer01__inner02__aug03,20260711_220641_ufswp1,user4,ঈ,output/user4/ঈ/ঈ_20260711_220641_ufswp1.mp4,1.107918,0.910127,5,0.023185,-0.037913,0.042683
1,2,20260711_220701_y1rftt__outer01__inner02__aug01,20260711_220701_y1rftt,user4,ঈ,output/user4/ঈ/ঈ_20260711_220701_y1rftt.mp4,0.981665,1.07586,3,0.050245,0.013705,0.009622
1,2,20260711_220701_y1rftt__outer01__inner02__aug02,20260711_220701_y1rftt,user4,ঈ,output/user4/ঈ/ঈ_20260711_220701_y1rftt.mp4,1.098017,0.873862,3,0.001952,0.032575,0.030884
1,2,20260711_220701_y1rftt__outer01__inner02__aug03,20260711_220701_y1rftt,user4,ঈ,output/user4/ঈ/ঈ_20260711_220701_y1rftt.mp4,1.063742,0.979351,5,0.064674,-0.013428,0.029699
1,2,20260711_220721_h9k2mi__outer01__inner02__aug01,20260711_220721_h9k2mi,user4,ঈ,output/user4/ঈ/ঈ_20260711_220721_h9k2mi.mp4,0.97437,0.981792,5,0.01101,-0.013905,-0.011815
1,2,20260711_220721_h9k2mi__outer01__inner02__aug02,20260711_220721_h9k2mi,user4,ঈ,output/user4/ঈ/ঈ_20260711_220721_h9k2mi.mp4,1.044139,0.953863,3,0.0332,0.00925,0.017288
1,2,20260711_220721_h9k2mi__outer01__inner02__aug03,20260711_220721_h9k2mi,user4,ঈ,output/user4/ঈ/ঈ_20260711_220721_h9k2mi.mp4,1.043692,1.035826,5,0.0702,0.039253,-0.028928
1,2,20260711_220738_j2qzn6__outer01__inner02__aug01,20260711_220738_j2qzn6,user4,ঈ,output/user4/ঈ/ঈ_20260711_220738_j2qzn6.mp4,1.012886,1.027733,3,0.077456,0.039279,-0.021359
1,2,20260711_220738_j2qzn6__outer01__inner02__aug02,20260711_220738_j2qzn6,user4,ঈ,output/user4/ঈ/ঈ_20260711_220738_j2qzn6.mp4,1.029457,1.107178,3,0.019285,0.009132,-0.045105
1,2,20260711_220738_j2qzn6__outer01__inner02__aug03,20260711_220738_j2qzn6,user4,ঈ,output/user4/ঈ/ঈ_20260711_220738_j2qzn6.mp4,1.041172,1.058284,3,0.026651,0.016988,-0.043655
1,2,20260711_220751_axw80l__outer01__inner02__aug01,20260711_220751_axw80l,user4,ঈ,output/user4/ঈ/ঈ_20260711_220751_axw80l.mp4,1.000624,0.929035,3,0.012882,-0.027358,-0.03896
1,2,20260711_220751_axw80l__outer01__inner02__aug02,20260711_220751_axw80l,user4,ঈ,output/user4/ঈ/ঈ_20260711_220751_axw80l.mp4,0.999071,1.009366,5,0.056491,0.009268,0.019884
1,2,20260711_220751_axw80l__outer01__inner02__aug03,20260711_220751_axw80l,user4,ঈ,output/user4/ঈ/ঈ_20260711_220751_axw80l.mp4,1.032913,0.898813,5,0.054878,-0.007499,-0.026802
1,2,20260711_220807_mldxj2__outer01__inner02__aug01,20260711_220807_mldxj2,user4,ঈ,output/user4/ঈ/ঈ_20260711_220807_mldxj2.mp4,0.901979,1.067137,5,0.004695,0.048197,-0.042964
1,2,20260711_220807_mldxj2__outer01__inner02__aug02,20260711_220807_mldxj2,user4,ঈ,output/user4/ঈ/ঈ_20260711_220807_mldxj2.mp4,0.909612,0.94657,3,0.015887,0.033639,0.049829
1,2,20260711_220807_mldxj2__outer01__inner02__aug03,20260711_220807_mldxj2,user4,ঈ,output/user4/ঈ/ঈ_20260711_220807_mldxj2.mp4,1.094084,0.873081,3,0.020863,0.034162,0.02207
1,2,20260711_220822_wgaxvc__outer01__inner02__aug01,20260711_220822_wgaxvc,user4,ঈ,output/user4/ঈ/ঈ_20260711_220822_wgaxvc.mp4,0.895283,1.05388,3,0.038821,-0.024387,-0.049427
1,2,20260711_220822_wgaxvc__outer01__inner02__aug02,20260711_220822_wgaxvc,user4,ঈ,output/user4/ঈ/ঈ_20260711_220822_wgaxvc.mp4,0.861063,1.080367,3,0.015118,-0.000295,0.000516
1,2,20260711_220822_wgaxvc__outer01__inner02__aug03,20260711_220822_wgaxvc,user4,ঈ,output/user4/ঈ/ঈ_20260711_220822_wgaxvc.mp4,0.871374,1.036942,5,0.001484,0.005343,0.038138
1,2,20260711_220837_dby4gx__outer01__inner02__aug01,20260711_220837_dby4gx,user4,ঈ,output/user4/ঈ/ঈ_20260711_220837_dby4gx.mp4,1.020554,1.073517,5,0.087431,-0.049947,-0.014195
1,2,20260711_220837_dby4gx__outer01__inner02__aug02,20260711_220837_dby4gx,user4,ঈ,output/user4/ঈ/ঈ_20260711_220837_dby4gx.mp4,1.052723,0.988871,5,0.064228,0.017186,-0.034025
1,2,20260711_220837_dby4gx__outer01__inner02__aug03,20260711_220837_dby4gx,user4,ঈ,output/user4/ঈ/ঈ_20260711_220837_dby4gx.mp4,1.001876,1.125011,5,0.007877,-0.044654,-0.000284
1,2,20260711_220850_xo5kch__outer01__inner02__aug01,20260711_220850_xo5kch,user4,ঈ,output/user4/ঈ/ঈ_20260711_220850_xo5kch.mp4,0.91523,1.034676,5,0.047542,-0.037678,-0.034572
1,2,20260711_220850_xo5kch__outer01__inner02__aug02,20260711_220850_xo5kch,user4,ঈ,output/user4/ঈ/ঈ_20260711_220850_xo5kch.mp4,1.097139,1.029761,5,0.050755,-0.038274,-0.006779
1,2,20260711_220850_xo5kch__outer01__inner02__aug03,20260711_220850_xo5kch,user4,ঈ,output/user4/ঈ/ঈ_20260711_220850_xo5kch.mp4,0.891883,1.116483,5,0.060233,-0.021495,-0.045796
1,2,20260711_220906_ehc737__outer01__inner02__aug01,20260711_220906_ehc737,user4,ঈ,output/user4/ঈ/ঈ_20260711_220906_ehc737.mp4,1.023666,1.094737,5,0.034963,-0.018248,0.031647
1,2,20260711_220906_ehc737__outer01__inner02__aug02,20260711_220906_ehc737,user4,ঈ,output/user4/ঈ/ঈ_20260711_220906_ehc737.mp4,0.898692,1.069358,5,0.099451,-0.016711,-0.015146
1,2,20260711_220906_ehc737__outer01__inner02__aug03,20260711_220906_ehc737,user4,ঈ,output/user4/ঈ/ঈ_20260711_220906_ehc737.mp4,0.916401,1.024344,3,0.039096,-0.022225,0.01025
2,0,20260711_220930_a944cy__outer02__inner00__aug01,20260711_220930_a944cy,for_bonhi,ঔ,output/for_bonhi/ঔ/ঔ_20260711_220930_a944cy.mp4,0.989462,0.988096,3,0.071419,-0.022491,-0.002743
2,0,20260711_220930_a944cy__outer02__inner00__aug02,20260711_220930_a944cy,for_bonhi,ঔ,output/for_bonhi/ঔ/ঔ_20260711_220930_a944cy.mp4,1.071119,0.928541,3,0.077671,0.019222,-0.048358
2,0,20260711_220930_a944cy__outer02__inner00__aug03,20260711_220930_a944cy,for_bonhi,ঔ,output/for_bonhi/ঔ/ঔ_20260711_220930_a944cy.mp4,1.025278,1.144619,3,0.006624,-0.022151,-0.045806
2,0,20260703_231939_jmltkn__outer02__inner00__aug01,20260703_231939_jmltkn,user1,অ,output/user1/অ/অ_20260703_231939_jmltkn.mp4,0.98587,0.882929,3,0.055767,-0.044258,0.004892
2,0,20260703_231939_jmltkn__outer02__inner00__aug02,20260703_231939_jmltkn,user1,অ,output/user1/অ/অ_20260703_231939_jmltkn.mp4,0.953464,0.98482,3,0.094816,0.031899,0.019076
2,0,20260703_231939_jmltkn__outer02__inner00__aug03,20260703_231939_jmltkn,user1,অ,output/user1/অ/অ_20260703_231939_jmltkn.mp4,1.000093,0.933278,5,0.068487,-0.016895,-0.046902
2,0,20260704_230134_0i7e7o__outer02__inner00__aug01,20260704_230134_0i7e7o,user1,অ,output/user1/অ/অ_20260704_230134_0i7e7o.mp4,0.985931,1.102096,3,0.034458,-0.022189,0.02065
2,0,20260704_230134_0i7e7o__outer02__inner00__aug02,20260704_230134_0i7e7o,user1,অ,output/user1/অ/অ_20260704_230134_0i7e7o.mp4,0.896648,0.872129,3,0.05788,-0.029536,0.009158
2,0,20260704_230134_0i7e7o__outer02__inner00__aug03,20260704_230134_0i7e7o,user1,অ,output/user1/অ/অ_20260704_230134_0i7e7o.mp4,0.892735,0.893186,3,0.06397,-0.038891,0.003704
2,0,20260704_230207_s0bru0__outer02__inner00__aug01,20260704_230207_s0bru0,user1,অ,output/user1/অ/অ_20260704_230207_s0bru0.mp4,0.959258,0.853249,5,0.088502,-0.04325,-0.045847
2,0,20260704_230207_s0bru0__outer02__inner00__aug02,20260704_230207_s0bru0,user1,অ,output/user1/অ/অ_20260704_230207_s0bru0.mp4,0.962107,0.992296,5,0.087421,0.003472,-0.012728
2,0,20260704_230207_s0bru0__outer02__inner00__aug03,20260704_230207_s0bru0,user1,অ,output/user1/অ/অ_20260704_230207_s0bru0.mp4,1.046312,1.062855,5,0.031934,-0.018677,0.000881
2,0,20260704_230243_20ggrl__outer02__inner00__aug01,20260704_230243_20ggrl,user1,অ,output/user1/অ/অ_20260704_230243_20ggrl.mp4,0.94741,0.933205,5,0.013597,0.015184,-0.048774
2,0,20260704_230243_20ggrl__outer02__inner00__aug02,20260704_230243_20ggrl,user1,অ,output/user1/অ/অ_20260704_230243_20ggrl.mp4,1.139635,0.973102,3,0.078616,-0.022769,0.040318
2,0,20260704_230243_20ggrl__outer02__inner00__aug03,20260704_230243_20ggrl,user1,অ,output/user1/অ/অ_20260704_230243_20ggrl.mp4,0.995326,1.03347,5,0.085384,-0.037197,-0.04265
2,0,20260704_230314_biogka__outer02__inner00__aug01,20260704_230314_biogka,user1,অ,output/user1/অ/অ_20260704_230314_biogka.mp4,1.128966,0.857442,3,0.075588,0.028328,-0.031099
2,0,20260704_230314_biogka__outer02__inner00__aug02,20260704_230314_biogka,user1,অ,output/user1/অ/অ_20260704_230314_biogka.mp4,1.067928,1.137748,5,0.05899,-0.027684,-0.008728
2,0,20260704_230314_biogka__outer02__inner00__aug03,20260704_230314_biogka,user1,অ,output/user1/অ/অ_20260704_230314_biogka.mp4,0.88057,1.128557,3,0.08629,0.038599,0.008849
2,0,20260704_230343_z76un4__outer02__inner00__aug01,20260704_230343_z76un4,user1,অ,output/user1/অ/অ_20260704_230343_z76un4.mp4,0.8827,1.100204,3,0.013026,-0.006673,-0.000967
2,0,20260704_230343_z76un4__outer02__inner00__aug02,20260704_230343_z76un4,user1,অ,output/user1/অ/অ_20260704_230343_z76un4.mp4,0.887415,0.89399,3,0.078978,0.048955,0.028417
2,0,20260704_230343_z76un4__outer02__inner00__aug03,20260704_230343_z76un4,user1,অ,output/user1/অ/অ_20260704_230343_z76un4.mp4,0.97633,1.039288,5,0.042211,-0.033815,-0.026242
2,0,20260704_230438_1by20a__outer02__inner00__aug01,20260704_230438_1by20a,user1,অ,output/user1/অ/অ_20260704_230438_1by20a.mp4,0.859453,0.882302,3,0.056405,-0.008724,-0.031245
2,0,20260704_230438_1by20a__outer02__inner00__aug02,20260704_230438_1by20a,user1,অ,output/user1/অ/অ_20260704_230438_1by20a.mp4,0.985014,1.095682,3,0.055804,-0.039135,-0.035714
2,0,20260704_230438_1by20a__outer02__inner00__aug03,20260704_230438_1by20a,user1,অ,output/user1/অ/অ_20260704_230438_1by20a.mp4,1.032624,0.953002,5,0.038302,-0.045325,-0.017423
2,0,20260704_230508_zz8agk__outer02__inner00__aug01,20260704_230508_zz8agk,user1,অ,output/user1/অ/অ_20260704_230508_zz8agk.mp4,0.967148,1.039429,3,0.010784,-0.04877,-0.02623
2,0,20260704_230508_zz8agk__outer02__inner00__aug02,20260704_230508_zz8agk,user1,অ,output/user1/অ/অ_20260704_230508_zz8agk.mp4,1.071683,1.070899,3,0.055183,-0.033296,-0.040893
2,0,20260704_230508_zz8agk__outer02__inner00__aug03,20260704_230508_zz8agk,user1,অ,output/user1/অ/অ_20260704_230508_zz8agk.mp4,1.147867,0.967268,3,0.067932,0.023031,0.012535
2,0,20260704_230530_8783vw__outer02__inner00__aug01,20260704_230530_8783vw,user1,অ,output/user1/অ/অ_20260704_230530_8783vw.mp4,1.050062,0.98854,3,0.012312,0.04742,-0.002883
2,0,20260704_230530_8783vw__outer02__inner00__aug02,20260704_230530_8783vw,user1,অ,output/user1/অ/অ_20260704_230530_8783vw.mp4,1.043983,1.074639,3,0.087867,0.025437,0.039648
2,0,20260704_230530_8783vw__outer02__inner00__aug03,20260704_230530_8783vw,user1,অ,output/user1/অ/অ_20260704_230530_8783vw.mp4,0.872158,1.087576,5,0.041491,-0.007813,-0.016735
2,0,20260704_230601_9fuwl5__outer02__inner00__aug01,20260704_230601_9fuwl5,user1,অ,output/user1/অ/অ_20260704_230601_9fuwl5.mp4,1.1268,0.936179,5,0.050714,-0.00809,0.011672
2,0,20260704_230601_9fuwl5__outer02__inner00__aug02,20260704_230601_9fuwl5,user1,অ,output/user1/অ/অ_20260704_230601_9fuwl5.mp4,0.882864,0.903262,3,0.023814,-0.002109,0.024673
2,0,20260704_230601_9fuwl5__outer02__inner00__aug03,20260704_230601_9fuwl5,user1,অ,output/user1/অ/অ_20260704_230601_9fuwl5.mp4,1.13791,1.0388,5,0.067036,-0.039971,0.010411
2,0,20260704_230631_iep9zz__outer02__inner00__aug01,20260704_230631_iep9zz,user1,অ,output/user1/অ/অ_20260704_230631_iep9zz.mp4,1.094005,0.868367,5,0.040763,-0.016644,0.02248
2,0,20260704_230631_iep9zz__outer02__inner00__aug02,20260704_230631_iep9zz,user1,অ,output/user1/অ/অ_20260704_230631_iep9zz.mp4,1.104024,1.075291,3,0.013719,-0.014816,0.027869
2,0,20260704_230631_iep9zz__outer02__inner00__aug03,20260704_230631_iep9zz,user1,অ,output/user1/অ/অ_20260704_230631_iep9zz.mp4,1.09878,1.120032,5,0.025697,-0.035247,0.006151
2,0,20260709_222041_giojuy__outer02__inner00__aug01,20260709_222041_giojuy,user1,অ,output/user1/অ/অ_20260709_222041_giojuy.mp4,0.884674,1.053605,5,0.038991,-0.049293,0.037379
2,0,20260709_222041_giojuy__outer02__inner00__aug02,20260709_222041_giojuy,user1,অ,output/user1/অ/অ_20260709_222041_giojuy.mp4,0.982527,0.896199,5,0.087394,-0.042611,-0.034913
2,0,20260709_222041_giojuy__outer02__inner00__aug03,20260709_222041_giojuy,user1,অ,output/user1/অ/অ_20260709_222041_giojuy.mp4,0.95794,1.136046,5,0.069971,0.008109,-0.040304
2,0,20260704_230720_4nlmlz__outer02__inner00__aug01,20260704_230720_4nlmlz,user1,আ,output/user1/আ/আ_20260704_230720_4nlmlz.mp4,0.946115,1.098463,3,0.071446,-0.028488,-0.037342
2,0,20260704_230720_4nlmlz__outer02__inner00__aug02,20260704_230720_4nlmlz,user1,আ,output/user1/আ/আ_20260704_230720_4nlmlz.mp4,0.945049,1.064832,5,0.059423,-0.022957,-0.036917
2,0,20260704_230720_4nlmlz__outer02__inner00__aug03,20260704_230720_4nlmlz,user1,আ,output/user1/আ/আ_20260704_230720_4nlmlz.mp4,1.090312,0.974349,3,0.08105,0.03497,-0.034177
2,0,20260704_230748_cofjqd__outer02__inner00__aug01,20260704_230748_cofjqd,user1,আ,output/user1/আ/আ_20260704_230748_cofjqd.mp4,0.946427,1.134321,3,0.095817,-0.019225,0.004988
2,0,20260704_230748_cofjqd__outer02__inner00__aug02,20260704_230748_cofjqd,user1,আ,output/user1/আ/আ_20260704_230748_cofjqd.mp4,0.991132,1.026915,5,0.042611,-0.039112,-0.03119
2,0,20260704_230748_cofjqd__outer02__inner00__aug03,20260704_230748_cofjqd,user1,আ,output/user1/আ/আ_20260704_230748_cofjqd.mp4,0.93894,1.116357,3,0.026915,0.012199,0.034207
2,0,20260704_230823_p4djtm__outer02__inner00__aug01,20260704_230823_p4djtm,user1,আ,output/user1/আ/আ_20260704_230823_p4djtm.mp4,1.005935,1.071479,5,0.067746,-0.048026,-0.00527
2,0,20260704_230823_p4djtm__outer02__inner00__aug02,20260704_230823_p4djtm,user1,আ,output/user1/আ/আ_20260704_230823_p4djtm.mp4,1.052564,0.905862,3,0.016177,-0.048803,-0.034198
2,0,20260704_230823_p4djtm__outer02__inner00__aug03,20260704_230823_p4djtm,user1,আ,output/user1/আ/আ_20260704_230823_p4djtm.mp4,0.875031,0.896505,5,0.070911,0.028565,-0.020745
2,0,20260704_230900_jm6b9y__outer02__inner00__aug01,20260704_230900_jm6b9y,user1,আ,output/user1/আ/আ_20260704_230900_jm6b9y.mp4,0.911651,0.850787,5,0.094667,-0.008784,-0.016306
2,0,20260704_230900_jm6b9y__outer02__inner00__aug02,20260704_230900_jm6b9y,user1,আ,output/user1/আ/আ_20260704_230900_jm6b9y.mp4,1.138602,1.139894,5,0.060852,0.003231,0.039253
2,0,20260704_230900_jm6b9y__outer02__inner00__aug03,20260704_230900_jm6b9y,user1,আ,output/user1/আ/আ_20260704_230900_jm6b9y.mp4,0.999054,0.878809,3,0.097105,-0.049186,-0.036031
2,0,20260704_230941_ogdcp4__outer02__inner00__aug01,20260704_230941_ogdcp4,user1,আ,output/user1/আ/আ_20260704_230941_ogdcp4.mp4,0.871302,1.134766,5,0.079727,-0.036368,-0.021065
2,0,20260704_230941_ogdcp4__outer02__inner00__aug02,20260704_230941_ogdcp4,user1,আ,output/user1/আ/আ_20260704_230941_ogdcp4.mp4,0.879393,0.911736,3,0.055484,-0.015914,0.040226
2,0,20260704_230941_ogdcp4__outer02__inner00__aug03,20260704_230941_ogdcp4,user1,আ,output/user1/আ/আ_20260704_230941_ogdcp4.mp4,0.957226,0.862491,3,0.003353,-0.029114,-0.004704
2,0,20260704_231010_4ha6y7__outer02__inner00__aug01,20260704_231010_4ha6y7,user1,আ,output/user1/আ/আ_20260704_231010_4ha6y7.mp4,0.967995,0.982935,3,0.019583,0.021615,-0.028641
2,0,20260704_231010_4ha6y7__outer02__inner00__aug02,20260704_231010_4ha6y7,user1,আ,output/user1/আ/আ_20260704_231010_4ha6y7.mp4,0.964249,1.095442,3,0.025287,-0.038742,-0.006985
2,0,20260704_231010_4ha6y7__outer02__inner00__aug03,20260704_231010_4ha6y7,user1,আ,output/user1/আ/আ_20260704_231010_4ha6y7.mp4,0.974146,1.062552,3,0.050996,-0.045515,0.03787
2,0,20260728_232136_0wkg0v__outer02__inner00__aug01,20260728_232136_0wkg0v,user1,আ,output/user1/আ/আ_20260728_232136_0wkg0v.mp4,0.895436,0.889827,5,0.094104,0.023892,0.023531
2,0,20260728_232136_0wkg0v__outer02__inner00__aug02,20260728_232136_0wkg0v,user1,আ,output/user1/আ/আ_20260728_232136_0wkg0v.mp4,0.917582,0.891319,3,0.08564,-0.020845,0.034242
2,0,20260728_232136_0wkg0v__outer02__inner00__aug03,20260728_232136_0wkg0v,user1,আ,output/user1/আ/আ_20260728_232136_0wkg0v.mp4,0.913093,1.061895,3,0.094204,-0.026399,0.021474
2,0,20260728_232203_7c77zv__outer02__inner00__aug01,20260728_232203_7c77zv,user1,আ,output/user1/আ/আ_20260728_232203_7c77zv.mp4,0.980289,0.905452,3,0.08086,0.048431,0.006859
2,0,20260728_232203_7c77zv__outer02__inner00__aug02,20260728_232203_7c77zv,user1,আ,output/user1/আ/আ_20260728_232203_7c77zv.mp4,0.924826,0.858567,3,0.050297,-0.021698,-0.014942
2,0,20260728_232203_7c77zv__outer02__inner00__aug03,20260728_232203_7c77zv,user1,আ,output/user1/আ/আ_20260728_232203_7c77zv.mp4,0.910427,1.129069,5,0.080616,-0.019936,0.001465
2,0,20260728_232238_kgwkds__outer02__inner00__aug01,20260728_232238_kgwkds,user1,আ,output/user1/আ/আ_20260728_232238_kgwkds.mp4,1.14561,1.071003,3,0.001593,-0.030757,-0.011422
2,0,20260728_232238_kgwkds__outer02__inner00__aug02,20260728_232238_kgwkds,user1,আ,output/user1/আ/আ_20260728_232238_kgwkds.mp4,1.09209,0.945025,3,0.043659,-0.03497,-0.024401
2,0,20260728_232238_kgwkds__outer02__inner00__aug03,20260728_232238_kgwkds,user1,আ,output/user1/আ/আ_20260728_232238_kgwkds.mp4,0.881749,0.97056,3,0.000988,-0.001213,-0.010605
2,0,20260728_232316_s2ep8l__outer02__inner00__aug01,20260728_232316_s2ep8l,user1,আ,output/user1/আ/আ_20260728_232316_s2ep8l.mp4,0.936616,1.077909,5,0.006479,-0.001916,0.034544
2,0,20260728_232316_s2ep8l__outer02__inner00__aug02,20260728_232316_s2ep8l,user1,আ,output/user1/আ/আ_20260728_232316_s2ep8l.mp4,1.049186,0.865692,5,0.076116,0.000368,-0.022922
2,0,20260728_232316_s2ep8l__outer02__inner00__aug03,20260728_232316_s2ep8l,user1,আ,output/user1/আ/আ_20260728_232316_s2ep8l.mp4,0.971834,1.043978,5,0.052149,0.004858,0.023563
2,0,20260705_210750_hp0ub6__outer02__inner00__aug01,20260705_210750_hp0ub6,user1,ই,output/user1/ই/ই_20260705_210750_hp0ub6.mp4,0.852541,0.893254,3,0.014833,0.018624,-0.042941
2,0,20260705_210750_hp0ub6__outer02__inner00__aug02,20260705_210750_hp0ub6,user1,ই,output/user1/ই/ই_20260705_210750_hp0ub6.mp4,1.141769,1.090914,3,0.089583,-0.01318,-0.033321
2,0,20260705_210750_hp0ub6__outer02__inner00__aug03,20260705_210750_hp0ub6,user1,ই,output/user1/ই/ই_20260705_210750_hp0ub6.mp4,1.142754,0.865587,3,0.087885,-0.036025,0.012943
2,0,20260705_210817_cpe63z__outer02__inner00__aug01,20260705_210817_cpe63z,user1,ই,output/user1/ই/ই_20260705_210817_cpe63z.mp4,0.935664,1.045872,5,0.063381,-0.036104,-0.04761
2,0,20260705_210817_cpe63z__outer02__inner00__aug02,20260705_210817_cpe63z,user1,ই,output/user1/ই/ই_20260705_210817_cpe63z.mp4,0.913321,0.939417,5,0.076107,-0.02701,-0.005721
2,0,20260705_210817_cpe63z__outer02__inner00__aug03,20260705_210817_cpe63z,user1,ই,output/user1/ই/ই_20260705_210817_cpe63z.mp4,1.089082,1.046112,3,0.094999,0.006717,-0.006501
2,0,20260705_210847_8d63gb__outer02__inner00__aug01,20260705_210847_8d63gb,user1,ই,output/user1/ই/ই_20260705_210847_8d63gb.mp4,1.010615,1.039842,5,0.01447,-0.046159,0.013582
2,0,20260705_210847_8d63gb__outer02__inner00__aug02,20260705_210847_8d63gb,user1,ই,output/user1/ই/ই_20260705_210847_8d63gb.mp4,1.061048,1.127365,5,0.036944,-0.018485,0.024739
2,0,20260705_210847_8d63gb__outer02__inner00__aug03,20260705_210847_8d63gb,user1,ই,output/user1/ই/ই_20260705_210847_8d63gb.mp4,1.088545,0.911743,3,0.098294,-0.019726,-0.014669
2,0,20260705_210914_6z0wyv__outer02__inner00__aug01,20260705_210914_6z0wyv,user1,ই,output/user1/ই/ই_20260705_210914_6z0wyv.mp4,0.938154,0.992191,3,0.065696,-0.02314,-0.028
2,0,20260705_210914_6z0wyv__outer02__inner00__aug02,20260705_210914_6z0wyv,user1,ই,output/user1/ই/ই_20260705_210914_6z0wyv.mp4,0.932945,1.002171,5,0.039848,-0.022465,0.024842
2,0,20260705_210914_6z0wyv__outer02__inner00__aug03,20260705_210914_6z0wyv,user1,ই,output/user1/ই/ই_20260705_210914_6z0wyv.mp4,0.923816,1.143113,5,0.024077,-0.026544,-0.004449
2,0,20260705_211104_cee4mp__outer02__inner00__aug01,20260705_211104_cee4mp,user1,ই,output/user1/ই/ই_20260705_211104_cee4mp.mp4,1.032008,0.949654,3,0.047267,0.048852,-0.013959
2,0,20260705_211104_cee4mp__outer02__inner00__aug02,20260705_211104_cee4mp,user1,ই,output/user1/ই/ই_20260705_211104_cee4mp.mp4,0.930848,0.995344,5,0.060496,-0.018853,-0.017735
2,0,20260705_211104_cee4mp__outer02__inner00__aug03,20260705_211104_cee4mp,user1,ই,output/user1/ই/ই_20260705_211104_cee4mp.mp4,1.046259,0.953654,5,0.037439,0.005772,0.029912
2,0,20260705_211129_q9xd7j__outer02__inner00__aug01,20260705_211129_q9xd7j,user1,ই,output/user1/ই/ই_20260705_211129_q9xd7j.mp4,1.11133,0.975409,5,0.032295,0.00606,0.039046
2,0,20260705_211129_q9xd7j__outer02__inner00__aug02,20260705_211129_q9xd7j,user1,ই,output/user1/ই/ই_20260705_211129_q9xd7j.mp4,1.019494,0.95082,3,0.054428,0.021994,0.038247
2,0,20260705_211129_q9xd7j__outer02__inner00__aug03,20260705_211129_q9xd7j,user1,ই,output/user1/ই/ই_20260705_211129_q9xd7j.mp4,1.018166,0.939371,5,0.055076,0.016273,0.023537
2,0,20260705_211202_fwdefr__outer02__inner00__aug01,20260705_211202_fwdefr,user1,ই,output/user1/ই/ই_20260705_211202_fwdefr.mp4,1.061784,0.971668,5,0.019218,0.03363,0.046583
2,0,20260705_211202_fwdefr__outer02__inner00__aug02,20260705_211202_fwdefr,user1,ই,output/user1/ই/ই_20260705_211202_fwdefr.mp4,1.01469,0.876473,5,0.03057,0.023281,0.024227
2,0,20260705_211202_fwdefr__outer02__inner00__aug03,20260705_211202_fwdefr,user1,ই,output/user1/ই/ই_20260705_211202_fwdefr.mp4,1.027665,0.899023,3,0.045255,-0.023763,-0.034497
2,0,20260705_211229_nco6f5__outer02__inner00__aug01,20260705_211229_nco6f5,user1,ই,output/user1/ই/ই_20260705_211229_nco6f5.mp4,1.116775,0.851086,5,0.063402,0.015565,-0.047807
2,0,20260705_211229_nco6f5__outer02__inner00__aug02,20260705_211229_nco6f5,user1,ই,output/user1/ই/ই_20260705_211229_nco6f5.mp4,0.958488,1.115279,5,0.046672,0.027619,-0.04703
2,0,20260705_211229_nco6f5__outer02__inner00__aug03,20260705_211229_nco6f5,user1,ই,output/user1/ই/ই_20260705_211229_nco6f5.mp4,1.039245,0.987979,5,0.039695,-0.028935,0.008354
2,0,20260705_211257_5zxk15__outer02__inner00__aug01,20260705_211257_5zxk15,user1,ই,output/user1/ই/ই_20260705_211257_5zxk15.mp4,1.060974,0.993901,3,0.053205,0.001694,0.002542
2,0,20260705_211257_5zxk15__outer02__inner00__aug02,20260705_211257_5zxk15,user1,ই,output/user1/ই/ই_20260705_211257_5zxk15.mp4,0.997385,0.900672,3,0.096271,-0.043119,-0.049719
2,0,20260705_211257_5zxk15__outer02__inner00__aug03,20260705_211257_5zxk15,user1,ই,output/user1/ই/ই_20260705_211257_5zxk15.mp4,1.147571,0.866236,5,0.049544,-0.042292,0.006723
2,0,20260705_211324_69n6hy__outer02__inner00__aug01,20260705_211324_69n6hy,user1,ই,output/user1/ই/ই_20260705_211324_69n6hy.mp4,1.108322,0.959576,5,0.087396,0.008296,-0.001511
2,0,20260705_211324_69n6hy__outer02__inner00__aug02,20260705_211324_69n6hy,user1,ই,output/user1/ই/ই_20260705_211324_69n6hy.mp4,1.003055,1.123432,5,0.010153,-0.0428,-0.032192
2,0,20260705_211324_69n6hy__outer02__inner00__aug03,20260705_211324_69n6hy,user1,ই,output/user1/ই/ই_20260705_211324_69n6hy.mp4,1.092598,1.129031,5,0.003286,0.029811,0.01731
2,0,20260705_213721_6edrqn__outer02__inner00__aug01,20260705_213721_6edrqn,user1,ঈ,output/user1/ঈ/ঈ_20260705_213721_6edrqn.mp4,0.885316,1.106895,3,0.075083,0.037456,-0.047024
2,0,20260705_213721_6edrqn__outer02__inner00__aug02,20260705_213721_6edrqn,user1,ঈ,output/user1/ঈ/ঈ_20260705_213721_6edrqn.mp4,1.110241,1.101869,5,0.037971,0.00264,0.000559
2,0,20260705_213721_6edrqn__outer02__inner00__aug03,20260705_213721_6edrqn,user1,ঈ,output/user1/ঈ/ঈ_20260705_213721_6edrqn.mp4,0.939807,0.879147,3,0.000668,0.019295,-0.020863
2,0,20260705_213804_scynf9__outer02__inner00__aug01,20260705_213804_scynf9,user1,ঈ,output/user1/ঈ/ঈ_20260705_213804_scynf9.mp4,0.8872,1.025836,5,0.041833,-0.049309,0.024673
2,0,20260705_213804_scynf9__outer02__inner00__aug02,20260705_213804_scynf9,user1,ঈ,output/user1/ঈ/ঈ_20260705_213804_scynf9.mp4,1.072869,1.057271,5,0.009229,-0.012872,-0.035487
2,0,20260705_213804_scynf9__outer02__inner00__aug03,20260705_213804_scynf9,user1,ঈ,output/user1/ঈ/ঈ_20260705_213804_scynf9.mp4,0.934623,0.917597,5,0.032332,0.004012,-0.00952
2,0,20260705_213852_tuebtl__outer02__inner00__aug01,20260705_213852_tuebtl,user1,ঈ,output/user1/ঈ/ঈ_20260705_213852_tuebtl.mp4,1.136668,1.115872,3,0.011593,0.022298,0.038176
2,0,20260705_213852_tuebtl__outer02__inner00__aug02,20260705_213852_tuebtl,user1,ঈ,output/user1/ঈ/ঈ_20260705_213852_tuebtl.mp4,1.076551,0.958692,5,0.084467,-0.035558,0.005419
2,0,20260705_213852_tuebtl__outer02__inner00__aug03,20260705_213852_tuebtl,user1,ঈ,output/user1/ঈ/ঈ_20260705_213852_tuebtl.mp4,1.114991,0.871611,3,0.047896,-0.004177,0.031565
2,0,20260705_213943_7qqvt7__outer02__inner00__aug01,20260705_213943_7qqvt7,user1,ঈ,output/user1/ঈ/ঈ_20260705_213943_7qqvt7.mp4,0.899073,0.991399,5,0.003398,-0.017016,-0.029003
2,0,20260705_213943_7qqvt7__outer02__inner00__aug02,20260705_213943_7qqvt7,user1,ঈ,output/user1/ঈ/ঈ_20260705_213943_7qqvt7.mp4,1.030119,1.117528,5,0.048032,0.00084,0.033004
2,0,20260705_213943_7qqvt7__outer02__inner00__aug03,20260705_213943_7qqvt7,user1,ঈ,output/user1/ঈ/ঈ_20260705_213943_7qqvt7.mp4,1.020489,0.979224,3,0.092246,-0.021164,0.00285
2,0,20260705_214029_z7ddbl__outer02__inner00__aug01,20260705_214029_z7ddbl,user1,ঈ,output/user1/ঈ/ঈ_20260705_214029_z7ddbl.mp4,0.875721,0.911181,5,0.074954,0.009537,-0.007554
2,0,20260705_214029_z7ddbl__outer02__inner00__aug02,20260705_214029_z7ddbl,user1,ঈ,output/user1/ঈ/ঈ_20260705_214029_z7ddbl.mp4,0.882045,0.97106,5,0.000763,-0.017724,-0.008674
2,0,20260705_214029_z7ddbl__outer02__inner00__aug03,20260705_214029_z7ddbl,user1,ঈ,output/user1/ঈ/ঈ_20260705_214029_z7ddbl.mp4,0.875005,0.913861,3,0.001438,0.007463,0.047155
2,0,20260705_214107_b894ld__outer02__inner00__aug01,20260705_214107_b894ld,user1,ঈ,output/user1/ঈ/ঈ_20260705_214107_b894ld.mp4,1.133899,1.026348,3,0.02264,-0.020937,-0.001358
2,0,20260705_214107_b894ld__outer02__inner00__aug02,20260705_214107_b894ld,user1,ঈ,output/user1/ঈ/ঈ_20260705_214107_b894ld.mp4,0.873175,1.046046,3,0.010653,-0.045442,0.033888
2,0,20260705_214107_b894ld__outer02__inner00__aug03,20260705_214107_b894ld,user1,ঈ,output/user1/ঈ/ঈ_20260705_214107_b894ld.mp4,1.10463,0.927458,3,0.058835,0.00479,-0.02968
2,0,20260705_215457_yruoxw__outer02__inner00__aug01,20260705_215457_yruoxw,user1,ঈ,output/user1/ঈ/ঈ_20260705_215457_yruoxw.mp4,0.882666,1.029164,5,0.068893,-0.045225,-0.029709
2,0,20260705_215457_yruoxw__outer02__inner00__aug02,20260705_215457_yruoxw,user1,ঈ,output/user1/ঈ/ঈ_20260705_215457_yruoxw.mp4,1.111751,1.03526,5,0.06416,0.029101,-0.002155
2,0,20260705_215457_yruoxw__outer02__inner00__aug03,20260705_215457_yruoxw,user1,ঈ,output/user1/ঈ/ঈ_20260705_215457_yruoxw.mp4,1.09989,1.08184,3,0.071261,-0.01796,-0.016953
2,0,20260705_215539_dr61qv__outer02__inner00__aug01,20260705_215539_dr61qv,user1,ঈ,output/user1/ঈ/ঈ_20260705_215539_dr61qv.mp4,1.127936,0.897822,3,0.067846,0.046849,0.013184
2,0,20260705_215539_dr61qv__outer02__inner00__aug02,20260705_215539_dr61qv,user1,ঈ,output/user1/ঈ/ঈ_20260705_215539_dr61qv.mp4,1.045492,1.076865,3,0.055531,0.003057,0.044542
2,0,20260705_215539_dr61qv__outer02__inner00__aug03,20260705_215539_dr61qv,user1,ঈ,output/user1/ঈ/ঈ_20260705_215539_dr61qv.mp4,0.928272,1.035125,3,0.089696,-0.011721,0.006438
2,0,20260705_215654_07cd7w__outer02__inner00__aug01,20260705_215654_07cd7w,user1,ঈ,output/user1/ঈ/ঈ_20260705_215654_07cd7w.mp4,1.031116,1.119075,5,0.066368,0.003948,0.041646
2,0,20260705_215654_07cd7w__outer02__inner00__aug02,20260705_215654_07cd7w,user1,ঈ,output/user1/ঈ/ঈ_20260705_215654_07cd7w.mp4,0.909967,1.121262,3,0.028529,-0.025761,0.035845
2,0,20260705_215654_07cd7w__outer02__inner00__aug03,20260705_215654_07cd7w,user1,ঈ,output/user1/ঈ/ঈ_20260705_215654_07cd7w.mp4,1.118544,1.083722,3,0.063126,-0.0192,0.037576
2,0,20260705_215745_i5n9h7__outer02__inner00__aug01,20260705_215745_i5n9h7,user1,ঈ,output/user1/ঈ/ঈ_20260705_215745_i5n9h7.mp4,0.91314,1.135847,5,0.011737,-0.047752,-0.020764
2,0,20260705_215745_i5n9h7__outer02__inner00__aug02,20260705_215745_i5n9h7,user1,ঈ,output/user1/ঈ/ঈ_20260705_215745_i5n9h7.mp4,1.146968,1.112251,5,0.059022,-0.020426,0.037239
2,0,20260705_215745_i5n9h7__outer02__inner00__aug03,20260705_215745_i5n9h7,user1,ঈ,output/user1/ঈ/ঈ_20260705_215745_i5n9h7.mp4,1.087943,0.916966,3,0.089592,-0.04945,-0.041652
2,0,20260711_200812_18txgi__outer02__inner00__aug01,20260711_200812_18txgi,user3,অ,output/user3/অ/অ_20260711_200812_18txgi.mp4,0.985933,0.865334,3,0.003705,0.030719,-0.0203
2,0,20260711_200812_18txgi__outer02__inner00__aug02,20260711_200812_18txgi,user3,অ,output/user3/অ/অ_20260711_200812_18txgi.mp4,1.109407,0.940154,5,0.050172,-0.047941,0.03201
2,0,20260711_200812_18txgi__outer02__inner00__aug03,20260711_200812_18txgi,user3,অ,output/user3/অ/অ_20260711_200812_18txgi.mp4,1.132697,0.917957,5,0.088562,0.047198,-0.014017
2,0,20260711_200917_z1na4w__outer02__inner00__aug01,20260711_200917_z1na4w,user3,অ,output/user3/অ/অ_20260711_200917_z1na4w.mp4,0.898968,0.977288,5,0.045821,0.030547,-0.036066
2,0,20260711_200917_z1na4w__outer02__inner00__aug02,20260711_200917_z1na4w,user3,অ,output/user3/অ/অ_20260711_200917_z1na4w.mp4,1.115772,0.908328,3,0.054726,0.018338,-0.047052
2,0,20260711_200917_z1na4w__outer02__inner00__aug03,20260711_200917_z1na4w,user3,অ,output/user3/অ/অ_20260711_200917_z1na4w.mp4,1.053086,0.87856,3,0.080971,-0.020115,0.028538
2,0,20260711_200954_0muns4__outer02__inner00__aug01,20260711_200954_0muns4,user3,অ,output/user3/অ/অ_20260711_200954_0muns4.mp4,1.029081,0.876005,5,0.009617,0.02644,0.009411
2,0,20260711_200954_0muns4__outer02__inner00__aug02,20260711_200954_0muns4,user3,অ,output/user3/অ/অ_20260711_200954_0muns4.mp4,0.995943,1.112537,3,0.0748,-0.020489,-0.029588
2,0,20260711_200954_0muns4__outer02__inner00__aug03,20260711_200954_0muns4,user3,অ,output/user3/অ/অ_20260711_200954_0muns4.mp4,1.107966,0.988124,3,0.083387,0.049375,-0.015957
2,0,20260711_201110_jw6cqh__outer02__inner00__aug01,20260711_201110_jw6cqh,user3,অ,output/user3/অ/অ_20260711_201110_jw6cqh.mp4,0.923215,1.003821,5,0.02764,-0.032268,0.045389
2,0,20260711_201110_jw6cqh__outer02__inner00__aug02,20260711_201110_jw6cqh,user3,অ,output/user3/অ/অ_20260711_201110_jw6cqh.mp4,1.03018,1.128693,3,0.065667,0.023119,0.006669
2,0,20260711_201110_jw6cqh__outer02__inner00__aug03,20260711_201110_jw6cqh,user3,অ,output/user3/অ/অ_20260711_201110_jw6cqh.mp4,1.004772,1.047629,5,0.045703,-0.029726,-0.010495
2,0,20260711_201208_6ylgz1__outer02__inner00__aug01,20260711_201208_6ylgz1,user3,অ,output/user3/অ/অ_20260711_201208_6ylgz1.mp4,0.923402,0.985318,5,0.092875,0.01831,0.040738
2,0,20260711_201208_6ylgz1__outer02__inner00__aug02,20260711_201208_6ylgz1,user3,অ,output/user3/অ/অ_20260711_201208_6ylgz1.mp4,0.930203,1.019625,3,0.062958,-0.016148,-0.022645
2,0,20260711_201208_6ylgz1__outer02__inner00__aug03,20260711_201208_6ylgz1,user3,অ,output/user3/অ/অ_20260711_201208_6ylgz1.mp4,0.902634,1.092659,5,0.032743,0.022391,0.049664
2,0,20260711_201526_9elfv0__outer02__inner00__aug01,20260711_201526_9elfv0,user3,অ,output/user3/অ/অ_20260711_201526_9elfv0.mp4,1.13732,1.130774,3,0.095859,-0.008727,0.031571
2,0,20260711_201526_9elfv0__outer02__inner00__aug02,20260711_201526_9elfv0,user3,অ,output/user3/অ/অ_20260711_201526_9elfv0.mp4,0.972572,0.963499,3,0.031068,0.040251,0.045977
2,0,20260711_201526_9elfv0__outer02__inner00__aug03,20260711_201526_9elfv0,user3,অ,output/user3/অ/অ_20260711_201526_9elfv0.mp4,1.057847,0.875578,3,0.011616,-0.041562,0.03531
2,0,20260711_201609_iv7642__outer02__inner00__aug01,20260711_201609_iv7642,user3,অ,output/user3/অ/অ_20260711_201609_iv7642.mp4,0.939331,1.080073,5,0.071694,0.047895,0.031207
2,0,20260711_201609_iv7642__outer02__inner00__aug02,20260711_201609_iv7642,user3,অ,output/user3/অ/অ_20260711_201609_iv7642.mp4,1.032037,1.017681,5,0.025932,0.007383,-0.036406
2,0,20260711_201609_iv7642__outer02__inner00__aug03,20260711_201609_iv7642,user3,অ,output/user3/অ/অ_20260711_201609_iv7642.mp4,0.913548,0.974593,5,0.053109,0.000499,0.01715
2,0,20260711_201811_0znu6g__outer02__inner00__aug01,20260711_201811_0znu6g,user3,অ,output/user3/অ/অ_20260711_201811_0znu6g.mp4,0.861734,1.081559,5,0.075171,-0.024398,0.006131
2,0,20260711_201811_0znu6g__outer02__inner00__aug02,20260711_201811_0znu6g,user3,অ,output/user3/অ/অ_20260711_201811_0znu6g.mp4,1.080923,1.14878,3,0.082106,0.011796,0.006393
2,0,20260711_201811_0znu6g__outer02__inner00__aug03,20260711_201811_0znu6g,user3,অ,output/user3/অ/অ_20260711_201811_0znu6g.mp4,1.12543,0.979243,3,0.099731,0.001816,0.009226
2,0,20260711_201916_nc9ara__outer02__inner00__aug01,20260711_201916_nc9ara,user3,অ,output/user3/অ/অ_20260711_201916_nc9ara.mp4,1.121055,0.912299,5,0.091457,0.047894,0.004023
2,0,20260711_201916_nc9ara__outer02__inner00__aug02,20260711_201916_nc9ara,user3,অ,output/user3/অ/অ_20260711_201916_nc9ara.mp4,0.889439,1.142122,3,0.089875,-0.040422,0.033571
2,0,20260711_201916_nc9ara__outer02__inner00__aug03,20260711_201916_nc9ara,user3,অ,output/user3/অ/অ_20260711_201916_nc9ara.mp4,0.996392,1.001927,3,0.03919,0.046935,0.006991
2,0,20260711_201953_sai9ew__outer02__inner00__aug01,20260711_201953_sai9ew,user3,অ,output/user3/অ/অ_20260711_201953_sai9ew.mp4,1.065287,1.05641,5,0.077921,0.035684,-0.037403
2,0,20260711_201953_sai9ew__outer02__inner00__aug02,20260711_201953_sai9ew,user3,অ,output/user3/অ/অ_20260711_201953_sai9ew.mp4,0.86402,1.098348,3,0.002911,0.033995,0.032791
2,0,20260711_201953_sai9ew__outer02__inner00__aug03,20260711_201953_sai9ew,user3,অ,output/user3/অ/অ_20260711_201953_sai9ew.mp4,0.974471,0.897193,3,0.084816,-0.022836,0.030249
2,0,20260711_202025_bntr0i__outer02__inner00__aug01,20260711_202025_bntr0i,user3,অ,output/user3/অ/অ_20260711_202025_bntr0i.mp4,0.916784,0.995547,3,0.059755,-0.03973,0.010378
2,0,20260711_202025_bntr0i__outer02__inner00__aug02,20260711_202025_bntr0i,user3,অ,output/user3/অ/অ_20260711_202025_bntr0i.mp4,1.077553,1.14549,3,0.037657,0.012672,-0.006619
2,0,20260711_202025_bntr0i__outer02__inner00__aug03,20260711_202025_bntr0i,user3,অ,output/user3/অ/অ_20260711_202025_bntr0i.mp4,0.958703,0.944101,5,0.041361,0.007225,-0.031516
2,0,20260711_202714_mwa7m1__outer02__inner00__aug01,20260711_202714_mwa7m1,user3,অ,output/user3/অ/অ_20260711_202714_mwa7m1.mp4,0.9606,1.043227,3,0.016933,-0.036998,-0.033435
2,0,20260711_202714_mwa7m1__outer02__inner00__aug02,20260711_202714_mwa7m1,user3,অ,output/user3/অ/অ_20260711_202714_mwa7m1.mp4,1.118611,0.893684,5,0.041344,-0.025961,-0.03813
2,0,20260711_202714_mwa7m1__outer02__inner00__aug03,20260711_202714_mwa7m1,user3,অ,output/user3/অ/অ_20260711_202714_mwa7m1.mp4,0.893966,0.948391,5,0.021367,-0.041865,0.041507
2,0,20260711_202846_kmy51g__outer02__inner00__aug01,20260711_202846_kmy51g,user3,অ,output/user3/অ/অ_20260711_202846_kmy51g.mp4,0.955045,0.993976,5,0.030724,0.029861,-0.004352
2,0,20260711_202846_kmy51g__outer02__inner00__aug02,20260711_202846_kmy51g,user3,অ,output/user3/অ/অ_20260711_202846_kmy51g.mp4,1.071838,0.946364,3,0.014591,-0.019858,0.028012
2,0,20260711_202846_kmy51g__outer02__inner00__aug03,20260711_202846_kmy51g,user3,অ,output/user3/অ/অ_20260711_202846_kmy51g.mp4,1.015008,1.019266,3,0.050248,-0.020521,0.039014
2,0,20260711_203013_i4o0om__outer02__inner00__aug01,20260711_203013_i4o0om,user3,অ,output/user3/অ/অ_20260711_203013_i4o0om.mp4,0.859796,0.942152,5,0.055825,0.016055,0.011123
2,0,20260711_203013_i4o0om__outer02__inner00__aug02,20260711_203013_i4o0om,user3,অ,output/user3/অ/অ_20260711_203013_i4o0om.mp4,1.053078,0.997228,3,0.050906,-0.022896,-0.01165
2,0,20260711_203013_i4o0om__outer02__inner00__aug03,20260711_203013_i4o0om,user3,অ,output/user3/অ/অ_20260711_203013_i4o0om.mp4,0.987886,0.954347,5,0.07029,-0.008024,0.017829
2,0,20260711_203112_15gnzj__outer02__inner00__aug01,20260711_203112_15gnzj,user3,অ,output/user3/অ/অ_20260711_203112_15gnzj.mp4,0.916542,0.957046,5,0.078951,0.018308,0.04257
2,0,20260711_203112_15gnzj__outer02__inner00__aug02,20260711_203112_15gnzj,user3,অ,output/user3/অ/অ_20260711_203112_15gnzj.mp4,0.951118,0.955916,5,0.077464,0.033952,0.044455
2,0,20260711_203112_15gnzj__outer02__inner00__aug03,20260711_203112_15gnzj,user3,অ,output/user3/অ/অ_20260711_203112_15gnzj.mp4,0.859609,0.99215,3,0.014357,-0.008982,-0.048946
2,0,20260711_205524_jbk5pv__outer02__inner00__aug01,20260711_205524_jbk5pv,user3,আ,output/user3/আ/আ_20260711_205524_jbk5pv.mp4,1.054305,1.005536,5,0.083081,0.006762,-0.027457
2,0,20260711_205524_jbk5pv__outer02__inner00__aug02,20260711_205524_jbk5pv,user3,আ,output/user3/আ/আ_20260711_205524_jbk5pv.mp4,1.043273,1.046078,5,0.02893,-0.024447,0.024031
2,0,20260711_205524_jbk5pv__outer02__inner00__aug03,20260711_205524_jbk5pv,user3,আ,output/user3/আ/আ_20260711_205524_jbk5pv.mp4,0.959568,0.940118,3,0.097362,0.029566,-0.040502
2,0,20260711_205559_azslan__outer02__inner00__aug01,20260711_205559_azslan,user3,আ,output/user3/আ/আ_20260711_205559_azslan.mp4,1.020243,1.026845,5,0.092564,0.03841,-0.027627
2,0,20260711_205559_azslan__outer02__inner00__aug02,20260711_205559_azslan,user3,আ,output/user3/আ/আ_20260711_205559_azslan.mp4,1.012094,1.128716,5,0.077766,0.043757,-0.005517
2,0,20260711_205559_azslan__outer02__inner00__aug03,20260711_205559_azslan,user3,আ,output/user3/আ/আ_20260711_205559_azslan.mp4,0.988301,1.108999,3,0.086468,0.009822,-0.039927
2,0,20260711_205630_gydvnp__outer02__inner00__aug01,20260711_205630_gydvnp,user3,আ,output/user3/আ/আ_20260711_205630_gydvnp.mp4,1.040267,0.923969,5,0.039081,-0.038834,0.029544
2,0,20260711_205630_gydvnp__outer02__inner00__aug02,20260711_205630_gydvnp,user3,আ,output/user3/আ/আ_20260711_205630_gydvnp.mp4,1.149244,0.92312,3,0.0654,-0.043396,0.046965
2,0,20260711_205630_gydvnp__outer02__inner00__aug03,20260711_205630_gydvnp,user3,আ,output/user3/আ/আ_20260711_205630_gydvnp.mp4,1.092575,0.979115,3,0.082379,0.023391,-0.033089
2,0,20260711_205707_n57400__outer02__inner00__aug01,20260711_205707_n57400,user3,আ,output/user3/আ/আ_20260711_205707_n57400.mp4,0.966676,0.890709,5,0.05849,0.003741,0.047175
2,0,20260711_205707_n57400__outer02__inner00__aug02,20260711_205707_n57400,user3,আ,output/user3/আ/আ_20260711_205707_n57400.mp4,1.054018,0.878481,5,0.025249,-0.033037,0.034802
2,0,20260711_205707_n57400__outer02__inner00__aug03,20260711_205707_n57400,user3,আ,output/user3/আ/আ_20260711_205707_n57400.mp4,0.907468,0.972678,5,0.09396,0.017926,-0.002389
2,0,20260711_205748_usnulf__outer02__inner00__aug01,20260711_205748_usnulf,user3,আ,output/user3/আ/আ_20260711_205748_usnulf.mp4,1.041034,0.905636,3,0.067863,0.004823,0.01982
2,0,20260711_205748_usnulf__outer02__inner00__aug02,20260711_205748_usnulf,user3,আ,output/user3/আ/আ_20260711_205748_usnulf.mp4,1.141892,0.884947,3,0.079185,-0.010582,0.009461
2,0,20260711_205748_usnulf__outer02__inner00__aug03,20260711_205748_usnulf,user3,আ,output/user3/আ/আ_20260711_205748_usnulf.mp4,1.021232,0.935161,5,0.098524,-0.048328,-0.041904
2,1,20260711_220930_a944cy__outer02__inner01__aug01,20260711_220930_a944cy,for_bonhi,ঔ,output/for_bonhi/ঔ/ঔ_20260711_220930_a944cy.mp4,1.0818,1.040834,3,0.053546,-0.023696,0.019294
2,1,20260711_220930_a944cy__outer02__inner01__aug02,20260711_220930_a944cy,for_bonhi,ঔ,output/for_bonhi/ঔ/ঔ_20260711_220930_a944cy.mp4,1.029807,1.085112,5,0.034529,-0.014765,-0.036662
2,1,20260711_220930_a944cy__outer02__inner01__aug03,20260711_220930_a944cy,for_bonhi,ঔ,output/for_bonhi/ঔ/ঔ_20260711_220930_a944cy.mp4,1.065694,0.966162,3,0.010138,-0.01671,0.013301
2,1,20260711_200812_18txgi__outer02__inner01__aug01,20260711_200812_18txgi,user3,অ,output/user3/অ/অ_20260711_200812_18txgi.mp4,1.108147,1.07852,3,0.05331,-0.024807,0.01517
2,1,20260711_200812_18txgi__outer02__inner01__aug02,20260711_200812_18txgi,user3,অ,output/user3/অ/অ_20260711_200812_18txgi.mp4,0.96517,0.982657,5,0.038313,-0.038478,0.031502
2,1,20260711_200812_18txgi__outer02__inner01__aug03,20260711_200812_18txgi,user3,অ,output/user3/অ/অ_20260711_200812_18txgi.mp4,0.935292,1.133028,3,0.062826,0.036797,-0.013557
2,1,20260711_200917_z1na4w__outer02__inner01__aug01,20260711_200917_z1na4w,user3,অ,output/user3/অ/অ_20260711_200917_z1na4w.mp4,1.051201,0.853443,3,0.073948,0.03901,-0.031711
2,1,20260711_200917_z1na4w__outer02__inner01__aug02,20260711_200917_z1na4w,user3,অ,output/user3/অ/অ_20260711_200917_z1na4w.mp4,0.942062,1.10518,5,0.089689,-0.005327,-0.018292
2,1,20260711_200917_z1na4w__outer02__inner01__aug03,20260711_200917_z1na4w,user3,অ,output/user3/অ/অ_20260711_200917_z1na4w.mp4,1.061576,0.984139,3,0.052713,-0.043237,0.039305
2,1,20260711_200954_0muns4__outer02__inner01__aug01,20260711_200954_0muns4,user3,অ,output/user3/অ/অ_20260711_200954_0muns4.mp4,0.901663,1.112647,3,0.078055,-0.001678,-0.026948
2,1,20260711_200954_0muns4__outer02__inner01__aug02,20260711_200954_0muns4,user3,অ,output/user3/অ/অ_20260711_200954_0muns4.mp4,1.121438,0.853935,3,0.00125,0.0281,-0.045163
2,1,20260711_200954_0muns4__outer02__inner01__aug03,20260711_200954_0muns4,user3,অ,output/user3/অ/অ_20260711_200954_0muns4.mp4,0.915065,1.093982,3,0.02018,0.001316,0.009382
2,1,20260711_201110_jw6cqh__outer02__inner01__aug01,20260711_201110_jw6cqh,user3,অ,output/user3/অ/অ_20260711_201110_jw6cqh.mp4,0.853786,1.038293,5,0.078567,0.044433,0.035748
2,1,20260711_201110_jw6cqh__outer02__inner01__aug02,20260711_201110_jw6cqh,user3,অ,output/user3/অ/অ_20260711_201110_jw6cqh.mp4,1.040089,1.023059,3,0.091569,0.02229,0.000109
2,1,20260711_201110_jw6cqh__outer02__inner01__aug03,20260711_201110_jw6cqh,user3,অ,output/user3/অ/অ_20260711_201110_jw6cqh.mp4,1.088651,0.914334,3,0.013891,-0.006262,-0.003669
2,1,20260711_201208_6ylgz1__outer02__inner01__aug01,20260711_201208_6ylgz1,user3,অ,output/user3/অ/অ_20260711_201208_6ylgz1.mp4,0.955213,1.142354,5,0.025118,-0.009846,0.01388
2,1,20260711_201208_6ylgz1__outer02__inner01__aug02,20260711_201208_6ylgz1,user3,অ,output/user3/অ/অ_20260711_201208_6ylgz1.mp4,1.000847,0.877162,3,0.058325,0.00827,0.010904
2,1,20260711_201208_6ylgz1__outer02__inner01__aug03,20260711_201208_6ylgz1,user3,অ,output/user3/অ/অ_20260711_201208_6ylgz1.mp4,1.033755,0.982945,3,0.048716,0.02295,-0.031322
2,1,20260711_201526_9elfv0__outer02__inner01__aug01,20260711_201526_9elfv0,user3,অ,output/user3/অ/অ_20260711_201526_9elfv0.mp4,1.140836,0.967172,5,0.037144,0.025082,0.005342
2,1,20260711_201526_9elfv0__outer02__inner01__aug02,20260711_201526_9elfv0,user3,অ,output/user3/অ/অ_20260711_201526_9elfv0.mp4,1.047692,0.976434,3,0.090417,-0.049812,-0.04051
2,1,20260711_201526_9elfv0__outer02__inner01__aug03,20260711_201526_9elfv0,user3,অ,output/user3/অ/অ_20260711_201526_9elfv0.mp4,0.923743,1.112147,5,0.064616,-0.029813,-0.023221
2,1,20260711_201609_iv7642__outer02__inner01__aug01,20260711_201609_iv7642,user3,অ,output/user3/অ/অ_20260711_201609_iv7642.mp4,1.056621,0.86661,5,0.018183,-0.031994,-0.013781
2,1,20260711_201609_iv7642__outer02__inner01__aug02,20260711_201609_iv7642,user3,অ,output/user3/অ/অ_20260711_201609_iv7642.mp4,1.013533,1.125988,3,0.008175,-0.002263,0.044411
2,1,20260711_201609_iv7642__outer02__inner01__aug03,20260711_201609_iv7642,user3,অ,output/user3/অ/অ_20260711_201609_iv7642.mp4,0.938312,0.999697,3,0.004469,0.03995,0.002809
2,1,20260711_201811_0znu6g__outer02__inner01__aug01,20260711_201811_0znu6g,user3,অ,output/user3/অ/অ_20260711_201811_0znu6g.mp4,1.145046,0.937677,5,0.087612,-0.03887,-0.029865
2,1,20260711_201811_0znu6g__outer02__inner01__aug02,20260711_201811_0znu6g,user3,অ,output/user3/অ/অ_20260711_201811_0znu6g.mp4,0.938825,1.088257,5,0.074769,0.030077,0.001005
2,1,20260711_201811_0znu6g__outer02__inner01__aug03,20260711_201811_0znu6g,user3,অ,output/user3/অ/অ_20260711_201811_0znu6g.mp4,1.137633,0.976722,5,0.085094,0.029554,0.013072
2,1,20260711_201916_nc9ara__outer02__inner01__aug01,20260711_201916_nc9ara,user3,অ,output/user3/অ/অ_20260711_201916_nc9ara.mp4,1.046575,0.861799,5,0.019258,-0.031953,-0.001234
2,1,20260711_201916_nc9ara__outer02__inner01__aug02,20260711_201916_nc9ara,user3,অ,output/user3/অ/অ_20260711_201916_nc9ara.mp4,1.128893,1.090708,5,0.033961,-0.041385,0.042705
2,1,20260711_201916_nc9ara__outer02__inner01__aug03,20260711_201916_nc9ara,user3,অ,output/user3/অ/অ_20260711_201916_nc9ara.mp4,1.120254,0.928639,5,0.07573,-0.004497,-0.034655
2,1,20260711_201953_sai9ew__outer02__inner01__aug01,20260711_201953_sai9ew,user3,অ,output/user3/অ/অ_20260711_201953_sai9ew.mp4,1.068139,0.94369,3,0.009063,0.020618,-0.010416
2,1,20260711_201953_sai9ew__outer02__inner01__aug02,20260711_201953_sai9ew,user3,অ,output/user3/অ/অ_20260711_201953_sai9ew.mp4,1.0039,0.95039,3,0.040178,-0.004013,0.004136
2,1,20260711_201953_sai9ew__outer02__inner01__aug03,20260711_201953_sai9ew,user3,অ,output/user3/অ/অ_20260711_201953_sai9ew.mp4,0.942932,1.082957,3,0.065043,-0.005868,0.008286
2,1,20260711_202025_bntr0i__outer02__inner01__aug01,20260711_202025_bntr0i,user3,অ,output/user3/অ/অ_20260711_202025_bntr0i.mp4,0.97763,1.052636,5,0.046656,-0.020332,-0.013712
2,1,20260711_202025_bntr0i__outer02__inner01__aug02,20260711_202025_bntr0i,user3,অ,output/user3/অ/অ_20260711_202025_bntr0i.mp4,0.936138,1.143135,5,0.089427,0.049627,-0.008892
2,1,20260711_202025_bntr0i__outer02__inner01__aug03,20260711_202025_bntr0i,user3,অ,output/user3/অ/অ_20260711_202025_bntr0i.mp4,1.133066,1.050708,3,0.061611,0.042858,0.030474
2,1,20260711_202714_mwa7m1__outer02__inner01__aug01,20260711_202714_mwa7m1,user3,অ,output/user3/অ/অ_20260711_202714_mwa7m1.mp4,1.127508,0.991871,3,0.086006,0.00297,0.024628
2,1,20260711_202714_mwa7m1__outer02__inner01__aug02,20260711_202714_mwa7m1,user3,অ,output/user3/অ/অ_20260711_202714_mwa7m1.mp4,0.866067,1.064751,3,0.094326,0.022834,0.036507
2,1,20260711_202714_mwa7m1__outer02__inner01__aug03,20260711_202714_mwa7m1,user3,অ,output/user3/অ/অ_20260711_202714_mwa7m1.mp4,0.937296,0.872134,5,0.063246,0.033171,0.035756
2,1,20260711_202846_kmy51g__outer02__inner01__aug01,20260711_202846_kmy51g,user3,অ,output/user3/অ/অ_20260711_202846_kmy51g.mp4,0.973663,1.127457,3,0.072829,-0.041886,-0.049917
2,1,20260711_202846_kmy51g__outer02__inner01__aug02,20260711_202846_kmy51g,user3,অ,output/user3/অ/অ_20260711_202846_kmy51g.mp4,0.96669,0.977444,5,0.088686,0.024388,-0.038606
2,1,20260711_202846_kmy51g__outer02__inner01__aug03,20260711_202846_kmy51g,user3,অ,output/user3/অ/অ_20260711_202846_kmy51g.mp4,0.998556,1.126213,5,0.061932,0.011209,0.048329
2,1,20260711_203013_i4o0om__outer02__inner01__aug01,20260711_203013_i4o0om,user3,অ,output/user3/অ/অ_20260711_203013_i4o0om.mp4,1.107736,0.892782,3,0.003482,0.007983,0.00666
2,1,20260711_203013_i4o0om__outer02__inner01__aug02,20260711_203013_i4o0om,user3,অ,output/user3/অ/অ_20260711_203013_i4o0om.mp4,1.096753,0.899493,5,0.041861,-0.012439,0.023837
2,1,20260711_203013_i4o0om__outer02__inner01__aug03,20260711_203013_i4o0om,user3,অ,output/user3/অ/অ_20260711_203013_i4o0om.mp4,0.897143,1.027732,5,0.016532,-0.013314,0.00216
2,1,20260711_203112_15gnzj__outer02__inner01__aug01,20260711_203112_15gnzj,user3,অ,output/user3/অ/অ_20260711_203112_15gnzj.mp4,0.993242,0.899584,5,0.050269,0.016894,-0.036852
2,1,20260711_203112_15gnzj__outer02__inner01__aug02,20260711_203112_15gnzj,user3,অ,output/user3/অ/অ_20260711_203112_15gnzj.mp4,0.935109,0.961844,3,0.067553,-0.029092,-0.02058
2,1,20260711_203112_15gnzj__outer02__inner01__aug03,20260711_203112_15gnzj,user3,অ,output/user3/অ/অ_20260711_203112_15gnzj.mp4,0.896566,1.056055,3,0.021662,0.015971,0.000309
2,1,20260711_205524_jbk5pv__outer02__inner01__aug01,20260711_205524_jbk5pv,user3,আ,output/user3/আ/আ_20260711_205524_jbk5pv.mp4,1.106699,0.853397,5,0.002713,0.04225,-0.017989
2,1,20260711_205524_jbk5pv__outer02__inner01__aug02,20260711_205524_jbk5pv,user3,আ,output/user3/আ/আ_20260711_205524_jbk5pv.mp4,1.025141,1.052512,3,0.064737,0.04826,-0.022868
2,1,20260711_205524_jbk5pv__outer02__inner01__aug03,20260711_205524_jbk5pv,user3,আ,output/user3/আ/আ_20260711_205524_jbk5pv.mp4,0.908228,0.929887,5,0.063789,-0.031786,-0.023224
2,1,20260711_205559_azslan__outer02__inner01__aug01,20260711_205559_azslan,user3,আ,output/user3/আ/আ_20260711_205559_azslan.mp4,1.106454,0.894324,5,0.088804,0.036125,0.02395
2,1,20260711_205559_azslan__outer02__inner01__aug02,20260711_205559_azslan,user3,আ,output/user3/আ/আ_20260711_205559_azslan.mp4,1.000773,0.902261,3,0.064065,0.049461,0.039432
2,1,20260711_205559_azslan__outer02__inner01__aug03,20260711_205559_azslan,user3,আ,output/user3/আ/আ_20260711_205559_azslan.mp4,1.087441,0.863382,3,0.078677,-0.032464,-0.015979
2,1,20260711_205630_gydvnp__outer02__inner01__aug01,20260711_205630_gydvnp,user3,আ,output/user3/আ/আ_20260711_205630_gydvnp.mp4,0.954837,1.136886,5,0.026941,-0.011547,0.020188
2,1,20260711_205630_gydvnp__outer02__inner01__aug02,20260711_205630_gydvnp,user3,আ,output/user3/আ/আ_20260711_205630_gydvnp.mp4,1.081721,1.073043,3,0.032133,0.02801,0.039281
2,1,20260711_205630_gydvnp__outer02__inner01__aug03,20260711_205630_gydvnp,user3,আ,output/user3/আ/আ_20260711_205630_gydvnp.mp4,0.868056,1.088758,5,0.093205,-0.026339,0.027124
2,1,20260711_205707_n57400__outer02__inner01__aug01,20260711_205707_n57400,user3,আ,output/user3/আ/আ_20260711_205707_n57400.mp4,0.900855,0.957917,5,0.080796,-0.018133,0.031885
2,1,20260711_205707_n57400__outer02__inner01__aug02,20260711_205707_n57400,user3,আ,output/user3/আ/আ_20260711_205707_n57400.mp4,1.037874,1.086767,5,0.082433,0.01805,-0.036415
2,1,20260711_205707_n57400__outer02__inner01__aug03,20260711_205707_n57400,user3,আ,output/user3/আ/আ_20260711_205707_n57400.mp4,1.142011,0.991522,3,0.050119,0.003371,-0.042525
2,1,20260711_205748_usnulf__outer02__inner01__aug01,20260711_205748_usnulf,user3,আ,output/user3/আ/আ_20260711_205748_usnulf.mp4,0.977366,1.144724,3,0.070702,-0.019979,0.00244
2,1,20260711_205748_usnulf__outer02__inner01__aug02,20260711_205748_usnulf,user3,আ,output/user3/আ/আ_20260711_205748_usnulf.mp4,0.915292,1.015022,3,0.034045,0.011389,0.020501
2,1,20260711_205748_usnulf__outer02__inner01__aug03,20260711_205748_usnulf,user3,আ,output/user3/আ/আ_20260711_205748_usnulf.mp4,0.898281,0.924462,5,0.004718,0.029673,0.008494
2,1,20260711_211455_ab7vb3__outer02__inner01__aug01,20260711_211455_ab7vb3,user4,অ,output/user4/অ/অ_20260711_211455_ab7vb3.mp4,1.066233,0.925572,5,0.077424,-0.032505,0.004856
2,1,20260711_211455_ab7vb3__outer02__inner01__aug02,20260711_211455_ab7vb3,user4,অ,output/user4/অ/অ_20260711_211455_ab7vb3.mp4,1.10212,0.991331,5,0.039782,0.014662,0.015384
2,1,20260711_211455_ab7vb3__outer02__inner01__aug03,20260711_211455_ab7vb3,user4,অ,output/user4/অ/অ_20260711_211455_ab7vb3.mp4,0.897604,1.123869,5,0.021519,-0.027666,-0.013465
2,1,20260711_214733_y28o8p__outer02__inner01__aug01,20260711_214733_y28o8p,user4,অ,output/user4/অ/অ_20260711_214733_y28o8p.mp4,0.94174,1.069373,3,0.013692,-0.016811,0.046423
2,1,20260711_214733_y28o8p__outer02__inner01__aug02,20260711_214733_y28o8p,user4,অ,output/user4/অ/অ_20260711_214733_y28o8p.mp4,1.123954,1.031895,3,0.010944,-0.004174,-0.034575
2,1,20260711_214733_y28o8p__outer02__inner01__aug03,20260711_214733_y28o8p,user4,অ,output/user4/অ/অ_20260711_214733_y28o8p.mp4,1.097712,1.086126,5,0.066265,-0.04586,-0.02267
2,1,20260711_214747_h8ad4n__outer02__inner01__aug01,20260711_214747_h8ad4n,user4,অ,output/user4/অ/অ_20260711_214747_h8ad4n.mp4,1.024601,0.896808,5,0.029801,-0.022225,-0.005482
2,1,20260711_214747_h8ad4n__outer02__inner01__aug02,20260711_214747_h8ad4n,user4,অ,output/user4/অ/অ_20260711_214747_h8ad4n.mp4,1.094786,0.958696,5,0.084102,-0.029449,0.027223
2,1,20260711_214747_h8ad4n__outer02__inner01__aug03,20260711_214747_h8ad4n,user4,অ,output/user4/অ/অ_20260711_214747_h8ad4n.mp4,1.101306,0.874555,3,0.079572,0.019796,-0.04517
2,1,20260711_214802_iotb3d__outer02__inner01__aug01,20260711_214802_iotb3d,user4,অ,output/user4/অ/অ_20260711_214802_iotb3d.mp4,1.055674,0.993884,5,0.077599,0.009028,-0.000301
2,1,20260711_214802_iotb3d__outer02__inner01__aug02,20260711_214802_iotb3d,user4,অ,output/user4/অ/অ_20260711_214802_iotb3d.mp4,0.971466,0.937772,5,0.044065,-0.049546,0.034111
2,1,20260711_214802_iotb3d__outer02__inner01__aug03,20260711_214802_iotb3d,user4,অ,output/user4/অ/অ_20260711_214802_iotb3d.mp4,0.858715,0.930613,5,0.039974,-0.046007,-0.00062
2,1,20260711_214818_1kqyjw__outer02__inner01__aug01,20260711_214818_1kqyjw,user4,অ,output/user4/অ/অ_20260711_214818_1kqyjw.mp4,0.936494,1.005915,5,0.029135,-0.033106,-0.045364
2,1,20260711_214818_1kqyjw__outer02__inner01__aug02,20260711_214818_1kqyjw,user4,অ,output/user4/অ/অ_20260711_214818_1kqyjw.mp4,0.960039,0.986691,3,0.015426,0.049025,-0.033958
2,1,20260711_214818_1kqyjw__outer02__inner01__aug03,20260711_214818_1kqyjw,user4,অ,output/user4/অ/অ_20260711_214818_1kqyjw.mp4,0.982911,1.142318,5,0.097796,0.02773,0.042366
2,1,20260711_214838_nmfk2j__outer02__inner01__aug01,20260711_214838_nmfk2j,user4,অ,output/user4/অ/অ_20260711_214838_nmfk2j.mp4,1.136143,1.122187,5,0.021055,0.003305,-0.011905
2,1,20260711_214838_nmfk2j__outer02__inner01__aug02,20260711_214838_nmfk2j,user4,অ,output/user4/অ/অ_20260711_214838_nmfk2j.mp4,1.136079,0.918943,3,0.084439,-0.011986,0.044833
2,1,20260711_214838_nmfk2j__outer02__inner01__aug03,20260711_214838_nmfk2j,user4,অ,output/user4/অ/অ_20260711_214838_nmfk2j.mp4,0.850507,1.045905,3,0.058903,0.015686,-0.009716
2,1,20260711_214856_wh1jdl__outer02__inner01__aug01,20260711_214856_wh1jdl,user4,অ,output/user4/অ/অ_20260711_214856_wh1jdl.mp4,0.899677,1.123999,5,0.003864,0.047416,-0.025283
2,1,20260711_214856_wh1jdl__outer02__inner01__aug02,20260711_214856_wh1jdl,user4,অ,output/user4/অ/অ_20260711_214856_wh1jdl.mp4,1.032185,1.105974,3,0.026499,0.016178,0.019316
2,1,20260711_214856_wh1jdl__outer02__inner01__aug03,20260711_214856_wh1jdl,user4,অ,output/user4/অ/অ_20260711_214856_wh1jdl.mp4,0.876153,0.910079,5,0.034042,-0.018366,-0.00521
2,1,20260711_214912_5jyzoq__outer02__inner01__aug01,20260711_214912_5jyzoq,user4,অ,output/user4/অ/অ_20260711_214912_5jyzoq.mp4,1.054145,1.068555,3,0.059273,0.03426,0.02165
2,1,20260711_214912_5jyzoq__outer02__inner01__aug02,20260711_214912_5jyzoq,user4,অ,output/user4/অ/অ_20260711_214912_5jyzoq.mp4,0.899458,0.947606,5,0.084399,-0.018848,-0.041116
2,1,20260711_214912_5jyzoq__outer02__inner01__aug03,20260711_214912_5jyzoq,user4,অ,output/user4/অ/অ_20260711_214912_5jyzoq.mp4,1.140935,1.001163,5,0.017217,0.020623,-0.028043
2,1,20260711_215025_9ahjj1__outer02__inner01__aug01,20260711_215025_9ahjj1,user4,অ,output/user4/অ/অ_20260711_215025_9ahjj1.mp4,1.008749,1.132157,3,0.052115,0.038213,-0.004587
2,1,20260711_215025_9ahjj1__outer02__inner01__aug02,20260711_215025_9ahjj1,user4,অ,output/user4/অ/অ_20260711_215025_9ahjj1.mp4,0.992733,1.049292,3,0.049042,-0.037375,-0.007159
2,1,20260711_215025_9ahjj1__outer02__inner01__aug03,20260711_215025_9ahjj1,user4,অ,output/user4/অ/অ_20260711_215025_9ahjj1.mp4,1.050138,0.930994,5,0.03168,-0.001481,0.014856
2,1,20260711_215040_totmvz__outer02__inner01__aug01,20260711_215040_totmvz,user4,অ,output/user4/অ/অ_20260711_215040_totmvz.mp4,0.992025,1.065899,5,0.090439,-0.04325,0.024933
2,1,20260711_215040_totmvz__outer02__inner01__aug02,20260711_215040_totmvz,user4,অ,output/user4/অ/অ_20260711_215040_totmvz.mp4,1.078626,1.038245,3,0.061807,0.043894,0.044757
2,1,20260711_215040_totmvz__outer02__inner01__aug03,20260711_215040_totmvz,user4,অ,output/user4/অ/অ_20260711_215040_totmvz.mp4,1.110525,1.143238,5,0.067239,0.021348,-0.024089
2,1,20260711_215057_m3q3bw__outer02__inner01__aug01,20260711_215057_m3q3bw,user4,অ,output/user4/অ/অ_20260711_215057_m3q3bw.mp4,0.992642,0.919771,5,0.055664,0.025882,0.022652
2,1,20260711_215057_m3q3bw__outer02__inner01__aug02,20260711_215057_m3q3bw,user4,অ,output/user4/অ/অ_20260711_215057_m3q3bw.mp4,0.933984,1.130452,5,0.082049,0.023046,-0.036211
2,1,20260711_215057_m3q3bw__outer02__inner01__aug03,20260711_215057_m3q3bw,user4,অ,output/user4/অ/অ_20260711_215057_m3q3bw.mp4,0.862038,1.105967,5,0.041706,0.02239,0.028159
2,1,20260711_215120_wa3iw4__outer02__inner01__aug01,20260711_215120_wa3iw4,user4,অ,output/user4/অ/অ_20260711_215120_wa3iw4.mp4,1.078446,0.9096,3,0.036578,0.015939,0.036095
2,1,20260711_215120_wa3iw4__outer02__inner01__aug02,20260711_215120_wa3iw4,user4,অ,output/user4/অ/অ_20260711_215120_wa3iw4.mp4,1.149591,0.89057,3,0.008323,0.024155,0.049737
2,1,20260711_215120_wa3iw4__outer02__inner01__aug03,20260711_215120_wa3iw4,user4,অ,output/user4/অ/অ_20260711_215120_wa3iw4.mp4,1.001787,1.126974,5,0.099179,0.04425,0.007369
2,1,20260711_215140_jzmdn9__outer02__inner01__aug01,20260711_215140_jzmdn9,user4,অ,output/user4/অ/অ_20260711_215140_jzmdn9.mp4,0.956237,1.071292,5,0.08304,0.048064,0.020941
2,1,20260711_215140_jzmdn9__outer02__inner01__aug02,20260711_215140_jzmdn9,user4,অ,output/user4/অ/অ_20260711_215140_jzmdn9.mp4,0.960399,0.877544,3,0.05118,0.047846,-0.018998
2,1,20260711_215140_jzmdn9__outer02__inner01__aug03,20260711_215140_jzmdn9,user4,অ,output/user4/অ/অ_20260711_215140_jzmdn9.mp4,1.124608,1.062613,5,0.015151,0.003268,-0.040065
2,1,20260711_215153_8dj6mi__outer02__inner01__aug01,20260711_215153_8dj6mi,user4,অ,output/user4/অ/অ_20260711_215153_8dj6mi.mp4,0.917783,1.033577,3,0.090705,-0.040521,-0.017066
2,1,20260711_215153_8dj6mi__outer02__inner01__aug02,20260711_215153_8dj6mi,user4,অ,output/user4/অ/অ_20260711_215153_8dj6mi.mp4,0.885577,1.119703,5,0.012043,0.005061,0.034724
2,1,20260711_215153_8dj6mi__outer02__inner01__aug03,20260711_215153_8dj6mi,user4,অ,output/user4/অ/অ_20260711_215153_8dj6mi.mp4,0.978849,1.024583,3,0.084002,0.032611,0.00482
2,1,20260711_215210_14cuph__outer02__inner01__aug01,20260711_215210_14cuph,user4,অ,output/user4/অ/অ_20260711_215210_14cuph.mp4,0.944918,0.996036,5,0.066605,-0.002279,0.026679
2,1,20260711_215210_14cuph__outer02__inner01__aug02,20260711_215210_14cuph,user4,অ,output/user4/অ/অ_20260711_215210_14cuph.mp4,1.023183,1.12467,3,0.086047,-0.031135,-0.028168
2,1,20260711_215210_14cuph__outer02__inner01__aug03,20260711_215210_14cuph,user4,অ,output/user4/অ/অ_20260711_215210_14cuph.mp4,0.885149,0.945233,5,0.090755,-0.023824,-0.027564
2,1,20260711_215224_s1nefb__outer02__inner01__aug01,20260711_215224_s1nefb,user4,অ,output/user4/অ/অ_20260711_215224_s1nefb.mp4,0.899145,1.019117,5,0.048623,0.027296,-0.037174
2,1,20260711_215224_s1nefb__outer02__inner01__aug02,20260711_215224_s1nefb,user4,অ,output/user4/অ/অ_20260711_215224_s1nefb.mp4,1.113178,1.12744,3,0.025432,0.03502,0.018208
2,1,20260711_215224_s1nefb__outer02__inner01__aug03,20260711_215224_s1nefb,user4,অ,output/user4/অ/অ_20260711_215224_s1nefb.mp4,0.86824,0.892033,3,0.03515,-0.009105,-0.002514
2,1,20260711_211553_8q738s__outer02__inner01__aug01,20260711_211553_8q738s,user4,আ,output/user4/আ/আ_20260711_211553_8q738s.mp4,1.118349,0.909841,3,0.015265,0.049275,-0.024122
2,1,20260711_211553_8q738s__outer02__inner01__aug02,20260711_211553_8q738s,user4,আ,output/user4/আ/আ_20260711_211553_8q738s.mp4,1.105466,1.083992,3,0.013958,-0.000721,0.014216
2,1,20260711_211553_8q738s__outer02__inner01__aug03,20260711_211553_8q738s,user4,আ,output/user4/আ/আ_20260711_211553_8q738s.mp4,1.079411,0.906447,5,0.007797,-0.030619,-0.004713
2,1,20260711_215326_rdw0i7__outer02__inner01__aug01,20260711_215326_rdw0i7,user4,আ,output/user4/আ/আ_20260711_215326_rdw0i7.mp4,1.063053,1.106689,3,0.046585,-0.04394,0.032526
2,1,20260711_215326_rdw0i7__outer02__inner01__aug02,20260711_215326_rdw0i7,user4,আ,output/user4/আ/আ_20260711_215326_rdw0i7.mp4,1.077727,0.916022,3,0.008232,0.002726,0.008619
2,1,20260711_215326_rdw0i7__outer02__inner01__aug03,20260711_215326_rdw0i7,user4,আ,output/user4/আ/আ_20260711_215326_rdw0i7.mp4,0.917636,0.961621,5,0.021696,0.034166,-0.047269
2,1,20260711_215355_gtir0d__outer02__inner01__aug01,20260711_215355_gtir0d,user4,আ,output/user4/আ/আ_20260711_215355_gtir0d.mp4,0.975863,0.885445,3,0.011718,0.021814,0.043059
2,1,20260711_215355_gtir0d__outer02__inner01__aug02,20260711_215355_gtir0d,user4,আ,output/user4/আ/আ_20260711_215355_gtir0d.mp4,1.087424,0.878896,3,0.070519,-0.028927,0.02954
2,1,20260711_215355_gtir0d__outer02__inner01__aug03,20260711_215355_gtir0d,user4,আ,output/user4/আ/আ_20260711_215355_gtir0d.mp4,0.879264,0.995515,3,0.004299,-0.003271,0.007536
2,1,20260711_215413_4z3pac__outer02__inner01__aug01,20260711_215413_4z3pac,user4,আ,output/user4/আ/আ_20260711_215413_4z3pac.mp4,0.954332,0.86035,5,0.096621,-0.030284,-0.017263
2,1,20260711_215413_4z3pac__outer02__inner01__aug02,20260711_215413_4z3pac,user4,আ,output/user4/আ/আ_20260711_215413_4z3pac.mp4,0.9096,0.868177,3,0.055211,-0.048011,0.033205
2,1,20260711_215413_4z3pac__outer02__inner01__aug03,20260711_215413_4z3pac,user4,আ,output/user4/আ/আ_20260711_215413_4z3pac.mp4,1.100873,1.130959,3,0.083492,0.004231,0.015686
2,1,20260711_215505_noe4fp__outer02__inner01__aug01,20260711_215505_noe4fp,user4,আ,output/user4/আ/আ_20260711_215505_noe4fp.mp4,0.859658,0.889619,3,0.049761,-0.04194,-0.01096
2,1,20260711_215505_noe4fp__outer02__inner01__aug02,20260711_215505_noe4fp,user4,আ,output/user4/আ/আ_20260711_215505_noe4fp.mp4,1.025053,0.92577,3,0.054767,-0.026119,-0.031153
2,1,20260711_215505_noe4fp__outer02__inner01__aug03,20260711_215505_noe4fp,user4,আ,output/user4/আ/আ_20260711_215505_noe4fp.mp4,0.952377,1.081133,5,0.0605,-0.043313,-0.003207
2,1,20260711_215527_oaoi6c__outer02__inner01__aug01,20260711_215527_oaoi6c,user4,আ,output/user4/আ/আ_20260711_215527_oaoi6c.mp4,0.96559,0.98887,5,0.002522,-0.009849,0.039506
2,1,20260711_215527_oaoi6c__outer02__inner01__aug02,20260711_215527_oaoi6c,user4,আ,output/user4/আ/আ_20260711_215527_oaoi6c.mp4,1.052953,0.993048,3,0.097369,-0.009602,-0.048456
2,1,20260711_215527_oaoi6c__outer02__inner01__aug03,20260711_215527_oaoi6c,user4,আ,output/user4/আ/আ_20260711_215527_oaoi6c.mp4,1.071875,0.965362,3,0.069529,-0.021077,-0.031325
2,1,20260711_215554_41w3p4__outer02__inner01__aug01,20260711_215554_41w3p4,user4,আ,output/user4/আ/আ_20260711_215554_41w3p4.mp4,0.960653,1.118496,5,0.051563,-0.036177,0.022865
2,1,20260711_215554_41w3p4__outer02__inner01__aug02,20260711_215554_41w3p4,user4,আ,output/user4/আ/আ_20260711_215554_41w3p4.mp4,0.960603,1.124813,3,0.075665,-0.006403,0.034879
2,1,20260711_215554_41w3p4__outer02__inner01__aug03,20260711_215554_41w3p4,user4,আ,output/user4/আ/আ_20260711_215554_41w3p4.mp4,0.967323,0.891322,3,0.047071,0.029347,0.008474
2,1,20260711_215623_q6sua3__outer02__inner01__aug01,20260711_215623_q6sua3,user4,আ,output/user4/আ/আ_20260711_215623_q6sua3.mp4,0.993109,0.922956,3,0.048312,-0.037642,-0.04868
2,1,20260711_215623_q6sua3__outer02__inner01__aug02,20260711_215623_q6sua3,user4,আ,output/user4/আ/আ_20260711_215623_q6sua3.mp4,1.036418,1.12001,3,0.079612,0.002629,0.047726
2,1,20260711_215623_q6sua3__outer02__inner01__aug03,20260711_215623_q6sua3,user4,আ,output/user4/আ/আ_20260711_215623_q6sua3.mp4,0.928476,1.001738,5,0.070888,0.033976,0.045215
2,1,20260711_215646_y25z4x__outer02__inner01__aug01,20260711_215646_y25z4x,user4,আ,output/user4/আ/আ_20260711_215646_y25z4x.mp4,0.90314,0.991947,3,0.031585,-0.015706,0.032937
2,1,20260711_215646_y25z4x__outer02__inner01__aug02,20260711_215646_y25z4x,user4,আ,output/user4/আ/আ_20260711_215646_y25z4x.mp4,0.995011,0.873503,5,0.022164,-0.000162,0.048086
2,1,20260711_215646_y25z4x__outer02__inner01__aug03,20260711_215646_y25z4x,user4,আ,output/user4/আ/আ_20260711_215646_y25z4x.mp4,1.067333,0.971202,5,0.086666,-0.027127,-0.024383
2,1,20260711_215701_i0we24__outer02__inner01__aug01,20260711_215701_i0we24,user4,আ,output/user4/আ/আ_20260711_215701_i0we24.mp4,1.114489,1.117008,3,0.059652,0.024994,-0.03875
2,1,20260711_215701_i0we24__outer02__inner01__aug02,20260711_215701_i0we24,user4,আ,output/user4/আ/আ_20260711_215701_i0we24.mp4,1.061554,1.122725,5,0.056018,-0.048309,0.011852
2,1,20260711_215701_i0we24__outer02__inner01__aug03,20260711_215701_i0we24,user4,আ,output/user4/আ/আ_20260711_215701_i0we24.mp4,0.91494,1.111919,3,0.050828,0.029881,-0.049971
2,1,20260711_215719_fym8k2__outer02__inner01__aug01,20260711_215719_fym8k2,user4,আ,output/user4/আ/আ_20260711_215719_fym8k2.mp4,1.1484,1.101765,5,0.060466,-0.029866,-0.038437
2,1,20260711_215719_fym8k2__outer02__inner01__aug02,20260711_215719_fym8k2,user4,আ,output/user4/আ/আ_20260711_215719_fym8k2.mp4,0.920736,1.052146,3,0.06306,-0.026242,0.035543
2,1,20260711_215719_fym8k2__outer02__inner01__aug03,20260711_215719_fym8k2,user4,আ,output/user4/আ/আ_20260711_215719_fym8k2.mp4,0.969014,1.124942,3,0.093819,0.032719,0.03132
2,1,20260711_215732_e3wli4__outer02__inner01__aug01,20260711_215732_e3wli4,user4,আ,output/user4/আ/আ_20260711_215732_e3wli4.mp4,0.876635,0.928103,3,0.006513,-0.040729,0.031198
2,1,20260711_215732_e3wli4__outer02__inner01__aug02,20260711_215732_e3wli4,user4,আ,output/user4/আ/আ_20260711_215732_e3wli4.mp4,1.142146,0.905406,5,0.060313,0.000199,-0.035722
2,1,20260711_215732_e3wli4__outer02__inner01__aug03,20260711_215732_e3wli4,user4,আ,output/user4/আ/আ_20260711_215732_e3wli4.mp4,1.061919,1.038954,5,0.048373,0.040234,-0.004078
2,1,20260711_215746_pw5glc__outer02__inner01__aug01,20260711_215746_pw5glc,user4,আ,output/user4/আ/আ_20260711_215746_pw5glc.mp4,1.14959,1.056321,5,0.032217,0.038015,0.025394
2,1,20260711_215746_pw5glc__outer02__inner01__aug02,20260711_215746_pw5glc,user4,আ,output/user4/আ/আ_20260711_215746_pw5glc.mp4,0.974164,0.912443,3,0.069359,-0.031031,0.023305
2,1,20260711_215746_pw5glc__outer02__inner01__aug03,20260711_215746_pw5glc,user4,আ,output/user4/আ/আ_20260711_215746_pw5glc.mp4,1.126939,0.90091,3,0.064069,-0.032328,-0.047562
2,1,20260711_215803_gtb1nz__outer02__inner01__aug01,20260711_215803_gtb1nz,user4,আ,output/user4/আ/আ_20260711_215803_gtb1nz.mp4,0.905992,0.888647,3,0.02413,-0.009267,-0.03619
2,1,20260711_215803_gtb1nz__outer02__inner01__aug02,20260711_215803_gtb1nz,user4,আ,output/user4/আ/আ_20260711_215803_gtb1nz.mp4,1.136133,1.031992,5,0.031839,-0.049729,-0.024026
2,1,20260711_215803_gtb1nz__outer02__inner01__aug03,20260711_215803_gtb1nz,user4,আ,output/user4/আ/আ_20260711_215803_gtb1nz.mp4,1.133206,0.996419,3,0.05435,-0.016628,-0.032217
2,1,20260711_215826_09me7o__outer02__inner01__aug01,20260711_215826_09me7o,user4,আ,output/user4/আ/আ_20260711_215826_09me7o.mp4,1.111085,0.946862,5,0.088409,-0.029584,-0.044259
2,1,20260711_215826_09me7o__outer02__inner01__aug02,20260711_215826_09me7o,user4,আ,output/user4/আ/আ_20260711_215826_09me7o.mp4,0.982491,1.128859,5,0.072076,-0.004022,0.002729
2,1,20260711_215826_09me7o__outer02__inner01__aug03,20260711_215826_09me7o,user4,আ,output/user4/আ/আ_20260711_215826_09me7o.mp4,0.979656,1.088954,3,0.061094,-0.010406,-0.04918
2,1,20260711_215850_2a6qfe__outer02__inner01__aug01,20260711_215850_2a6qfe,user4,আ,output/user4/আ/আ_20260711_215850_2a6qfe.mp4,1.004931,1.095577,5,0.029544,0.02134,-0.016641
2,1,20260711_215850_2a6qfe__outer02__inner01__aug02,20260711_215850_2a6qfe,user4,আ,output/user4/আ/আ_20260711_215850_2a6qfe.mp4,0.976936,0.947993,5,0.087592,-0.003483,0.031539
2,1,20260711_215850_2a6qfe__outer02__inner01__aug03,20260711_215850_2a6qfe,user4,আ,output/user4/আ/আ_20260711_215850_2a6qfe.mp4,1.115047,0.962471,3,0.011495,0.011315,-0.013725
2,1,20260711_211613_pni7yl__outer02__inner01__aug01,20260711_211613_pni7yl,user4,ই,output/user4/ই/ই_20260711_211613_pni7yl.mp4,0.855773,1.145043,5,0.067648,0.047166,-0.03667
2,1,20260711_211613_pni7yl__outer02__inner01__aug02,20260711_211613_pni7yl,user4,ই,output/user4/ই/ই_20260711_211613_pni7yl.mp4,1.055255,1.10295,5,0.011584,0.014989,-0.020523
2,1,20260711_211613_pni7yl__outer02__inner01__aug03,20260711_211613_pni7yl,user4,ই,output/user4/ই/ই_20260711_211613_pni7yl.mp4,0.916464,0.87512,5,0.004958,-0.041649,0.029872
2,1,20260711_211631_omhqof__outer02__inner01__aug01,20260711_211631_omhqof,user4,ই,output/user4/ই/ই_20260711_211631_omhqof.mp4,1.086558,1.03351,5,0.098039,-0.031498,0.022238
2,1,20260711_211631_omhqof__outer02__inner01__aug02,20260711_211631_omhqof,user4,ই,output/user4/ই/ই_20260711_211631_omhqof.mp4,0.961273,0.870979,5,0.038387,-0.001846,0.031418
2,1,20260711_211631_omhqof__outer02__inner01__aug03,20260711_211631_omhqof,user4,ই,output/user4/ই/ই_20260711_211631_omhqof.mp4,0.986346,0.901695,5,0.017274,0.018764,-0.034272
2,1,20260711_215916_5xq3ym__outer02__inner01__aug01,20260711_215916_5xq3ym,user4,ই,output/user4/ই/ই_20260711_215916_5xq3ym.mp4,1.073263,1.010906,3,0.098366,-0.003356,0.000144
2,1,20260711_215916_5xq3ym__outer02__inner01__aug02,20260711_215916_5xq3ym,user4,ই,output/user4/ই/ই_20260711_215916_5xq3ym.mp4,1.038901,1.082301,3,0.098063,-0.001219,8e-06
2,1,20260711_215916_5xq3ym__outer02__inner01__aug03,20260711_215916_5xq3ym,user4,ই,output/user4/ই/ই_20260711_215916_5xq3ym.mp4,0.966461,1.038833,5,0.025475,0.031149,0.001599
2,1,20260711_215928_ckxbi5__outer02__inner01__aug01,20260711_215928_ckxbi5,user4,ই,output/user4/ই/ই_20260711_215928_ckxbi5.mp4,0.980081,1.01844,3,0.0824,-0.03672,0.025733
2,1,20260711_215928_ckxbi5__outer02__inner01__aug02,20260711_215928_ckxbi5,user4,ই,output/user4/ই/ই_20260711_215928_ckxbi5.mp4,1.066183,0.960443,3,0.087669,0.010632,0.00462
2,1,20260711_215928_ckxbi5__outer02__inner01__aug03,20260711_215928_ckxbi5,user4,ই,output/user4/ই/ই_20260711_215928_ckxbi5.mp4,1.034675,1.05496,5,0.04044,0.021645,-0.016271
2,1,20260711_215945_ovgs11__outer02__inner01__aug01,20260711_215945_ovgs11,user4,ই,output/user4/ই/ই_20260711_215945_ovgs11.mp4,0.974072,0.892092,3,0.051618,-0.035263,0.043051
2,1,20260711_215945_ovgs11__outer02__inner01__aug02,20260711_215945_ovgs11,user4,ই,output/user4/ই/ই_20260711_215945_ovgs11.mp4,0.913145,1.024315,3,0.098781,0.013293,0.041352
2,1,20260711_215945_ovgs11__outer02__inner01__aug03,20260711_215945_ovgs11,user4,ই,output/user4/ই/ই_20260711_215945_ovgs11.mp4,1.110096,0.988302,3,0.070532,-0.001275,-0.04953
2,1,20260711_215959_axw0jl__outer02__inner01__aug01,20260711_215959_axw0jl,user4,ই,output/user4/ই/ই_20260711_215959_axw0jl.mp4,0.940662,1.097914,5,0.090439,-0.012318,0.004422
2,1,20260711_215959_axw0jl__outer02__inner01__aug02,20260711_215959_axw0jl,user4,ই,output/user4/ই/ই_20260711_215959_axw0jl.mp4,1.142117,0.998772,3,0.016544,0.011394,-0.036125
2,1,20260711_215959_axw0jl__outer02__inner01__aug03,20260711_215959_axw0jl,user4,ই,output/user4/ই/ই_20260711_215959_axw0jl.mp4,1.085487,0.940533,3,0.070157,-0.047953,-0.003947
2,1,20260711_220013_x16qxh__outer02__inner01__aug01,20260711_220013_x16qxh,user4,ই,output/user4/ই/ই_20260711_220013_x16qxh.mp4,0.905394,0.963102,3,0.058688,-0.014661,0.037132
2,1,20260711_220013_x16qxh__outer02__inner01__aug02,20260711_220013_x16qxh,user4,ই,output/user4/ই/ই_20260711_220013_x16qxh.mp4,0.934538,1.124863,5,0.045605,-0.026281,-0.024325
2,1,20260711_220013_x16qxh__outer02__inner01__aug03,20260711_220013_x16qxh,user4,ই,output/user4/ই/ই_20260711_220013_x16qxh.mp4,1.026043,0.911175,5,0.068721,0.0452,-0.047296
2,1,20260711_220027_1j40u6__outer02__inner01__aug01,20260711_220027_1j40u6,user4,ই,output/user4/ই/ই_20260711_220027_1j40u6.mp4,0.98641,1.018668,3,0.057641,0.00942,0.027637
2,1,20260711_220027_1j40u6__outer02__inner01__aug02,20260711_220027_1j40u6,user4,ই,output/user4/ই/ই_20260711_220027_1j40u6.mp4,0.942917,1.110384,3,0.0879,-0.025591,0.013345
2,1,20260711_220027_1j40u6__outer02__inner01__aug03,20260711_220027_1j40u6,user4,ই,output/user4/ই/ই_20260711_220027_1j40u6.mp4,1.041099,0.872612,5,0.066839,0.029387,-0.030428
2,1,20260711_220043_yyhe4o__outer02__inner01__aug01,20260711_220043_yyhe4o,user4,ই,output/user4/ই/ই_20260711_220043_yyhe4o.mp4,0.983929,1.09579,5,0.050053,0.008484,0.009431
2,1,20260711_220043_yyhe4o__outer02__inner01__aug02,20260711_220043_yyhe4o,user4,ই,output/user4/ই/ই_20260711_220043_yyhe4o.mp4,1.070255,0.906702,5,0.056177,0.000666,-0.025229
2,1,20260711_220043_yyhe4o__outer02__inner01__aug03,20260711_220043_yyhe4o,user4,ই,output/user4/ই/ই_20260711_220043_yyhe4o.mp4,1.016835,1.059174,3,0.080924,-0.020597,-0.035601
2,1,20260711_220058_6cy90j__outer02__inner01__aug01,20260711_220058_6cy90j,user4,ই,output/user4/ই/ই_20260711_220058_6cy90j.mp4,0.976566,0.958422,3,0.049768,-0.017987,-0.026856
2,1,20260711_220058_6cy90j__outer02__inner01__aug02,20260711_220058_6cy90j,user4,ই,output/user4/ই/ই_20260711_220058_6cy90j.mp4,0.910008,1.120308,5,0.023488,-0.02951,-0.012986
2,1,20260711_220058_6cy90j__outer02__inner01__aug03,20260711_220058_6cy90j,user4,ই,output/user4/ই/ই_20260711_220058_6cy90j.mp4,0.930507,0.950955,3,0.014054,-0.043652,-0.007899
2,1,20260711_220112_94lc88__outer02__inner01__aug01,20260711_220112_94lc88,user4,ই,output/user4/ই/ই_20260711_220112_94lc88.mp4,1.099107,1.04084,3,0.096233,0.024744,-0.011823
2,1,20260711_220112_94lc88__outer02__inner01__aug02,20260711_220112_94lc88,user4,ই,output/user4/ই/ই_20260711_220112_94lc88.mp4,1.029109,0.880655,3,0.060714,0.009335,-0.025655
2,1,20260711_220112_94lc88__outer02__inner01__aug03,20260711_220112_94lc88,user4,ই,output/user4/ই/ই_20260711_220112_94lc88.mp4,0.955733,0.946337,3,0.047771,0.023863,0.025627
2,1,20260711_220132_3b6d70__outer02__inner01__aug01,20260711_220132_3b6d70,user4,ই,output/user4/ই/ই_20260711_220132_3b6d70.mp4,1.090518,0.894465,3,0.052976,0.014435,-0.003099
2,1,20260711_220132_3b6d70__outer02__inner01__aug02,20260711_220132_3b6d70,user4,ই,output/user4/ই/ই_20260711_220132_3b6d70.mp4,0.982374,0.965245,5,0.009776,-0.036057,-0.003049
2,1,20260711_220132_3b6d70__outer02__inner01__aug03,20260711_220132_3b6d70,user4,ই,output/user4/ই/ই_20260711_220132_3b6d70.mp4,1.033551,0.927797,5,0.09816,0.023666,0.011052
2,1,20260711_220151_kjuuzh__outer02__inner01__aug01,20260711_220151_kjuuzh,user4,ই,output/user4/ই/ই_20260711_220151_kjuuzh.mp4,0.982145,1.099906,5,0.078381,0.046333,-0.011343
2,1,20260711_220151_kjuuzh__outer02__inner01__aug02,20260711_220151_kjuuzh,user4,ই,output/user4/ই/ই_20260711_220151_kjuuzh.mp4,1.050311,0.971303,5,0.084804,0.003645,0.040877
2,1,20260711_220151_kjuuzh__outer02__inner01__aug03,20260711_220151_kjuuzh,user4,ই,output/user4/ই/ই_20260711_220151_kjuuzh.mp4,0.947821,0.906619,3,0.020752,0.016724,0.032821
2,1,20260711_220205_cr3boy__outer02__inner01__aug01,20260711_220205_cr3boy,user4,ই,output/user4/ই/ই_20260711_220205_cr3boy.mp4,1.0686,0.915274,5,0.078436,0.043841,0.010405
2,1,20260711_220205_cr3boy__outer02__inner01__aug02,20260711_220205_cr3boy,user4,ই,output/user4/ই/ই_20260711_220205_cr3boy.mp4,0.86133,0.872454,5,0.09948,0.006368,0.027268
2,1,20260711_220205_cr3boy__outer02__inner01__aug03,20260711_220205_cr3boy,user4,ই,output/user4/ই/ই_20260711_220205_cr3boy.mp4,0.892404,0.919257,5,0.010249,-0.044807,-0.015715
2,1,20260711_220217_85rgxu__outer02__inner01__aug01,20260711_220217_85rgxu,user4,ই,output/user4/ই/ই_20260711_220217_85rgxu.mp4,0.949372,0.859424,5,0.047649,0.046543,0.049944
2,1,20260711_220217_85rgxu__outer02__inner01__aug02,20260711_220217_85rgxu,user4,ই,output/user4/ই/ই_20260711_220217_85rgxu.mp4,0.916874,1.130378,5,0.086238,0.008307,-0.039883
2,1,20260711_220217_85rgxu__outer02__inner01__aug03,20260711_220217_85rgxu,user4,ই,output/user4/ই/ই_20260711_220217_85rgxu.mp4,1.149544,0.876945,5,0.074389,0.003669,0.017084
2,1,20260711_220235_4uai7u__outer02__inner01__aug01,20260711_220235_4uai7u,user4,ই,output/user4/ই/ই_20260711_220235_4uai7u.mp4,0.858119,0.879936,5,0.035646,-0.019064,-0.004543
2,1,20260711_220235_4uai7u__outer02__inner01__aug02,20260711_220235_4uai7u,user4,ই,output/user4/ই/ই_20260711_220235_4uai7u.mp4,0.885047,1.123566,5,0.012417,-0.027431,0.028888
2,1,20260711_220235_4uai7u__outer02__inner01__aug03,20260711_220235_4uai7u,user4,ই,output/user4/ই/ই_20260711_220235_4uai7u.mp4,0.893873,0.855168,5,0.074009,-0.002649,-0.010135
2,1,20260711_220308_e7l7wm__outer02__inner01__aug01,20260711_220308_e7l7wm,user4,ই,output/user4/ই/ই_20260711_220308_e7l7wm.mp4,1.110679,0.891658,5,0.075432,-0.013441,0.003391
2,1,20260711_220308_e7l7wm__outer02__inner01__aug02,20260711_220308_e7l7wm,user4,ই,output/user4/ই/ই_20260711_220308_e7l7wm.mp4,0.919442,0.869307,3,0.013054,-0.018678,0.002216
2,1,20260711_220308_e7l7wm__outer02__inner01__aug03,20260711_220308_e7l7wm,user4,ই,output/user4/ই/ই_20260711_220308_e7l7wm.mp4,1.005252,0.933411,5,0.062286,0.020554,-0.044012
2,1,20260711_220404_itceug__outer02__inner01__aug01,20260711_220404_itceug,user4,ঈ,output/user4/ঈ/ঈ_20260711_220404_itceug.mp4,0.968275,0.863497,5,0.030455,0.012256,0.034223
2,1,20260711_220404_itceug__outer02__inner01__aug02,20260711_220404_itceug,user4,ঈ,output/user4/ঈ/ঈ_20260711_220404_itceug.mp4,0.980395,0.85302,5,0.029761,-0.040613,-0.012682
2,1,20260711_220404_itceug__outer02__inner01__aug03,20260711_220404_itceug,user4,ঈ,output/user4/ঈ/ঈ_20260711_220404_itceug.mp4,0.973169,0.992717,5,0.083377,-0.038478,0.043702
2,1,20260711_220444_r35mfs__outer02__inner01__aug01,20260711_220444_r35mfs,user4,ঈ,output/user4/ঈ/ঈ_20260711_220444_r35mfs.mp4,1.009393,0.881279,5,0.054103,-0.039941,-0.023423
2,1,20260711_220444_r35mfs__outer02__inner01__aug02,20260711_220444_r35mfs,user4,ঈ,output/user4/ঈ/ঈ_20260711_220444_r35mfs.mp4,0.985639,0.854247,5,0.044703,-0.026923,0.028687
2,1,20260711_220444_r35mfs__outer02__inner01__aug03,20260711_220444_r35mfs,user4,ঈ,output/user4/ঈ/ঈ_20260711_220444_r35mfs.mp4,1.068689,1.092302,5,0.008812,-0.025296,0.033056
2,1,20260711_220519_ila5ji__outer02__inner01__aug01,20260711_220519_ila5ji,user4,ঈ,output/user4/ঈ/ঈ_20260711_220519_ila5ji.mp4,0.949674,0.929671,5,0.01205,-0.007209,0.022073
2,1,20260711_220519_ila5ji__outer02__inner01__aug02,20260711_220519_ila5ji,user4,ঈ,output/user4/ঈ/ঈ_20260711_220519_ila5ji.mp4,1.04604,0.917157,3,0.075371,-0.031475,0.000479
2,1,20260711_220519_ila5ji__outer02__inner01__aug03,20260711_220519_ila5ji,user4,ঈ,output/user4/ঈ/ঈ_20260711_220519_ila5ji.mp4,0.923654,0.96729,3,0.072677,0.006667,0.019232
2,1,20260711_220543_7o5bd0__outer02__inner01__aug01,20260711_220543_7o5bd0,user4,ঈ,output/user4/ঈ/ঈ_20260711_220543_7o5bd0.mp4,1.071977,0.972637,5,0.062387,-0.017662,-0.048084
2,1,20260711_220543_7o5bd0__outer02__inner01__aug02,20260711_220543_7o5bd0,user4,ঈ,output/user4/ঈ/ঈ_20260711_220543_7o5bd0.mp4,0.916612,1.148487,3,0.034144,0.035535,-0.016406
2,1,20260711_220543_7o5bd0__outer02__inner01__aug03,20260711_220543_7o5bd0,user4,ঈ,output/user4/ঈ/ঈ_20260711_220543_7o5bd0.mp4,1.113597,1.114402,3,0.075163,-0.009797,0.048847
2,1,20260711_220606_essesa__outer02__inner01__aug01,20260711_220606_essesa,user4,ঈ,output/user4/ঈ/ঈ_20260711_220606_essesa.mp4,1.079653,0.96568,5,0.005302,-0.000901,-0.024207
2,1,20260711_220606_essesa__outer02__inner01__aug02,20260711_220606_essesa,user4,ঈ,output/user4/ঈ/ঈ_20260711_220606_essesa.mp4,1.094355,0.903171,5,0.08114,0.046721,0.007797
2,1,20260711_220606_essesa__outer02__inner01__aug03,20260711_220606_essesa,user4,ঈ,output/user4/ঈ/ঈ_20260711_220606_essesa.mp4,0.990552,1.019915,5,0.028601,0.006484,0.017667
2,1,20260711_220641_ufswp1__outer02__inner01__aug01,20260711_220641_ufswp1,user4,ঈ,output/user4/ঈ/ঈ_20260711_220641_ufswp1.mp4,1.11772,1.085165,3,0.065618,0.004254,-0.006392
2,1,20260711_220641_ufswp1__outer02__inner01__aug02,20260711_220641_ufswp1,user4,ঈ,output/user4/ঈ/ঈ_20260711_220641_ufswp1.mp4,1.09912,1.011112,3,0.014193,-0.021559,0.014504
2,1,20260711_220641_ufswp1__outer02__inner01__aug03,20260711_220641_ufswp1,user4,ঈ,output/user4/ঈ/ঈ_20260711_220641_ufswp1.mp4,0.982629,1.023157,5,0.041728,-0.027314,-0.047917
2,1,20260711_220701_y1rftt__outer02__inner01__aug01,20260711_220701_y1rftt,user4,ঈ,output/user4/ঈ/ঈ_20260711_220701_y1rftt.mp4,0.934416,0.867135,3,0.085097,0.003086,0.001117
2,1,20260711_220701_y1rftt__outer02__inner01__aug02,20260711_220701_y1rftt,user4,ঈ,output/user4/ঈ/ঈ_20260711_220701_y1rftt.mp4,0.977975,1.125683,5,0.088352,-0.005584,-0.013838
2,1,20260711_220701_y1rftt__outer02__inner01__aug03,20260711_220701_y1rftt,user4,ঈ,output/user4/ঈ/ঈ_20260711_220701_y1rftt.mp4,0.92055,0.867364,3,0.044545,-0.029825,0.035994
2,1,20260711_220721_h9k2mi__outer02__inner01__aug01,20260711_220721_h9k2mi,user4,ঈ,output/user4/ঈ/ঈ_20260711_220721_h9k2mi.mp4,1.13479,1.128016,5,0.080636,-0.006132,0.049551
2,1,20260711_220721_h9k2mi__outer02__inner01__aug02,20260711_220721_h9k2mi,user4,ঈ,output/user4/ঈ/ঈ_20260711_220721_h9k2mi.mp4,1.073084,0.962164,5,0.015007,0.029683,0.025675
2,1,20260711_220721_h9k2mi__outer02__inner01__aug03,20260711_220721_h9k2mi,user4,ঈ,output/user4/ঈ/ঈ_20260711_220721_h9k2mi.mp4,1.063837,0.919666,3,0.055385,0.019806,0.034318
2,1,20260711_220738_j2qzn6__outer02__inner01__aug01,20260711_220738_j2qzn6,user4,ঈ,output/user4/ঈ/ঈ_20260711_220738_j2qzn6.mp4,1.056975,1.048207,5,0.093809,0.005865,0.025755
2,1,20260711_220738_j2qzn6__outer02__inner01__aug02,20260711_220738_j2qzn6,user4,ঈ,output/user4/ঈ/ঈ_20260711_220738_j2qzn6.mp4,0.933901,0.890144,5,0.055337,-0.003531,0.033639
2,1,20260711_220738_j2qzn6__outer02__inner01__aug03,20260711_220738_j2qzn6,user4,ঈ,output/user4/ঈ/ঈ_20260711_220738_j2qzn6.mp4,1.09511,1.096582,5,0.043107,0.025287,0.002317
2,1,20260711_220751_axw80l__outer02__inner01__aug01,20260711_220751_axw80l,user4,ঈ,output/user4/ঈ/ঈ_20260711_220751_axw80l.mp4,0.970664,0.876321,5,0.019582,-0.025765,0.007811
2,1,20260711_220751_axw80l__outer02__inner01__aug02,20260711_220751_axw80l,user4,ঈ,output/user4/ঈ/ঈ_20260711_220751_axw80l.mp4,1.126251,1.066373,5,0.026171,0.018732,-0.036789
2,1,20260711_220751_axw80l__outer02__inner01__aug03,20260711_220751_axw80l,user4,ঈ,output/user4/ঈ/ঈ_20260711_220751_axw80l.mp4,0.896351,1.093556,5,0.049916,0.028364,0.020779
2,1,20260711_220807_mldxj2__outer02__inner01__aug01,20260711_220807_mldxj2,user4,ঈ,output/user4/ঈ/ঈ_20260711_220807_mldxj2.mp4,1.059605,1.117166,3,0.097075,0.006802,-0.037484
2,1,20260711_220807_mldxj2__outer02__inner01__aug02,20260711_220807_mldxj2,user4,ঈ,output/user4/ঈ/ঈ_20260711_220807_mldxj2.mp4,1.08315,0.864011,5,0.006391,-0.034693,0.040322
2,1,20260711_220807_mldxj2__outer02__inner01__aug03,20260711_220807_mldxj2,user4,ঈ,output/user4/ঈ/ঈ_20260711_220807_mldxj2.mp4,0.956087,0.911851,5,0.06588,0.020328,-0.036837
2,1,20260711_220822_wgaxvc__outer02__inner01__aug01,20260711_220822_wgaxvc,user4,ঈ,output/user4/ঈ/ঈ_20260711_220822_wgaxvc.mp4,1.12321,0.972679,3,0.031493,0.035243,0.003803
2,1,20260711_220822_wgaxvc__outer02__inner01__aug02,20260711_220822_wgaxvc,user4,ঈ,output/user4/ঈ/ঈ_20260711_220822_wgaxvc.mp4,0.950022,1.006069,3,0.092458,-0.019309,0.028279
2,1,20260711_220822_wgaxvc__outer02__inner01__aug03,20260711_220822_wgaxvc,user4,ঈ,output/user4/ঈ/ঈ_20260711_220822_wgaxvc.mp4,1.057657,1.127658,5,0.086991,0.004469,0.01869
2,1,20260711_220837_dby4gx__outer02__inner01__aug01,20260711_220837_dby4gx,user4,ঈ,output/user4/ঈ/ঈ_20260711_220837_dby4gx.mp4,0.969018,1.019765,5,0.09804,0.029941,0.020362
2,1,20260711_220837_dby4gx__outer02__inner01__aug02,20260711_220837_dby4gx,user4,ঈ,output/user4/ঈ/ঈ_20260711_220837_dby4gx.mp4,0.969649,0.880864,5,0.039559,0.022771,-0.021971
2,1,20260711_220837_dby4gx__outer02__inner01__aug03,20260711_220837_dby4gx,user4,ঈ,output/user4/ঈ/ঈ_20260711_220837_dby4gx.mp4,1.073149,0.987925,5,0.028285,0.034546,0.000857
2,1,20260711_220850_xo5kch__outer02__inner01__aug01,20260711_220850_xo5kch,user4,ঈ,output/user4/ঈ/ঈ_20260711_220850_xo5kch.mp4,1.055538,1.004373,5,0.016598,-0.024787,0.017834
2,1,20260711_220850_xo5kch__outer02__inner01__aug02,20260711_220850_xo5kch,user4,ঈ,output/user4/ঈ/ঈ_20260711_220850_xo5kch.mp4,1.052138,0.865169,3,0.009493,-0.049398,0.025454
2,1,20260711_220850_xo5kch__outer02__inner01__aug03,20260711_220850_xo5kch,user4,ঈ,output/user4/ঈ/ঈ_20260711_220850_xo5kch.mp4,1.107488,0.875933,5,0.052178,-0.012281,-0.042849
2,1,20260711_220906_ehc737__outer02__inner01__aug01,20260711_220906_ehc737,user4,ঈ,output/user4/ঈ/ঈ_20260711_220906_ehc737.mp4,0.897361,1.113434,3,0.002989,-0.001823,-0.043986
2,1,20260711_220906_ehc737__outer02__inner01__aug02,20260711_220906_ehc737,user4,ঈ,output/user4/ঈ/ঈ_20260711_220906_ehc737.mp4,1.06894,1.079562,3,0.081519,-0.014887,-0.015501
2,1,20260711_220906_ehc737__outer02__inner01__aug03,20260711_220906_ehc737,user4,ঈ,output/user4/ঈ/ঈ_20260711_220906_ehc737.mp4,1.041124,1.06763,3,0.091315,0.044069,0.020194
2,2,20260703_231939_jmltkn__outer02__inner02__aug01,20260703_231939_jmltkn,user1,অ,output/user1/অ/অ_20260703_231939_jmltkn.mp4,1.121403,0.905505,5,0.06497,0.030899,0.005733
2,2,20260703_231939_jmltkn__outer02__inner02__aug02,20260703_231939_jmltkn,user1,অ,output/user1/অ/অ_20260703_231939_jmltkn.mp4,1.081289,1.055553,5,0.017716,0.040245,-0.005571
2,2,20260703_231939_jmltkn__outer02__inner02__aug03,20260703_231939_jmltkn,user1,অ,output/user1/অ/অ_20260703_231939_jmltkn.mp4,1.090009,0.896523,3,0.062639,-0.036804,-0.048243
2,2,20260704_230134_0i7e7o__outer02__inner02__aug01,20260704_230134_0i7e7o,user1,অ,output/user1/অ/অ_20260704_230134_0i7e7o.mp4,0.975385,1.064659,5,0.029382,0.038601,-0.031021
2,2,20260704_230134_0i7e7o__outer02__inner02__aug02,20260704_230134_0i7e7o,user1,অ,output/user1/অ/অ_20260704_230134_0i7e7o.mp4,0.985438,0.999031,5,0.060408,-0.010407,-0.041887
2,2,20260704_230134_0i7e7o__outer02__inner02__aug03,20260704_230134_0i7e7o,user1,অ,output/user1/অ/অ_20260704_230134_0i7e7o.mp4,1.109568,1.030737,3,0.039984,0.02485,0.000346
2,2,20260704_230207_s0bru0__outer02__inner02__aug01,20260704_230207_s0bru0,user1,অ,output/user1/অ/অ_20260704_230207_s0bru0.mp4,1.113127,0.87256,3,0.012483,0.025038,0.020574
2,2,20260704_230207_s0bru0__outer02__inner02__aug02,20260704_230207_s0bru0,user1,অ,output/user1/অ/অ_20260704_230207_s0bru0.mp4,0.8815,0.991861,5,0.006999,0.02314,-0.03488
2,2,20260704_230207_s0bru0__outer02__inner02__aug03,20260704_230207_s0bru0,user1,অ,output/user1/অ/অ_20260704_230207_s0bru0.mp4,1.142739,0.933992,3,0.02721,0.011419,-0.023557
2,2,20260704_230243_20ggrl__outer02__inner02__aug01,20260704_230243_20ggrl,user1,অ,output/user1/অ/অ_20260704_230243_20ggrl.mp4,0.949181,1.038614,3,0.023383,0.034619,0.006634
2,2,20260704_230243_20ggrl__outer02__inner02__aug02,20260704_230243_20ggrl,user1,অ,output/user1/অ/অ_20260704_230243_20ggrl.mp4,0.99025,0.998835,3,0.062351,0.044864,0.011908
2,2,20260704_230243_20ggrl__outer02__inner02__aug03,20260704_230243_20ggrl,user1,অ,output/user1/অ/অ_20260704_230243_20ggrl.mp4,1.11581,1.025127,3,0.001565,0.036889,0.032675
2,2,20260704_230314_biogka__outer02__inner02__aug01,20260704_230314_biogka,user1,অ,output/user1/অ/অ_20260704_230314_biogka.mp4,1.145852,1.008568,3,0.0557,0.025319,-0.005588
2,2,20260704_230314_biogka__outer02__inner02__aug02,20260704_230314_biogka,user1,অ,output/user1/অ/অ_20260704_230314_biogka.mp4,0.960794,1.102428,3,0.030499,-0.004724,-0.026587
2,2,20260704_230314_biogka__outer02__inner02__aug03,20260704_230314_biogka,user1,অ,output/user1/অ/অ_20260704_230314_biogka.mp4,0.866364,0.898462,3,0.073806,-0.014552,0.014462
2,2,20260704_230343_z76un4__outer02__inner02__aug01,20260704_230343_z76un4,user1,অ,output/user1/অ/অ_20260704_230343_z76un4.mp4,0.925713,1.065956,5,0.059215,-0.00745,0.041022
2,2,20260704_230343_z76un4__outer02__inner02__aug02,20260704_230343_z76un4,user1,অ,output/user1/অ/অ_20260704_230343_z76un4.mp4,0.956084,0.927466,5,0.041318,-0.010116,0.0084
2,2,20260704_230343_z76un4__outer02__inner02__aug03,20260704_230343_z76un4,user1,অ,output/user1/অ/অ_20260704_230343_z76un4.mp4,0.887863,1.113767,3,0.029169,0.01527,0.021667
2,2,20260704_230438_1by20a__outer02__inner02__aug01,20260704_230438_1by20a,user1,অ,output/user1/অ/অ_20260704_230438_1by20a.mp4,0.879122,0.930336,5,0.019209,-0.006633,-0.049422
2,2,20260704_230438_1by20a__outer02__inner02__aug02,20260704_230438_1by20a,user1,অ,output/user1/অ/অ_20260704_230438_1by20a.mp4,0.987701,1.148342,3,0.071291,-0.02268,0.009293
2,2,20260704_230438_1by20a__outer02__inner02__aug03,20260704_230438_1by20a,user1,অ,output/user1/অ/অ_20260704_230438_1by20a.mp4,0.894386,1.061638,3,0.03932,0.030056,0.021102
2,2,20260704_230508_zz8agk__outer02__inner02__aug01,20260704_230508_zz8agk,user1,অ,output/user1/অ/অ_20260704_230508_zz8agk.mp4,0.898294,1.104418,5,0.069134,0.017373,-0.039556
2,2,20260704_230508_zz8agk__outer02__inner02__aug02,20260704_230508_zz8agk,user1,অ,output/user1/অ/অ_20260704_230508_zz8agk.mp4,1.00091,1.106221,5,0.028323,-0.003471,0.04535
2,2,20260704_230508_zz8agk__outer02__inner02__aug03,20260704_230508_zz8agk,user1,অ,output/user1/অ/অ_20260704_230508_zz8agk.mp4,1.074241,0.991068,3,0.006656,0.007774,-0.007631
2,2,20260704_230530_8783vw__outer02__inner02__aug01,20260704_230530_8783vw,user1,অ,output/user1/অ/অ_20260704_230530_8783vw.mp4,1.082477,1.085151,3,0.080189,0.014091,-0.013101
2,2,20260704_230530_8783vw__outer02__inner02__aug02,20260704_230530_8783vw,user1,অ,output/user1/অ/অ_20260704_230530_8783vw.mp4,1.13947,1.128896,3,0.087788,0.006067,-0.017896
2,2,20260704_230530_8783vw__outer02__inner02__aug03,20260704_230530_8783vw,user1,অ,output/user1/অ/অ_20260704_230530_8783vw.mp4,1.020449,0.971702,5,0.021872,-0.026547,-0.040597
2,2,20260704_230601_9fuwl5__outer02__inner02__aug01,20260704_230601_9fuwl5,user1,অ,output/user1/অ/অ_20260704_230601_9fuwl5.mp4,1.0189,0.994206,3,0.0263,-0.043854,0.047007
2,2,20260704_230601_9fuwl5__outer02__inner02__aug02,20260704_230601_9fuwl5,user1,অ,output/user1/অ/অ_20260704_230601_9fuwl5.mp4,1.03281,0.988511,3,0.058324,0.011634,0.005786
2,2,20260704_230601_9fuwl5__outer02__inner02__aug03,20260704_230601_9fuwl5,user1,অ,output/user1/অ/অ_20260704_230601_9fuwl5.mp4,0.881322,1.060397,3,0.034412,0.013062,0.021759
2,2,20260704_230631_iep9zz__outer02__inner02__aug01,20260704_230631_iep9zz,user1,অ,output/user1/অ/অ_20260704_230631_iep9zz.mp4,1.037549,0.878461,3,0.078851,0.009586,-0.015347
2,2,20260704_230631_iep9zz__outer02__inner02__aug02,20260704_230631_iep9zz,user1,অ,output/user1/অ/অ_20260704_230631_iep9zz.mp4,1.024669,1.009779,5,0.053594,-0.025033,-0.038445
2,2,20260704_230631_iep9zz__outer02__inner02__aug03,20260704_230631_iep9zz,user1,অ,output/user1/অ/অ_20260704_230631_iep9zz.mp4,1.033156,0.912254,3,0.0545,0.018346,-0.020927
2,2,20260709_222041_giojuy__outer02__inner02__aug01,20260709_222041_giojuy,user1,অ,output/user1/অ/অ_20260709_222041_giojuy.mp4,1.055827,0.968251,3,0.029286,-0.005503,0.01942
2,2,20260709_222041_giojuy__outer02__inner02__aug02,20260709_222041_giojuy,user1,অ,output/user1/অ/অ_20260709_222041_giojuy.mp4,1.040358,0.961633,3,0.044482,-0.016195,0.0262
2,2,20260709_222041_giojuy__outer02__inner02__aug03,20260709_222041_giojuy,user1,অ,output/user1/অ/অ_20260709_222041_giojuy.mp4,1.146811,1.000134,3,0.076184,0.016724,-0.015456
2,2,20260704_230720_4nlmlz__outer02__inner02__aug01,20260704_230720_4nlmlz,user1,আ,output/user1/আ/আ_20260704_230720_4nlmlz.mp4,0.981549,0.928141,5,0.082916,0.04171,0.011414
2,2,20260704_230720_4nlmlz__outer02__inner02__aug02,20260704_230720_4nlmlz,user1,আ,output/user1/আ/আ_20260704_230720_4nlmlz.mp4,1.09646,0.958565,5,0.081821,-0.004206,-0.004532
2,2,20260704_230720_4nlmlz__outer02__inner02__aug03,20260704_230720_4nlmlz,user1,আ,output/user1/আ/আ_20260704_230720_4nlmlz.mp4,0.878045,0.959581,3,0.091396,0.047033,0.009336
2,2,20260704_230748_cofjqd__outer02__inner02__aug01,20260704_230748_cofjqd,user1,আ,output/user1/আ/আ_20260704_230748_cofjqd.mp4,0.996838,1.139927,5,0.047825,-0.03566,0.029263
2,2,20260704_230748_cofjqd__outer02__inner02__aug02,20260704_230748_cofjqd,user1,আ,output/user1/আ/আ_20260704_230748_cofjqd.mp4,1.005611,0.982021,5,0.070339,0.030406,0.006229
2,2,20260704_230748_cofjqd__outer02__inner02__aug03,20260704_230748_cofjqd,user1,আ,output/user1/আ/আ_20260704_230748_cofjqd.mp4,1.092668,0.993663,3,0.017195,0.048857,-0.019271
2,2,20260704_230823_p4djtm__outer02__inner02__aug01,20260704_230823_p4djtm,user1,আ,output/user1/আ/আ_20260704_230823_p4djtm.mp4,0.920812,0.907002,5,0.020272,-0.023308,-0.025877
2,2,20260704_230823_p4djtm__outer02__inner02__aug02,20260704_230823_p4djtm,user1,আ,output/user1/আ/আ_20260704_230823_p4djtm.mp4,0.869263,0.894446,5,0.056837,-0.023277,0.000975
2,2,20260704_230823_p4djtm__outer02__inner02__aug03,20260704_230823_p4djtm,user1,আ,output/user1/আ/আ_20260704_230823_p4djtm.mp4,1.142565,1.011869,3,0.027759,-0.015707,0.019058
2,2,20260704_230900_jm6b9y__outer02__inner02__aug01,20260704_230900_jm6b9y,user1,আ,output/user1/আ/আ_20260704_230900_jm6b9y.mp4,1.133892,1.055277,5,0.00689,0.019443,-0.014593
2,2,20260704_230900_jm6b9y__outer02__inner02__aug02,20260704_230900_jm6b9y,user1,আ,output/user1/আ/আ_20260704_230900_jm6b9y.mp4,1.113962,0.99263,5,0.04436,0.039453,0.043868
2,2,20260704_230900_jm6b9y__outer02__inner02__aug03,20260704_230900_jm6b9y,user1,আ,output/user1/আ/আ_20260704_230900_jm6b9y.mp4,1.025023,0.940033,5,0.071698,-0.028398,0.01619
2,2,20260704_230941_ogdcp4__outer02__inner02__aug01,20260704_230941_ogdcp4,user1,আ,output/user1/আ/আ_20260704_230941_ogdcp4.mp4,1.008014,0.881121,5,0.037665,0.038814,-0.019579
2,2,20260704_230941_ogdcp4__outer02__inner02__aug02,20260704_230941_ogdcp4,user1,আ,output/user1/আ/আ_20260704_230941_ogdcp4.mp4,0.974596,1.13407,3,0.043856,-0.024482,-0.016546
2,2,20260704_230941_ogdcp4__outer02__inner02__aug03,20260704_230941_ogdcp4,user1,আ,output/user1/আ/আ_20260704_230941_ogdcp4.mp4,0.863293,1.013198,3,0.04584,0.001957,0.011919
2,2,20260704_231010_4ha6y7__outer02__inner02__aug01,20260704_231010_4ha6y7,user1,আ,output/user1/আ/আ_20260704_231010_4ha6y7.mp4,0.851677,0.984661,5,0.052001,-0.049836,0.027728
2,2,20260704_231010_4ha6y7__outer02__inner02__aug02,20260704_231010_4ha6y7,user1,আ,output/user1/আ/আ_20260704_231010_4ha6y7.mp4,1.085404,1.045729,3,0.062176,0.007556,-0.021329
2,2,20260704_231010_4ha6y7__outer02__inner02__aug03,20260704_231010_4ha6y7,user1,আ,output/user1/আ/আ_20260704_231010_4ha6y7.mp4,1.087198,1.024057,5,0.013638,0.028294,0.012171
2,2,20260728_232136_0wkg0v__outer02__inner02__aug01,20260728_232136_0wkg0v,user1,আ,output/user1/আ/আ_20260728_232136_0wkg0v.mp4,0.888788,1.116876,5,0.063773,0.046194,0.045184
2,2,20260728_232136_0wkg0v__outer02__inner02__aug02,20260728_232136_0wkg0v,user1,আ,output/user1/আ/আ_20260728_232136_0wkg0v.mp4,0.897274,0.940455,3,0.032407,-0.005141,0.000409
2,2,20260728_232136_0wkg0v__outer02__inner02__aug03,20260728_232136_0wkg0v,user1,আ,output/user1/আ/আ_20260728_232136_0wkg0v.mp4,1.058971,0.925268,3,0.067122,-0.01691,-0.025113
2,2,20260728_232203_7c77zv__outer02__inner02__aug01,20260728_232203_7c77zv,user1,আ,output/user1/আ/আ_20260728_232203_7c77zv.mp4,0.968445,1.042806,3,0.030845,0.046832,0.04564
2,2,20260728_232203_7c77zv__outer02__inner02__aug02,20260728_232203_7c77zv,user1,আ,output/user1/আ/আ_20260728_232203_7c77zv.mp4,0.964493,0.940514,3,0.066284,-0.032653,-0.003633
2,2,20260728_232203_7c77zv__outer02__inner02__aug03,20260728_232203_7c77zv,user1,আ,output/user1/আ/আ_20260728_232203_7c77zv.mp4,0.928693,1.103285,3,0.026762,-0.033814,0.029177
2,2,20260728_232238_kgwkds__outer02__inner02__aug01,20260728_232238_kgwkds,user1,আ,output/user1/আ/আ_20260728_232238_kgwkds.mp4,1.112114,0.901694,3,0.016673,0.022421,0.014029
2,2,20260728_232238_kgwkds__outer02__inner02__aug02,20260728_232238_kgwkds,user1,আ,output/user1/আ/আ_20260728_232238_kgwkds.mp4,1.053267,0.898873,3,0.073398,-0.049329,-0.036604
2,2,20260728_232238_kgwkds__outer02__inner02__aug03,20260728_232238_kgwkds,user1,আ,output/user1/আ/আ_20260728_232238_kgwkds.mp4,1.071846,0.870879,3,0.083868,0.043588,-0.010701
2,2,20260728_232316_s2ep8l__outer02__inner02__aug01,20260728_232316_s2ep8l,user1,আ,output/user1/আ/আ_20260728_232316_s2ep8l.mp4,0.934119,1.127502,3,0.091746,0.040446,0.020779
2,2,20260728_232316_s2ep8l__outer02__inner02__aug02,20260728_232316_s2ep8l,user1,আ,output/user1/আ/আ_20260728_232316_s2ep8l.mp4,1.087208,1.070285,5,0.031559,0.041822,0.04472
2,2,20260728_232316_s2ep8l__outer02__inner02__aug03,20260728_232316_s2ep8l,user1,আ,output/user1/আ/আ_20260728_232316_s2ep8l.mp4,0.900096,0.924846,5,0.016143,0.015647,0.012469
2,2,20260705_210750_hp0ub6__outer02__inner02__aug01,20260705_210750_hp0ub6,user1,ই,output/user1/ই/ই_20260705_210750_hp0ub6.mp4,1.045238,1.141567,3,0.075224,0.028407,-0.045063
2,2,20260705_210750_hp0ub6__outer02__inner02__aug02,20260705_210750_hp0ub6,user1,ই,output/user1/ই/ই_20260705_210750_hp0ub6.mp4,0.99643,0.942176,3,0.055424,-0.02484,0.033779
2,2,20260705_210750_hp0ub6__outer02__inner02__aug03,20260705_210750_hp0ub6,user1,ই,output/user1/ই/ই_20260705_210750_hp0ub6.mp4,1.043681,0.886362,3,0.085585,0.024591,-0.048486
2,2,20260705_210817_cpe63z__outer02__inner02__aug01,20260705_210817_cpe63z,user1,ই,output/user1/ই/ই_20260705_210817_cpe63z.mp4,1.129087,1.048472,5,0.066511,-0.032733,-0.021078
2,2,20260705_210817_cpe63z__outer02__inner02__aug02,20260705_210817_cpe63z,user1,ই,output/user1/ই/ই_20260705_210817_cpe63z.mp4,1.043048,0.969175,5,0.003221,-0.001745,0.042524
2,2,20260705_210817_cpe63z__outer02__inner02__aug03,20260705_210817_cpe63z,user1,ই,output/user1/ই/ই_20260705_210817_cpe63z.mp4,1.001592,0.859548,5,0.068303,-0.03938,-0.030622
2,2,20260705_210847_8d63gb__outer02__inner02__aug01,20260705_210847_8d63gb,user1,ই,output/user1/ই/ই_20260705_210847_8d63gb.mp4,0.858363,0.909734,3,0.060918,-0.014962,-0.035889
2,2,20260705_210847_8d63gb__outer02__inner02__aug02,20260705_210847_8d63gb,user1,ই,output/user1/ই/ই_20260705_210847_8d63gb.mp4,1.114813,0.964373,5,0.037262,-0.00426,0.018413
2,2,20260705_210847_8d63gb__outer02__inner02__aug03,20260705_210847_8d63gb,user1,ই,output/user1/ই/ই_20260705_210847_8d63gb.mp4,1.03885,0.999671,5,0.079213,-0.02673,0.003318
2,2,20260705_210914_6z0wyv__outer02__inner02__aug01,20260705_210914_6z0wyv,user1,ই,output/user1/ই/ই_20260705_210914_6z0wyv.mp4,1.034662,0.910091,5,0.095447,-0.031629,0.044864
2,2,20260705_210914_6z0wyv__outer02__inner02__aug02,20260705_210914_6z0wyv,user1,ই,output/user1/ই/ই_20260705_210914_6z0wyv.mp4,1.122181,1.016893,5,0.084921,0.03047,0.031246
2,2,20260705_210914_6z0wyv__outer02__inner02__aug03,20260705_210914_6z0wyv,user1,ই,output/user1/ই/ই_20260705_210914_6z0wyv.mp4,1.0215,1.050727,3,0.065693,0.029459,0.034445
2,2,20260705_211104_cee4mp__outer02__inner02__aug01,20260705_211104_cee4mp,user1,ই,output/user1/ই/ই_20260705_211104_cee4mp.mp4,1.059868,0.994799,3,0.032812,-0.043952,0.042036
2,2,20260705_211104_cee4mp__outer02__inner02__aug02,20260705_211104_cee4mp,user1,ই,output/user1/ই/ই_20260705_211104_cee4mp.mp4,1.057985,1.130809,5,0.009989,0.044309,0.031095
2,2,20260705_211104_cee4mp__outer02__inner02__aug03,20260705_211104_cee4mp,user1,ই,output/user1/ই/ই_20260705_211104_cee4mp.mp4,1.021701,0.93569,3,0.008559,-0.010034,0.003368
2,2,20260705_211129_q9xd7j__outer02__inner02__aug01,20260705_211129_q9xd7j,user1,ই,output/user1/ই/ই_20260705_211129_q9xd7j.mp4,0.865996,0.954503,3,0.022687,0.015192,0.023373
2,2,20260705_211129_q9xd7j__outer02__inner02__aug02,20260705_211129_q9xd7j,user1,ই,output/user1/ই/ই_20260705_211129_q9xd7j.mp4,0.949578,1.116241,3,0.068845,-0.032245,0.049959
2,2,20260705_211129_q9xd7j__outer02__inner02__aug03,20260705_211129_q9xd7j,user1,ই,output/user1/ই/ই_20260705_211129_q9xd7j.mp4,0.960245,1.015626,5,0.020842,0.041679,-0.032636
2,2,20260705_211202_fwdefr__outer02__inner02__aug01,20260705_211202_fwdefr,user1,ই,output/user1/ই/ই_20260705_211202_fwdefr.mp4,0.912278,0.981141,5,0.057332,-0.039835,-0.020928
2,2,20260705_211202_fwdefr__outer02__inner02__aug02,20260705_211202_fwdefr,user1,ই,output/user1/ই/ই_20260705_211202_fwdefr.mp4,0.894151,1.05649,5,0.030895,0.023199,0.000489
2,2,20260705_211202_fwdefr__outer02__inner02__aug03,20260705_211202_fwdefr,user1,ই,output/user1/ই/ই_20260705_211202_fwdefr.mp4,1.145524,1.057556,3,0.087019,0.04457,0.018362
2,2,20260705_211229_nco6f5__outer02__inner02__aug01,20260705_211229_nco6f5,user1,ই,output/user1/ই/ই_20260705_211229_nco6f5.mp4,0.923579,1.112499,3,0.095908,-0.042425,-0.034382
2,2,20260705_211229_nco6f5__outer02__inner02__aug02,20260705_211229_nco6f5,user1,ই,output/user1/ই/ই_20260705_211229_nco6f5.mp4,0.906218,0.866782,3,0.051539,-0.026028,0.026027
2,2,20260705_211229_nco6f5__outer02__inner02__aug03,20260705_211229_nco6f5,user1,ই,output/user1/ই/ই_20260705_211229_nco6f5.mp4,0.994117,1.00754,5,0.094821,-0.044818,0.001419
2,2,20260705_211257_5zxk15__outer02__inner02__aug01,20260705_211257_5zxk15,user1,ই,output/user1/ই/ই_20260705_211257_5zxk15.mp4,0.890561,0.888669,5,0.073017,0.034592,-0.042261
2,2,20260705_211257_5zxk15__outer02__inner02__aug02,20260705_211257_5zxk15,user1,ই,output/user1/ই/ই_20260705_211257_5zxk15.mp4,1.055285,1.018207,3,0.037957,0.006911,0.009148
2,2,20260705_211257_5zxk15__outer02__inner02__aug03,20260705_211257_5zxk15,user1,ই,output/user1/ই/ই_20260705_211257_5zxk15.mp4,0.895652,1.148157,3,0.08839,-0.006336,-0.029529
2,2,20260705_211324_69n6hy__outer02__inner02__aug01,20260705_211324_69n6hy,user1,ই,output/user1/ই/ই_20260705_211324_69n6hy.mp4,1.087868,0.929434,5,0.085711,-0.010762,-0.048793
2,2,20260705_211324_69n6hy__outer02__inner02__aug02,20260705_211324_69n6hy,user1,ই,output/user1/ই/ই_20260705_211324_69n6hy.mp4,1.148892,1.145335,5,0.056806,0.003807,-0.001966
2,2,20260705_211324_69n6hy__outer02__inner02__aug03,20260705_211324_69n6hy,user1,ই,output/user1/ই/ই_20260705_211324_69n6hy.mp4,1.029653,1.142633,3,0.073867,0.026276,-0.01637
2,2,20260705_213721_6edrqn__outer02__inner02__aug01,20260705_213721_6edrqn,user1,ঈ,output/user1/ঈ/ঈ_20260705_213721_6edrqn.mp4,1.002953,0.946432,3,0.00815,-0.037998,0.049648
2,2,20260705_213721_6edrqn__outer02__inner02__aug02,20260705_213721_6edrqn,user1,ঈ,output/user1/ঈ/ঈ_20260705_213721_6edrqn.mp4,1.118356,0.961314,3,0.020997,-0.008331,0.047814
2,2,20260705_213721_6edrqn__outer02__inner02__aug03,20260705_213721_6edrqn,user1,ঈ,output/user1/ঈ/ঈ_20260705_213721_6edrqn.mp4,1.003521,0.893512,5,0.01689,0.015773,-0.006383
2,2,20260705_213804_scynf9__outer02__inner02__aug01,20260705_213804_scynf9,user1,ঈ,output/user1/ঈ/ঈ_20260705_213804_scynf9.mp4,0.914896,1.002127,3,0.090319,-0.029642,0.016955
2,2,20260705_213804_scynf9__outer02__inner02__aug02,20260705_213804_scynf9,user1,ঈ,output/user1/ঈ/ঈ_20260705_213804_scynf9.mp4,0.919205,1.089594,5,0.037107,-0.047285,0.015423
2,2,20260705_213804_scynf9__outer02__inner02__aug03,20260705_213804_scynf9,user1,ঈ,output/user1/ঈ/ঈ_20260705_213804_scynf9.mp4,0.988094,1.106747,5,0.059321,-0.002811,0.046957
2,2,20260705_213852_tuebtl__outer02__inner02__aug01,20260705_213852_tuebtl,user1,ঈ,output/user1/ঈ/ঈ_20260705_213852_tuebtl.mp4,1.111986,1.109333,5,0.045471,-0.009195,0.001348
2,2,20260705_213852_tuebtl__outer02__inner02__aug02,20260705_213852_tuebtl,user1,ঈ,output/user1/ঈ/ঈ_20260705_213852_tuebtl.mp4,1.062073,0.910554,3,0.091825,0.01515,-0.026848
2,2,20260705_213852_tuebtl__outer02__inner02__aug03,20260705_213852_tuebtl,user1,ঈ,output/user1/ঈ/ঈ_20260705_213852_tuebtl.mp4,1.016094,1.064026,5,0.0347,-0.025821,-0.006287
2,2,20260705_213943_7qqvt7__outer02__inner02__aug01,20260705_213943_7qqvt7,user1,ঈ,output/user1/ঈ/ঈ_20260705_213943_7qqvt7.mp4,1.086676,0.940509,3,0.027051,0.027275,-0.045796
2,2,20260705_213943_7qqvt7__outer02__inner02__aug02,20260705_213943_7qqvt7,user1,ঈ,output/user1/ঈ/ঈ_20260705_213943_7qqvt7.mp4,0.972939,0.880575,5,0.026349,-0.019023,0.022513
2,2,20260705_213943_7qqvt7__outer02__inner02__aug03,20260705_213943_7qqvt7,user1,ঈ,output/user1/ঈ/ঈ_20260705_213943_7qqvt7.mp4,0.944368,0.870638,3,0.08465,0.021465,-0.022582
2,2,20260705_214029_z7ddbl__outer02__inner02__aug01,20260705_214029_z7ddbl,user1,ঈ,output/user1/ঈ/ঈ_20260705_214029_z7ddbl.mp4,0.956362,1.1166,5,0.02832,-0.010541,0.013622
2,2,20260705_214029_z7ddbl__outer02__inner02__aug02,20260705_214029_z7ddbl,user1,ঈ,output/user1/ঈ/ঈ_20260705_214029_z7ddbl.mp4,0.858956,0.9582,3,0.010822,0.02517,0.022182
2,2,20260705_214029_z7ddbl__outer02__inner02__aug03,20260705_214029_z7ddbl,user1,ঈ,output/user1/ঈ/ঈ_20260705_214029_z7ddbl.mp4,0.96608,0.991813,3,0.021798,0.045516,0.002496
2,2,20260705_214107_b894ld__outer02__inner02__aug01,20260705_214107_b894ld,user1,ঈ,output/user1/ঈ/ঈ_20260705_214107_b894ld.mp4,0.949793,0.972916,3,0.035974,-0.011778,-0.047504
2,2,20260705_214107_b894ld__outer02__inner02__aug02,20260705_214107_b894ld,user1,ঈ,output/user1/ঈ/ঈ_20260705_214107_b894ld.mp4,0.987633,0.985777,3,0.052895,-0.029053,-0.034331
2,2,20260705_214107_b894ld__outer02__inner02__aug03,20260705_214107_b894ld,user1,ঈ,output/user1/ঈ/ঈ_20260705_214107_b894ld.mp4,0.906282,0.995723,5,0.006524,0.031426,-0.013032
2,2,20260705_215457_yruoxw__outer02__inner02__aug01,20260705_215457_yruoxw,user1,ঈ,output/user1/ঈ/ঈ_20260705_215457_yruoxw.mp4,1.085267,1.034791,5,0.096561,-0.046824,0.033975
2,2,20260705_215457_yruoxw__outer02__inner02__aug02,20260705_215457_yruoxw,user1,ঈ,output/user1/ঈ/ঈ_20260705_215457_yruoxw.mp4,1.106902,0.988596,5,0.016478,-0.033237,-0.007633
2,2,20260705_215457_yruoxw__outer02__inner02__aug03,20260705_215457_yruoxw,user1,ঈ,output/user1/ঈ/ঈ_20260705_215457_yruoxw.mp4,1.013618,0.975578,3,0.068276,0.008817,0.016278
2,2,20260705_215539_dr61qv__outer02__inner02__aug01,20260705_215539_dr61qv,user1,ঈ,output/user1/ঈ/ঈ_20260705_215539_dr61qv.mp4,1.031943,1.030188,3,0.083734,-0.000731,0.012288
2,2,20260705_215539_dr61qv__outer02__inner02__aug02,20260705_215539_dr61qv,user1,ঈ,output/user1/ঈ/ঈ_20260705_215539_dr61qv.mp4,0.94052,1.031995,5,0.056523,0.028523,0.037584
2,2,20260705_215539_dr61qv__outer02__inner02__aug03,20260705_215539_dr61qv,user1,ঈ,output/user1/ঈ/ঈ_20260705_215539_dr61qv.mp4,0.903442,1.084823,5,0.086932,0.022889,0.02179
2,2,20260705_215654_07cd7w__outer02__inner02__aug01,20260705_215654_07cd7w,user1,ঈ,output/user1/ঈ/ঈ_20260705_215654_07cd7w.mp4,1.098586,0.866256,3,0.096281,-0.017782,-0.003675
2,2,20260705_215654_07cd7w__outer02__inner02__aug02,20260705_215654_07cd7w,user1,ঈ,output/user1/ঈ/ঈ_20260705_215654_07cd7w.mp4,0.926937,0.997328,3,0.092962,-0.011562,0.032472
2,2,20260705_215654_07cd7w__outer02__inner02__aug03,20260705_215654_07cd7w,user1,ঈ,output/user1/ঈ/ঈ_20260705_215654_07cd7w.mp4,0.889807,0.914411,3,0.076312,-0.02667,0.018734
2,2,20260705_215745_i5n9h7__outer02__inner02__aug01,20260705_215745_i5n9h7,user1,ঈ,output/user1/ঈ/ঈ_20260705_215745_i5n9h7.mp4,1.139091,1.110408,3,0.096002,0.027737,-0.000944
2,2,20260705_215745_i5n9h7__outer02__inner02__aug02,20260705_215745_i5n9h7,user1,ঈ,output/user1/ঈ/ঈ_20260705_215745_i5n9h7.mp4,1.12141,0.879278,3,0.085843,-0.026132,-0.038999
2,2,20260705_215745_i5n9h7__outer02__inner02__aug03,20260705_215745_i5n9h7,user1,ঈ,output/user1/ঈ/ঈ_20260705_215745_i5n9h7.mp4,1.073407,1.001194,5,0.057249,-0.038181,0.023421
2,2,20260711_211455_ab7vb3__outer02__inner02__aug01,20260711_211455_ab7vb3,user4,অ,output/user4/অ/অ_20260711_211455_ab7vb3.mp4,0.972643,1.046028,3,0.026823,-0.029019,-0.034277
2,2,20260711_211455_ab7vb3__outer02__inner02__aug02,20260711_211455_ab7vb3,user4,অ,output/user4/অ/অ_20260711_211455_ab7vb3.mp4,1.046968,0.878353,3,0.03374,0.040998,0.027721
2,2,20260711_211455_ab7vb3__outer02__inner02__aug03,20260711_211455_ab7vb3,user4,অ,output/user4/অ/অ_20260711_211455_ab7vb3.mp4,0.87182,1.005174,3,0.017882,-0.023489,0.036598
2,2,20260711_214733_y28o8p__outer02__inner02__aug01,20260711_214733_y28o8p,user4,অ,output/user4/অ/অ_20260711_214733_y28o8p.mp4,0.980057,0.905423,3,0.065534,0.031125,0.018146
2,2,20260711_214733_y28o8p__outer02__inner02__aug02,20260711_214733_y28o8p,user4,অ,output/user4/অ/অ_20260711_214733_y28o8p.mp4,0.854914,1.121321,3,0.037741,0.046405,-0.039074
2,2,20260711_214733_y28o8p__outer02__inner02__aug03,20260711_214733_y28o8p,user4,অ,output/user4/অ/অ_20260711_214733_y28o8p.mp4,1.107842,0.90147,5,0.07499,0.023403,0.046116
2,2,20260711_214747_h8ad4n__outer02__inner02__aug01,20260711_214747_h8ad4n,user4,অ,output/user4/অ/অ_20260711_214747_h8ad4n.mp4,0.987982,0.932902,5,0.03942,-0.011506,0.033362
2,2,20260711_214747_h8ad4n__outer02__inner02__aug02,20260711_214747_h8ad4n,user4,অ,output/user4/অ/অ_20260711_214747_h8ad4n.mp4,1.014789,0.99014,3,0.084581,-0.023023,0.041248
2,2,20260711_214747_h8ad4n__outer02__inner02__aug03,20260711_214747_h8ad4n,user4,অ,output/user4/অ/অ_20260711_214747_h8ad4n.mp4,1.008218,1.057338,3,0.069422,0.014747,0.01913
2,2,20260711_214802_iotb3d__outer02__inner02__aug01,20260711_214802_iotb3d,user4,অ,output/user4/অ/অ_20260711_214802_iotb3d.mp4,1.141913,0.872296,5,0.098636,-0.004467,-0.003587
2,2,20260711_214802_iotb3d__outer02__inner02__aug02,20260711_214802_iotb3d,user4,অ,output/user4/অ/অ_20260711_214802_iotb3d.mp4,1.128014,1.102577,5,0.057834,0.038593,-0.013646
2,2,20260711_214802_iotb3d__outer02__inner02__aug03,20260711_214802_iotb3d,user4,অ,output/user4/অ/অ_20260711_214802_iotb3d.mp4,1.093009,1.057013,3,0.042358,-0.009393,-0.025257
2,2,20260711_214818_1kqyjw__outer02__inner02__aug01,20260711_214818_1kqyjw,user4,অ,output/user4/অ/অ_20260711_214818_1kqyjw.mp4,0.995889,0.850747,5,0.010841,-0.039831,-0.038211
2,2,20260711_214818_1kqyjw__outer02__inner02__aug02,20260711_214818_1kqyjw,user4,অ,output/user4/অ/অ_20260711_214818_1kqyjw.mp4,1.044299,1.121737,5,0.012375,0.022098,-0.012073
2,2,20260711_214818_1kqyjw__outer02__inner02__aug03,20260711_214818_1kqyjw,user4,অ,output/user4/অ/অ_20260711_214818_1kqyjw.mp4,1.02142,1.075068,5,0.097614,0.023167,0.038599
2,2,20260711_214838_nmfk2j__outer02__inner02__aug01,20260711_214838_nmfk2j,user4,অ,output/user4/অ/অ_20260711_214838_nmfk2j.mp4,1.084692,1.095708,3,0.054287,0.039003,0.020294
2,2,20260711_214838_nmfk2j__outer02__inner02__aug02,20260711_214838_nmfk2j,user4,অ,output/user4/অ/অ_20260711_214838_nmfk2j.mp4,1.046586,1.102812,5,0.073551,-0.036535,-0.041615
2,2,20260711_214838_nmfk2j__outer02__inner02__aug03,20260711_214838_nmfk2j,user4,অ,output/user4/অ/অ_20260711_214838_nmfk2j.mp4,0.867833,1.044146,3,0.033111,0.000167,-0.045381
2,2,20260711_214856_wh1jdl__outer02__inner02__aug01,20260711_214856_wh1jdl,user4,অ,output/user4/অ/অ_20260711_214856_wh1jdl.mp4,0.972661,0.95926,3,0.07731,0.041041,0.031661
2,2,20260711_214856_wh1jdl__outer02__inner02__aug02,20260711_214856_wh1jdl,user4,অ,output/user4/অ/অ_20260711_214856_wh1jdl.mp4,1.045561,0.987412,3,0.081306,-0.047292,-0.016405
2,2,20260711_214856_wh1jdl__outer02__inner02__aug03,20260711_214856_wh1jdl,user4,অ,output/user4/অ/অ_20260711_214856_wh1jdl.mp4,1.11559,0.959641,5,0.009409,-0.029586,0.042845
2,2,20260711_214912_5jyzoq__outer02__inner02__aug01,20260711_214912_5jyzoq,user4,অ,output/user4/অ/অ_20260711_214912_5jyzoq.mp4,1.096768,1.046641,5,0.088394,0.017667,-0.036542
2,2,20260711_214912_5jyzoq__outer02__inner02__aug02,20260711_214912_5jyzoq,user4,অ,output/user4/অ/অ_20260711_214912_5jyzoq.mp4,0.950324,0.953443,3,0.035214,0.000126,0.018458
2,2,20260711_214912_5jyzoq__outer02__inner02__aug03,20260711_214912_5jyzoq,user4,অ,output/user4/অ/অ_20260711_214912_5jyzoq.mp4,1.082545,0.987703,3,0.033197,-0.048169,-0.036309
2,2,20260711_215025_9ahjj1__outer02__inner02__aug01,20260711_215025_9ahjj1,user4,অ,output/user4/অ/অ_20260711_215025_9ahjj1.mp4,1.14895,1.028603,5,0.015803,-0.040094,0.038235
2,2,20260711_215025_9ahjj1__outer02__inner02__aug02,20260711_215025_9ahjj1,user4,অ,output/user4/অ/অ_20260711_215025_9ahjj1.mp4,0.858436,0.960354,5,0.021148,-0.010948,-0.040305
2,2,20260711_215025_9ahjj1__outer02__inner02__aug03,20260711_215025_9ahjj1,user4,অ,output/user4/অ/অ_20260711_215025_9ahjj1.mp4,0.904448,1.123982,5,0.028818,-0.015769,0.007003
2,2,20260711_215040_totmvz__outer02__inner02__aug01,20260711_215040_totmvz,user4,অ,output/user4/অ/অ_20260711_215040_totmvz.mp4,1.03842,0.962394,3,0.026142,-0.041899,-0.049615
2,2,20260711_215040_totmvz__outer02__inner02__aug02,20260711_215040_totmvz,user4,অ,output/user4/অ/অ_20260711_215040_totmvz.mp4,0.963907,0.862195,3,0.045206,-0.002224,0.032271
2,2,20260711_215040_totmvz__outer02__inner02__aug03,20260711_215040_totmvz,user4,অ,output/user4/অ/অ_20260711_215040_totmvz.mp4,1.088068,0.927443,5,0.087045,-0.04332,-0.023233
2,2,20260711_215057_m3q3bw__outer02__inner02__aug01,20260711_215057_m3q3bw,user4,অ,output/user4/অ/অ_20260711_215057_m3q3bw.mp4,0.992851,1.106078,3,0.069786,-0.033698,0.032331
2,2,20260711_215057_m3q3bw__outer02__inner02__aug02,20260711_215057_m3q3bw,user4,অ,output/user4/অ/অ_20260711_215057_m3q3bw.mp4,0.919885,0.855522,3,0.074474,0.028703,-0.012426
2,2,20260711_215057_m3q3bw__outer02__inner02__aug03,20260711_215057_m3q3bw,user4,অ,output/user4/অ/অ_20260711_215057_m3q3bw.mp4,0.874654,0.926601,3,0.017225,0.019122,0.029121
2,2,20260711_215120_wa3iw4__outer02__inner02__aug01,20260711_215120_wa3iw4,user4,অ,output/user4/অ/অ_20260711_215120_wa3iw4.mp4,1.143323,0.925385,3,0.08001,0.01159,0.038758
2,2,20260711_215120_wa3iw4__outer02__inner02__aug02,20260711_215120_wa3iw4,user4,অ,output/user4/অ/অ_20260711_215120_wa3iw4.mp4,0.961621,1.0867,5,0.048801,-0.038185,0.045065
2,2,20260711_215120_wa3iw4__outer02__inner02__aug03,20260711_215120_wa3iw4,user4,অ,output/user4/অ/অ_20260711_215120_wa3iw4.mp4,0.880399,0.904727,3,0.022943,-0.007592,0.049798
2,2,20260711_215140_jzmdn9__outer02__inner02__aug01,20260711_215140_jzmdn9,user4,অ,output/user4/অ/অ_20260711_215140_jzmdn9.mp4,1.115045,1.015266,5,0.00819,0.024742,-0.00806
2,2,20260711_215140_jzmdn9__outer02__inner02__aug02,20260711_215140_jzmdn9,user4,অ,output/user4/অ/অ_20260711_215140_jzmdn9.mp4,1.081773,1.012931,3,0.094969,-0.026228,-0.032009
2,2,20260711_215140_jzmdn9__outer02__inner02__aug03,20260711_215140_jzmdn9,user4,অ,output/user4/অ/অ_20260711_215140_jzmdn9.mp4,1.062948,0.850743,5,0.085162,-0.017426,-0.037449
2,2,20260711_215153_8dj6mi__outer02__inner02__aug01,20260711_215153_8dj6mi,user4,অ,output/user4/অ/অ_20260711_215153_8dj6mi.mp4,0.958371,1.034301,5,0.06858,0.028222,0.035218
2,2,20260711_215153_8dj6mi__outer02__inner02__aug02,20260711_215153_8dj6mi,user4,অ,output/user4/অ/অ_20260711_215153_8dj6mi.mp4,0.961643,0.903771,5,0.039176,0.015862,0.036197
2,2,20260711_215153_8dj6mi__outer02__inner02__aug03,20260711_215153_8dj6mi,user4,অ,output/user4/অ/অ_20260711_215153_8dj6mi.mp4,0.88532,1.101533,5,0.020737,0.020323,0.035856
2,2,20260711_215210_14cuph__outer02__inner02__aug01,20260711_215210_14cuph,user4,অ,output/user4/অ/অ_20260711_215210_14cuph.mp4,1.147534,1.026364,3,0.067267,-0.047445,0.049711
2,2,20260711_215210_14cuph__outer02__inner02__aug02,20260711_215210_14cuph,user4,অ,output/user4/অ/অ_20260711_215210_14cuph.mp4,0.969393,0.892013,5,0.055449,0.0057,-0.023018
2,2,20260711_215210_14cuph__outer02__inner02__aug03,20260711_215210_14cuph,user4,অ,output/user4/অ/অ_20260711_215210_14cuph.mp4,0.985351,0.861777,5,0.003037,-0.042206,0.019768
2,2,20260711_215224_s1nefb__outer02__inner02__aug01,20260711_215224_s1nefb,user4,অ,output/user4/অ/অ_20260711_215224_s1nefb.mp4,0.97405,0.990526,3,0.044299,0.011917,0.006495
2,2,20260711_215224_s1nefb__outer02__inner02__aug02,20260711_215224_s1nefb,user4,অ,output/user4/অ/অ_20260711_215224_s1nefb.mp4,1.02987,1.129504,5,0.030581,-0.049225,0.015381
2,2,20260711_215224_s1nefb__outer02__inner02__aug03,20260711_215224_s1nefb,user4,অ,output/user4/অ/অ_20260711_215224_s1nefb.mp4,0.941713,1.138106,5,0.074949,-0.00984,0.021243
2,2,20260711_211553_8q738s__outer02__inner02__aug01,20260711_211553_8q738s,user4,আ,output/user4/আ/আ_20260711_211553_8q738s.mp4,1.052852,0.976735,5,0.051298,0.043845,-0.047097
2,2,20260711_211553_8q738s__outer02__inner02__aug02,20260711_211553_8q738s,user4,আ,output/user4/আ/আ_20260711_211553_8q738s.mp4,0.95586,1.091749,5,0.047597,-0.007437,0.021821
2,2,20260711_211553_8q738s__outer02__inner02__aug03,20260711_211553_8q738s,user4,আ,output/user4/আ/আ_20260711_211553_8q738s.mp4,0.947217,1.002265,3,0.05093,0.036223,-0.022596
2,2,20260711_215326_rdw0i7__outer02__inner02__aug01,20260711_215326_rdw0i7,user4,আ,output/user4/আ/আ_20260711_215326_rdw0i7.mp4,0.984545,0.853584,5,0.057327,0.043203,-0.027631
2,2,20260711_215326_rdw0i7__outer02__inner02__aug02,20260711_215326_rdw0i7,user4,আ,output/user4/আ/আ_20260711_215326_rdw0i7.mp4,0.992484,0.960211,3,0.018297,-0.018512,-0.000158
2,2,20260711_215326_rdw0i7__outer02__inner02__aug03,20260711_215326_rdw0i7,user4,আ,output/user4/আ/আ_20260711_215326_rdw0i7.mp4,0.966385,1.087792,3,0.065229,0.010017,0.039533
2,2,20260711_215355_gtir0d__outer02__inner02__aug01,20260711_215355_gtir0d,user4,আ,output/user4/আ/আ_20260711_215355_gtir0d.mp4,1.132492,0.912283,5,0.080059,-0.034696,-0.027585
2,2,20260711_215355_gtir0d__outer02__inner02__aug02,20260711_215355_gtir0d,user4,আ,output/user4/আ/আ_20260711_215355_gtir0d.mp4,1.10677,1.138718,5,0.061806,-0.040674,0.015226
2,2,20260711_215355_gtir0d__outer02__inner02__aug03,20260711_215355_gtir0d,user4,আ,output/user4/আ/আ_20260711_215355_gtir0d.mp4,1.069623,0.971947,3,0.047114,0.043174,0.016947
2,2,20260711_215413_4z3pac__outer02__inner02__aug01,20260711_215413_4z3pac,user4,আ,output/user4/আ/আ_20260711_215413_4z3pac.mp4,1.082843,1.120311,3,0.01914,0.032715,0.044347
2,2,20260711_215413_4z3pac__outer02__inner02__aug02,20260711_215413_4z3pac,user4,আ,output/user4/আ/আ_20260711_215413_4z3pac.mp4,0.903403,0.996629,3,0.014477,0.049883,-0.019509
2,2,20260711_215413_4z3pac__outer02__inner02__aug03,20260711_215413_4z3pac,user4,আ,output/user4/আ/আ_20260711_215413_4z3pac.mp4,0.986896,0.926461,5,0.075591,-0.04893,-0.035703
2,2,20260711_215505_noe4fp__outer02__inner02__aug01,20260711_215505_noe4fp,user4,আ,output/user4/আ/আ_20260711_215505_noe4fp.mp4,0.944322,0.961001,5,0.027506,-0.036211,0.002134
2,2,20260711_215505_noe4fp__outer02__inner02__aug02,20260711_215505_noe4fp,user4,আ,output/user4/আ/আ_20260711_215505_noe4fp.mp4,0.946597,1.108979,3,0.085604,-0.034784,0.003304
2,2,20260711_215505_noe4fp__outer02__inner02__aug03,20260711_215505_noe4fp,user4,আ,output/user4/আ/আ_20260711_215505_noe4fp.mp4,0.8991,1.023189,5,0.072397,-0.024481,0.02402
2,2,20260711_215527_oaoi6c__outer02__inner02__aug01,20260711_215527_oaoi6c,user4,আ,output/user4/আ/আ_20260711_215527_oaoi6c.mp4,1.0056,0.989096,3,0.005233,0.047524,0.012254
2,2,20260711_215527_oaoi6c__outer02__inner02__aug02,20260711_215527_oaoi6c,user4,আ,output/user4/আ/আ_20260711_215527_oaoi6c.mp4,0.875381,0.918104,5,0.013805,-0.026318,-0.021017
2,2,20260711_215527_oaoi6c__outer02__inner02__aug03,20260711_215527_oaoi6c,user4,আ,output/user4/আ/আ_20260711_215527_oaoi6c.mp4,1.105216,1.090048,5,0.077173,0.042289,0.003965
2,2,20260711_215554_41w3p4__outer02__inner02__aug01,20260711_215554_41w3p4,user4,আ,output/user4/আ/আ_20260711_215554_41w3p4.mp4,0.904264,0.952937,5,0.049246,0.033415,0.046093
2,2,20260711_215554_41w3p4__outer02__inner02__aug02,20260711_215554_41w3p4,user4,আ,output/user4/আ/আ_20260711_215554_41w3p4.mp4,1.140289,1.090207,5,0.041547,-0.01536,-0.025377
2,2,20260711_215554_41w3p4__outer02__inner02__aug03,20260711_215554_41w3p4,user4,আ,output/user4/আ/আ_20260711_215554_41w3p4.mp4,0.862621,0.950806,5,0.081941,0.015275,0.006071
2,2,20260711_215623_q6sua3__outer02__inner02__aug01,20260711_215623_q6sua3,user4,আ,output/user4/আ/আ_20260711_215623_q6sua3.mp4,0.903697,1.037677,3,0.085132,-0.047844,-0.046395
2,2,20260711_215623_q6sua3__outer02__inner02__aug02,20260711_215623_q6sua3,user4,আ,output/user4/আ/আ_20260711_215623_q6sua3.mp4,0.903902,1.036287,5,0.054667,0.009756,-0.03272
2,2,20260711_215623_q6sua3__outer02__inner02__aug03,20260711_215623_q6sua3,user4,আ,output/user4/আ/আ_20260711_215623_q6sua3.mp4,1.000257,1.10867,3,0.007193,-0.031299,-0.025331
2,2,20260711_215646_y25z4x__outer02__inner02__aug01,20260711_215646_y25z4x,user4,আ,output/user4/আ/আ_20260711_215646_y25z4x.mp4,0.891499,1.008438,5,0.045038,-0.044149,0.035592
2,2,20260711_215646_y25z4x__outer02__inner02__aug02,20260711_215646_y25z4x,user4,আ,output/user4/আ/আ_20260711_215646_y25z4x.mp4,1.021559,1.14165,5,0.005764,0.047517,-0.017901
2,2,20260711_215646_y25z4x__outer02__inner02__aug03,20260711_215646_y25z4x,user4,আ,output/user4/আ/আ_20260711_215646_y25z4x.mp4,0.868344,0.91505,3,0.008247,0.030486,-0.026524
2,2,20260711_215701_i0we24__outer02__inner02__aug01,20260711_215701_i0we24,user4,আ,output/user4/আ/আ_20260711_215701_i0we24.mp4,0.899391,1.018233,3,0.031727,-0.014713,0.021792
2,2,20260711_215701_i0we24__outer02__inner02__aug02,20260711_215701_i0we24,user4,আ,output/user4/আ/আ_20260711_215701_i0we24.mp4,0.980431,1.043344,5,0.061739,-0.02048,-0.002518
2,2,20260711_215701_i0we24__outer02__inner02__aug03,20260711_215701_i0we24,user4,আ,output/user4/আ/আ_20260711_215701_i0we24.mp4,0.964415,1.002544,3,0.029256,0.021956,0.000333
2,2,20260711_215719_fym8k2__outer02__inner02__aug01,20260711_215719_fym8k2,user4,আ,output/user4/আ/আ_20260711_215719_fym8k2.mp4,1.11868,0.9282,5,0.033754,0.038359,0.041527
2,2,20260711_215719_fym8k2__outer02__inner02__aug02,20260711_215719_fym8k2,user4,আ,output/user4/আ/আ_20260711_215719_fym8k2.mp4,0.893999,0.9171,3,0.032484,-0.023045,0.003773
2,2,20260711_215719_fym8k2__outer02__inner02__aug03,20260711_215719_fym8k2,user4,আ,output/user4/আ/আ_20260711_215719_fym8k2.mp4,0.923645,0.924765,5,0.066263,0.044445,0.029637
2,2,20260711_215732_e3wli4__outer02__inner02__aug01,20260711_215732_e3wli4,user4,আ,output/user4/আ/আ_20260711_215732_e3wli4.mp4,1.012188,0.960741,3,0.064151,0.001046,0.030338
2,2,20260711_215732_e3wli4__outer02__inner02__aug02,20260711_215732_e3wli4,user4,আ,output/user4/আ/আ_20260711_215732_e3wli4.mp4,0.98397,0.895024,3,0.084196,-0.013996,0.044266
2,2,20260711_215732_e3wli4__outer02__inner02__aug03,20260711_215732_e3wli4,user4,আ,output/user4/আ/আ_20260711_215732_e3wli4.mp4,0.881742,0.901411,3,0.083905,-0.008229,0.039258
2,2,20260711_215746_pw5glc__outer02__inner02__aug01,20260711_215746_pw5glc,user4,আ,output/user4/আ/আ_20260711_215746_pw5glc.mp4,1.037382,1.137547,5,0.048736,-0.040829,-0.005114
2,2,20260711_215746_pw5glc__outer02__inner02__aug02,20260711_215746_pw5glc,user4,আ,output/user4/আ/আ_20260711_215746_pw5glc.mp4,0.987685,0.970298,3,0.087278,0.029281,-0.003327
2,2,20260711_215746_pw5glc__outer02__inner02__aug03,20260711_215746_pw5glc,user4,আ,output/user4/আ/আ_20260711_215746_pw5glc.mp4,1.060978,0.945676,5,0.030014,0.020231,0.02031
2,2,20260711_215803_gtb1nz__outer02__inner02__aug01,20260711_215803_gtb1nz,user4,আ,output/user4/আ/আ_20260711_215803_gtb1nz.mp4,1.004897,1.046292,3,0.025031,-0.001921,-0.049399
2,2,20260711_215803_gtb1nz__outer02__inner02__aug02,20260711_215803_gtb1nz,user4,আ,output/user4/আ/আ_20260711_215803_gtb1nz.mp4,0.862565,1.095131,5,0.024463,-0.024277,0.036917
2,2,20260711_215803_gtb1nz__outer02__inner02__aug03,20260711_215803_gtb1nz,user4,আ,output/user4/আ/আ_20260711_215803_gtb1nz.mp4,0.864502,0.995339,5,0.07917,0.026102,-0.045952
2,2,20260711_215826_09me7o__outer02__inner02__aug01,20260711_215826_09me7o,user4,আ,output/user4/আ/আ_20260711_215826_09me7o.mp4,0.996166,0.862739,3,0.041866,0.001699,0.006076
2,2,20260711_215826_09me7o__outer02__inner02__aug02,20260711_215826_09me7o,user4,আ,output/user4/আ/আ_20260711_215826_09me7o.mp4,1.089311,1.000816,5,0.049244,-0.008525,0.005
2,2,20260711_215826_09me7o__outer02__inner02__aug03,20260711_215826_09me7o,user4,আ,output/user4/আ/আ_20260711_215826_09me7o.mp4,0.960419,0.90822,5,0.031302,-0.041119,-0.04017
2,2,20260711_215850_2a6qfe__outer02__inner02__aug01,20260711_215850_2a6qfe,user4,আ,output/user4/আ/আ_20260711_215850_2a6qfe.mp4,0.876149,1.052123,3,0.025483,-0.039795,-0.022321
2,2,20260711_215850_2a6qfe__outer02__inner02__aug02,20260711_215850_2a6qfe,user4,আ,output/user4/আ/আ_20260711_215850_2a6qfe.mp4,1.148731,1.082891,5,0.052297,0.037845,-0.031508
2,2,20260711_215850_2a6qfe__outer02__inner02__aug03,20260711_215850_2a6qfe,user4,আ,output/user4/আ/আ_20260711_215850_2a6qfe.mp4,0.862766,1.107827,3,0.024174,-0.005544,0.010971
2,2,20260711_211613_pni7yl__outer02__inner02__aug01,20260711_211613_pni7yl,user4,ই,output/user4/ই/ই_20260711_211613_pni7yl.mp4,1.149453,0.88824,5,0.099931,0.0281,0.042167
2,2,20260711_211613_pni7yl__outer02__inner02__aug02,20260711_211613_pni7yl,user4,ই,output/user4/ই/ই_20260711_211613_pni7yl.mp4,1.144897,1.09764,3,0.015301,0.03685,-0.035703
2,2,20260711_211613_pni7yl__outer02__inner02__aug03,20260711_211613_pni7yl,user4,ই,output/user4/ই/ই_20260711_211613_pni7yl.mp4,1.094799,0.943573,3,0.000599,0.003547,0.00612
2,2,20260711_211631_omhqof__outer02__inner02__aug01,20260711_211631_omhqof,user4,ই,output/user4/ই/ই_20260711_211631_omhqof.mp4,0.970113,0.898339,3,0.043842,-0.002616,0.043549
2,2,20260711_211631_omhqof__outer02__inner02__aug02,20260711_211631_omhqof,user4,ই,output/user4/ই/ই_20260711_211631_omhqof.mp4,1.073438,0.895778,5,0.008183,-0.04778,0.048394
2,2,20260711_211631_omhqof__outer02__inner02__aug03,20260711_211631_omhqof,user4,ই,output/user4/ই/ই_20260711_211631_omhqof.mp4,0.983196,1.055884,3,0.01509,0.010359,-0.049419
2,2,20260711_215916_5xq3ym__outer02__inner02__aug01,20260711_215916_5xq3ym,user4,ই,output/user4/ই/ই_20260711_215916_5xq3ym.mp4,1.055247,0.935576,3,0.020741,-0.031822,-0.019326
2,2,20260711_215916_5xq3ym__outer02__inner02__aug02,20260711_215916_5xq3ym,user4,ই,output/user4/ই/ই_20260711_215916_5xq3ym.mp4,0.872197,0.894103,5,0.076991,-0.021787,-0.039684
2,2,20260711_215916_5xq3ym__outer02__inner02__aug03,20260711_215916_5xq3ym,user4,ই,output/user4/ই/ই_20260711_215916_5xq3ym.mp4,0.957018,0.872722,3,0.091164,0.011537,0.007778
2,2,20260711_215928_ckxbi5__outer02__inner02__aug01,20260711_215928_ckxbi5,user4,ই,output/user4/ই/ই_20260711_215928_ckxbi5.mp4,1.079475,0.983485,3,0.025049,0.027306,0.010135
2,2,20260711_215928_ckxbi5__outer02__inner02__aug02,20260711_215928_ckxbi5,user4,ই,output/user4/ই/ই_20260711_215928_ckxbi5.mp4,1.034269,1.081589,3,0.001511,0.018645,-0.001789
2,2,20260711_215928_ckxbi5__outer02__inner02__aug03,20260711_215928_ckxbi5,user4,ই,output/user4/ই/ই_20260711_215928_ckxbi5.mp4,1.141163,1.131473,3,0.031659,0.031597,0.003004
2,2,20260711_215945_ovgs11__outer02__inner02__aug01,20260711_215945_ovgs11,user4,ই,output/user4/ই/ই_20260711_215945_ovgs11.mp4,1.035756,0.990404,3,0.008909,-0.023052,-0.002158
2,2,20260711_215945_ovgs11__outer02__inner02__aug02,20260711_215945_ovgs11,user4,ই,output/user4/ই/ই_20260711_215945_ovgs11.mp4,0.996502,1.142726,5,0.083664,-0.043097,-0.026593
2,2,20260711_215945_ovgs11__outer02__inner02__aug03,20260711_215945_ovgs11,user4,ই,output/user4/ই/ই_20260711_215945_ovgs11.mp4,1.078903,0.95255,3,0.061464,-0.005739,0.045474
2,2,20260711_215959_axw0jl__outer02__inner02__aug01,20260711_215959_axw0jl,user4,ই,output/user4/ই/ই_20260711_215959_axw0jl.mp4,1.001866,1.059133,3,0.077609,-0.038479,-0.02
2,2,20260711_215959_axw0jl__outer02__inner02__aug02,20260711_215959_axw0jl,user4,ই,output/user4/ই/ই_20260711_215959_axw0jl.mp4,0.919023,0.871208,3,0.036489,0.030142,-0.009976
2,2,20260711_215959_axw0jl__outer02__inner02__aug03,20260711_215959_axw0jl,user4,ই,output/user4/ই/ই_20260711_215959_axw0jl.mp4,0.918084,1.130106,5,0.029653,-0.021399,-0.047636
2,2,20260711_220013_x16qxh__outer02__inner02__aug01,20260711_220013_x16qxh,user4,ই,output/user4/ই/ই_20260711_220013_x16qxh.mp4,0.966603,1.112894,5,0.057566,0.030755,-0.048838
2,2,20260711_220013_x16qxh__outer02__inner02__aug02,20260711_220013_x16qxh,user4,ই,output/user4/ই/ই_20260711_220013_x16qxh.mp4,0.980406,1.024481,3,0.059171,-0.011721,-0.000607
2,2,20260711_220013_x16qxh__outer02__inner02__aug03,20260711_220013_x16qxh,user4,ই,output/user4/ই/ই_20260711_220013_x16qxh.mp4,0.990961,1.117562,5,0.059451,0.019528,-0.027762
2,2,20260711_220027_1j40u6__outer02__inner02__aug01,20260711_220027_1j40u6,user4,ই,output/user4/ই/ই_20260711_220027_1j40u6.mp4,0.946719,0.855774,3,0.058427,0.002678,-0.024513
2,2,20260711_220027_1j40u6__outer02__inner02__aug02,20260711_220027_1j40u6,user4,ই,output/user4/ই/ই_20260711_220027_1j40u6.mp4,1.08889,1.100771,3,0.010289,0.037496,0.031002
2,2,20260711_220027_1j40u6__outer02__inner02__aug03,20260711_220027_1j40u6,user4,ই,output/user4/ই/ই_20260711_220027_1j40u6.mp4,1.015044,1.074273,5,0.087103,-0.034602,0.046389
2,2,20260711_220043_yyhe4o__outer02__inner02__aug01,20260711_220043_yyhe4o,user4,ই,output/user4/ই/ই_20260711_220043_yyhe4o.mp4,0.969252,1.003037,3,0.07801,-0.016457,-0.022487
2,2,20260711_220043_yyhe4o__outer02__inner02__aug02,20260711_220043_yyhe4o,user4,ই,output/user4/ই/ই_20260711_220043_yyhe4o.mp4,0.916202,0.995319,3,0.043046,-0.036038,0.012421
2,2,20260711_220043_yyhe4o__outer02__inner02__aug03,20260711_220043_yyhe4o,user4,ই,output/user4/ই/ই_20260711_220043_yyhe4o.mp4,1.007622,0.93711,5,0.070407,0.011928,0.049924
2,2,20260711_220058_6cy90j__outer02__inner02__aug01,20260711_220058_6cy90j,user4,ই,output/user4/ই/ই_20260711_220058_6cy90j.mp4,1.030954,1.027936,3,0.043226,-0.037212,0.040119
2,2,20260711_220058_6cy90j__outer02__inner02__aug02,20260711_220058_6cy90j,user4,ই,output/user4/ই/ই_20260711_220058_6cy90j.mp4,0.884698,0.986082,5,0.00815,-0.03037,-0.014742
2,2,20260711_220058_6cy90j__outer02__inner02__aug03,20260711_220058_6cy90j,user4,ই,output/user4/ই/ই_20260711_220058_6cy90j.mp4,0.953624,1.020695,5,0.075244,-0.032382,0.000424
2,2,20260711_220112_94lc88__outer02__inner02__aug01,20260711_220112_94lc88,user4,ই,output/user4/ই/ই_20260711_220112_94lc88.mp4,1.134813,1.11932,5,0.080806,0.0081,-0.016388
2,2,20260711_220112_94lc88__outer02__inner02__aug02,20260711_220112_94lc88,user4,ই,output/user4/ই/ই_20260711_220112_94lc88.mp4,1.130287,0.958826,3,0.088676,0.031351,-0.030982
2,2,20260711_220112_94lc88__outer02__inner02__aug03,20260711_220112_94lc88,user4,ই,output/user4/ই/ই_20260711_220112_94lc88.mp4,0.994728,1.149384,3,0.044171,0.005227,0.025559
2,2,20260711_220132_3b6d70__outer02__inner02__aug01,20260711_220132_3b6d70,user4,ই,output/user4/ই/ই_20260711_220132_3b6d70.mp4,1.002651,1.122668,3,0.022119,0.003527,-0.020055
2,2,20260711_220132_3b6d70__outer02__inner02__aug02,20260711_220132_3b6d70,user4,ই,output/user4/ই/ই_20260711_220132_3b6d70.mp4,0.990284,1.092596,5,0.005198,0.04988,0.046498
2,2,20260711_220132_3b6d70__outer02__inner02__aug03,20260711_220132_3b6d70,user4,ই,output/user4/ই/ই_20260711_220132_3b6d70.mp4,0.881479,1.112794,3,0.068309,0.029865,-0.030455
2,2,20260711_220151_kjuuzh__outer02__inner02__aug01,20260711_220151_kjuuzh,user4,ই,output/user4/ই/ই_20260711_220151_kjuuzh.mp4,0.871874,0.936531,3,0.094985,0.03982,-0.000104
2,2,20260711_220151_kjuuzh__outer02__inner02__aug02,20260711_220151_kjuuzh,user4,ই,output/user4/ই/ই_20260711_220151_kjuuzh.mp4,0.952112,1.065014,3,0.001532,0.032045,-0.046528
2,2,20260711_220151_kjuuzh__outer02__inner02__aug03,20260711_220151_kjuuzh,user4,ই,output/user4/ই/ই_20260711_220151_kjuuzh.mp4,0.926551,1.025769,5,0.02072,-0.041138,-0.018789
2,2,20260711_220205_cr3boy__outer02__inner02__aug01,20260711_220205_cr3boy,user4,ই,output/user4/ই/ই_20260711_220205_cr3boy.mp4,1.085672,1.007261,5,0.061903,0.034342,-0.036266
2,2,20260711_220205_cr3boy__outer02__inner02__aug02,20260711_220205_cr3boy,user4,ই,output/user4/ই/ই_20260711_220205_cr3boy.mp4,0.972984,0.874411,3,0.002475,-0.006857,-0.010556
2,2,20260711_220205_cr3boy__outer02__inner02__aug03,20260711_220205_cr3boy,user4,ই,output/user4/ই/ই_20260711_220205_cr3boy.mp4,1.054039,1.068986,3,0.074054,0.001336,0.02434
2,2,20260711_220217_85rgxu__outer02__inner02__aug01,20260711_220217_85rgxu,user4,ই,output/user4/ই/ই_20260711_220217_85rgxu.mp4,1.050659,0.904189,3,0.095454,0.007655,0.019517
2,2,20260711_220217_85rgxu__outer02__inner02__aug02,20260711_220217_85rgxu,user4,ই,output/user4/ই/ই_20260711_220217_85rgxu.mp4,1.054241,0.927125,3,0.003456,0.038733,0.020971
2,2,20260711_220217_85rgxu__outer02__inner02__aug03,20260711_220217_85rgxu,user4,ই,output/user4/ই/ই_20260711_220217_85rgxu.mp4,1.144724,0.953212,3,0.060998,0.004908,0.026124
2,2,20260711_220235_4uai7u__outer02__inner02__aug01,20260711_220235_4uai7u,user4,ই,output/user4/ই/ই_20260711_220235_4uai7u.mp4,1.013239,1.059536,5,0.085205,-0.030126,0.016424
2,2,20260711_220235_4uai7u__outer02__inner02__aug02,20260711_220235_4uai7u,user4,ই,output/user4/ই/ই_20260711_220235_4uai7u.mp4,0.912163,1.095444,3,0.057359,-0.024283,-0.012897
2,2,20260711_220235_4uai7u__outer02__inner02__aug03,20260711_220235_4uai7u,user4,ই,output/user4/ই/ই_20260711_220235_4uai7u.mp4,0.890722,1.123273,5,0.035708,-0.039664,0.045524
2,2,20260711_220308_e7l7wm__outer02__inner02__aug01,20260711_220308_e7l7wm,user4,ই,output/user4/ই/ই_20260711_220308_e7l7wm.mp4,0.958798,0.979561,5,0.018214,0.017672,-0.041462
2,2,20260711_220308_e7l7wm__outer02__inner02__aug02,20260711_220308_e7l7wm,user4,ই,output/user4/ই/ই_20260711_220308_e7l7wm.mp4,1.130821,0.962854,5,0.033765,-0.029609,0.010354
2,2,20260711_220308_e7l7wm__outer02__inner02__aug03,20260711_220308_e7l7wm,user4,ই,output/user4/ই/ই_20260711_220308_e7l7wm.mp4,1.084319,1.024863,3,0.011336,-0.027743,-0.001357
2,2,20260711_220404_itceug__outer02__inner02__aug01,20260711_220404_itceug,user4,ঈ,output/user4/ঈ/ঈ_20260711_220404_itceug.mp4,1.033654,1.034644,3,0.006838,-0.016092,0.024626
2,2,20260711_220404_itceug__outer02__inner02__aug02,20260711_220404_itceug,user4,ঈ,output/user4/ঈ/ঈ_20260711_220404_itceug.mp4,1.071128,0.868779,3,0.059879,-0.023217,-0.039567
2,2,20260711_220404_itceug__outer02__inner02__aug03,20260711_220404_itceug,user4,ঈ,output/user4/ঈ/ঈ_20260711_220404_itceug.mp4,1.056983,0.978341,5,0.016928,0.016859,-0.041212
2,2,20260711_220444_r35mfs__outer02__inner02__aug01,20260711_220444_r35mfs,user4,ঈ,output/user4/ঈ/ঈ_20260711_220444_r35mfs.mp4,0.945408,0.929506,5,0.054348,-0.012698,0.009174
2,2,20260711_220444_r35mfs__outer02__inner02__aug02,20260711_220444_r35mfs,user4,ঈ,output/user4/ঈ/ঈ_20260711_220444_r35mfs.mp4,0.995269,0.991164,3,0.091641,0.028196,-0.02352
2,2,20260711_220444_r35mfs__outer02__inner02__aug03,20260711_220444_r35mfs,user4,ঈ,output/user4/ঈ/ঈ_20260711_220444_r35mfs.mp4,1.018409,1.088424,5,0.029114,0.020544,0.034472
2,2,20260711_220519_ila5ji__outer02__inner02__aug01,20260711_220519_ila5ji,user4,ঈ,output/user4/ঈ/ঈ_20260711_220519_ila5ji.mp4,1.081922,0.862039,3,0.03876,-0.045832,0.022329
2,2,20260711_220519_ila5ji__outer02__inner02__aug02,20260711_220519_ila5ji,user4,ঈ,output/user4/ঈ/ঈ_20260711_220519_ila5ji.mp4,1.005764,1.084599,5,0.083779,0.024933,-0.035508
2,2,20260711_220519_ila5ji__outer02__inner02__aug03,20260711_220519_ila5ji,user4,ঈ,output/user4/ঈ/ঈ_20260711_220519_ila5ji.mp4,1.08517,0.959796,3,0.073618,-0.023146,-0.046393
2,2,20260711_220543_7o5bd0__outer02__inner02__aug01,20260711_220543_7o5bd0,user4,ঈ,output/user4/ঈ/ঈ_20260711_220543_7o5bd0.mp4,0.942245,0.905097,5,0.081891,0.032744,0.007086
2,2,20260711_220543_7o5bd0__outer02__inner02__aug02,20260711_220543_7o5bd0,user4,ঈ,output/user4/ঈ/ঈ_20260711_220543_7o5bd0.mp4,1.107689,1.060896,5,0.062193,0.018756,0.02608
2,2,20260711_220543_7o5bd0__outer02__inner02__aug03,20260711_220543_7o5bd0,user4,ঈ,output/user4/ঈ/ঈ_20260711_220543_7o5bd0.mp4,0.852105,0.95312,5,0.034988,0.024512,-0.02809
2,2,20260711_220606_essesa__outer02__inner02__aug01,20260711_220606_essesa,user4,ঈ,output/user4/ঈ/ঈ_20260711_220606_essesa.mp4,1.084679,1.042577,3,0.044216,-0.016847,0.002203
2,2,20260711_220606_essesa__outer02__inner02__aug02,20260711_220606_essesa,user4,ঈ,output/user4/ঈ/ঈ_20260711_220606_essesa.mp4,1.017696,1.120066,3,0.050398,0.010565,0.027066
2,2,20260711_220606_essesa__outer02__inner02__aug03,20260711_220606_essesa,user4,ঈ,output/user4/ঈ/ঈ_20260711_220606_essesa.mp4,0.957814,0.975698,3,0.059998,0.023684,-0.005481
2,2,20260711_220641_ufswp1__outer02__inner02__aug01,20260711_220641_ufswp1,user4,ঈ,output/user4/ঈ/ঈ_20260711_220641_ufswp1.mp4,0.872775,1.04275,3,0.079596,-0.04221,-0.000921
2,2,20260711_220641_ufswp1__outer02__inner02__aug02,20260711_220641_ufswp1,user4,ঈ,output/user4/ঈ/ঈ_20260711_220641_ufswp1.mp4,0.869919,0.860275,3,0.034206,0.047701,0.047534
2,2,20260711_220641_ufswp1__outer02__inner02__aug03,20260711_220641_ufswp1,user4,ঈ,output/user4/ঈ/ঈ_20260711_220641_ufswp1.mp4,0.922882,1.136973,3,0.033349,0.03976,0.017925
2,2,20260711_220701_y1rftt__outer02__inner02__aug01,20260711_220701_y1rftt,user4,ঈ,output/user4/ঈ/ঈ_20260711_220701_y1rftt.mp4,0.974175,0.977387,3,0.098023,-0.008662,-0.011758
2,2,20260711_220701_y1rftt__outer02__inner02__aug02,20260711_220701_y1rftt,user4,ঈ,output/user4/ঈ/ঈ_20260711_220701_y1rftt.mp4,1.122272,1.003093,5,0.099405,-0.030933,-0.044714
2,2,20260711_220701_y1rftt__outer02__inner02__aug03,20260711_220701_y1rftt,user4,ঈ,output/user4/ঈ/ঈ_20260711_220701_y1rftt.mp4,0.94913,0.98306,3,0.001104,0.0239,-0.044696
2,2,20260711_220721_h9k2mi__outer02__inner02__aug01,20260711_220721_h9k2mi,user4,ঈ,output/user4/ঈ/ঈ_20260711_220721_h9k2mi.mp4,1.0753,0.89656,3,0.080043,-0.009438,-0.006012
2,2,20260711_220721_h9k2mi__outer02__inner02__aug02,20260711_220721_h9k2mi,user4,ঈ,output/user4/ঈ/ঈ_20260711_220721_h9k2mi.mp4,0.901563,0.900838,5,0.084475,-0.030445,-0.006683
2,2,20260711_220721_h9k2mi__outer02__inner02__aug03,20260711_220721_h9k2mi,user4,ঈ,output/user4/ঈ/ঈ_20260711_220721_h9k2mi.mp4,1.128262,1.110443,5,0.087196,0.023524,-0.00039
2,2,20260711_220738_j2qzn6__outer02__inner02__aug01,20260711_220738_j2qzn6,user4,ঈ,output/user4/ঈ/ঈ_20260711_220738_j2qzn6.mp4,1.004434,0.883279,5,0.018958,0.021438,-0.007843
2,2,20260711_220738_j2qzn6__outer02__inner02__aug02,20260711_220738_j2qzn6,user4,ঈ,output/user4/ঈ/ঈ_20260711_220738_j2qzn6.mp4,0.96552,0.957937,5,0.020595,-0.007721,-0.024364
2,2,20260711_220738_j2qzn6__outer02__inner02__aug03,20260711_220738_j2qzn6,user4,ঈ,output/user4/ঈ/ঈ_20260711_220738_j2qzn6.mp4,0.910773,1.124099,5,0.034801,0.009168,0.034429
2,2,20260711_220751_axw80l__outer02__inner02__aug01,20260711_220751_axw80l,user4,ঈ,output/user4/ঈ/ঈ_20260711_220751_axw80l.mp4,1.060952,1.131309,3,0.025607,-0.040392,-0.014412
2,2,20260711_220751_axw80l__outer02__inner02__aug02,20260711_220751_axw80l,user4,ঈ,output/user4/ঈ/ঈ_20260711_220751_axw80l.mp4,1.005244,0.867835,5,0.053806,0.003205,-0.038573
2,2,20260711_220751_axw80l__outer02__inner02__aug03,20260711_220751_axw80l,user4,ঈ,output/user4/ঈ/ঈ_20260711_220751_axw80l.mp4,0.871516,0.877483,5,0.039586,-0.032423,0.000447
2,2,20260711_220807_mldxj2__outer02__inner02__aug01,20260711_220807_mldxj2,user4,ঈ,output/user4/ঈ/ঈ_20260711_220807_mldxj2.mp4,1.058946,0.852213,5,0.06881,-0.040702,-0.041324
2,2,20260711_220807_mldxj2__outer02__inner02__aug02,20260711_220807_mldxj2,user4,ঈ,output/user4/ঈ/ঈ_20260711_220807_mldxj2.mp4,0.933265,1.142645,3,0.009768,-0.033478,-0.029574
2,2,20260711_220807_mldxj2__outer02__inner02__aug03,20260711_220807_mldxj2,user4,ঈ,output/user4/ঈ/ঈ_20260711_220807_mldxj2.mp4,1.087083,1.076298,5,0.035225,0.019715,-0.035012
2,2,20260711_220822_wgaxvc__outer02__inner02__aug01,20260711_220822_wgaxvc,user4,ঈ,output/user4/ঈ/ঈ_20260711_220822_wgaxvc.mp4,0.911119,1.108555,3,0.018171,0.039683,0.003823
2,2,20260711_220822_wgaxvc__outer02__inner02__aug02,20260711_220822_wgaxvc,user4,ঈ,output/user4/ঈ/ঈ_20260711_220822_wgaxvc.mp4,0.957809,1.014538,3,0.045765,-0.021234,0.024095
2,2,20260711_220822_wgaxvc__outer02__inner02__aug03,20260711_220822_wgaxvc,user4,ঈ,output/user4/ঈ/ঈ_20260711_220822_wgaxvc.mp4,0.975286,0.974674,5,0.068345,-0.00145,0.034361
2,2,20260711_220837_dby4gx__outer02__inner02__aug01,20260711_220837_dby4gx,user4,ঈ,output/user4/ঈ/ঈ_20260711_220837_dby4gx.mp4,1.131156,1.010752,3,0.040067,0.034491,0.04145
2,2,20260711_220837_dby4gx__outer02__inner02__aug02,20260711_220837_dby4gx,user4,ঈ,output/user4/ঈ/ঈ_20260711_220837_dby4gx.mp4,0.888278,1.007451,5,0.086146,0.04133,-0.000191
2,2,20260711_220837_dby4gx__outer02__inner02__aug03,20260711_220837_dby4gx,user4,ঈ,output/user4/ঈ/ঈ_20260711_220837_dby4gx.mp4,1.149347,0.996313,3,0.08306,0.02374,0.03435
2,2,20260711_220850_xo5kch__outer02__inner02__aug01,20260711_220850_xo5kch,user4,ঈ,output/user4/ঈ/ঈ_20260711_220850_xo5kch.mp4,0.880826,0.867119,5,0.068294,-0.001111,-0.002007
2,2,20260711_220850_xo5kch__outer02__inner02__aug02,20260711_220850_xo5kch,user4,ঈ,output/user4/ঈ/ঈ_20260711_220850_xo5kch.mp4,1.076118,1.046518,3,0.063597,-0.044183,0.03713
2,2,20260711_220850_xo5kch__outer02__inner02__aug03,20260711_220850_xo5kch,user4,ঈ,output/user4/ঈ/ঈ_20260711_220850_xo5kch.mp4,0.979646,0.85688,3,0.080038,0.010952,-0.046739
2,2,20260711_220906_ehc737__outer02__inner02__aug01,20260711_220906_ehc737,user4,ঈ,output/user4/ঈ/ঈ_20260711_220906_ehc737.mp4,1.147537,1.025625,5,0.057744,-0.022494,0.010608
2,2,20260711_220906_ehc737__outer02__inner02__aug02,20260711_220906_ehc737,user4,ঈ,output/user4/ঈ/ঈ_20260711_220906_ehc737.mp4,0.951989,1.00981,5,0.083235,-0.020544,0.032959
2,2,20260711_220906_ehc737__outer02__inner02__aug03,20260711_220906_ehc737,user4,ঈ,output/user4/ঈ/ঈ_20260711_220906_ehc737.mp4,0.935865,1.020409,5,0.043167,-0.031649,-0.04524
3,0,20260711_220930_a944cy__outer03__inner00__aug01,20260711_220930_a944cy,for_bonhi,ঔ,output/for_bonhi/ঔ/ঔ_20260711_220930_a944cy.mp4,0.943935,1.017807,5,0.049337,0.035995,-0.024814
3,0,20260711_220930_a944cy__outer03__inner00__aug02,20260711_220930_a944cy,for_bonhi,ঔ,output/for_bonhi/ঔ/ঔ_20260711_220930_a944cy.mp4,0.870142,0.993639,5,0.088386,-0.00606,-0.048681
3,0,20260711_220930_a944cy__outer03__inner00__aug03,20260711_220930_a944cy,for_bonhi,ঔ,output/for_bonhi/ঔ/ঔ_20260711_220930_a944cy.mp4,0.863691,0.88564,3,0.044918,-0.011573,0.022868
3,0,20260703_231939_jmltkn__outer03__inner00__aug01,20260703_231939_jmltkn,user1,অ,output/user1/অ/অ_20260703_231939_jmltkn.mp4,1.141942,1.035692,3,0.049816,0.031279,0.020846
3,0,20260703_231939_jmltkn__outer03__inner00__aug02,20260703_231939_jmltkn,user1,অ,output/user1/অ/অ_20260703_231939_jmltkn.mp4,1.060515,0.963255,3,0.055949,-0.039089,0.021403
3,0,20260703_231939_jmltkn__outer03__inner00__aug03,20260703_231939_jmltkn,user1,অ,output/user1/অ/অ_20260703_231939_jmltkn.mp4,1.07744,0.970783,3,0.041874,-0.028281,0.015334
3,0,20260704_230134_0i7e7o__outer03__inner00__aug01,20260704_230134_0i7e7o,user1,অ,output/user1/অ/অ_20260704_230134_0i7e7o.mp4,0.936437,1.075085,3,0.05701,0.016398,-0.032986
3,0,20260704_230134_0i7e7o__outer03__inner00__aug02,20260704_230134_0i7e7o,user1,অ,output/user1/অ/অ_20260704_230134_0i7e7o.mp4,0.958922,1.127862,5,0.045111,0.039009,-0.017906
3,0,20260704_230134_0i7e7o__outer03__inner00__aug03,20260704_230134_0i7e7o,user1,অ,output/user1/অ/অ_20260704_230134_0i7e7o.mp4,1.107048,1.05078,5,0.093041,-0.013633,-0.032456
3,0,20260704_230207_s0bru0__outer03__inner00__aug01,20260704_230207_s0bru0,user1,অ,output/user1/অ/অ_20260704_230207_s0bru0.mp4,0.913398,1.062639,5,0.065646,0.011423,-0.038482
3,0,20260704_230207_s0bru0__outer03__inner00__aug02,20260704_230207_s0bru0,user1,অ,output/user1/অ/অ_20260704_230207_s0bru0.mp4,0.995593,1.073518,5,0.068583,0.012585,0.030989
3,0,20260704_230207_s0bru0__outer03__inner00__aug03,20260704_230207_s0bru0,user1,অ,output/user1/অ/অ_20260704_230207_s0bru0.mp4,1.039012,1.051951,5,0.098787,0.028185,0.046321
3,0,20260704_230243_20ggrl__outer03__inner00__aug01,20260704_230243_20ggrl,user1,অ,output/user1/অ/অ_20260704_230243_20ggrl.mp4,0.973473,0.963021,5,0.013757,0.019114,-0.04665
3,0,20260704_230243_20ggrl__outer03__inner00__aug02,20260704_230243_20ggrl,user1,অ,output/user1/অ/অ_20260704_230243_20ggrl.mp4,0.882729,0.907637,5,0.070484,0.027416,-0.04324
3,0,20260704_230243_20ggrl__outer03__inner00__aug03,20260704_230243_20ggrl,user1,অ,output/user1/অ/অ_20260704_230243_20ggrl.mp4,0.874693,1.002172,3,0.09942,-0.031014,0.038249
3,0,20260704_230314_biogka__outer03__inner00__aug01,20260704_230314_biogka,user1,অ,output/user1/অ/অ_20260704_230314_biogka.mp4,0.876095,1.023554,3,0.08679,-0.003503,-0.028789
3,0,20260704_230314_biogka__outer03__inner00__aug02,20260704_230314_biogka,user1,অ,output/user1/অ/অ_20260704_230314_biogka.mp4,0.912879,0.88778,5,0.092204,-0.03182,-0.030992
3,0,20260704_230314_biogka__outer03__inner00__aug03,20260704_230314_biogka,user1,অ,output/user1/অ/অ_20260704_230314_biogka.mp4,0.910266,0.918649,5,0.082722,-0.01249,0.032185
3,0,20260704_230343_z76un4__outer03__inner00__aug01,20260704_230343_z76un4,user1,অ,output/user1/অ/অ_20260704_230343_z76un4.mp4,0.988948,1.035185,5,0.012464,-0.00476,-0.013939
3,0,20260704_230343_z76un4__outer03__inner00__aug02,20260704_230343_z76un4,user1,অ,output/user1/অ/অ_20260704_230343_z76un4.mp4,1.108753,1.136026,3,0.019179,0.048092,0.00583
3,0,20260704_230343_z76un4__outer03__inner00__aug03,20260704_230343_z76un4,user1,অ,output/user1/অ/অ_20260704_230343_z76un4.mp4,0.958911,0.949921,5,0.073755,-0.01685,0.013888
3,0,20260704_230438_1by20a__outer03__inner00__aug01,20260704_230438_1by20a,user1,অ,output/user1/অ/অ_20260704_230438_1by20a.mp4,0.950903,1.050927,5,0.030261,0.016486,-0.046542
3,0,20260704_230438_1by20a__outer03__inner00__aug02,20260704_230438_1by20a,user1,অ,output/user1/অ/অ_20260704_230438_1by20a.mp4,0.994191,1.078079,3,0.024754,-0.041592,0.042232
3,0,20260704_230438_1by20a__outer03__inner00__aug03,20260704_230438_1by20a,user1,অ,output/user1/অ/অ_20260704_230438_1by20a.mp4,1.141475,0.867289,3,0.06343,-0.034578,-0.005152
3,0,20260704_230508_zz8agk__outer03__inner00__aug01,20260704_230508_zz8agk,user1,অ,output/user1/অ/অ_20260704_230508_zz8agk.mp4,1.000993,0.964934,3,0.097217,-0.003677,-0.018007
3,0,20260704_230508_zz8agk__outer03__inner00__aug02,20260704_230508_zz8agk,user1,অ,output/user1/অ/অ_20260704_230508_zz8agk.mp4,0.909442,0.924617,3,0.073203,-0.019514,-0.011062
3,0,20260704_230508_zz8agk__outer03__inner00__aug03,20260704_230508_zz8agk,user1,অ,output/user1/অ/অ_20260704_230508_zz8agk.mp4,1.109849,0.964048,3,0.022426,0.002067,-0.04852
3,0,20260704_230530_8783vw__outer03__inner00__aug01,20260704_230530_8783vw,user1,অ,output/user1/অ/অ_20260704_230530_8783vw.mp4,0.998441,1.040505,3,0.062086,-0.024158,-0.022974
3,0,20260704_230530_8783vw__outer03__inner00__aug02,20260704_230530_8783vw,user1,অ,output/user1/অ/অ_20260704_230530_8783vw.mp4,1.075555,1.009418,3,0.078779,-0.011168,-0.023567
3,0,20260704_230530_8783vw__outer03__inner00__aug03,20260704_230530_8783vw,user1,অ,output/user1/অ/অ_20260704_230530_8783vw.mp4,0.886875,1.059669,3,0.022034,-0.008375,-0.006106
3,0,20260704_230601_9fuwl5__outer03__inner00__aug01,20260704_230601_9fuwl5,user1,অ,output/user1/অ/অ_20260704_230601_9fuwl5.mp4,1.149518,0.931723,3,0.034457,0.044213,-0.002946
3,0,20260704_230601_9fuwl5__outer03__inner00__aug02,20260704_230601_9fuwl5,user1,অ,output/user1/অ/অ_20260704_230601_9fuwl5.mp4,1.038011,1.024243,3,0.089497,0.042252,0.002851
3,0,20260704_230601_9fuwl5__outer03__inner00__aug03,20260704_230601_9fuwl5,user1,অ,output/user1/অ/অ_20260704_230601_9fuwl5.mp4,1.076452,1.036273,3,0.040799,-0.013783,-0.018387
3,0,20260704_230631_iep9zz__outer03__inner00__aug01,20260704_230631_iep9zz,user1,অ,output/user1/অ/অ_20260704_230631_iep9zz.mp4,0.900993,1.058785,3,0.003012,-0.0069,-0.02719
3,0,20260704_230631_iep9zz__outer03__inner00__aug02,20260704_230631_iep9zz,user1,অ,output/user1/অ/অ_20260704_230631_iep9zz.mp4,1.094202,0.970291,3,0.095077,-0.007432,-0.004849
3,0,20260704_230631_iep9zz__outer03__inner00__aug03,20260704_230631_iep9zz,user1,অ,output/user1/অ/অ_20260704_230631_iep9zz.mp4,0.854224,0.939868,3,0.031041,-0.016137,0.005919
3,0,20260709_222041_giojuy__outer03__inner00__aug01,20260709_222041_giojuy,user1,অ,output/user1/অ/অ_20260709_222041_giojuy.mp4,1.130858,1.024294,5,0.036041,0.03971,0.013988
3,0,20260709_222041_giojuy__outer03__inner00__aug02,20260709_222041_giojuy,user1,অ,output/user1/অ/অ_20260709_222041_giojuy.mp4,1.123342,0.867012,3,0.050821,0.02525,0.039981
3,0,20260709_222041_giojuy__outer03__inner00__aug03,20260709_222041_giojuy,user1,অ,output/user1/অ/অ_20260709_222041_giojuy.mp4,0.862024,0.921701,3,0.063692,0.024325,-0.023855
3,0,20260704_230720_4nlmlz__outer03__inner00__aug01,20260704_230720_4nlmlz,user1,আ,output/user1/আ/আ_20260704_230720_4nlmlz.mp4,1.084703,0.907594,3,0.069129,0.046473,-0.025186
3,0,20260704_230720_4nlmlz__outer03__inner00__aug02,20260704_230720_4nlmlz,user1,আ,output/user1/আ/আ_20260704_230720_4nlmlz.mp4,1.147707,1.129912,5,0.00125,0.027002,-0.039372
3,0,20260704_230720_4nlmlz__outer03__inner00__aug03,20260704_230720_4nlmlz,user1,আ,output/user1/আ/আ_20260704_230720_4nlmlz.mp4,1.101213,0.924586,5,0.044808,0.044397,0.025661
3,0,20260704_230748_cofjqd__outer03__inner00__aug01,20260704_230748_cofjqd,user1,আ,output/user1/আ/আ_20260704_230748_cofjqd.mp4,1.069815,1.030945,5,0.067942,0.014116,-0.002967
3,0,20260704_230748_cofjqd__outer03__inner00__aug02,20260704_230748_cofjqd,user1,আ,output/user1/আ/আ_20260704_230748_cofjqd.mp4,1.126131,0.95589,3,0.008226,0.045772,-0.009609
3,0,20260704_230748_cofjqd__outer03__inner00__aug03,20260704_230748_cofjqd,user1,আ,output/user1/আ/আ_20260704_230748_cofjqd.mp4,1.123015,0.914536,3,0.050736,-0.042247,-0.040418
3,0,20260704_230823_p4djtm__outer03__inner00__aug01,20260704_230823_p4djtm,user1,আ,output/user1/আ/আ_20260704_230823_p4djtm.mp4,1.139637,0.900843,5,0.077178,-0.029931,0.013926
3,0,20260704_230823_p4djtm__outer03__inner00__aug02,20260704_230823_p4djtm,user1,আ,output/user1/আ/আ_20260704_230823_p4djtm.mp4,0.954818,0.956864,5,0.089011,-0.004545,0.003801
3,0,20260704_230823_p4djtm__outer03__inner00__aug03,20260704_230823_p4djtm,user1,আ,output/user1/আ/আ_20260704_230823_p4djtm.mp4,1.043193,0.887112,3,0.076142,-0.019255,-0.027436
3,0,20260704_230900_jm6b9y__outer03__inner00__aug01,20260704_230900_jm6b9y,user1,আ,output/user1/আ/আ_20260704_230900_jm6b9y.mp4,0.951696,1.125702,5,0.037122,0.007517,0.040296
3,0,20260704_230900_jm6b9y__outer03__inner00__aug02,20260704_230900_jm6b9y,user1,আ,output/user1/আ/আ_20260704_230900_jm6b9y.mp4,1.043608,1.104336,3,0.097261,0.031556,0.029997
3,0,20260704_230900_jm6b9y__outer03__inner00__aug03,20260704_230900_jm6b9y,user1,আ,output/user1/আ/আ_20260704_230900_jm6b9y.mp4,1.035778,0.952349,5,0.073304,0.024253,0.001142
3,0,20260704_230941_ogdcp4__outer03__inner00__aug01,20260704_230941_ogdcp4,user1,আ,output/user1/আ/আ_20260704_230941_ogdcp4.mp4,0.925112,0.935704,3,0.08574,0.042037,0.026651
3,0,20260704_230941_ogdcp4__outer03__inner00__aug02,20260704_230941_ogdcp4,user1,আ,output/user1/আ/আ_20260704_230941_ogdcp4.mp4,0.94917,1.022218,3,0.020635,0.014817,-0.026423
3,0,20260704_230941_ogdcp4__outer03__inner00__aug03,20260704_230941_ogdcp4,user1,আ,output/user1/আ/আ_20260704_230941_ogdcp4.mp4,0.965533,1.107261,5,0.094866,0.041115,0.028266
3,0,20260704_231010_4ha6y7__outer03__inner00__aug01,20260704_231010_4ha6y7,user1,আ,output/user1/আ/আ_20260704_231010_4ha6y7.mp4,1.125705,0.965101,5,0.086937,-0.022403,0.013196
3,0,20260704_231010_4ha6y7__outer03__inner00__aug02,20260704_231010_4ha6y7,user1,আ,output/user1/আ/আ_20260704_231010_4ha6y7.mp4,0.961277,0.941802,5,0.061266,0.008899,-0.033503
3,0,20260704_231010_4ha6y7__outer03__inner00__aug03,20260704_231010_4ha6y7,user1,আ,output/user1/আ/আ_20260704_231010_4ha6y7.mp4,1.08345,0.983914,3,0.009911,-0.048804,-0.013901
3,0,20260728_232136_0wkg0v__outer03__inner00__aug01,20260728_232136_0wkg0v,user1,আ,output/user1/আ/আ_20260728_232136_0wkg0v.mp4,1.03373,1.000937,5,0.050328,0.009268,0.039516
3,0,20260728_232136_0wkg0v__outer03__inner00__aug02,20260728_232136_0wkg0v,user1,আ,output/user1/আ/আ_20260728_232136_0wkg0v.mp4,1.013432,0.986429,5,0.068262,0.030518,-0.028701
3,0,20260728_232136_0wkg0v__outer03__inner00__aug03,20260728_232136_0wkg0v,user1,আ,output/user1/আ/আ_20260728_232136_0wkg0v.mp4,1.056499,1.060676,3,0.064815,-0.004565,-0.027
3,0,20260728_232203_7c77zv__outer03__inner00__aug01,20260728_232203_7c77zv,user1,আ,output/user1/আ/আ_20260728_232203_7c77zv.mp4,0.960418,1.132045,3,0.083036,-0.043019,-0.006819
3,0,20260728_232203_7c77zv__outer03__inner00__aug02,20260728_232203_7c77zv,user1,আ,output/user1/আ/আ_20260728_232203_7c77zv.mp4,1.13004,1.066381,3,0.081715,-0.015184,-0.041511
3,0,20260728_232203_7c77zv__outer03__inner00__aug03,20260728_232203_7c77zv,user1,আ,output/user1/আ/আ_20260728_232203_7c77zv.mp4,1.020613,0.85375,5,0.052844,-0.019056,0.032206
3,0,20260728_232238_kgwkds__outer03__inner00__aug01,20260728_232238_kgwkds,user1,আ,output/user1/আ/আ_20260728_232238_kgwkds.mp4,0.872503,0.876437,5,0.021667,0.030668,-0.016761
3,0,20260728_232238_kgwkds__outer03__inner00__aug02,20260728_232238_kgwkds,user1,আ,output/user1/আ/আ_20260728_232238_kgwkds.mp4,0.914237,0.99904,3,0.055064,-0.007996,0.016996
3,0,20260728_232238_kgwkds__outer03__inner00__aug03,20260728_232238_kgwkds,user1,আ,output/user1/আ/আ_20260728_232238_kgwkds.mp4,0.892216,1.088931,5,0.015017,-0.019049,-0.029271
3,0,20260728_232316_s2ep8l__outer03__inner00__aug01,20260728_232316_s2ep8l,user1,আ,output/user1/আ/আ_20260728_232316_s2ep8l.mp4,0.892354,1.008698,5,0.050361,-0.021664,-0.000429
3,0,20260728_232316_s2ep8l__outer03__inner00__aug02,20260728_232316_s2ep8l,user1,আ,output/user1/আ/আ_20260728_232316_s2ep8l.mp4,1.043759,0.939335,3,0.062592,-0.000699,-0.033297
3,0,20260728_232316_s2ep8l__outer03__inner00__aug03,20260728_232316_s2ep8l,user1,আ,output/user1/আ/আ_20260728_232316_s2ep8l.mp4,0.964404,1.117582,5,0.028865,-0.026868,0.009348
3,0,20260705_210750_hp0ub6__outer03__inner00__aug01,20260705_210750_hp0ub6,user1,ই,output/user1/ই/ই_20260705_210750_hp0ub6.mp4,0.919327,0.883099,3,0.02371,-0.00078,0.015749
3,0,20260705_210750_hp0ub6__outer03__inner00__aug02,20260705_210750_hp0ub6,user1,ই,output/user1/ই/ই_20260705_210750_hp0ub6.mp4,1.129056,0.999927,5,0.008827,0.032834,-0.043035
3,0,20260705_210750_hp0ub6__outer03__inner00__aug03,20260705_210750_hp0ub6,user1,ই,output/user1/ই/ই_20260705_210750_hp0ub6.mp4,1.010426,1.035895,5,0.076903,-0.008958,-0.003748
3,0,20260705_210817_cpe63z__outer03__inner00__aug01,20260705_210817_cpe63z,user1,ই,output/user1/ই/ই_20260705_210817_cpe63z.mp4,0.908631,0.87323,3,0.02073,0.022265,0.035712
3,0,20260705_210817_cpe63z__outer03__inner00__aug02,20260705_210817_cpe63z,user1,ই,output/user1/ই/ই_20260705_210817_cpe63z.mp4,1.063216,1.006362,5,0.092116,-0.010436,-0.032592
3,0,20260705_210817_cpe63z__outer03__inner00__aug03,20260705_210817_cpe63z,user1,ই,output/user1/ই/ই_20260705_210817_cpe63z.mp4,0.92867,1.009768,3,0.061717,0.040326,0.017377
3,0,20260705_210847_8d63gb__outer03__inner00__aug01,20260705_210847_8d63gb,user1,ই,output/user1/ই/ই_20260705_210847_8d63gb.mp4,1.063909,0.933274,3,0.063365,0.017247,0.040324
3,0,20260705_210847_8d63gb__outer03__inner00__aug02,20260705_210847_8d63gb,user1,ই,output/user1/ই/ই_20260705_210847_8d63gb.mp4,0.955699,1.024733,3,0.019909,-0.046889,0.033794
3,0,20260705_210847_8d63gb__outer03__inner00__aug03,20260705_210847_8d63gb,user1,ই,output/user1/ই/ই_20260705_210847_8d63gb.mp4,0.925747,1.058617,3,0.091042,0.0338,0.008303
3,0,20260705_210914_6z0wyv__outer03__inner00__aug01,20260705_210914_6z0wyv,user1,ই,output/user1/ই/ই_20260705_210914_6z0wyv.mp4,1.071678,0.905594,5,0.093454,-0.045816,-0.03481
3,0,20260705_210914_6z0wyv__outer03__inner00__aug02,20260705_210914_6z0wyv,user1,ই,output/user1/ই/ই_20260705_210914_6z0wyv.mp4,1.113999,1.098446,3,0.027615,-0.031965,0.037325
3,0,20260705_210914_6z0wyv__outer03__inner00__aug03,20260705_210914_6z0wyv,user1,ই,output/user1/ই/ই_20260705_210914_6z0wyv.mp4,1.141235,0.914011,5,0.009914,-0.00623,-0.003104
3,0,20260705_211104_cee4mp__outer03__inner00__aug01,20260705_211104_cee4mp,user1,ই,output/user1/ই/ই_20260705_211104_cee4mp.mp4,0.996082,1.026059,3,0.02718,-0.008708,0.031136
3,0,20260705_211104_cee4mp__outer03__inner00__aug02,20260705_211104_cee4mp,user1,ই,output/user1/ই/ই_20260705_211104_cee4mp.mp4,0.986608,0.854553,5,0.088941,0.009225,0.000797
3,0,20260705_211104_cee4mp__outer03__inner00__aug03,20260705_211104_cee4mp,user1,ই,output/user1/ই/ই_20260705_211104_cee4mp.mp4,0.867441,0.893729,5,0.051132,0.039292,-0.010426
3,0,20260705_211129_q9xd7j__outer03__inner00__aug01,20260705_211129_q9xd7j,user1,ই,output/user1/ই/ই_20260705_211129_q9xd7j.mp4,0.986365,1.001331,5,0.046488,-0.041246,0.016935
3,0,20260705_211129_q9xd7j__outer03__inner00__aug02,20260705_211129_q9xd7j,user1,ই,output/user1/ই/ই_20260705_211129_q9xd7j.mp4,1.094834,0.863936,5,0.019967,-0.012503,-0.049165
3,0,20260705_211129_q9xd7j__outer03__inner00__aug03,20260705_211129_q9xd7j,user1,ই,output/user1/ই/ই_20260705_211129_q9xd7j.mp4,1.135461,1.036575,3,0.075308,-0.017538,0.037747
3,0,20260705_211202_fwdefr__outer03__inner00__aug01,20260705_211202_fwdefr,user1,ই,output/user1/ই/ই_20260705_211202_fwdefr.mp4,1.091948,0.894297,5,0.020017,0.019232,-0.006183
3,0,20260705_211202_fwdefr__outer03__inner00__aug02,20260705_211202_fwdefr,user1,ই,output/user1/ই/ই_20260705_211202_fwdefr.mp4,0.889201,0.99643,5,0.095539,0.018775,0.010411
3,0,20260705_211202_fwdefr__outer03__inner00__aug03,20260705_211202_fwdefr,user1,ই,output/user1/ই/ই_20260705_211202_fwdefr.mp4,0.915358,0.907682,3,0.038633,0.008694,0.009103
3,0,20260705_211229_nco6f5__outer03__inner00__aug01,20260705_211229_nco6f5,user1,ই,output/user1/ই/ই_20260705_211229_nco6f5.mp4,1.075213,1.046889,5,0.082986,0.039134,-0.024643
3,0,20260705_211229_nco6f5__outer03__inner00__aug02,20260705_211229_nco6f5,user1,ই,output/user1/ই/ই_20260705_211229_nco6f5.mp4,0.999416,0.908422,5,0.053106,-0.028477,0.048459
3,0,20260705_211229_nco6f5__outer03__inner00__aug03,20260705_211229_nco6f5,user1,ই,output/user1/ই/ই_20260705_211229_nco6f5.mp4,1.053433,1.129755,3,0.070303,0.044797,0.026691
3,0,20260705_211257_5zxk15__outer03__inner00__aug01,20260705_211257_5zxk15,user1,ই,output/user1/ই/ই_20260705_211257_5zxk15.mp4,1.032831,1.01594,5,0.080756,-0.038269,-0.014764
3,0,20260705_211257_5zxk15__outer03__inner00__aug02,20260705_211257_5zxk15,user1,ই,output/user1/ই/ই_20260705_211257_5zxk15.mp4,0.850948,1.067098,3,0.0103,-0.028716,-0.006687
3,0,20260705_211257_5zxk15__outer03__inner00__aug03,20260705_211257_5zxk15,user1,ই,output/user1/ই/ই_20260705_211257_5zxk15.mp4,1.141783,1.103615,5,0.055069,0.007749,0.047958
3,0,20260705_211324_69n6hy__outer03__inner00__aug01,20260705_211324_69n6hy,user1,ই,output/user1/ই/ই_20260705_211324_69n6hy.mp4,0.906669,1.011568,5,0.062473,-0.020842,0.012762
3,0,20260705_211324_69n6hy__outer03__inner00__aug02,20260705_211324_69n6hy,user1,ই,output/user1/ই/ই_20260705_211324_69n6hy.mp4,1.147009,0.939212,3,0.063672,0.013254,0.034957
3,0,20260705_211324_69n6hy__outer03__inner00__aug03,20260705_211324_69n6hy,user1,ই,output/user1/ই/ই_20260705_211324_69n6hy.mp4,0.928552,1.108715,3,0.027637,-0.006012,-0.045975
3,0,20260705_213721_6edrqn__outer03__inner00__aug01,20260705_213721_6edrqn,user1,ঈ,output/user1/ঈ/ঈ_20260705_213721_6edrqn.mp4,1.020983,0.961259,5,0.067689,-0.044955,-0.036441
3,0,20260705_213721_6edrqn__outer03__inner00__aug02,20260705_213721_6edrqn,user1,ঈ,output/user1/ঈ/ঈ_20260705_213721_6edrqn.mp4,1.006646,0.931225,3,0.049482,-0.036925,-0.002955
3,0,20260705_213721_6edrqn__outer03__inner00__aug03,20260705_213721_6edrqn,user1,ঈ,output/user1/ঈ/ঈ_20260705_213721_6edrqn.mp4,0.959741,1.043407,3,0.063775,0.01155,0.041124
3,0,20260705_213804_scynf9__outer03__inner00__aug01,20260705_213804_scynf9,user1,ঈ,output/user1/ঈ/ঈ_20260705_213804_scynf9.mp4,1.148544,1.091315,5,0.061205,0.01931,0.037327
3,0,20260705_213804_scynf9__outer03__inner00__aug02,20260705_213804_scynf9,user1,ঈ,output/user1/ঈ/ঈ_20260705_213804_scynf9.mp4,1.092578,1.009435,5,0.017278,-0.001726,0.001578
3,0,20260705_213804_scynf9__outer03__inner00__aug03,20260705_213804_scynf9,user1,ঈ,output/user1/ঈ/ঈ_20260705_213804_scynf9.mp4,0.906688,1.046983,5,0.060392,-0.038761,0.023824
3,0,20260705_213852_tuebtl__outer03__inner00__aug01,20260705_213852_tuebtl,user1,ঈ,output/user1/ঈ/ঈ_20260705_213852_tuebtl.mp4,1.092188,1.113784,3,0.053042,0.004245,0.043907
3,0,20260705_213852_tuebtl__outer03__inner00__aug02,20260705_213852_tuebtl,user1,ঈ,output/user1/ঈ/ঈ_20260705_213852_tuebtl.mp4,1.061834,0.907829,3,0.034619,-0.031852,0.034744
3,0,20260705_213852_tuebtl__outer03__inner00__aug03,20260705_213852_tuebtl,user1,ঈ,output/user1/ঈ/ঈ_20260705_213852_tuebtl.mp4,0.901204,1.085368,5,0.01241,0.046398,-0.027782
3,0,20260705_213943_7qqvt7__outer03__inner00__aug01,20260705_213943_7qqvt7,user1,ঈ,output/user1/ঈ/ঈ_20260705_213943_7qqvt7.mp4,0.877567,1.098432,3,0.01443,-0.043374,0.014507
3,0,20260705_213943_7qqvt7__outer03__inner00__aug02,20260705_213943_7qqvt7,user1,ঈ,output/user1/ঈ/ঈ_20260705_213943_7qqvt7.mp4,0.87741,1.09575,5,0.053982,0.038773,0.03771
3,0,20260705_213943_7qqvt7__outer03__inner00__aug03,20260705_213943_7qqvt7,user1,ঈ,output/user1/ঈ/ঈ_20260705_213943_7qqvt7.mp4,0.880079,1.112511,5,0.000522,-0.021619,0.006298
3,0,20260705_214029_z7ddbl__outer03__inner00__aug01,20260705_214029_z7ddbl,user1,ঈ,output/user1/ঈ/ঈ_20260705_214029_z7ddbl.mp4,0.952124,0.930808,5,0.08646,-0.02838,-0.046194
3,0,20260705_214029_z7ddbl__outer03__inner00__aug02,20260705_214029_z7ddbl,user1,ঈ,output/user1/ঈ/ঈ_20260705_214029_z7ddbl.mp4,0.969196,0.949687,3,0.09009,-0.031925,-0.026956
3,0,20260705_214029_z7ddbl__outer03__inner00__aug03,20260705_214029_z7ddbl,user1,ঈ,output/user1/ঈ/ঈ_20260705_214029_z7ddbl.mp4,1.063113,1.03854,5,0.02054,0.008524,-0.011901
3,0,20260705_214107_b894ld__outer03__inner00__aug01,20260705_214107_b894ld,user1,ঈ,output/user1/ঈ/ঈ_20260705_214107_b894ld.mp4,1.044883,0.930123,3,0.020283,0.031863,0.045095
3,0,20260705_214107_b894ld__outer03__inner00__aug02,20260705_214107_b894ld,user1,ঈ,output/user1/ঈ/ঈ_20260705_214107_b894ld.mp4,1.045423,0.861475,3,0.001361,-0.026661,-0.038847
3,0,20260705_214107_b894ld__outer03__inner00__aug03,20260705_214107_b894ld,user1,ঈ,output/user1/ঈ/ঈ_20260705_214107_b894ld.mp4,0.975045,0.961964,3,0.020243,-0.01179,0.041629
3,0,20260705_215457_yruoxw__outer03__inner00__aug01,20260705_215457_yruoxw,user1,ঈ,output/user1/ঈ/ঈ_20260705_215457_yruoxw.mp4,0.994374,1.003354,3,0.061468,0.033762,-0.018473
3,0,20260705_215457_yruoxw__outer03__inner00__aug02,20260705_215457_yruoxw,user1,ঈ,output/user1/ঈ/ঈ_20260705_215457_yruoxw.mp4,1.149978,1.059617,5,0.067946,0.031677,-0.018107
3,0,20260705_215457_yruoxw__outer03__inner00__aug03,20260705_215457_yruoxw,user1,ঈ,output/user1/ঈ/ঈ_20260705_215457_yruoxw.mp4,0.890709,0.996276,3,0.054867,0.000251,0.034584
3,0,20260705_215539_dr61qv__outer03__inner00__aug01,20260705_215539_dr61qv,user1,ঈ,output/user1/ঈ/ঈ_20260705_215539_dr61qv.mp4,0.851357,0.978094,3,0.043474,0.006771,-0.048386
3,0,20260705_215539_dr61qv__outer03__inner00__aug02,20260705_215539_dr61qv,user1,ঈ,output/user1/ঈ/ঈ_20260705_215539_dr61qv.mp4,0.874774,1.088908,3,0.04489,0.006388,-0.040286
3,0,20260705_215539_dr61qv__outer03__inner00__aug03,20260705_215539_dr61qv,user1,ঈ,output/user1/ঈ/ঈ_20260705_215539_dr61qv.mp4,1.055949,0.938988,3,0.014147,-0.011863,-0.029164
3,0,20260705_215654_07cd7w__outer03__inner00__aug01,20260705_215654_07cd7w,user1,ঈ,output/user1/ঈ/ঈ_20260705_215654_07cd7w.mp4,1.051262,1.147945,3,0.065592,0.029662,-0.023357
3,0,20260705_215654_07cd7w__outer03__inner00__aug02,20260705_215654_07cd7w,user1,ঈ,output/user1/ঈ/ঈ_20260705_215654_07cd7w.mp4,0.893389,0.959845,5,0.069053,0.025966,-0.001724
3,0,20260705_215654_07cd7w__outer03__inner00__aug03,20260705_215654_07cd7w,user1,ঈ,output/user1/ঈ/ঈ_20260705_215654_07cd7w.mp4,0.944477,1.095961,3,0.070052,0.032232,0.016652
3,0,20260705_215745_i5n9h7__outer03__inner00__aug01,20260705_215745_i5n9h7,user1,ঈ,output/user1/ঈ/ঈ_20260705_215745_i5n9h7.mp4,0.88499,0.998593,3,0.002499,-0.049856,0.037792
3,0,20260705_215745_i5n9h7__outer03__inner00__aug02,20260705_215745_i5n9h7,user1,ঈ,output/user1/ঈ/ঈ_20260705_215745_i5n9h7.mp4,1.105851,0.885688,5,0.074016,-0.034857,-0.049179
3,0,20260705_215745_i5n9h7__outer03__inner00__aug03,20260705_215745_i5n9h7,user1,ঈ,output/user1/ঈ/ঈ_20260705_215745_i5n9h7.mp4,1.000211,1.123707,5,0.076067,-0.024537,0.029805
3,0,20260704_232121_lcxi4y__outer03__inner00__aug01,20260704_232121_lcxi4y,user2,অ,output/user2/অ/অ_20260704_232121_lcxi4y.mp4,0.878199,1.140024,3,0.089385,-0.040834,0.040438
3,0,20260704_232121_lcxi4y__outer03__inner00__aug02,20260704_232121_lcxi4y,user2,অ,output/user2/অ/অ_20260704_232121_lcxi4y.mp4,1.024612,0.928714,5,0.09126,-0.026749,-0.016671
3,0,20260704_232121_lcxi4y__outer03__inner00__aug03,20260704_232121_lcxi4y,user2,অ,output/user2/অ/অ_20260704_232121_lcxi4y.mp4,0.868224,1.093773,3,0.081724,0.043327,-0.016893
3,0,20260728_232630_znnts0__outer03__inner00__aug01,20260728_232630_znnts0,user2,অ,output/user2/অ/অ_20260728_232630_znnts0.mp4,0.860107,0.921139,3,0.093897,-0.022649,0.015745
3,0,20260728_232630_znnts0__outer03__inner00__aug02,20260728_232630_znnts0,user2,অ,output/user2/অ/অ_20260728_232630_znnts0.mp4,1.145366,1.019706,3,0.003764,0.022146,0.012328
3,0,20260728_232630_znnts0__outer03__inner00__aug03,20260728_232630_znnts0,user2,অ,output/user2/অ/অ_20260728_232630_znnts0.mp4,0.992499,0.995033,5,0.081361,-0.009203,0.018369
3,0,20260728_232652_hdsmyh__outer03__inner00__aug01,20260728_232652_hdsmyh,user2,অ,output/user2/অ/অ_20260728_232652_hdsmyh.mp4,0.982409,0.859922,3,0.015581,0.001444,-0.023701
3,0,20260728_232652_hdsmyh__outer03__inner00__aug02,20260728_232652_hdsmyh,user2,অ,output/user2/অ/অ_20260728_232652_hdsmyh.mp4,0.912112,1.058734,3,0.055362,-0.043506,0.012021
3,0,20260728_232652_hdsmyh__outer03__inner00__aug03,20260728_232652_hdsmyh,user2,অ,output/user2/অ/অ_20260728_232652_hdsmyh.mp4,1.010733,0.901522,5,0.08769,0.022626,0.03123
3,0,20260728_232714_hincfq__outer03__inner00__aug01,20260728_232714_hincfq,user2,অ,output/user2/অ/অ_20260728_232714_hincfq.mp4,1.053313,0.872336,3,0.042206,0.0354,0.040672
3,0,20260728_232714_hincfq__outer03__inner00__aug02,20260728_232714_hincfq,user2,অ,output/user2/অ/অ_20260728_232714_hincfq.mp4,1.122685,0.921129,3,0.046846,-0.02017,0.035889
3,0,20260728_232714_hincfq__outer03__inner00__aug03,20260728_232714_hincfq,user2,অ,output/user2/অ/অ_20260728_232714_hincfq.mp4,0.964873,0.951186,3,0.088869,0.021025,-0.002492
3,0,20260728_232741_j1gvgu__outer03__inner00__aug01,20260728_232741_j1gvgu,user2,অ,output/user2/অ/অ_20260728_232741_j1gvgu.mp4,0.881508,0.875507,3,0.091632,-0.0258,0.0499
3,0,20260728_232741_j1gvgu__outer03__inner00__aug02,20260728_232741_j1gvgu,user2,অ,output/user2/অ/অ_20260728_232741_j1gvgu.mp4,0.893953,1.080381,5,0.083108,-0.006167,-0.000563
3,0,20260728_232741_j1gvgu__outer03__inner00__aug03,20260728_232741_j1gvgu,user2,অ,output/user2/অ/অ_20260728_232741_j1gvgu.mp4,1.130091,0.908981,5,0.018001,0.03682,0.016967
3,0,20260704_232148_mqf5ea__outer03__inner00__aug01,20260704_232148_mqf5ea,user2,আ,output/user2/আ/আ_20260704_232148_mqf5ea.mp4,1.03475,1.107028,3,0.038568,0.026069,-0.018066
3,0,20260704_232148_mqf5ea__outer03__inner00__aug02,20260704_232148_mqf5ea,user2,আ,output/user2/আ/আ_20260704_232148_mqf5ea.mp4,1.046949,0.960855,3,0.025704,0.042668,-0.036364
3,0,20260704_232148_mqf5ea__outer03__inner00__aug03,20260704_232148_mqf5ea,user2,আ,output/user2/আ/আ_20260704_232148_mqf5ea.mp4,1.021088,0.911118,5,0.023589,0.022099,-0.032704
3,0,20260728_232436_9i4gi8__outer03__inner00__aug01,20260728_232436_9i4gi8,user2,আ,output/user2/আ/আ_20260728_232436_9i4gi8.mp4,0.969459,0.909498,3,0.00609,-0.030816,-0.046377
3,0,20260728_232436_9i4gi8__outer03__inner00__aug02,20260728_232436_9i4gi8,user2,আ,output/user2/আ/আ_20260728_232436_9i4gi8.mp4,0.872957,0.945872,3,0.011445,-0.046435,-0.007152
3,0,20260728_232436_9i4gi8__outer03__inner00__aug03,20260728_232436_9i4gi8,user2,আ,output/user2/আ/আ_20260728_232436_9i4gi8.mp4,0.935646,1.10472,5,0.006041,-0.029084,-0.040579
3,0,20260728_232459_m6l3cf__outer03__inner00__aug01,20260728_232459_m6l3cf,user2,আ,output/user2/আ/আ_20260728_232459_m6l3cf.mp4,0.885408,0.917275,3,0.090131,0.019684,-0.0106
3,0,20260728_232459_m6l3cf__outer03__inner00__aug02,20260728_232459_m6l3cf,user2,আ,output/user2/আ/আ_20260728_232459_m6l3cf.mp4,0.898106,0.936175,5,0.017262,0.028365,0.004853
3,0,20260728_232459_m6l3cf__outer03__inner00__aug03,20260728_232459_m6l3cf,user2,আ,output/user2/আ/আ_20260728_232459_m6l3cf.mp4,1.141963,0.999705,5,0.065307,0.001033,0.011773
3,0,20260728_232520_l4uaan__outer03__inner00__aug01,20260728_232520_l4uaan,user2,আ,output/user2/আ/আ_20260728_232520_l4uaan.mp4,0.973197,0.889334,5,0.034418,0.016623,0.006083
3,0,20260728_232520_l4uaan__outer03__inner00__aug02,20260728_232520_l4uaan,user2,আ,output/user2/আ/আ_20260728_232520_l4uaan.mp4,1.051909,1.11281,5,0.0664,0.047836,-0.044712
3,0,20260728_232520_l4uaan__outer03__inner00__aug03,20260728_232520_l4uaan,user2,আ,output/user2/আ/আ_20260728_232520_l4uaan.mp4,0.950436,0.92667,3,0.050928,-0.026661,-3.5e-05
3,0,20260728_232556_dwfz7c__outer03__inner00__aug01,20260728_232556_dwfz7c,user2,আ,output/user2/আ/আ_20260728_232556_dwfz7c.mp4,1.108626,0.904406,3,0.047731,-0.001466,0.022822
3,0,20260728_232556_dwfz7c__outer03__inner00__aug02,20260728_232556_dwfz7c,user2,আ,output/user2/আ/আ_20260728_232556_dwfz7c.mp4,1.111584,1.047079,3,0.027039,0.023387,0.033301
3,0,20260728_232556_dwfz7c__outer03__inner00__aug03,20260728_232556_dwfz7c,user2,আ,output/user2/আ/আ_20260728_232556_dwfz7c.mp4,1.042813,1.128889,3,0.074053,0.001661,-0.027103
3,0,20260704_232218_jf6rio__outer03__inner00__aug01,20260704_232218_jf6rio,user2,ই,output/user2/ই/ই_20260704_232218_jf6rio.mp4,1.0435,0.897846,3,0.020724,0.033919,0.03694
3,0,20260704_232218_jf6rio__outer03__inner00__aug02,20260704_232218_jf6rio,user2,ই,output/user2/ই/ই_20260704_232218_jf6rio.mp4,0.893742,0.925178,5,0.022842,0.047025,-0.014007
3,0,20260704_232218_jf6rio__outer03__inner00__aug03,20260704_232218_jf6rio,user2,ই,output/user2/ই/ই_20260704_232218_jf6rio.mp4,1.042565,0.950687,3,0.020467,0.001516,0.040333
3,0,20260728_232810_781yo6__outer03__inner00__aug01,20260728_232810_781yo6,user2,ই,output/user2/ই/ই_20260728_232810_781yo6.mp4,1.021339,0.910437,5,0.051003,0.035273,-0.028646
3,0,20260728_232810_781yo6__outer03__inner00__aug02,20260728_232810_781yo6,user2,ই,output/user2/ই/ই_20260728_232810_781yo6.mp4,1.117168,0.85356,3,0.088559,-0.006831,-0.028265
3,0,20260728_232810_781yo6__outer03__inner00__aug03,20260728_232810_781yo6,user2,ই,output/user2/ই/ই_20260728_232810_781yo6.mp4,0.916254,1.149672,3,0.025473,-0.026991,-0.028295
3,0,20260728_232836_pvgrxn__outer03__inner00__aug01,20260728_232836_pvgrxn,user2,ই,output/user2/ই/ই_20260728_232836_pvgrxn.mp4,1.116742,1.027518,3,0.008608,0.048483,-0.047975
3,0,20260728_232836_pvgrxn__outer03__inner00__aug02,20260728_232836_pvgrxn,user2,ই,output/user2/ই/ই_20260728_232836_pvgrxn.mp4,0.966173,0.951926,5,0.052722,-0.007686,-0.00933
3,0,20260728_232836_pvgrxn__outer03__inner00__aug03,20260728_232836_pvgrxn,user2,ই,output/user2/ই/ই_20260728_232836_pvgrxn.mp4,0.939951,0.880135,3,0.021693,-0.001239,0.010919
3,0,20260728_233118_pcjncu__outer03__inner00__aug01,20260728_233118_pcjncu,user2,ই,output/user2/ই/ই_20260728_233118_pcjncu.mp4,0.860898,0.937631,3,0.007912,-0.036069,-0.032979
3,0,20260728_233118_pcjncu__outer03__inner00__aug02,20260728_233118_pcjncu,user2,ই,output/user2/ই/ই_20260728_233118_pcjncu.mp4,0.96008,0.862489,3,0.017328,-0.000567,-0.02464
3,0,20260728_233118_pcjncu__outer03__inner00__aug03,20260728_233118_pcjncu,user2,ই,output/user2/ই/ই_20260728_233118_pcjncu.mp4,0.86792,1.010835,5,0.047434,-0.002643,-0.045454
3,0,20260728_233205_n417cm__outer03__inner00__aug01,20260728_233205_n417cm,user2,ই,output/user2/ই/ই_20260728_233205_n417cm.mp4,1.107645,0.88861,5,0.031336,-0.044837,0.017247
3,0,20260728_233205_n417cm__outer03__inner00__aug02,20260728_233205_n417cm,user2,ই,output/user2/ই/ই_20260728_233205_n417cm.mp4,1.064936,0.907199,5,0.068128,0.007501,-0.009737
3,0,20260728_233205_n417cm__outer03__inner00__aug03,20260728_233205_n417cm,user2,ই,output/user2/ই/ই_20260728_233205_n417cm.mp4,1.118116,1.081371,5,0.033259,0.046805,-0.01975
3,0,20260704_232243_1fsapx__outer03__inner00__aug01,20260704_232243_1fsapx,user2,ঈ,output/user2/ঈ/ঈ_20260704_232243_1fsapx.mp4,0.937646,0.890212,5,0.093045,0.004286,-0.031692
3,0,20260704_232243_1fsapx__outer03__inner00__aug02,20260704_232243_1fsapx,user2,ঈ,output/user2/ঈ/ঈ_20260704_232243_1fsapx.mp4,0.961102,0.861993,5,0.084202,0.046011,0.021481
3,0,20260704_232243_1fsapx__outer03__inner00__aug03,20260704_232243_1fsapx,user2,ঈ,output/user2/ঈ/ঈ_20260704_232243_1fsapx.mp4,1.113265,0.93614,3,0.007045,-0.01048,0.047131
3,0,20260728_233238_q39ioy__outer03__inner00__aug01,20260728_233238_q39ioy,user2,ঈ,output/user2/ঈ/ঈ_20260728_233238_q39ioy.mp4,0.985384,1.083993,5,0.017791,0.011987,-0.020179
3,0,20260728_233238_q39ioy__outer03__inner00__aug02,20260728_233238_q39ioy,user2,ঈ,output/user2/ঈ/ঈ_20260728_233238_q39ioy.mp4,1.063465,1.132729,3,0.060832,0.032799,0.009477
3,0,20260728_233238_q39ioy__outer03__inner00__aug03,20260728_233238_q39ioy,user2,ঈ,output/user2/ঈ/ঈ_20260728_233238_q39ioy.mp4,1.07316,0.918475,3,0.01422,-0.027676,0.021719
3,0,20260728_233302_e8k0ge__outer03__inner00__aug01,20260728_233302_e8k0ge,user2,ঈ,output/user2/ঈ/ঈ_20260728_233302_e8k0ge.mp4,0.909982,1.108126,3,0.054493,-0.040729,-0.035555
3,0,20260728_233302_e8k0ge__outer03__inner00__aug02,20260728_233302_e8k0ge,user2,ঈ,output/user2/ঈ/ঈ_20260728_233302_e8k0ge.mp4,0.962927,0.982311,3,0.037373,-0.02265,0.01753
3,0,20260728_233302_e8k0ge__outer03__inner00__aug03,20260728_233302_e8k0ge,user2,ঈ,output/user2/ঈ/ঈ_20260728_233302_e8k0ge.mp4,1.100073,0.95408,5,0.008344,0.034499,0.047287
3,0,20260728_233333_nvf18a__outer03__inner00__aug01,20260728_233333_nvf18a,user2,ঈ,output/user2/ঈ/ঈ_20260728_233333_nvf18a.mp4,0.905591,0.996241,5,0.023627,-0.037567,-0.015266
3,0,20260728_233333_nvf18a__outer03__inner00__aug02,20260728_233333_nvf18a,user2,ঈ,output/user2/ঈ/ঈ_20260728_233333_nvf18a.mp4,1.110973,0.962243,3,0.091579,-0.019248,0.013527
3,0,20260728_233333_nvf18a__outer03__inner00__aug03,20260728_233333_nvf18a,user2,ঈ,output/user2/ঈ/ঈ_20260728_233333_nvf18a.mp4,0.850333,1.147827,3,0.049275,0.007154,0.018656
3,0,20260728_233359_9wg8n4__outer03__inner00__aug01,20260728_233359_9wg8n4,user2,ঈ,output/user2/ঈ/ঈ_20260728_233359_9wg8n4.mp4,1.02312,0.974458,5,0.088907,0.038199,0.015519
3,0,20260728_233359_9wg8n4__outer03__inner00__aug02,20260728_233359_9wg8n4,user2,ঈ,output/user2/ঈ/ঈ_20260728_233359_9wg8n4.mp4,0.978699,0.865367,3,0.014636,0.01057,0.002704
3,0,20260728_233359_9wg8n4__outer03__inner00__aug03,20260728_233359_9wg8n4,user2,ঈ,output/user2/ঈ/ঈ_20260728_233359_9wg8n4.mp4,1.04685,1.054639,3,0.05712,0.030451,0.048098
3,1,20260711_220930_a944cy__outer03__inner01__aug01,20260711_220930_a944cy,for_bonhi,ঔ,output/for_bonhi/ঔ/ঔ_20260711_220930_a944cy.mp4,0.883992,0.887699,5,0.016605,0.032532,0.042338
3,1,20260711_220930_a944cy__outer03__inner01__aug02,20260711_220930_a944cy,for_bonhi,ঔ,output/for_bonhi/ঔ/ঔ_20260711_220930_a944cy.mp4,1.073075,0.872293,5,0.079118,0.030882,-0.012367
3,1,20260711_220930_a944cy__outer03__inner01__aug03,20260711_220930_a944cy,for_bonhi,ঔ,output/for_bonhi/ঔ/ঔ_20260711_220930_a944cy.mp4,1.147068,0.956068,3,0.087002,0.007928,-0.029264
3,1,20260704_232121_lcxi4y__outer03__inner01__aug01,20260704_232121_lcxi4y,user2,অ,output/user2/অ/অ_20260704_232121_lcxi4y.mp4,1.025702,1.126231,5,0.050819,-0.018124,0.005918
3,1,20260704_232121_lcxi4y__outer03__inner01__aug02,20260704_232121_lcxi4y,user2,অ,output/user2/অ/অ_20260704_232121_lcxi4y.mp4,0.940516,0.924718,5,0.083496,0.008287,-0.043231
3,1,20260704_232121_lcxi4y__outer03__inner01__aug03,20260704_232121_lcxi4y,user2,অ,output/user2/অ/অ_20260704_232121_lcxi4y.mp4,0.944885,1.060982,3,0.086375,0.037645,0.036582
3,1,20260728_232630_znnts0__outer03__inner01__aug01,20260728_232630_znnts0,user2,অ,output/user2/অ/অ_20260728_232630_znnts0.mp4,1.015459,0.902315,3,0.075539,-0.013552,0.038936
3,1,20260728_232630_znnts0__outer03__inner01__aug02,20260728_232630_znnts0,user2,অ,output/user2/অ/অ_20260728_232630_znnts0.mp4,0.889422,1.024133,5,0.029885,-0.017098,0.00405
3,1,20260728_232630_znnts0__outer03__inner01__aug03,20260728_232630_znnts0,user2,অ,output/user2/অ/অ_20260728_232630_znnts0.mp4,1.134284,1.087644,3,0.023788,0.040394,0.046367
3,1,20260728_232652_hdsmyh__outer03__inner01__aug01,20260728_232652_hdsmyh,user2,অ,output/user2/অ/অ_20260728_232652_hdsmyh.mp4,1.12217,0.857047,5,0.067261,0.043381,-0.002965
3,1,20260728_232652_hdsmyh__outer03__inner01__aug02,20260728_232652_hdsmyh,user2,অ,output/user2/অ/অ_20260728_232652_hdsmyh.mp4,1.118854,0.934402,3,0.010737,-0.035205,-0.026849
3,1,20260728_232652_hdsmyh__outer03__inner01__aug03,20260728_232652_hdsmyh,user2,অ,output/user2/অ/অ_20260728_232652_hdsmyh.mp4,1.028943,0.955481,5,0.091486,0.049354,0.045786
3,1,20260728_232714_hincfq__outer03__inner01__aug01,20260728_232714_hincfq,user2,অ,output/user2/অ/অ_20260728_232714_hincfq.mp4,0.983758,1.031546,5,0.099897,0.043496,-0.046792
3,1,20260728_232714_hincfq__outer03__inner01__aug02,20260728_232714_hincfq,user2,অ,output/user2/অ/অ_20260728_232714_hincfq.mp4,1.076611,0.919719,5,0.066014,-0.025187,-0.047826
3,1,20260728_232714_hincfq__outer03__inner01__aug03,20260728_232714_hincfq,user2,অ,output/user2/অ/অ_20260728_232714_hincfq.mp4,1.091385,0.953773,3,0.005167,-0.043885,-0.002239
3,1,20260728_232741_j1gvgu__outer03__inner01__aug01,20260728_232741_j1gvgu,user2,অ,output/user2/অ/অ_20260728_232741_j1gvgu.mp4,1.142521,1.022997,5,0.093379,0.029757,-0.002864
3,1,20260728_232741_j1gvgu__outer03__inner01__aug02,20260728_232741_j1gvgu,user2,অ,output/user2/অ/অ_20260728_232741_j1gvgu.mp4,1.041193,0.867079,5,0.045695,0.001654,0.000501
3,1,20260728_232741_j1gvgu__outer03__inner01__aug03,20260728_232741_j1gvgu,user2,অ,output/user2/অ/অ_20260728_232741_j1gvgu.mp4,1.074934,1.054412,3,0.093589,-0.045772,-0.023092
3,1,20260704_232148_mqf5ea__outer03__inner01__aug01,20260704_232148_mqf5ea,user2,আ,output/user2/আ/আ_20260704_232148_mqf5ea.mp4,0.995917,0.952884,3,0.048335,-0.015874,-0.014627
3,1,20260704_232148_mqf5ea__outer03__inner01__aug02,20260704_232148_mqf5ea,user2,আ,output/user2/আ/আ_20260704_232148_mqf5ea.mp4,1.141191,1.038714,3,0.06591,-0.033164,-0.030036
3,1,20260704_232148_mqf5ea__outer03__inner01__aug03,20260704_232148_mqf5ea,user2,আ,output/user2/আ/আ_20260704_232148_mqf5ea.mp4,0.934295,1.084054,3,0.096648,0.003162,0.005068
3,1,20260728_232436_9i4gi8__outer03__inner01__aug01,20260728_232436_9i4gi8,user2,আ,output/user2/আ/আ_20260728_232436_9i4gi8.mp4,0.895958,0.903437,5,0.097566,-0.021505,0.026563
3,1,20260728_232436_9i4gi8__outer03__inner01__aug02,20260728_232436_9i4gi8,user2,আ,output/user2/আ/আ_20260728_232436_9i4gi8.mp4,0.964407,1.06105,3,0.078163,-0.031189,-0.024402
3,1,20260728_232436_9i4gi8__outer03__inner01__aug03,20260728_232436_9i4gi8,user2,আ,output/user2/আ/আ_20260728_232436_9i4gi8.mp4,0.868626,0.857127,3,0.053932,0.019009,0.038528
3,1,20260728_232459_m6l3cf__outer03__inner01__aug01,20260728_232459_m6l3cf,user2,আ,output/user2/আ/আ_20260728_232459_m6l3cf.mp4,0.935883,0.864165,3,0.08591,0.045134,0.011539
3,1,20260728_232459_m6l3cf__outer03__inner01__aug02,20260728_232459_m6l3cf,user2,আ,output/user2/আ/আ_20260728_232459_m6l3cf.mp4,1.118313,1.06531,5,0.094384,-0.036799,0.023008
3,1,20260728_232459_m6l3cf__outer03__inner01__aug03,20260728_232459_m6l3cf,user2,আ,output/user2/আ/আ_20260728_232459_m6l3cf.mp4,0.9731,1.09201,3,0.018124,0.032605,0.018964
3,1,20260728_232520_l4uaan__outer03__inner01__aug01,20260728_232520_l4uaan,user2,আ,output/user2/আ/আ_20260728_232520_l4uaan.mp4,0.895959,1.040991,3,0.047532,-0.025868,0.03532
3,1,20260728_232520_l4uaan__outer03__inner01__aug02,20260728_232520_l4uaan,user2,আ,output/user2/আ/আ_20260728_232520_l4uaan.mp4,1.050439,1.031378,5,0.057157,-0.024436,-0.035135
3,1,20260728_232520_l4uaan__outer03__inner01__aug03,20260728_232520_l4uaan,user2,আ,output/user2/আ/আ_20260728_232520_l4uaan.mp4,0.868308,0.935258,5,0.011742,0.021784,0.048617
3,1,20260728_232556_dwfz7c__outer03__inner01__aug01,20260728_232556_dwfz7c,user2,আ,output/user2/আ/আ_20260728_232556_dwfz7c.mp4,1.018327,0.971536,5,0.086123,-0.016789,0.045304
3,1,20260728_232556_dwfz7c__outer03__inner01__aug02,20260728_232556_dwfz7c,user2,আ,output/user2/আ/আ_20260728_232556_dwfz7c.mp4,0.979082,0.992129,5,0.075376,0.010034,-0.010594
3,1,20260728_232556_dwfz7c__outer03__inner01__aug03,20260728_232556_dwfz7c,user2,আ,output/user2/আ/আ_20260728_232556_dwfz7c.mp4,1.137945,0.908308,3,0.075772,-0.034233,-0.045099
3,1,20260704_232218_jf6rio__outer03__inner01__aug01,20260704_232218_jf6rio,user2,ই,output/user2/ই/ই_20260704_232218_jf6rio.mp4,1.072441,0.922656,3,0.026232,-0.008792,0.043371
3,1,20260704_232218_jf6rio__outer03__inner01__aug02,20260704_232218_jf6rio,user2,ই,output/user2/ই/ই_20260704_232218_jf6rio.mp4,0.917636,0.860774,3,0.046229,0.011353,7.5e-05
3,1,20260704_232218_jf6rio__outer03__inner01__aug03,20260704_232218_jf6rio,user2,ই,output/user2/ই/ই_20260704_232218_jf6rio.mp4,1.104241,0.912407,3,0.097792,-0.031679,0.040246
3,1,20260728_232810_781yo6__outer03__inner01__aug01,20260728_232810_781yo6,user2,ই,output/user2/ই/ই_20260728_232810_781yo6.mp4,1.079442,0.964861,5,0.064686,-0.018619,-0.016317
3,1,20260728_232810_781yo6__outer03__inner01__aug02,20260728_232810_781yo6,user2,ই,output/user2/ই/ই_20260728_232810_781yo6.mp4,1.146725,0.994384,5,0.058061,0.010895,-0.011272
3,1,20260728_232810_781yo6__outer03__inner01__aug03,20260728_232810_781yo6,user2,ই,output/user2/ই/ই_20260728_232810_781yo6.mp4,0.865326,0.854369,5,0.051622,0.04058,0.019078
3,1,20260728_232836_pvgrxn__outer03__inner01__aug01,20260728_232836_pvgrxn,user2,ই,output/user2/ই/ই_20260728_232836_pvgrxn.mp4,0.932421,1.09924,3,0.0013,0.043367,0.007743
3,1,20260728_232836_pvgrxn__outer03__inner01__aug02,20260728_232836_pvgrxn,user2,ই,output/user2/ই/ই_20260728_232836_pvgrxn.mp4,1.032332,0.908807,5,0.05515,0.007213,-0.01743
3,1,20260728_232836_pvgrxn__outer03__inner01__aug03,20260728_232836_pvgrxn,user2,ই,output/user2/ই/ই_20260728_232836_pvgrxn.mp4,0.925558,1.122763,3,0.03297,-0.048079,-0.024144
3,1,20260728_233118_pcjncu__outer03__inner01__aug01,20260728_233118_pcjncu,user2,ই,output/user2/ই/ই_20260728_233118_pcjncu.mp4,0.944791,0.973888,3,0.050179,0.048473,-0.011253
3,1,20260728_233118_pcjncu__outer03__inner01__aug02,20260728_233118_pcjncu,user2,ই,output/user2/ই/ই_20260728_233118_pcjncu.mp4,0.982649,0.954821,3,0.066882,-0.03948,-0.034666
3,1,20260728_233118_pcjncu__outer03__inner01__aug03,20260728_233118_pcjncu,user2,ই,output/user2/ই/ই_20260728_233118_pcjncu.mp4,1.124583,1.039441,3,0.077374,0.00238,-0.005004
3,1,20260728_233205_n417cm__outer03__inner01__aug01,20260728_233205_n417cm,user2,ই,output/user2/ই/ই_20260728_233205_n417cm.mp4,0.876403,0.95706,5,0.0007,-0.0249,0.047291
3,1,20260728_233205_n417cm__outer03__inner01__aug02,20260728_233205_n417cm,user2,ই,output/user2/ই/ই_20260728_233205_n417cm.mp4,0.90498,0.992483,3,0.092023,0.013304,0.00429
3,1,20260728_233205_n417cm__outer03__inner01__aug03,20260728_233205_n417cm,user2,ই,output/user2/ই/ই_20260728_233205_n417cm.mp4,1.058911,0.867462,3,0.014754,0.031247,0.020422
3,1,20260704_232243_1fsapx__outer03__inner01__aug01,20260704_232243_1fsapx,user2,ঈ,output/user2/ঈ/ঈ_20260704_232243_1fsapx.mp4,0.954137,0.914746,3,0.008526,0.037955,0.017318
3,1,20260704_232243_1fsapx__outer03__inner01__aug02,20260704_232243_1fsapx,user2,ঈ,output/user2/ঈ/ঈ_20260704_232243_1fsapx.mp4,0.913475,0.898024,3,0.038237,-0.014703,-0.026595
3,1,20260704_232243_1fsapx__outer03__inner01__aug03,20260704_232243_1fsapx,user2,ঈ,output/user2/ঈ/ঈ_20260704_232243_1fsapx.mp4,0.922479,1.140907,5,0.080802,0.012251,0.029249
3,1,20260728_233238_q39ioy__outer03__inner01__aug01,20260728_233238_q39ioy,user2,ঈ,output/user2/ঈ/ঈ_20260728_233238_q39ioy.mp4,0.975084,0.939703,3,0.087967,0.028606,-0.009323
3,1,20260728_233238_q39ioy__outer03__inner01__aug02,20260728_233238_q39ioy,user2,ঈ,output/user2/ঈ/ঈ_20260728_233238_q39ioy.mp4,1.108158,1.044724,5,0.094803,-0.015017,-0.026518
3,1,20260728_233238_q39ioy__outer03__inner01__aug03,20260728_233238_q39ioy,user2,ঈ,output/user2/ঈ/ঈ_20260728_233238_q39ioy.mp4,0.95657,0.981018,3,0.094275,0.028494,-0.007706
3,1,20260728_233302_e8k0ge__outer03__inner01__aug01,20260728_233302_e8k0ge,user2,ঈ,output/user2/ঈ/ঈ_20260728_233302_e8k0ge.mp4,1.138175,0.871345,5,0.059244,-0.039646,0.029764
3,1,20260728_233302_e8k0ge__outer03__inner01__aug02,20260728_233302_e8k0ge,user2,ঈ,output/user2/ঈ/ঈ_20260728_233302_e8k0ge.mp4,1.141442,1.062928,3,0.025639,-0.032867,0.0246
3,1,20260728_233302_e8k0ge__outer03__inner01__aug03,20260728_233302_e8k0ge,user2,ঈ,output/user2/ঈ/ঈ_20260728_233302_e8k0ge.mp4,1.042255,1.091064,5,0.038015,0.046692,0.004508
3,1,20260728_233333_nvf18a__outer03__inner01__aug01,20260728_233333_nvf18a,user2,ঈ,output/user2/ঈ/ঈ_20260728_233333_nvf18a.mp4,1.123157,1.075001,5,0.024336,-0.027414,-0.013489
3,1,20260728_233333_nvf18a__outer03__inner01__aug02,20260728_233333_nvf18a,user2,ঈ,output/user2/ঈ/ঈ_20260728_233333_nvf18a.mp4,1.129653,1.106853,3,0.086208,-0.015926,-0.034484
3,1,20260728_233333_nvf18a__outer03__inner01__aug03,20260728_233333_nvf18a,user2,ঈ,output/user2/ঈ/ঈ_20260728_233333_nvf18a.mp4,1.143987,1.123709,5,0.00705,0.029183,0.003689
3,1,20260728_233359_9wg8n4__outer03__inner01__aug01,20260728_233359_9wg8n4,user2,ঈ,output/user2/ঈ/ঈ_20260728_233359_9wg8n4.mp4,1.053507,0.99459,5,0.047959,-0.032733,-0.015603
3,1,20260728_233359_9wg8n4__outer03__inner01__aug02,20260728_233359_9wg8n4,user2,ঈ,output/user2/ঈ/ঈ_20260728_233359_9wg8n4.mp4,0.949097,0.861867,5,0.087864,-0.018006,0.04726
3,1,20260728_233359_9wg8n4__outer03__inner01__aug03,20260728_233359_9wg8n4,user2,ঈ,output/user2/ঈ/ঈ_20260728_233359_9wg8n4.mp4,0.903691,1.007139,5,0.086199,-0.005427,-0.015133
3,1,20260711_211455_ab7vb3__outer03__inner01__aug01,20260711_211455_ab7vb3,user4,অ,output/user4/অ/অ_20260711_211455_ab7vb3.mp4,0.925617,1.063121,3,0.083618,0.003197,0.011554
3,1,20260711_211455_ab7vb3__outer03__inner01__aug02,20260711_211455_ab7vb3,user4,অ,output/user4/অ/অ_20260711_211455_ab7vb3.mp4,1.037238,1.030595,5,0.053491,-0.005532,-0.004588
3,1,20260711_211455_ab7vb3__outer03__inner01__aug03,20260711_211455_ab7vb3,user4,অ,output/user4/অ/অ_20260711_211455_ab7vb3.mp4,0.95623,0.971423,3,0.055681,-0.047129,-0.042823
3,1,20260711_214733_y28o8p__outer03__inner01__aug01,20260711_214733_y28o8p,user4,অ,output/user4/অ/অ_20260711_214733_y28o8p.mp4,0.917602,1.039079,3,0.092679,-0.015867,0.037232
3,1,20260711_214733_y28o8p__outer03__inner01__aug02,20260711_214733_y28o8p,user4,অ,output/user4/অ/অ_20260711_214733_y28o8p.mp4,1.009301,1.087343,3,0.004587,0.00406,0.035144
3,1,20260711_214733_y28o8p__outer03__inner01__aug03,20260711_214733_y28o8p,user4,অ,output/user4/অ/অ_20260711_214733_y28o8p.mp4,0.866342,0.950056,5,0.0558,-0.021343,0.000643
3,1,20260711_214747_h8ad4n__outer03__inner01__aug01,20260711_214747_h8ad4n,user4,অ,output/user4/অ/অ_20260711_214747_h8ad4n.mp4,0.887123,0.928898,3,0.056635,-0.019191,-0.046285
3,1,20260711_214747_h8ad4n__outer03__inner01__aug02,20260711_214747_h8ad4n,user4,অ,output/user4/অ/অ_20260711_214747_h8ad4n.mp4,0.880503,1.026111,3,0.086561,0.015475,-0.034856
3,1,20260711_214747_h8ad4n__outer03__inner01__aug03,20260711_214747_h8ad4n,user4,অ,output/user4/অ/অ_20260711_214747_h8ad4n.mp4,0.991151,0.999664,3,0.059514,0.001261,0.017509
3,1,20260711_214802_iotb3d__outer03__inner01__aug01,20260711_214802_iotb3d,user4,অ,output/user4/অ/অ_20260711_214802_iotb3d.mp4,1.020388,0.850965,5,0.048083,0.035107,-0.033921
3,1,20260711_214802_iotb3d__outer03__inner01__aug02,20260711_214802_iotb3d,user4,অ,output/user4/অ/অ_20260711_214802_iotb3d.mp4,1.148083,1.149101,3,0.075356,0.032047,-0.047736
3,1,20260711_214802_iotb3d__outer03__inner01__aug03,20260711_214802_iotb3d,user4,অ,output/user4/অ/অ_20260711_214802_iotb3d.mp4,1.047807,0.885528,3,0.04202,0.043577,0.048295
3,1,20260711_214818_1kqyjw__outer03__inner01__aug01,20260711_214818_1kqyjw,user4,অ,output/user4/অ/অ_20260711_214818_1kqyjw.mp4,1.012829,1.091949,5,0.037773,0.042833,-0.040745
3,1,20260711_214818_1kqyjw__outer03__inner01__aug02,20260711_214818_1kqyjw,user4,অ,output/user4/অ/অ_20260711_214818_1kqyjw.mp4,0.888993,0.937023,5,0.002732,0.008237,-0.023074
3,1,20260711_214818_1kqyjw__outer03__inner01__aug03,20260711_214818_1kqyjw,user4,অ,output/user4/অ/অ_20260711_214818_1kqyjw.mp4,1.114673,0.85123,3,0.091765,-0.011736,0.041063
3,1,20260711_214838_nmfk2j__outer03__inner01__aug01,20260711_214838_nmfk2j,user4,অ,output/user4/অ/অ_20260711_214838_nmfk2j.mp4,0.872452,0.917729,5,0.010915,-0.001367,-0.015474
3,1,20260711_214838_nmfk2j__outer03__inner01__aug02,20260711_214838_nmfk2j,user4,অ,output/user4/অ/অ_20260711_214838_nmfk2j.mp4,1.149438,0.974002,5,0.080399,-0.024182,-0.034999
3,1,20260711_214838_nmfk2j__outer03__inner01__aug03,20260711_214838_nmfk2j,user4,অ,output/user4/অ/অ_20260711_214838_nmfk2j.mp4,1.071897,1.084217,3,0.058604,0.005509,-0.014665
3,1,20260711_214856_wh1jdl__outer03__inner01__aug01,20260711_214856_wh1jdl,user4,অ,output/user4/অ/অ_20260711_214856_wh1jdl.mp4,1.137773,1.101785,5,0.050942,0.030831,-0.01356
3,1,20260711_214856_wh1jdl__outer03__inner01__aug02,20260711_214856_wh1jdl,user4,অ,output/user4/অ/অ_20260711_214856_wh1jdl.mp4,1.005113,1.043645,3,0.015659,-0.030343,0.032173
3,1,20260711_214856_wh1jdl__outer03__inner01__aug03,20260711_214856_wh1jdl,user4,অ,output/user4/অ/অ_20260711_214856_wh1jdl.mp4,1.067882,1.075682,3,0.084934,-0.039447,0.015891
3,1,20260711_214912_5jyzoq__outer03__inner01__aug01,20260711_214912_5jyzoq,user4,অ,output/user4/অ/অ_20260711_214912_5jyzoq.mp4,1.031211,0.999879,5,0.042193,0.048956,0.01499
3,1,20260711_214912_5jyzoq__outer03__inner01__aug02,20260711_214912_5jyzoq,user4,অ,output/user4/অ/অ_20260711_214912_5jyzoq.mp4,0.858188,1.137921,5,0.023682,-0.038009,0.005242
3,1,20260711_214912_5jyzoq__outer03__inner01__aug03,20260711_214912_5jyzoq,user4,অ,output/user4/অ/অ_20260711_214912_5jyzoq.mp4,0.916708,1.111591,3,0.005188,-0.045018,-0.028864
3,1,20260711_215025_9ahjj1__outer03__inner01__aug01,20260711_215025_9ahjj1,user4,অ,output/user4/অ/অ_20260711_215025_9ahjj1.mp4,0.89441,1.030314,3,0.078425,0.019629,-0.002115
3,1,20260711_215025_9ahjj1__outer03__inner01__aug02,20260711_215025_9ahjj1,user4,অ,output/user4/অ/অ_20260711_215025_9ahjj1.mp4,0.918127,1.090263,3,0.035667,-0.008263,0.037988
3,1,20260711_215025_9ahjj1__outer03__inner01__aug03,20260711_215025_9ahjj1,user4,অ,output/user4/অ/অ_20260711_215025_9ahjj1.mp4,1.030542,0.874056,5,0.008051,0.047849,0.047959
3,1,20260711_215040_totmvz__outer03__inner01__aug01,20260711_215040_totmvz,user4,অ,output/user4/অ/অ_20260711_215040_totmvz.mp4,1.005893,0.871998,3,0.058253,-0.003633,0.018704
3,1,20260711_215040_totmvz__outer03__inner01__aug02,20260711_215040_totmvz,user4,অ,output/user4/অ/অ_20260711_215040_totmvz.mp4,0.93539,0.988558,5,0.036304,0.045709,0.000306
3,1,20260711_215040_totmvz__outer03__inner01__aug03,20260711_215040_totmvz,user4,অ,output/user4/অ/অ_20260711_215040_totmvz.mp4,0.917187,0.960627,5,0.069099,-0.035838,0.013281
3,1,20260711_215057_m3q3bw__outer03__inner01__aug01,20260711_215057_m3q3bw,user4,অ,output/user4/অ/অ_20260711_215057_m3q3bw.mp4,1.031366,0.968608,3,0.069971,0.030547,0.011458
3,1,20260711_215057_m3q3bw__outer03__inner01__aug02,20260711_215057_m3q3bw,user4,অ,output/user4/অ/অ_20260711_215057_m3q3bw.mp4,0.913754,1.092214,3,0.093068,0.048958,0.027095
3,1,20260711_215057_m3q3bw__outer03__inner01__aug03,20260711_215057_m3q3bw,user4,অ,output/user4/অ/অ_20260711_215057_m3q3bw.mp4,0.926214,1.14469,5,0.019795,-0.008706,0.018773
3,1,20260711_215120_wa3iw4__outer03__inner01__aug01,20260711_215120_wa3iw4,user4,অ,output/user4/অ/অ_20260711_215120_wa3iw4.mp4,0.883775,0.952073,3,0.007284,-0.007674,0.038154
3,1,20260711_215120_wa3iw4__outer03__inner01__aug02,20260711_215120_wa3iw4,user4,অ,output/user4/অ/অ_20260711_215120_wa3iw4.mp4,1.109419,1.149214,5,0.063824,-0.027425,-0.035115
3,1,20260711_215120_wa3iw4__outer03__inner01__aug03,20260711_215120_wa3iw4,user4,অ,output/user4/অ/অ_20260711_215120_wa3iw4.mp4,0.921862,1.062166,3,0.052572,0.033414,-0.014721
3,1,20260711_215140_jzmdn9__outer03__inner01__aug01,20260711_215140_jzmdn9,user4,অ,output/user4/অ/অ_20260711_215140_jzmdn9.mp4,1.063416,1.014909,5,0.076638,0.048974,0.016908
3,1,20260711_215140_jzmdn9__outer03__inner01__aug02,20260711_215140_jzmdn9,user4,অ,output/user4/অ/অ_20260711_215140_jzmdn9.mp4,1.049566,0.857979,5,0.025451,0.040216,-0.009937
3,1,20260711_215140_jzmdn9__outer03__inner01__aug03,20260711_215140_jzmdn9,user4,অ,output/user4/অ/অ_20260711_215140_jzmdn9.mp4,0.999497,1.058672,3,0.09111,0.021744,0.024848
3,1,20260711_215153_8dj6mi__outer03__inner01__aug01,20260711_215153_8dj6mi,user4,অ,output/user4/অ/অ_20260711_215153_8dj6mi.mp4,0.89958,1.114829,5,0.044316,-0.044849,-0.025339
3,1,20260711_215153_8dj6mi__outer03__inner01__aug02,20260711_215153_8dj6mi,user4,অ,output/user4/অ/অ_20260711_215153_8dj6mi.mp4,0.951871,1.104426,3,0.042848,-0.042714,-0.048912
3,1,20260711_215153_8dj6mi__outer03__inner01__aug03,20260711_215153_8dj6mi,user4,অ,output/user4/অ/অ_20260711_215153_8dj6mi.mp4,1.095597,1.135627,3,0.035654,0.028604,-0.022884
3,1,20260711_215210_14cuph__outer03__inner01__aug01,20260711_215210_14cuph,user4,অ,output/user4/অ/অ_20260711_215210_14cuph.mp4,1.110942,1.061636,5,0.030227,0.001576,0.013184
3,1,20260711_215210_14cuph__outer03__inner01__aug02,20260711_215210_14cuph,user4,অ,output/user4/অ/অ_20260711_215210_14cuph.mp4,0.885998,1.111158,5,0.076419,0.008631,0.043816
3,1,20260711_215210_14cuph__outer03__inner01__aug03,20260711_215210_14cuph,user4,অ,output/user4/অ/অ_20260711_215210_14cuph.mp4,1.0124,0.9374,3,0.083081,-0.000577,0.047887
3,1,20260711_215224_s1nefb__outer03__inner01__aug01,20260711_215224_s1nefb,user4,অ,output/user4/অ/অ_20260711_215224_s1nefb.mp4,0.925705,1.061902,5,0.002166,0.042763,0.02126
3,1,20260711_215224_s1nefb__outer03__inner01__aug02,20260711_215224_s1nefb,user4,অ,output/user4/অ/অ_20260711_215224_s1nefb.mp4,1.089161,1.056635,3,0.079933,0.020585,-0.0214
3,1,20260711_215224_s1nefb__outer03__inner01__aug03,20260711_215224_s1nefb,user4,অ,output/user4/অ/অ_20260711_215224_s1nefb.mp4,0.969232,1.141577,5,0.088136,0.004871,0.029354
3,1,20260711_211553_8q738s__outer03__inner01__aug01,20260711_211553_8q738s,user4,আ,output/user4/আ/আ_20260711_211553_8q738s.mp4,0.861065,1.126155,3,0.067089,0.024964,-0.04694
3,1,20260711_211553_8q738s__outer03__inner01__aug02,20260711_211553_8q738s,user4,আ,output/user4/আ/আ_20260711_211553_8q738s.mp4,0.974991,1.085804,5,0.032431,0.042477,0.021663
3,1,20260711_211553_8q738s__outer03__inner01__aug03,20260711_211553_8q738s,user4,আ,output/user4/আ/আ_20260711_211553_8q738s.mp4,0.935012,1.048176,3,0.019343,-0.008896,-0.018849
3,1,20260711_215326_rdw0i7__outer03__inner01__aug01,20260711_215326_rdw0i7,user4,আ,output/user4/আ/আ_20260711_215326_rdw0i7.mp4,1.136979,1.098599,3,0.029759,0.001772,0.037459
3,1,20260711_215326_rdw0i7__outer03__inner01__aug02,20260711_215326_rdw0i7,user4,আ,output/user4/আ/আ_20260711_215326_rdw0i7.mp4,1.135311,0.872708,5,0.066489,-0.015044,-0.040148
3,1,20260711_215326_rdw0i7__outer03__inner01__aug03,20260711_215326_rdw0i7,user4,আ,output/user4/আ/আ_20260711_215326_rdw0i7.mp4,1.101393,1.074398,5,0.079777,0.022144,0.013298
3,1,20260711_215355_gtir0d__outer03__inner01__aug01,20260711_215355_gtir0d,user4,আ,output/user4/আ/আ_20260711_215355_gtir0d.mp4,1.051473,0.914394,5,0.082955,0.021675,-0.04305
3,1,20260711_215355_gtir0d__outer03__inner01__aug02,20260711_215355_gtir0d,user4,আ,output/user4/আ/আ_20260711_215355_gtir0d.mp4,0.981713,1.011076,3,0.035626,0.036309,-0.013545
3,1,20260711_215355_gtir0d__outer03__inner01__aug03,20260711_215355_gtir0d,user4,আ,output/user4/আ/আ_20260711_215355_gtir0d.mp4,1.068999,1.127572,5,0.024678,0.023823,0.014516
3,1,20260711_215413_4z3pac__outer03__inner01__aug01,20260711_215413_4z3pac,user4,আ,output/user4/আ/আ_20260711_215413_4z3pac.mp4,1.093989,1.009547,3,0.030877,-0.043349,-0.040694
3,1,20260711_215413_4z3pac__outer03__inner01__aug02,20260711_215413_4z3pac,user4,আ,output/user4/আ/আ_20260711_215413_4z3pac.mp4,1.003975,0.904153,5,0.095241,-0.02932,-0.018949
3,1,20260711_215413_4z3pac__outer03__inner01__aug03,20260711_215413_4z3pac,user4,আ,output/user4/আ/আ_20260711_215413_4z3pac.mp4,1.072983,1.096601,5,0.013828,-0.012818,-0.043396
3,1,20260711_215505_noe4fp__outer03__inner01__aug01,20260711_215505_noe4fp,user4,আ,output/user4/আ/আ_20260711_215505_noe4fp.mp4,1.088503,1.029397,3,0.020928,-0.006149,0.012373
3,1,20260711_215505_noe4fp__outer03__inner01__aug02,20260711_215505_noe4fp,user4,আ,output/user4/আ/আ_20260711_215505_noe4fp.mp4,1.147331,0.969152,5,0.070581,-0.038863,0.027531
3,1,20260711_215505_noe4fp__outer03__inner01__aug03,20260711_215505_noe4fp,user4,আ,output/user4/আ/আ_20260711_215505_noe4fp.mp4,0.956338,0.928302,5,0.099613,-0.034547,0.002285
3,1,20260711_215527_oaoi6c__outer03__inner01__aug01,20260711_215527_oaoi6c,user4,আ,output/user4/আ/আ_20260711_215527_oaoi6c.mp4,1.099883,0.87058,3,0.081886,0.046458,-0.048877
3,1,20260711_215527_oaoi6c__outer03__inner01__aug02,20260711_215527_oaoi6c,user4,আ,output/user4/আ/আ_20260711_215527_oaoi6c.mp4,0.881795,1.098646,5,0.031907,0.015266,-0.010972
3,1,20260711_215527_oaoi6c__outer03__inner01__aug03,20260711_215527_oaoi6c,user4,আ,output/user4/আ/আ_20260711_215527_oaoi6c.mp4,1.138965,0.903714,5,0.069891,-0.045967,0.012196
3,1,20260711_215554_41w3p4__outer03__inner01__aug01,20260711_215554_41w3p4,user4,আ,output/user4/আ/আ_20260711_215554_41w3p4.mp4,0.969866,1.004897,3,0.095513,0.003469,-0.02088
3,1,20260711_215554_41w3p4__outer03__inner01__aug02,20260711_215554_41w3p4,user4,আ,output/user4/আ/আ_20260711_215554_41w3p4.mp4,0.988761,1.096778,5,0.099734,-0.013389,-0.006661
3,1,20260711_215554_41w3p4__outer03__inner01__aug03,20260711_215554_41w3p4,user4,আ,output/user4/আ/আ_20260711_215554_41w3p4.mp4,1.074049,0.87432,3,0.058002,-0.018815,0.037966
3,1,20260711_215623_q6sua3__outer03__inner01__aug01,20260711_215623_q6sua3,user4,আ,output/user4/আ/আ_20260711_215623_q6sua3.mp4,1.07555,0.99848,3,0.063958,0.043145,0.015028
3,1,20260711_215623_q6sua3__outer03__inner01__aug02,20260711_215623_q6sua3,user4,আ,output/user4/আ/আ_20260711_215623_q6sua3.mp4,1.126308,0.875345,3,0.025041,0.048379,0.009631
3,1,20260711_215623_q6sua3__outer03__inner01__aug03,20260711_215623_q6sua3,user4,আ,output/user4/আ/আ_20260711_215623_q6sua3.mp4,1.071045,1.056952,5,0.086998,0.004011,0.024953
3,1,20260711_215646_y25z4x__outer03__inner01__aug01,20260711_215646_y25z4x,user4,আ,output/user4/আ/আ_20260711_215646_y25z4x.mp4,0.908105,0.931974,5,0.015864,0.021711,0.044898
3,1,20260711_215646_y25z4x__outer03__inner01__aug02,20260711_215646_y25z4x,user4,আ,output/user4/আ/আ_20260711_215646_y25z4x.mp4,0.904146,0.997722,3,0.021823,-0.008736,0.045584
3,1,20260711_215646_y25z4x__outer03__inner01__aug03,20260711_215646_y25z4x,user4,আ,output/user4/আ/আ_20260711_215646_y25z4x.mp4,0.850241,0.936173,3,0.069063,0.029539,0.033166
3,1,20260711_215701_i0we24__outer03__inner01__aug01,20260711_215701_i0we24,user4,আ,output/user4/আ/আ_20260711_215701_i0we24.mp4,0.9314,1.010353,3,0.033265,0.030308,-0.024067
3,1,20260711_215701_i0we24__outer03__inner01__aug02,20260711_215701_i0we24,user4,আ,output/user4/আ/আ_20260711_215701_i0we24.mp4,0.945893,0.959593,5,0.009982,-0.036958,0.003815
3,1,20260711_215701_i0we24__outer03__inner01__aug03,20260711_215701_i0we24,user4,আ,output/user4/আ/আ_20260711_215701_i0we24.mp4,1.03794,1.130509,3,0.014164,0.034379,-0.044715
3,1,20260711_215719_fym8k2__outer03__inner01__aug01,20260711_215719_fym8k2,user4,আ,output/user4/আ/আ_20260711_215719_fym8k2.mp4,0.865138,0.908391,5,0.001943,0.037865,0.039008
3,1,20260711_215719_fym8k2__outer03__inner01__aug02,20260711_215719_fym8k2,user4,আ,output/user4/আ/আ_20260711_215719_fym8k2.mp4,0.974319,1.013556,5,0.085219,-0.004622,-0.008798
3,1,20260711_215719_fym8k2__outer03__inner01__aug03,20260711_215719_fym8k2,user4,আ,output/user4/আ/আ_20260711_215719_fym8k2.mp4,0.978938,1.113889,5,0.016197,-0.01452,-0.037172
3,1,20260711_215732_e3wli4__outer03__inner01__aug01,20260711_215732_e3wli4,user4,আ,output/user4/আ/আ_20260711_215732_e3wli4.mp4,0.93802,1.121819,3,0.041002,-0.030763,0.016272
3,1,20260711_215732_e3wli4__outer03__inner01__aug02,20260711_215732_e3wli4,user4,আ,output/user4/আ/আ_20260711_215732_e3wli4.mp4,1.107973,0.991789,3,0.073798,0.012859,0.041026
3,1,20260711_215732_e3wli4__outer03__inner01__aug03,20260711_215732_e3wli4,user4,আ,output/user4/আ/আ_20260711_215732_e3wli4.mp4,0.880535,1.012477,3,0.020441,-0.0234,0.017912
3,1,20260711_215746_pw5glc__outer03__inner01__aug01,20260711_215746_pw5glc,user4,আ,output/user4/আ/আ_20260711_215746_pw5glc.mp4,1.051643,0.875215,3,0.095638,-0.011499,0.035137
3,1,20260711_215746_pw5glc__outer03__inner01__aug02,20260711_215746_pw5glc,user4,আ,output/user4/আ/আ_20260711_215746_pw5glc.mp4,0.907493,0.891004,3,0.099258,-0.011348,0.038854
3,1,20260711_215746_pw5glc__outer03__inner01__aug03,20260711_215746_pw5glc,user4,আ,output/user4/আ/আ_20260711_215746_pw5glc.mp4,1.128427,1.131414,3,0.051236,-0.046486,0.006563
3,1,20260711_215803_gtb1nz__outer03__inner01__aug01,20260711_215803_gtb1nz,user4,আ,output/user4/আ/আ_20260711_215803_gtb1nz.mp4,0.92491,1.020049,5,0.051081,0.026686,0.04448
3,1,20260711_215803_gtb1nz__outer03__inner01__aug02,20260711_215803_gtb1nz,user4,আ,output/user4/আ/আ_20260711_215803_gtb1nz.mp4,1.014593,0.913377,5,0.087225,-0.012363,0.043668
3,1,20260711_215803_gtb1nz__outer03__inner01__aug03,20260711_215803_gtb1nz,user4,আ,output/user4/আ/আ_20260711_215803_gtb1nz.mp4,1.068781,0.86256,3,0.002773,0.0254,-0.038135
3,1,20260711_215826_09me7o__outer03__inner01__aug01,20260711_215826_09me7o,user4,আ,output/user4/আ/আ_20260711_215826_09me7o.mp4,1.008529,0.856105,3,0.022834,0.039074,-0.027676
3,1,20260711_215826_09me7o__outer03__inner01__aug02,20260711_215826_09me7o,user4,আ,output/user4/আ/আ_20260711_215826_09me7o.mp4,0.947831,1.087232,5,0.006461,0.006091,0.048833
3,1,20260711_215826_09me7o__outer03__inner01__aug03,20260711_215826_09me7o,user4,আ,output/user4/আ/আ_20260711_215826_09me7o.mp4,0.891923,0.99204,3,0.037685,0.01426,-0.032242
3,1,20260711_215850_2a6qfe__outer03__inner01__aug01,20260711_215850_2a6qfe,user4,আ,output/user4/আ/আ_20260711_215850_2a6qfe.mp4,0.853707,1.086958,3,0.037139,0.009447,0.037917
3,1,20260711_215850_2a6qfe__outer03__inner01__aug02,20260711_215850_2a6qfe,user4,আ,output/user4/আ/আ_20260711_215850_2a6qfe.mp4,0.919361,0.989584,3,0.01306,0.027585,0.009078
3,1,20260711_215850_2a6qfe__outer03__inner01__aug03,20260711_215850_2a6qfe,user4,আ,output/user4/আ/আ_20260711_215850_2a6qfe.mp4,0.850901,0.868568,3,0.077562,0.040975,-0.041727
3,1,20260711_211613_pni7yl__outer03__inner01__aug01,20260711_211613_pni7yl,user4,ই,output/user4/ই/ই_20260711_211613_pni7yl.mp4,0.873731,0.97284,5,0.026131,0.033328,0.013429
3,1,20260711_211613_pni7yl__outer03__inner01__aug02,20260711_211613_pni7yl,user4,ই,output/user4/ই/ই_20260711_211613_pni7yl.mp4,0.983567,1.02281,5,0.06485,0.000591,0.027995
3,1,20260711_211613_pni7yl__outer03__inner01__aug03,20260711_211613_pni7yl,user4,ই,output/user4/ই/ই_20260711_211613_pni7yl.mp4,0.996404,0.892571,5,0.0033,-0.021469,0.043864
3,1,20260711_211631_omhqof__outer03__inner01__aug01,20260711_211631_omhqof,user4,ই,output/user4/ই/ই_20260711_211631_omhqof.mp4,1.100968,0.938403,5,0.067926,-0.034368,-0.017742
3,1,20260711_211631_omhqof__outer03__inner01__aug02,20260711_211631_omhqof,user4,ই,output/user4/ই/ই_20260711_211631_omhqof.mp4,1.000344,0.893248,5,0.027162,-0.015955,-0.04286
3,1,20260711_211631_omhqof__outer03__inner01__aug03,20260711_211631_omhqof,user4,ই,output/user4/ই/ই_20260711_211631_omhqof.mp4,0.945997,1.112295,5,0.084403,0.041185,-0.04163
3,1,20260711_215916_5xq3ym__outer03__inner01__aug01,20260711_215916_5xq3ym,user4,ই,output/user4/ই/ই_20260711_215916_5xq3ym.mp4,1.013935,0.964541,5,0.062146,0.035986,0.04706
3,1,20260711_215916_5xq3ym__outer03__inner01__aug02,20260711_215916_5xq3ym,user4,ই,output/user4/ই/ই_20260711_215916_5xq3ym.mp4,1.098934,1.133858,5,0.031699,-0.010578,-0.044364
3,1,20260711_215916_5xq3ym__outer03__inner01__aug03,20260711_215916_5xq3ym,user4,ই,output/user4/ই/ই_20260711_215916_5xq3ym.mp4,0.924236,0.860256,3,0.040552,-0.01687,-0.02439
3,1,20260711_215928_ckxbi5__outer03__inner01__aug01,20260711_215928_ckxbi5,user4,ই,output/user4/ই/ই_20260711_215928_ckxbi5.mp4,0.885811,1.014168,5,0.074054,-0.043371,0.039559
3,1,20260711_215928_ckxbi5__outer03__inner01__aug02,20260711_215928_ckxbi5,user4,ই,output/user4/ই/ই_20260711_215928_ckxbi5.mp4,1.091746,1.111437,5,0.072045,0.03854,-0.004987
3,1,20260711_215928_ckxbi5__outer03__inner01__aug03,20260711_215928_ckxbi5,user4,ই,output/user4/ই/ই_20260711_215928_ckxbi5.mp4,0.872259,1.03385,5,0.083569,-0.044136,0.045058
3,1,20260711_215945_ovgs11__outer03__inner01__aug01,20260711_215945_ovgs11,user4,ই,output/user4/ই/ই_20260711_215945_ovgs11.mp4,1.128795,0.883305,5,0.071532,-0.031133,-0.026251
3,1,20260711_215945_ovgs11__outer03__inner01__aug02,20260711_215945_ovgs11,user4,ই,output/user4/ই/ই_20260711_215945_ovgs11.mp4,1.119328,0.959121,3,0.095161,0.01495,0.032003
3,1,20260711_215945_ovgs11__outer03__inner01__aug03,20260711_215945_ovgs11,user4,ই,output/user4/ই/ই_20260711_215945_ovgs11.mp4,0.929703,1.110941,3,0.068678,-0.042464,-0.027763
3,1,20260711_215959_axw0jl__outer03__inner01__aug01,20260711_215959_axw0jl,user4,ই,output/user4/ই/ই_20260711_215959_axw0jl.mp4,0.957528,1.059073,5,0.010933,-0.007523,-0.002358
3,1,20260711_215959_axw0jl__outer03__inner01__aug02,20260711_215959_axw0jl,user4,ই,output/user4/ই/ই_20260711_215959_axw0jl.mp4,1.034213,1.074544,5,0.032528,0.004217,-0.013524
3,1,20260711_215959_axw0jl__outer03__inner01__aug03,20260711_215959_axw0jl,user4,ই,output/user4/ই/ই_20260711_215959_axw0jl.mp4,0.866119,1.064014,3,0.038211,0.01378,-0.018213
3,1,20260711_220013_x16qxh__outer03__inner01__aug01,20260711_220013_x16qxh,user4,ই,output/user4/ই/ই_20260711_220013_x16qxh.mp4,1.050822,1.1134,5,0.061256,-0.042579,0.036563
3,1,20260711_220013_x16qxh__outer03__inner01__aug02,20260711_220013_x16qxh,user4,ই,output/user4/ই/ই_20260711_220013_x16qxh.mp4,0.994861,1.065754,5,0.037883,-0.021415,0.020895
3,1,20260711_220013_x16qxh__outer03__inner01__aug03,20260711_220013_x16qxh,user4,ই,output/user4/ই/ই_20260711_220013_x16qxh.mp4,0.905743,1.077936,5,0.006141,-0.017579,0.027636
3,1,20260711_220027_1j40u6__outer03__inner01__aug01,20260711_220027_1j40u6,user4,ই,output/user4/ই/ই_20260711_220027_1j40u6.mp4,1.141221,0.973884,3,0.056683,-0.014132,0.03532
3,1,20260711_220027_1j40u6__outer03__inner01__aug02,20260711_220027_1j40u6,user4,ই,output/user4/ই/ই_20260711_220027_1j40u6.mp4,0.952948,0.858925,3,0.056959,0.02668,0.012128
3,1,20260711_220027_1j40u6__outer03__inner01__aug03,20260711_220027_1j40u6,user4,ই,output/user4/ই/ই_20260711_220027_1j40u6.mp4,0.930936,0.888441,3,0.010346,-0.030706,0.02967
3,1,20260711_220043_yyhe4o__outer03__inner01__aug01,20260711_220043_yyhe4o,user4,ই,output/user4/ই/ই_20260711_220043_yyhe4o.mp4,1.073185,0.913033,3,0.088676,0.022089,0.010641
3,1,20260711_220043_yyhe4o__outer03__inner01__aug02,20260711_220043_yyhe4o,user4,ই,output/user4/ই/ই_20260711_220043_yyhe4o.mp4,1.058082,0.897994,5,0.094149,-0.016042,-0.019436
3,1,20260711_220043_yyhe4o__outer03__inner01__aug03,20260711_220043_yyhe4o,user4,ই,output/user4/ই/ই_20260711_220043_yyhe4o.mp4,1.089159,1.082078,5,0.027666,-0.028947,-0.012864
3,1,20260711_220058_6cy90j__outer03__inner01__aug01,20260711_220058_6cy90j,user4,ই,output/user4/ই/ই_20260711_220058_6cy90j.mp4,0.865839,1.051958,3,0.011691,0.008282,-0.046108
3,1,20260711_220058_6cy90j__outer03__inner01__aug02,20260711_220058_6cy90j,user4,ই,output/user4/ই/ই_20260711_220058_6cy90j.mp4,0.884478,1.036876,5,0.089291,0.009278,0.005412
3,1,20260711_220058_6cy90j__outer03__inner01__aug03,20260711_220058_6cy90j,user4,ই,output/user4/ই/ই_20260711_220058_6cy90j.mp4,1.0804,0.925995,3,0.024061,-0.038839,0.018941
3,1,20260711_220112_94lc88__outer03__inner01__aug01,20260711_220112_94lc88,user4,ই,output/user4/ই/ই_20260711_220112_94lc88.mp4,1.003206,1.12927,5,0.005029,0.001619,-0.045246
3,1,20260711_220112_94lc88__outer03__inner01__aug02,20260711_220112_94lc88,user4,ই,output/user4/ই/ই_20260711_220112_94lc88.mp4,1.064778,0.919792,5,0.073439,-0.040637,0.013383
3,1,20260711_220112_94lc88__outer03__inner01__aug03,20260711_220112_94lc88,user4,ই,output/user4/ই/ই_20260711_220112_94lc88.mp4,1.039729,0.88395,5,0.089327,-0.034024,0.019531
3,1,20260711_220132_3b6d70__outer03__inner01__aug01,20260711_220132_3b6d70,user4,ই,output/user4/ই/ই_20260711_220132_3b6d70.mp4,0.917985,1.003155,3,0.095213,-0.008183,-0.021299
3,1,20260711_220132_3b6d70__outer03__inner01__aug02,20260711_220132_3b6d70,user4,ই,output/user4/ই/ই_20260711_220132_3b6d70.mp4,0.855384,0.999912,3,0.007931,-0.044047,0.031172
3,1,20260711_220132_3b6d70__outer03__inner01__aug03,20260711_220132_3b6d70,user4,ই,output/user4/ই/ই_20260711_220132_3b6d70.mp4,1.136932,1.050691,3,0.080619,0.022844,-0.027516
3,1,20260711_220151_kjuuzh__outer03__inner01__aug01,20260711_220151_kjuuzh,user4,ই,output/user4/ই/ই_20260711_220151_kjuuzh.mp4,0.898436,0.92316,5,0.007682,-0.04739,0.000523
3,1,20260711_220151_kjuuzh__outer03__inner01__aug02,20260711_220151_kjuuzh,user4,ই,output/user4/ই/ই_20260711_220151_kjuuzh.mp4,1.102362,0.987086,5,0.010442,0.035218,0.026389
3,1,20260711_220151_kjuuzh__outer03__inner01__aug03,20260711_220151_kjuuzh,user4,ই,output/user4/ই/ই_20260711_220151_kjuuzh.mp4,0.894328,0.915558,5,0.023524,-0.023812,0.003031
3,1,20260711_220205_cr3boy__outer03__inner01__aug01,20260711_220205_cr3boy,user4,ই,output/user4/ই/ই_20260711_220205_cr3boy.mp4,1.084608,1.000363,3,0.002324,-0.046275,-0.022961
3,1,20260711_220205_cr3boy__outer03__inner01__aug02,20260711_220205_cr3boy,user4,ই,output/user4/ই/ই_20260711_220205_cr3boy.mp4,0.888235,0.984374,5,0.047669,0.041749,0.033762
3,1,20260711_220205_cr3boy__outer03__inner01__aug03,20260711_220205_cr3boy,user4,ই,output/user4/ই/ই_20260711_220205_cr3boy.mp4,1.144535,1.068036,5,0.08168,-0.021313,-0.011417
3,1,20260711_220217_85rgxu__outer03__inner01__aug01,20260711_220217_85rgxu,user4,ই,output/user4/ই/ই_20260711_220217_85rgxu.mp4,0.998581,1.062336,3,0.073654,-0.028091,0.044963
3,1,20260711_220217_85rgxu__outer03__inner01__aug02,20260711_220217_85rgxu,user4,ই,output/user4/ই/ই_20260711_220217_85rgxu.mp4,0.918087,0.977531,3,0.021612,0.003977,0.013427
3,1,20260711_220217_85rgxu__outer03__inner01__aug03,20260711_220217_85rgxu,user4,ই,output/user4/ই/ই_20260711_220217_85rgxu.mp4,0.981378,1.138476,3,0.076906,-0.033439,0.011902
3,1,20260711_220235_4uai7u__outer03__inner01__aug01,20260711_220235_4uai7u,user4,ই,output/user4/ই/ই_20260711_220235_4uai7u.mp4,1.104062,0.997486,3,0.00499,0.038803,-0.002922
3,1,20260711_220235_4uai7u__outer03__inner01__aug02,20260711_220235_4uai7u,user4,ই,output/user4/ই/ই_20260711_220235_4uai7u.mp4,0.893715,0.998078,3,0.017125,0.006568,-0.039224
3,1,20260711_220235_4uai7u__outer03__inner01__aug03,20260711_220235_4uai7u,user4,ই,output/user4/ই/ই_20260711_220235_4uai7u.mp4,0.866742,1.073182,5,0.076394,0.010746,-0.006909
3,1,20260711_220308_e7l7wm__outer03__inner01__aug01,20260711_220308_e7l7wm,user4,ই,output/user4/ই/ই_20260711_220308_e7l7wm.mp4,0.962483,1.010559,5,0.08524,-0.031443,0.003146
3,1,20260711_220308_e7l7wm__outer03__inner01__aug02,20260711_220308_e7l7wm,user4,ই,output/user4/ই/ই_20260711_220308_e7l7wm.mp4,1.139718,1.081221,3,0.056658,0.021625,-0.038353
3,1,20260711_220308_e7l7wm__outer03__inner01__aug03,20260711_220308_e7l7wm,user4,ই,output/user4/ই/ই_20260711_220308_e7l7wm.mp4,0.988667,1.108564,5,0.008528,-0.040043,0.018952
3,1,20260711_220404_itceug__outer03__inner01__aug01,20260711_220404_itceug,user4,ঈ,output/user4/ঈ/ঈ_20260711_220404_itceug.mp4,0.894822,0.878108,3,0.012244,-0.039127,-0.041017
3,1,20260711_220404_itceug__outer03__inner01__aug02,20260711_220404_itceug,user4,ঈ,output/user4/ঈ/ঈ_20260711_220404_itceug.mp4,1.102487,1.066353,3,0.07961,0.035212,0.016228
3,1,20260711_220404_itceug__outer03__inner01__aug03,20260711_220404_itceug,user4,ঈ,output/user4/ঈ/ঈ_20260711_220404_itceug.mp4,0.935311,1.038566,3,0.027581,-0.017753,0.000602
3,1,20260711_220444_r35mfs__outer03__inner01__aug01,20260711_220444_r35mfs,user4,ঈ,output/user4/ঈ/ঈ_20260711_220444_r35mfs.mp4,1.070404,0.933782,3,0.09897,-0.009627,0.001482
3,1,20260711_220444_r35mfs__outer03__inner01__aug02,20260711_220444_r35mfs,user4,ঈ,output/user4/ঈ/ঈ_20260711_220444_r35mfs.mp4,0.888433,0.932654,3,0.085626,-0.040528,0.037146
3,1,20260711_220444_r35mfs__outer03__inner01__aug03,20260711_220444_r35mfs,user4,ঈ,output/user4/ঈ/ঈ_20260711_220444_r35mfs.mp4,1.094327,1.145353,3,0.076605,0.027157,0.036521
3,1,20260711_220519_ila5ji__outer03__inner01__aug01,20260711_220519_ila5ji,user4,ঈ,output/user4/ঈ/ঈ_20260711_220519_ila5ji.mp4,0.943232,1.076131,5,0.033018,-0.039222,0.040071
3,1,20260711_220519_ila5ji__outer03__inner01__aug02,20260711_220519_ila5ji,user4,ঈ,output/user4/ঈ/ঈ_20260711_220519_ila5ji.mp4,0.969444,1.032235,3,0.007038,0.030185,0.038331
3,1,20260711_220519_ila5ji__outer03__inner01__aug03,20260711_220519_ila5ji,user4,ঈ,output/user4/ঈ/ঈ_20260711_220519_ila5ji.mp4,0.911765,0.96698,3,0.058776,-0.008855,0.017311
3,1,20260711_220543_7o5bd0__outer03__inner01__aug01,20260711_220543_7o5bd0,user4,ঈ,output/user4/ঈ/ঈ_20260711_220543_7o5bd0.mp4,1.014103,1.12071,3,0.017014,0.009425,0.014237
3,1,20260711_220543_7o5bd0__outer03__inner01__aug02,20260711_220543_7o5bd0,user4,ঈ,output/user4/ঈ/ঈ_20260711_220543_7o5bd0.mp4,0.940181,0.936915,5,0.012735,0.037188,-0.016502
3,1,20260711_220543_7o5bd0__outer03__inner01__aug03,20260711_220543_7o5bd0,user4,ঈ,output/user4/ঈ/ঈ_20260711_220543_7o5bd0.mp4,0.88493,0.916698,5,0.095664,0.01214,0.044375
3,1,20260711_220606_essesa__outer03__inner01__aug01,20260711_220606_essesa,user4,ঈ,output/user4/ঈ/ঈ_20260711_220606_essesa.mp4,0.991923,1.074672,3,0.055014,-0.021044,-0.019291
3,1,20260711_220606_essesa__outer03__inner01__aug02,20260711_220606_essesa,user4,ঈ,output/user4/ঈ/ঈ_20260711_220606_essesa.mp4,0.895642,1.029929,3,0.004787,-0.017263,-0.045132
3,1,20260711_220606_essesa__outer03__inner01__aug03,20260711_220606_essesa,user4,ঈ,output/user4/ঈ/ঈ_20260711_220606_essesa.mp4,1.129746,1.050903,3,0.085403,-0.044254,0.01902
3,1,20260711_220641_ufswp1__outer03__inner01__aug01,20260711_220641_ufswp1,user4,ঈ,output/user4/ঈ/ঈ_20260711_220641_ufswp1.mp4,0.984388,0.998834,5,0.076234,-0.000895,0.037736
3,1,20260711_220641_ufswp1__outer03__inner01__aug02,20260711_220641_ufswp1,user4,ঈ,output/user4/ঈ/ঈ_20260711_220641_ufswp1.mp4,0.957954,0.921876,5,0.033023,-0.036932,0.008137
3,1,20260711_220641_ufswp1__outer03__inner01__aug03,20260711_220641_ufswp1,user4,ঈ,output/user4/ঈ/ঈ_20260711_220641_ufswp1.mp4,0.939794,1.041334,3,0.051142,-0.042676,-0.031484
3,1,20260711_220701_y1rftt__outer03__inner01__aug01,20260711_220701_y1rftt,user4,ঈ,output/user4/ঈ/ঈ_20260711_220701_y1rftt.mp4,0.920208,0.876624,3,0.083815,-0.034227,-0.048804
3,1,20260711_220701_y1rftt__outer03__inner01__aug02,20260711_220701_y1rftt,user4,ঈ,output/user4/ঈ/ঈ_20260711_220701_y1rftt.mp4,0.852642,1.072646,3,0.028441,-0.044001,-0.044075
3,1,20260711_220701_y1rftt__outer03__inner01__aug03,20260711_220701_y1rftt,user4,ঈ,output/user4/ঈ/ঈ_20260711_220701_y1rftt.mp4,1.063566,1.116407,5,0.09162,-0.009277,0.04172
3,1,20260711_220721_h9k2mi__outer03__inner01__aug01,20260711_220721_h9k2mi,user4,ঈ,output/user4/ঈ/ঈ_20260711_220721_h9k2mi.mp4,1.066568,0.927276,3,0.056073,0.035211,0.020555
3,1,20260711_220721_h9k2mi__outer03__inner01__aug02,20260711_220721_h9k2mi,user4,ঈ,output/user4/ঈ/ঈ_20260711_220721_h9k2mi.mp4,0.898259,1.041146,3,0.031156,-0.038652,-0.031285
3,1,20260711_220721_h9k2mi__outer03__inner01__aug03,20260711_220721_h9k2mi,user4,ঈ,output/user4/ঈ/ঈ_20260711_220721_h9k2mi.mp4,0.937371,0.867933,3,0.0733,-0.007104,0.031679
3,1,20260711_220738_j2qzn6__outer03__inner01__aug01,20260711_220738_j2qzn6,user4,ঈ,output/user4/ঈ/ঈ_20260711_220738_j2qzn6.mp4,1.023601,1.120867,3,0.049444,0.016831,-0.010552
3,1,20260711_220738_j2qzn6__outer03__inner01__aug02,20260711_220738_j2qzn6,user4,ঈ,output/user4/ঈ/ঈ_20260711_220738_j2qzn6.mp4,1.112478,1.062183,5,0.01867,0.032686,-0.047163
3,1,20260711_220738_j2qzn6__outer03__inner01__aug03,20260711_220738_j2qzn6,user4,ঈ,output/user4/ঈ/ঈ_20260711_220738_j2qzn6.mp4,0.927925,1.070892,5,0.070037,-0.017027,-0.020486
3,1,20260711_220751_axw80l__outer03__inner01__aug01,20260711_220751_axw80l,user4,ঈ,output/user4/ঈ/ঈ_20260711_220751_axw80l.mp4,0.874676,1.068264,5,0.054851,-0.019514,-0.042239
3,1,20260711_220751_axw80l__outer03__inner01__aug02,20260711_220751_axw80l,user4,ঈ,output/user4/ঈ/ঈ_20260711_220751_axw80l.mp4,0.985143,0.877963,5,0.075238,-0.040809,0.01955
3,1,20260711_220751_axw80l__outer03__inner01__aug03,20260711_220751_axw80l,user4,ঈ,output/user4/ঈ/ঈ_20260711_220751_axw80l.mp4,0.947331,1.031919,3,0.015193,-0.015337,-0.044632
3,1,20260711_220807_mldxj2__outer03__inner01__aug01,20260711_220807_mldxj2,user4,ঈ,output/user4/ঈ/ঈ_20260711_220807_mldxj2.mp4,1.087001,1.132593,5,0.048987,-0.011389,0.001276
3,1,20260711_220807_mldxj2__outer03__inner01__aug02,20260711_220807_mldxj2,user4,ঈ,output/user4/ঈ/ঈ_20260711_220807_mldxj2.mp4,0.871503,0.893811,5,0.019403,0.008178,0.012185
3,1,20260711_220807_mldxj2__outer03__inner01__aug03,20260711_220807_mldxj2,user4,ঈ,output/user4/ঈ/ঈ_20260711_220807_mldxj2.mp4,1.090941,0.951226,3,0.010715,0.019763,0.002745
3,1,20260711_220822_wgaxvc__outer03__inner01__aug01,20260711_220822_wgaxvc,user4,ঈ,output/user4/ঈ/ঈ_20260711_220822_wgaxvc.mp4,0.942308,1.114844,5,0.05388,-0.015775,-0.029082
3,1,20260711_220822_wgaxvc__outer03__inner01__aug02,20260711_220822_wgaxvc,user4,ঈ,output/user4/ঈ/ঈ_20260711_220822_wgaxvc.mp4,0.982503,0.934876,5,0.02431,0.046274,0.003323
3,1,20260711_220822_wgaxvc__outer03__inner01__aug03,20260711_220822_wgaxvc,user4,ঈ,output/user4/ঈ/ঈ_20260711_220822_wgaxvc.mp4,0.911087,0.865129,5,0.016843,-0.002784,-0.016831
3,1,20260711_220837_dby4gx__outer03__inner01__aug01,20260711_220837_dby4gx,user4,ঈ,output/user4/ঈ/ঈ_20260711_220837_dby4gx.mp4,0.983224,1.134279,5,0.044468,-0.046211,0.030572
3,1,20260711_220837_dby4gx__outer03__inner01__aug02,20260711_220837_dby4gx,user4,ঈ,output/user4/ঈ/ঈ_20260711_220837_dby4gx.mp4,1.006,1.030266,5,0.049022,0.017518,0.033032
3,1,20260711_220837_dby4gx__outer03__inner01__aug03,20260711_220837_dby4gx,user4,ঈ,output/user4/ঈ/ঈ_20260711_220837_dby4gx.mp4,0.98439,0.935004,5,0.041513,-0.045877,-0.025602
3,1,20260711_220850_xo5kch__outer03__inner01__aug01,20260711_220850_xo5kch,user4,ঈ,output/user4/ঈ/ঈ_20260711_220850_xo5kch.mp4,1.10241,1.074217,5,0.002807,0.034066,-0.038614
3,1,20260711_220850_xo5kch__outer03__inner01__aug02,20260711_220850_xo5kch,user4,ঈ,output/user4/ঈ/ঈ_20260711_220850_xo5kch.mp4,0.998615,0.914679,3,0.086602,-0.00307,0.011694
3,1,20260711_220850_xo5kch__outer03__inner01__aug03,20260711_220850_xo5kch,user4,ঈ,output/user4/ঈ/ঈ_20260711_220850_xo5kch.mp4,1.020545,1.011802,5,0.011592,-0.029316,-0.006837
3,1,20260711_220906_ehc737__outer03__inner01__aug01,20260711_220906_ehc737,user4,ঈ,output/user4/ঈ/ঈ_20260711_220906_ehc737.mp4,1.018527,0.953423,3,0.002638,0.020978,-0.024471
3,1,20260711_220906_ehc737__outer03__inner01__aug02,20260711_220906_ehc737,user4,ঈ,output/user4/ঈ/ঈ_20260711_220906_ehc737.mp4,1.047241,0.975564,3,0.021644,0.045029,-0.038691
3,1,20260711_220906_ehc737__outer03__inner01__aug03,20260711_220906_ehc737,user4,ঈ,output/user4/ঈ/ঈ_20260711_220906_ehc737.mp4,1.075572,0.963037,3,0.080507,-0.003924,0.020929
3,2,20260703_231939_jmltkn__outer03__inner02__aug01,20260703_231939_jmltkn,user1,অ,output/user1/অ/অ_20260703_231939_jmltkn.mp4,1.115701,1.019187,5,0.045298,-0.021801,0.011735
3,2,20260703_231939_jmltkn__outer03__inner02__aug02,20260703_231939_jmltkn,user1,অ,output/user1/অ/অ_20260703_231939_jmltkn.mp4,1.101482,0.86088,3,0.049326,0.045843,-0.028177
3,2,20260703_231939_jmltkn__outer03__inner02__aug03,20260703_231939_jmltkn,user1,অ,output/user1/অ/অ_20260703_231939_jmltkn.mp4,1.116337,0.982071,5,0.053566,0.040005,0.00926
3,2,20260704_230134_0i7e7o__outer03__inner02__aug01,20260704_230134_0i7e7o,user1,অ,output/user1/অ/অ_20260704_230134_0i7e7o.mp4,1.130381,0.897013,3,0.030319,0.028191,0.018336
3,2,20260704_230134_0i7e7o__outer03__inner02__aug02,20260704_230134_0i7e7o,user1,অ,output/user1/অ/অ_20260704_230134_0i7e7o.mp4,0.903228,0.934093,5,0.013838,-0.03908,-0.004745
3,2,20260704_230134_0i7e7o__outer03__inner02__aug03,20260704_230134_0i7e7o,user1,অ,output/user1/অ/অ_20260704_230134_0i7e7o.mp4,0.927981,1.046238,3,0.084548,0.039018,-0.043626
3,2,20260704_230207_s0bru0__outer03__inner02__aug01,20260704_230207_s0bru0,user1,অ,output/user1/অ/অ_20260704_230207_s0bru0.mp4,0.975345,0.897325,5,0.058066,-0.015051,0.036397
3,2,20260704_230207_s0bru0__outer03__inner02__aug02,20260704_230207_s0bru0,user1,অ,output/user1/অ/অ_20260704_230207_s0bru0.mp4,1.077998,0.858473,3,0.065383,-0.045213,0.046795
3,2,20260704_230207_s0bru0__outer03__inner02__aug03,20260704_230207_s0bru0,user1,অ,output/user1/অ/অ_20260704_230207_s0bru0.mp4,0.905482,0.935345,5,0.046676,-0.022835,0.026668
3,2,20260704_230243_20ggrl__outer03__inner02__aug01,20260704_230243_20ggrl,user1,অ,output/user1/অ/অ_20260704_230243_20ggrl.mp4,1.017963,0.90949,3,0.0638,-0.042997,0.00518
3,2,20260704_230243_20ggrl__outer03__inner02__aug02,20260704_230243_20ggrl,user1,অ,output/user1/অ/অ_20260704_230243_20ggrl.mp4,1.047986,0.947929,5,0.009449,-0.028345,-0.022339
3,2,20260704_230243_20ggrl__outer03__inner02__aug03,20260704_230243_20ggrl,user1,অ,output/user1/অ/অ_20260704_230243_20ggrl.mp4,0.974845,0.861699,5,0.021007,-0.028716,0.007898
3,2,20260704_230314_biogka__outer03__inner02__aug01,20260704_230314_biogka,user1,অ,output/user1/অ/অ_20260704_230314_biogka.mp4,1.005164,0.900332,3,0.089725,-0.024639,0.030966
3,2,20260704_230314_biogka__outer03__inner02__aug02,20260704_230314_biogka,user1,অ,output/user1/অ/অ_20260704_230314_biogka.mp4,0.971778,0.981785,5,0.046832,-0.027496,-0.023937
3,2,20260704_230314_biogka__outer03__inner02__aug03,20260704_230314_biogka,user1,অ,output/user1/অ/অ_20260704_230314_biogka.mp4,1.032865,1.115367,5,0.067446,-0.049619,-0.031655
3,2,20260704_230343_z76un4__outer03__inner02__aug01,20260704_230343_z76un4,user1,অ,output/user1/অ/অ_20260704_230343_z76un4.mp4,0.959264,0.966032,3,0.007249,0.034096,-0.015019
3,2,20260704_230343_z76un4__outer03__inner02__aug02,20260704_230343_z76un4,user1,অ,output/user1/অ/অ_20260704_230343_z76un4.mp4,1.114802,0.879462,5,0.042837,0.00923,-0.017667
3,2,20260704_230343_z76un4__outer03__inner02__aug03,20260704_230343_z76un4,user1,অ,output/user1/অ/অ_20260704_230343_z76un4.mp4,1.141037,0.978475,5,0.09818,-0.017758,-0.039398
3,2,20260704_230438_1by20a__outer03__inner02__aug01,20260704_230438_1by20a,user1,অ,output/user1/অ/অ_20260704_230438_1by20a.mp4,0.990503,0.987236,5,0.009441,-0.015366,0.022967
3,2,20260704_230438_1by20a__outer03__inner02__aug02,20260704_230438_1by20a,user1,অ,output/user1/অ/অ_20260704_230438_1by20a.mp4,0.905374,1.049353,3,0.042306,-0.002543,-0.041088
3,2,20260704_230438_1by20a__outer03__inner02__aug03,20260704_230438_1by20a,user1,অ,output/user1/অ/অ_20260704_230438_1by20a.mp4,0.996364,0.927313,3,0.061736,0.006829,-0.037978
3,2,20260704_230508_zz8agk__outer03__inner02__aug01,20260704_230508_zz8agk,user1,অ,output/user1/অ/অ_20260704_230508_zz8agk.mp4,1.065567,1.077488,5,0.093645,-0.027835,-0.00956
3,2,20260704_230508_zz8agk__outer03__inner02__aug02,20260704_230508_zz8agk,user1,অ,output/user1/অ/অ_20260704_230508_zz8agk.mp4,0.880594,0.950694,3,0.011198,-0.03028,0.027257
3,2,20260704_230508_zz8agk__outer03__inner02__aug03,20260704_230508_zz8agk,user1,অ,output/user1/অ/অ_20260704_230508_zz8agk.mp4,1.07106,1.037253,5,0.082531,0.029383,-0.014576
3,2,20260704_230530_8783vw__outer03__inner02__aug01,20260704_230530_8783vw,user1,অ,output/user1/অ/অ_20260704_230530_8783vw.mp4,0.963235,1.143085,3,0.078818,0.038422,0.0458
3,2,20260704_230530_8783vw__outer03__inner02__aug02,20260704_230530_8783vw,user1,অ,output/user1/অ/অ_20260704_230530_8783vw.mp4,1.096325,1.007478,3,0.034959,0.039499,0.020286
3,2,20260704_230530_8783vw__outer03__inner02__aug03,20260704_230530_8783vw,user1,অ,output/user1/অ/অ_20260704_230530_8783vw.mp4,1.120167,1.026668,3,0.009692,0.004833,0.029782
3,2,20260704_230601_9fuwl5__outer03__inner02__aug01,20260704_230601_9fuwl5,user1,অ,output/user1/অ/অ_20260704_230601_9fuwl5.mp4,0.880571,0.890452,5,0.017176,-0.030561,-0.027512
3,2,20260704_230601_9fuwl5__outer03__inner02__aug02,20260704_230601_9fuwl5,user1,অ,output/user1/অ/অ_20260704_230601_9fuwl5.mp4,0.966493,0.895639,5,0.020757,-0.028409,0.003172
3,2,20260704_230601_9fuwl5__outer03__inner02__aug03,20260704_230601_9fuwl5,user1,অ,output/user1/অ/অ_20260704_230601_9fuwl5.mp4,1.107608,0.868118,3,0.091487,0.022193,-0.029145
3,2,20260704_230631_iep9zz__outer03__inner02__aug01,20260704_230631_iep9zz,user1,অ,output/user1/অ/অ_20260704_230631_iep9zz.mp4,0.854506,1.128192,3,0.003323,-0.011887,-0.038374
3,2,20260704_230631_iep9zz__outer03__inner02__aug02,20260704_230631_iep9zz,user1,অ,output/user1/অ/অ_20260704_230631_iep9zz.mp4,1.104643,0.959357,3,0.074697,0.01784,-0.038989
3,2,20260704_230631_iep9zz__outer03__inner02__aug03,20260704_230631_iep9zz,user1,অ,output/user1/অ/অ_20260704_230631_iep9zz.mp4,0.885227,0.895298,5,0.008418,-0.041638,-0.025031
3,2,20260709_222041_giojuy__outer03__inner02__aug01,20260709_222041_giojuy,user1,অ,output/user1/অ/অ_20260709_222041_giojuy.mp4,1.03324,1.116246,5,0.071974,0.007708,-0.03277
3,2,20260709_222041_giojuy__outer03__inner02__aug02,20260709_222041_giojuy,user1,অ,output/user1/অ/অ_20260709_222041_giojuy.mp4,1.01063,1.032674,3,0.064898,0.042413,-0.012961
3,2,20260709_222041_giojuy__outer03__inner02__aug03,20260709_222041_giojuy,user1,অ,output/user1/অ/অ_20260709_222041_giojuy.mp4,1.092306,0.86565,3,0.030114,0.0201,0.015598
3,2,20260704_230720_4nlmlz__outer03__inner02__aug01,20260704_230720_4nlmlz,user1,আ,output/user1/আ/আ_20260704_230720_4nlmlz.mp4,0.905681,0.965201,5,0.093395,-0.022102,-0.014993
3,2,20260704_230720_4nlmlz__outer03__inner02__aug02,20260704_230720_4nlmlz,user1,আ,output/user1/আ/আ_20260704_230720_4nlmlz.mp4,1.091294,0.984614,3,0.022738,0.013811,0.012231
3,2,20260704_230720_4nlmlz__outer03__inner02__aug03,20260704_230720_4nlmlz,user1,আ,output/user1/আ/আ_20260704_230720_4nlmlz.mp4,1.135084,0.850706,3,0.007546,-0.04582,0.001567
3,2,20260704_230748_cofjqd__outer03__inner02__aug01,20260704_230748_cofjqd,user1,আ,output/user1/আ/আ_20260704_230748_cofjqd.mp4,0.994057,1.069996,5,0.02137,-0.039332,0.016035
3,2,20260704_230748_cofjqd__outer03__inner02__aug02,20260704_230748_cofjqd,user1,আ,output/user1/আ/আ_20260704_230748_cofjqd.mp4,1.088187,1.147671,5,0.054032,-0.023375,-0.030968
3,2,20260704_230748_cofjqd__outer03__inner02__aug03,20260704_230748_cofjqd,user1,আ,output/user1/আ/আ_20260704_230748_cofjqd.mp4,1.066165,1.069366,5,0.027922,-0.020869,-0.029181
3,2,20260704_230823_p4djtm__outer03__inner02__aug01,20260704_230823_p4djtm,user1,আ,output/user1/আ/আ_20260704_230823_p4djtm.mp4,1.091767,1.020077,3,0.073985,0.045955,-0.03667
3,2,20260704_230823_p4djtm__outer03__inner02__aug02,20260704_230823_p4djtm,user1,আ,output/user1/আ/আ_20260704_230823_p4djtm.mp4,0.921066,0.970902,3,0.020338,-0.014733,-0.039193
3,2,20260704_230823_p4djtm__outer03__inner02__aug03,20260704_230823_p4djtm,user1,আ,output/user1/আ/আ_20260704_230823_p4djtm.mp4,1.144786,0.951692,3,0.086945,0.049052,0.018843
3,2,20260704_230900_jm6b9y__outer03__inner02__aug01,20260704_230900_jm6b9y,user1,আ,output/user1/আ/আ_20260704_230900_jm6b9y.mp4,0.883519,0.930975,5,0.057298,0.025832,-0.034847
3,2,20260704_230900_jm6b9y__outer03__inner02__aug02,20260704_230900_jm6b9y,user1,আ,output/user1/আ/আ_20260704_230900_jm6b9y.mp4,1.02621,1.029279,5,0.09743,0.033379,-0.015197
3,2,20260704_230900_jm6b9y__outer03__inner02__aug03,20260704_230900_jm6b9y,user1,আ,output/user1/আ/আ_20260704_230900_jm6b9y.mp4,0.913069,0.894055,5,0.080818,-0.03773,0.041383
3,2,20260704_230941_ogdcp4__outer03__inner02__aug01,20260704_230941_ogdcp4,user1,আ,output/user1/আ/আ_20260704_230941_ogdcp4.mp4,0.894633,1.064551,5,0.048992,0.025248,0.030212
3,2,20260704_230941_ogdcp4__outer03__inner02__aug02,20260704_230941_ogdcp4,user1,আ,output/user1/আ/আ_20260704_230941_ogdcp4.mp4,1.130765,0.885633,5,0.017451,0.049578,0.005782
3,2,20260704_230941_ogdcp4__outer03__inner02__aug03,20260704_230941_ogdcp4,user1,আ,output/user1/আ/আ_20260704_230941_ogdcp4.mp4,1.114573,1.12717,5,0.048942,-0.024678,-0.025807
3,2,20260704_231010_4ha6y7__outer03__inner02__aug01,20260704_231010_4ha6y7,user1,আ,output/user1/আ/আ_20260704_231010_4ha6y7.mp4,0.976535,0.972505,3,0.024839,0.029316,0.023801
3,2,20260704_231010_4ha6y7__outer03__inner02__aug02,20260704_231010_4ha6y7,user1,আ,output/user1/আ/আ_20260704_231010_4ha6y7.mp4,1.048565,0.914119,3,0.019487,0.038315,-0.043347
3,2,20260704_231010_4ha6y7__outer03__inner02__aug03,20260704_231010_4ha6y7,user1,আ,output/user1/আ/আ_20260704_231010_4ha6y7.mp4,0.917632,1.132953,5,0.019763,-0.007222,-0.036682
3,2,20260728_232136_0wkg0v__outer03__inner02__aug01,20260728_232136_0wkg0v,user1,আ,output/user1/আ/আ_20260728_232136_0wkg0v.mp4,0.894925,1.084508,3,0.053869,0.009698,0.033264
3,2,20260728_232136_0wkg0v__outer03__inner02__aug02,20260728_232136_0wkg0v,user1,আ,output/user1/আ/আ_20260728_232136_0wkg0v.mp4,1.022027,0.918082,5,0.045132,-0.006048,0.009911
3,2,20260728_232136_0wkg0v__outer03__inner02__aug03,20260728_232136_0wkg0v,user1,আ,output/user1/আ/আ_20260728_232136_0wkg0v.mp4,1.135004,1.067438,3,0.049494,0.013947,-0.017092
3,2,20260728_232203_7c77zv__outer03__inner02__aug01,20260728_232203_7c77zv,user1,আ,output/user1/আ/আ_20260728_232203_7c77zv.mp4,1.083475,0.869441,3,0.039508,0.015467,0.026262
3,2,20260728_232203_7c77zv__outer03__inner02__aug02,20260728_232203_7c77zv,user1,আ,output/user1/আ/আ_20260728_232203_7c77zv.mp4,0.871036,1.139943,5,0.095415,-0.049684,-0.041063
3,2,20260728_232203_7c77zv__outer03__inner02__aug03,20260728_232203_7c77zv,user1,আ,output/user1/আ/আ_20260728_232203_7c77zv.mp4,0.986168,1.129279,3,0.061606,0.021748,0.005175
3,2,20260728_232238_kgwkds__outer03__inner02__aug01,20260728_232238_kgwkds,user1,আ,output/user1/আ/আ_20260728_232238_kgwkds.mp4,1.028915,1.05576,3,0.094665,0.014581,0.033659
3,2,20260728_232238_kgwkds__outer03__inner02__aug02,20260728_232238_kgwkds,user1,আ,output/user1/আ/আ_20260728_232238_kgwkds.mp4,1.126685,0.854927,3,0.040314,0.003249,-0.046633
3,2,20260728_232238_kgwkds__outer03__inner02__aug03,20260728_232238_kgwkds,user1,আ,output/user1/আ/আ_20260728_232238_kgwkds.mp4,1.068118,0.88959,5,0.05065,-0.046675,0.025518
3,2,20260728_232316_s2ep8l__outer03__inner02__aug01,20260728_232316_s2ep8l,user1,আ,output/user1/আ/আ_20260728_232316_s2ep8l.mp4,1.028633,0.852333,5,0.063158,-0.009259,-0.011724
3,2,20260728_232316_s2ep8l__outer03__inner02__aug02,20260728_232316_s2ep8l,user1,আ,output/user1/আ/আ_20260728_232316_s2ep8l.mp4,0.9406,0.871133,3,0.042111,0.008682,-0.026026
3,2,20260728_232316_s2ep8l__outer03__inner02__aug03,20260728_232316_s2ep8l,user1,আ,output/user1/আ/আ_20260728_232316_s2ep8l.mp4,1.073884,0.860679,5,0.024571,-0.032953,-0.00731
3,2,20260705_210750_hp0ub6__outer03__inner02__aug01,20260705_210750_hp0ub6,user1,ই,output/user1/ই/ই_20260705_210750_hp0ub6.mp4,1.053149,0.917977,3,0.050872,0.049935,0.006509
3,2,20260705_210750_hp0ub6__outer03__inner02__aug02,20260705_210750_hp0ub6,user1,ই,output/user1/ই/ই_20260705_210750_hp0ub6.mp4,1.106688,0.893348,5,0.097275,0.040134,0.004131
3,2,20260705_210750_hp0ub6__outer03__inner02__aug03,20260705_210750_hp0ub6,user1,ই,output/user1/ই/ই_20260705_210750_hp0ub6.mp4,0.962923,1.055486,5,0.097869,0.045127,0.029771
3,2,20260705_210817_cpe63z__outer03__inner02__aug01,20260705_210817_cpe63z,user1,ই,output/user1/ই/ই_20260705_210817_cpe63z.mp4,0.987414,1.047987,5,0.030181,-0.022552,-0.021141
3,2,20260705_210817_cpe63z__outer03__inner02__aug02,20260705_210817_cpe63z,user1,ই,output/user1/ই/ই_20260705_210817_cpe63z.mp4,1.021434,0.87502,5,0.014414,0.028955,-0.00787
3,2,20260705_210817_cpe63z__outer03__inner02__aug03,20260705_210817_cpe63z,user1,ই,output/user1/ই/ই_20260705_210817_cpe63z.mp4,0.905057,1.04631,5,0.080623,-0.043458,-0.008367
3,2,20260705_210847_8d63gb__outer03__inner02__aug01,20260705_210847_8d63gb,user1,ই,output/user1/ই/ই_20260705_210847_8d63gb.mp4,1.059488,1.082491,3,0.056028,-0.022879,-0.049541
3,2,20260705_210847_8d63gb__outer03__inner02__aug02,20260705_210847_8d63gb,user1,ই,output/user1/ই/ই_20260705_210847_8d63gb.mp4,1.10971,1.14927,5,0.073479,-0.047296,-0.046228
3,2,20260705_210847_8d63gb__outer03__inner02__aug03,20260705_210847_8d63gb,user1,ই,output/user1/ই/ই_20260705_210847_8d63gb.mp4,0.950127,0.919915,5,0.037708,-0.040716,0.038787
3,2,20260705_210914_6z0wyv__outer03__inner02__aug01,20260705_210914_6z0wyv,user1,ই,output/user1/ই/ই_20260705_210914_6z0wyv.mp4,0.945261,1.017884,5,0.093932,-0.016878,-0.034994
3,2,20260705_210914_6z0wyv__outer03__inner02__aug02,20260705_210914_6z0wyv,user1,ই,output/user1/ই/ই_20260705_210914_6z0wyv.mp4,0.928322,1.023393,5,0.087242,0.014759,-0.038518
3,2,20260705_210914_6z0wyv__outer03__inner02__aug03,20260705_210914_6z0wyv,user1,ই,output/user1/ই/ই_20260705_210914_6z0wyv.mp4,1.058389,0.998414,3,0.059422,0.036186,-0.022843
3,2,20260705_211104_cee4mp__outer03__inner02__aug01,20260705_211104_cee4mp,user1,ই,output/user1/ই/ই_20260705_211104_cee4mp.mp4,0.881238,1.122465,3,0.043546,-0.049845,-0.019335
3,2,20260705_211104_cee4mp__outer03__inner02__aug02,20260705_211104_cee4mp,user1,ই,output/user1/ই/ই_20260705_211104_cee4mp.mp4,0.940554,1.133728,5,0.084354,0.001171,0.031828
3,2,20260705_211104_cee4mp__outer03__inner02__aug03,20260705_211104_cee4mp,user1,ই,output/user1/ই/ই_20260705_211104_cee4mp.mp4,1.029587,0.880241,5,0.041032,0.008591,0.033415
3,2,20260705_211129_q9xd7j__outer03__inner02__aug01,20260705_211129_q9xd7j,user1,ই,output/user1/ই/ই_20260705_211129_q9xd7j.mp4,1.037933,0.941021,5,0.055747,-0.003897,-0.021787
3,2,20260705_211129_q9xd7j__outer03__inner02__aug02,20260705_211129_q9xd7j,user1,ই,output/user1/ই/ই_20260705_211129_q9xd7j.mp4,1.121456,0.910887,5,0.079521,0.043381,0.019164
3,2,20260705_211129_q9xd7j__outer03__inner02__aug03,20260705_211129_q9xd7j,user1,ই,output/user1/ই/ই_20260705_211129_q9xd7j.mp4,1.070759,0.971922,3,0.028973,-0.026142,-0.00398
3,2,20260705_211202_fwdefr__outer03__inner02__aug01,20260705_211202_fwdefr,user1,ই,output/user1/ই/ই_20260705_211202_fwdefr.mp4,0.890436,1.021013,5,0.015207,0.041684,0.002485
3,2,20260705_211202_fwdefr__outer03__inner02__aug02,20260705_211202_fwdefr,user1,ই,output/user1/ই/ই_20260705_211202_fwdefr.mp4,1.064467,1.112728,5,0.058368,-0.049213,-0.004677
3,2,20260705_211202_fwdefr__outer03__inner02__aug03,20260705_211202_fwdefr,user1,ই,output/user1/ই/ই_20260705_211202_fwdefr.mp4,1.010849,1.079625,5,0.097346,-0.009542,-0.035465
3,2,20260705_211229_nco6f5__outer03__inner02__aug01,20260705_211229_nco6f5,user1,ই,output/user1/ই/ই_20260705_211229_nco6f5.mp4,0.983568,0.894173,3,0.023482,-0.004204,0.012553
3,2,20260705_211229_nco6f5__outer03__inner02__aug02,20260705_211229_nco6f5,user1,ই,output/user1/ই/ই_20260705_211229_nco6f5.mp4,1.03414,1.027102,5,0.084005,0.034137,-0.045272
3,2,20260705_211229_nco6f5__outer03__inner02__aug03,20260705_211229_nco6f5,user1,ই,output/user1/ই/ই_20260705_211229_nco6f5.mp4,1.101075,0.948047,5,0.063052,-0.013943,0.044425
3,2,20260705_211257_5zxk15__outer03__inner02__aug01,20260705_211257_5zxk15,user1,ই,output/user1/ই/ই_20260705_211257_5zxk15.mp4,1.009219,0.923313,3,0.028466,0.033399,-0.012469
3,2,20260705_211257_5zxk15__outer03__inner02__aug02,20260705_211257_5zxk15,user1,ই,output/user1/ই/ই_20260705_211257_5zxk15.mp4,0.893467,1.129315,5,0.055483,0.043203,-0.027552
3,2,20260705_211257_5zxk15__outer03__inner02__aug03,20260705_211257_5zxk15,user1,ই,output/user1/ই/ই_20260705_211257_5zxk15.mp4,1.140858,1.140284,5,0.094121,0.03958,-0.023156
3,2,20260705_211324_69n6hy__outer03__inner02__aug01,20260705_211324_69n6hy,user1,ই,output/user1/ই/ই_20260705_211324_69n6hy.mp4,1.050877,1.09942,5,2.1e-05,0.028286,-0.023774
3,2,20260705_211324_69n6hy__outer03__inner02__aug02,20260705_211324_69n6hy,user1,ই,output/user1/ই/ই_20260705_211324_69n6hy.mp4,0.888081,0.98574,5,0.056227,0.005585,0.025697
3,2,20260705_211324_69n6hy__outer03__inner02__aug03,20260705_211324_69n6hy,user1,ই,output/user1/ই/ই_20260705_211324_69n6hy.mp4,1.061764,1.030372,5,0.076356,-0.001845,-0.027989
3,2,20260705_213721_6edrqn__outer03__inner02__aug01,20260705_213721_6edrqn,user1,ঈ,output/user1/ঈ/ঈ_20260705_213721_6edrqn.mp4,1.111381,0.912194,3,0.017536,0.001927,-0.0193
3,2,20260705_213721_6edrqn__outer03__inner02__aug02,20260705_213721_6edrqn,user1,ঈ,output/user1/ঈ/ঈ_20260705_213721_6edrqn.mp4,1.111813,0.983625,5,0.050679,0.040095,-0.025209
3,2,20260705_213721_6edrqn__outer03__inner02__aug03,20260705_213721_6edrqn,user1,ঈ,output/user1/ঈ/ঈ_20260705_213721_6edrqn.mp4,0.931032,1.145271,3,0.02609,0.020339,-0.01513
3,2,20260705_213804_scynf9__outer03__inner02__aug01,20260705_213804_scynf9,user1,ঈ,output/user1/ঈ/ঈ_20260705_213804_scynf9.mp4,1.078925,1.137789,5,0.053874,-0.009873,-0.016054
3,2,20260705_213804_scynf9__outer03__inner02__aug02,20260705_213804_scynf9,user1,ঈ,output/user1/ঈ/ঈ_20260705_213804_scynf9.mp4,0.902032,0.904935,3,0.031439,-0.021084,0.016811
3,2,20260705_213804_scynf9__outer03__inner02__aug03,20260705_213804_scynf9,user1,ঈ,output/user1/ঈ/ঈ_20260705_213804_scynf9.mp4,1.109982,1.017099,3,0.029687,-0.008233,-0.04409
3,2,20260705_213852_tuebtl__outer03__inner02__aug01,20260705_213852_tuebtl,user1,ঈ,output/user1/ঈ/ঈ_20260705_213852_tuebtl.mp4,1.060289,0.915383,3,0.088664,0.010196,0.017562
3,2,20260705_213852_tuebtl__outer03__inner02__aug02,20260705_213852_tuebtl,user1,ঈ,output/user1/ঈ/ঈ_20260705_213852_tuebtl.mp4,0.959071,0.926549,3,0.045641,-0.024704,-0.034513
3,2,20260705_213852_tuebtl__outer03__inner02__aug03,20260705_213852_tuebtl,user1,ঈ,output/user1/ঈ/ঈ_20260705_213852_tuebtl.mp4,0.954227,0.960243,3,0.062668,0.022906,0.037048
3,2,20260705_213943_7qqvt7__outer03__inner02__aug01,20260705_213943_7qqvt7,user1,ঈ,output/user1/ঈ/ঈ_20260705_213943_7qqvt7.mp4,1.041677,1.09944,3,0.016051,0.004222,-0.034911
3,2,20260705_213943_7qqvt7__outer03__inner02__aug02,20260705_213943_7qqvt7,user1,ঈ,output/user1/ঈ/ঈ_20260705_213943_7qqvt7.mp4,0.868423,0.963889,3,0.025089,-0.027896,0.041745
3,2,20260705_213943_7qqvt7__outer03__inner02__aug03,20260705_213943_7qqvt7,user1,ঈ,output/user1/ঈ/ঈ_20260705_213943_7qqvt7.mp4,0.970229,1.069605,3,8.4e-05,0.030421,0.018759
3,2,20260705_214029_z7ddbl__outer03__inner02__aug01,20260705_214029_z7ddbl,user1,ঈ,output/user1/ঈ/ঈ_20260705_214029_z7ddbl.mp4,0.894816,1.138674,3,0.055349,-0.025444,-0.023767
3,2,20260705_214029_z7ddbl__outer03__inner02__aug02,20260705_214029_z7ddbl,user1,ঈ,output/user1/ঈ/ঈ_20260705_214029_z7ddbl.mp4,0.933446,0.875371,3,0.039282,-0.046735,-0.012441
3,2,20260705_214029_z7ddbl__outer03__inner02__aug03,20260705_214029_z7ddbl,user1,ঈ,output/user1/ঈ/ঈ_20260705_214029_z7ddbl.mp4,0.898932,0.992785,5,0.090392,-0.043123,0.009594
3,2,20260705_214107_b894ld__outer03__inner02__aug01,20260705_214107_b894ld,user1,ঈ,output/user1/ঈ/ঈ_20260705_214107_b894ld.mp4,0.975356,1.098311,3,0.069591,0.022625,0.029063
3,2,20260705_214107_b894ld__outer03__inner02__aug02,20260705_214107_b894ld,user1,ঈ,output/user1/ঈ/ঈ_20260705_214107_b894ld.mp4,1.12435,1.095529,3,0.032825,0.025948,-0.016981
3,2,20260705_214107_b894ld__outer03__inner02__aug03,20260705_214107_b894ld,user1,ঈ,output/user1/ঈ/ঈ_20260705_214107_b894ld.mp4,1.030093,1.015274,5,0.045214,-0.009452,0.012692
3,2,20260705_215457_yruoxw__outer03__inner02__aug01,20260705_215457_yruoxw,user1,ঈ,output/user1/ঈ/ঈ_20260705_215457_yruoxw.mp4,0.978921,1.087024,5,0.039425,0.001838,0.031771
3,2,20260705_215457_yruoxw__outer03__inner02__aug02,20260705_215457_yruoxw,user1,ঈ,output/user1/ঈ/ঈ_20260705_215457_yruoxw.mp4,0.9049,0.95184,3,0.033616,-0.033086,-0.029667
3,2,20260705_215457_yruoxw__outer03__inner02__aug03,20260705_215457_yruoxw,user1,ঈ,output/user1/ঈ/ঈ_20260705_215457_yruoxw.mp4,1.131526,0.859641,3,0.081528,0.006006,0.007989
3,2,20260705_215539_dr61qv__outer03__inner02__aug01,20260705_215539_dr61qv,user1,ঈ,output/user1/ঈ/ঈ_20260705_215539_dr61qv.mp4,1.144361,0.876959,5,0.017799,-0.016215,-0.041809
3,2,20260705_215539_dr61qv__outer03__inner02__aug02,20260705_215539_dr61qv,user1,ঈ,output/user1/ঈ/ঈ_20260705_215539_dr61qv.mp4,0.974767,0.957686,3,0.042255,0.016797,-0.03912
3,2,20260705_215539_dr61qv__outer03__inner02__aug03,20260705_215539_dr61qv,user1,ঈ,output/user1/ঈ/ঈ_20260705_215539_dr61qv.mp4,1.106049,1.03779,3,0.016159,0.035226,0.024462
3,2,20260705_215654_07cd7w__outer03__inner02__aug01,20260705_215654_07cd7w,user1,ঈ,output/user1/ঈ/ঈ_20260705_215654_07cd7w.mp4,0.877326,1.136403,5,0.007623,-0.001129,-0.047892
3,2,20260705_215654_07cd7w__outer03__inner02__aug02,20260705_215654_07cd7w,user1,ঈ,output/user1/ঈ/ঈ_20260705_215654_07cd7w.mp4,1.0358,1.145974,5,0.095487,0.004541,-0.023158
3,2,20260705_215654_07cd7w__outer03__inner02__aug03,20260705_215654_07cd7w,user1,ঈ,output/user1/ঈ/ঈ_20260705_215654_07cd7w.mp4,0.942237,1.14461,5,0.023588,-0.026985,-0.009821
3,2,20260705_215745_i5n9h7__outer03__inner02__aug01,20260705_215745_i5n9h7,user1,ঈ,output/user1/ঈ/ঈ_20260705_215745_i5n9h7.mp4,0.996011,1.015876,5,0.050713,-0.000297,0.01567
3,2,20260705_215745_i5n9h7__outer03__inner02__aug02,20260705_215745_i5n9h7,user1,ঈ,output/user1/ঈ/ঈ_20260705_215745_i5n9h7.mp4,1.113932,1.080001,5,0.045186,-0.024648,0.040713
3,2,20260705_215745_i5n9h7__outer03__inner02__aug03,20260705_215745_i5n9h7,user1,ঈ,output/user1/ঈ/ঈ_20260705_215745_i5n9h7.mp4,0.966996,0.947342,5,0.085007,-0.002857,0.048794
3,2,20260711_211455_ab7vb3__outer03__inner02__aug01,20260711_211455_ab7vb3,user4,অ,output/user4/অ/অ_20260711_211455_ab7vb3.mp4,1.128275,0.900028,5,0.045203,-0.027912,0.031409
3,2,20260711_211455_ab7vb3__outer03__inner02__aug02,20260711_211455_ab7vb3,user4,অ,output/user4/অ/অ_20260711_211455_ab7vb3.mp4,0.850077,0.930931,5,0.060347,0.015627,0.034175
3,2,20260711_211455_ab7vb3__outer03__inner02__aug03,20260711_211455_ab7vb3,user4,অ,output/user4/অ/অ_20260711_211455_ab7vb3.mp4,1.033318,1.126704,5,0.03252,0.047017,0.020036
3,2,20260711_214733_y28o8p__outer03__inner02__aug01,20260711_214733_y28o8p,user4,অ,output/user4/অ/অ_20260711_214733_y28o8p.mp4,0.884008,1.137988,5,0.031074,-0.012547,0.039822
3,2,20260711_214733_y28o8p__outer03__inner02__aug02,20260711_214733_y28o8p,user4,অ,output/user4/অ/অ_20260711_214733_y28o8p.mp4,1.074132,0.858905,5,0.045483,0.02336,0.02941
3,2,20260711_214733_y28o8p__outer03__inner02__aug03,20260711_214733_y28o8p,user4,অ,output/user4/অ/অ_20260711_214733_y28o8p.mp4,0.981214,0.955883,3,0.064713,0.028132,0.016669
3,2,20260711_214747_h8ad4n__outer03__inner02__aug01,20260711_214747_h8ad4n,user4,অ,output/user4/অ/অ_20260711_214747_h8ad4n.mp4,0.918525,0.894348,5,0.066413,-0.029585,-0.046349
3,2,20260711_214747_h8ad4n__outer03__inner02__aug02,20260711_214747_h8ad4n,user4,অ,output/user4/অ/অ_20260711_214747_h8ad4n.mp4,1.028277,1.020658,3,0.023189,-0.013468,0.024482
3,2,20260711_214747_h8ad4n__outer03__inner02__aug03,20260711_214747_h8ad4n,user4,অ,output/user4/অ/অ_20260711_214747_h8ad4n.mp4,0.945147,0.959034,3,0.093824,-0.026343,-0.034729
3,2,20260711_214802_iotb3d__outer03__inner02__aug01,20260711_214802_iotb3d,user4,অ,output/user4/অ/অ_20260711_214802_iotb3d.mp4,1.047009,1.128949,3,0.008497,-0.03106,-0.01003
3,2,20260711_214802_iotb3d__outer03__inner02__aug02,20260711_214802_iotb3d,user4,অ,output/user4/অ/অ_20260711_214802_iotb3d.mp4,1.042242,1.072043,5,0.059337,-0.011156,-0.013192
3,2,20260711_214802_iotb3d__outer03__inner02__aug03,20260711_214802_iotb3d,user4,অ,output/user4/অ/অ_20260711_214802_iotb3d.mp4,0.981173,0.968089,3,0.078801,-0.00663,-0.047064
3,2,20260711_214818_1kqyjw__outer03__inner02__aug01,20260711_214818_1kqyjw,user4,অ,output/user4/অ/অ_20260711_214818_1kqyjw.mp4,1.062726,0.852864,5,0.019632,-0.032157,0.049437
3,2,20260711_214818_1kqyjw__outer03__inner02__aug02,20260711_214818_1kqyjw,user4,অ,output/user4/অ/অ_20260711_214818_1kqyjw.mp4,0.999838,1.066474,3,0.041836,-0.010967,0.012546
3,2,20260711_214818_1kqyjw__outer03__inner02__aug03,20260711_214818_1kqyjw,user4,অ,output/user4/অ/অ_20260711_214818_1kqyjw.mp4,0.969188,0.983515,5,0.074381,-0.006367,-0.014185
3,2,20260711_214838_nmfk2j__outer03__inner02__aug01,20260711_214838_nmfk2j,user4,অ,output/user4/অ/অ_20260711_214838_nmfk2j.mp4,1.075684,1.003989,3,0.052373,0.012375,-0.020176
3,2,20260711_214838_nmfk2j__outer03__inner02__aug02,20260711_214838_nmfk2j,user4,অ,output/user4/অ/অ_20260711_214838_nmfk2j.mp4,1.056606,0.898374,5,0.082511,0.037674,-0.040508
3,2,20260711_214838_nmfk2j__outer03__inner02__aug03,20260711_214838_nmfk2j,user4,অ,output/user4/অ/অ_20260711_214838_nmfk2j.mp4,0.930025,1.074615,5,0.018742,0.023008,-0.01474
3,2,20260711_214856_wh1jdl__outer03__inner02__aug01,20260711_214856_wh1jdl,user4,অ,output/user4/অ/অ_20260711_214856_wh1jdl.mp4,0.873017,0.90954,3,0.081038,-0.017514,-0.005853
3,2,20260711_214856_wh1jdl__outer03__inner02__aug02,20260711_214856_wh1jdl,user4,অ,output/user4/অ/অ_20260711_214856_wh1jdl.mp4,1.017242,1.009611,5,0.074019,0.002141,-0.012819
3,2,20260711_214856_wh1jdl__outer03__inner02__aug03,20260711_214856_wh1jdl,user4,অ,output/user4/অ/অ_20260711_214856_wh1jdl.mp4,0.982707,0.921764,5,0.083001,-0.023331,0.023826
3,2,20260711_214912_5jyzoq__outer03__inner02__aug01,20260711_214912_5jyzoq,user4,অ,output/user4/অ/অ_20260711_214912_5jyzoq.mp4,0.981697,0.87064,5,0.016761,0.034504,-0.002639
3,2,20260711_214912_5jyzoq__outer03__inner02__aug02,20260711_214912_5jyzoq,user4,অ,output/user4/অ/অ_20260711_214912_5jyzoq.mp4,1.090508,0.862715,3,0.045288,-0.041553,-0.040058
3,2,20260711_214912_5jyzoq__outer03__inner02__aug03,20260711_214912_5jyzoq,user4,অ,output/user4/অ/অ_20260711_214912_5jyzoq.mp4,0.929676,0.878203,3,0.057415,0.015995,-0.012065
3,2,20260711_215025_9ahjj1__outer03__inner02__aug01,20260711_215025_9ahjj1,user4,অ,output/user4/অ/অ_20260711_215025_9ahjj1.mp4,0.959945,1.043442,3,0.04181,-0.021868,-0.038665
3,2,20260711_215025_9ahjj1__outer03__inner02__aug02,20260711_215025_9ahjj1,user4,অ,output/user4/অ/অ_20260711_215025_9ahjj1.mp4,1.149143,0.894361,3,0.047223,-0.038627,-0.040467
3,2,20260711_215025_9ahjj1__outer03__inner02__aug03,20260711_215025_9ahjj1,user4,অ,output/user4/অ/অ_20260711_215025_9ahjj1.mp4,0.854647,1.011059,3,0.019103,0.040031,-0.049948
3,2,20260711_215040_totmvz__outer03__inner02__aug01,20260711_215040_totmvz,user4,অ,output/user4/অ/অ_20260711_215040_totmvz.mp4,1.044469,0.927027,3,0.019961,0.011216,0.03209
3,2,20260711_215040_totmvz__outer03__inner02__aug02,20260711_215040_totmvz,user4,অ,output/user4/অ/অ_20260711_215040_totmvz.mp4,0.963914,1.03734,3,0.027965,-0.035792,-0.039959
3,2,20260711_215040_totmvz__outer03__inner02__aug03,20260711_215040_totmvz,user4,অ,output/user4/অ/অ_20260711_215040_totmvz.mp4,0.882136,0.972985,5,0.037704,-0.019334,-0.034417
3,2,20260711_215057_m3q3bw__outer03__inner02__aug01,20260711_215057_m3q3bw,user4,অ,output/user4/অ/অ_20260711_215057_m3q3bw.mp4,1.105196,0.968787,5,0.042721,-0.027565,-0.009508
3,2,20260711_215057_m3q3bw__outer03__inner02__aug02,20260711_215057_m3q3bw,user4,অ,output/user4/অ/অ_20260711_215057_m3q3bw.mp4,0.983766,0.850347,3,0.009884,0.037119,0.010578
3,2,20260711_215057_m3q3bw__outer03__inner02__aug03,20260711_215057_m3q3bw,user4,অ,output/user4/অ/অ_20260711_215057_m3q3bw.mp4,0.897842,1.095262,3,0.093124,-0.022731,-0.041342
3,2,20260711_215120_wa3iw4__outer03__inner02__aug01,20260711_215120_wa3iw4,user4,অ,output/user4/অ/অ_20260711_215120_wa3iw4.mp4,0.927871,1.082896,3,0.034638,-0.029745,0.014702
3,2,20260711_215120_wa3iw4__outer03__inner02__aug02,20260711_215120_wa3iw4,user4,অ,output/user4/অ/অ_20260711_215120_wa3iw4.mp4,0.912167,0.906456,5,0.004398,0.024972,0.013629
3,2,20260711_215120_wa3iw4__outer03__inner02__aug03,20260711_215120_wa3iw4,user4,অ,output/user4/অ/অ_20260711_215120_wa3iw4.mp4,0.986526,0.972522,3,0.072433,0.048421,-0.000818
3,2,20260711_215140_jzmdn9__outer03__inner02__aug01,20260711_215140_jzmdn9,user4,অ,output/user4/অ/অ_20260711_215140_jzmdn9.mp4,0.995142,1.146666,3,0.016445,-0.049233,-0.015525
3,2,20260711_215140_jzmdn9__outer03__inner02__aug02,20260711_215140_jzmdn9,user4,অ,output/user4/অ/অ_20260711_215140_jzmdn9.mp4,0.911184,0.870579,3,0.00199,0.023817,-0.020842
3,2,20260711_215140_jzmdn9__outer03__inner02__aug03,20260711_215140_jzmdn9,user4,অ,output/user4/অ/অ_20260711_215140_jzmdn9.mp4,1.070015,0.998562,3,0.073196,0.011333,-0.038064
3,2,20260711_215153_8dj6mi__outer03__inner02__aug01,20260711_215153_8dj6mi,user4,অ,output/user4/অ/অ_20260711_215153_8dj6mi.mp4,0.950332,1.144169,3,0.034358,0.006914,-0.017522
3,2,20260711_215153_8dj6mi__outer03__inner02__aug02,20260711_215153_8dj6mi,user4,অ,output/user4/অ/অ_20260711_215153_8dj6mi.mp4,0.888798,0.990293,3,0.059341,-0.040339,0.035012
3,2,20260711_215153_8dj6mi__outer03__inner02__aug03,20260711_215153_8dj6mi,user4,অ,output/user4/অ/অ_20260711_215153_8dj6mi.mp4,1.025823,1.066201,3,0.029131,0.028899,-0.030752
3,2,20260711_215210_14cuph__outer03__inner02__aug01,20260711_215210_14cuph,user4,অ,output/user4/অ/অ_20260711_215210_14cuph.mp4,0.984097,1.066483,5,0.000818,0.010808,-0.019864
3,2,20260711_215210_14cuph__outer03__inner02__aug02,20260711_215210_14cuph,user4,অ,output/user4/অ/অ_20260711_215210_14cuph.mp4,0.922007,0.861943,5,0.043934,-0.008421,-0.008978
3,2,20260711_215210_14cuph__outer03__inner02__aug03,20260711_215210_14cuph,user4,অ,output/user4/অ/অ_20260711_215210_14cuph.mp4,1.06295,0.974157,5,0.002184,0.000267,-0.008676
3,2,20260711_215224_s1nefb__outer03__inner02__aug01,20260711_215224_s1nefb,user4,অ,output/user4/অ/অ_20260711_215224_s1nefb.mp4,1.048118,0.909926,3,0.00286,0.022764,0.044423
3,2,20260711_215224_s1nefb__outer03__inner02__aug02,20260711_215224_s1nefb,user4,অ,output/user4/অ/অ_20260711_215224_s1nefb.mp4,0.934208,0.893233,5,0.020119,-0.010653,0.048386
3,2,20260711_215224_s1nefb__outer03__inner02__aug03,20260711_215224_s1nefb,user4,অ,output/user4/অ/অ_20260711_215224_s1nefb.mp4,1.013892,0.968244,3,0.008212,0.015693,-0.024793
3,2,20260711_211553_8q738s__outer03__inner02__aug01,20260711_211553_8q738s,user4,আ,output/user4/আ/আ_20260711_211553_8q738s.mp4,0.938869,1.129413,5,0.052689,-0.031111,0.020014
3,2,20260711_211553_8q738s__outer03__inner02__aug02,20260711_211553_8q738s,user4,আ,output/user4/আ/আ_20260711_211553_8q738s.mp4,1.081722,1.119964,5,0.022888,-0.016831,0.022142
3,2,20260711_211553_8q738s__outer03__inner02__aug03,20260711_211553_8q738s,user4,আ,output/user4/আ/আ_20260711_211553_8q738s.mp4,0.947658,0.891384,5,0.027981,0.035386,-0.020465
3,2,20260711_215326_rdw0i7__outer03__inner02__aug01,20260711_215326_rdw0i7,user4,আ,output/user4/আ/আ_20260711_215326_rdw0i7.mp4,0.860201,1.092897,3,0.087285,0.039818,-0.020811
3,2,20260711_215326_rdw0i7__outer03__inner02__aug02,20260711_215326_rdw0i7,user4,আ,output/user4/আ/আ_20260711_215326_rdw0i7.mp4,1.114381,1.145489,5,0.053269,0.015161,0.016265
3,2,20260711_215326_rdw0i7__outer03__inner02__aug03,20260711_215326_rdw0i7,user4,আ,output/user4/আ/আ_20260711_215326_rdw0i7.mp4,0.938245,0.909051,5,0.095456,0.006466,-0.010624
3,2,20260711_215355_gtir0d__outer03__inner02__aug01,20260711_215355_gtir0d,user4,আ,output/user4/আ/আ_20260711_215355_gtir0d.mp4,0.878963,1.053387,3,0.018047,-0.04814,-0.043162
3,2,20260711_215355_gtir0d__outer03__inner02__aug02,20260711_215355_gtir0d,user4,আ,output/user4/আ/আ_20260711_215355_gtir0d.mp4,0.988008,1.108918,5,0.06972,0.009489,0.012947
3,2,20260711_215355_gtir0d__outer03__inner02__aug03,20260711_215355_gtir0d,user4,আ,output/user4/আ/আ_20260711_215355_gtir0d.mp4,1.140469,0.883732,5,0.036869,0.003962,-0.030112
3,2,20260711_215413_4z3pac__outer03__inner02__aug01,20260711_215413_4z3pac,user4,আ,output/user4/আ/আ_20260711_215413_4z3pac.mp4,0.961046,0.887378,5,0.028026,-0.043048,-0.011931
3,2,20260711_215413_4z3pac__outer03__inner02__aug02,20260711_215413_4z3pac,user4,আ,output/user4/আ/আ_20260711_215413_4z3pac.mp4,0.868034,1.149511,5,0.066352,-0.017043,0.015988
3,2,20260711_215413_4z3pac__outer03__inner02__aug03,20260711_215413_4z3pac,user4,আ,output/user4/আ/আ_20260711_215413_4z3pac.mp4,1.103897,0.939444,3,0.035333,0.004742,-0.022599
3,2,20260711_215505_noe4fp__outer03__inner02__aug01,20260711_215505_noe4fp,user4,আ,output/user4/আ/আ_20260711_215505_noe4fp.mp4,1.085087,0.98146,3,0.079104,0.004127,0.03416
3,2,20260711_215505_noe4fp__outer03__inner02__aug02,20260711_215505_noe4fp,user4,আ,output/user4/আ/আ_20260711_215505_noe4fp.mp4,1.145166,0.991607,3,0.052391,-0.015888,-0.017117
3,2,20260711_215505_noe4fp__outer03__inner02__aug03,20260711_215505_noe4fp,user4,আ,output/user4/আ/আ_20260711_215505_noe4fp.mp4,1.113393,1.108204,3,0.02313,-0.012369,0.019276
3,2,20260711_215527_oaoi6c__outer03__inner02__aug01,20260711_215527_oaoi6c,user4,আ,output/user4/আ/আ_20260711_215527_oaoi6c.mp4,0.853844,0.90644,3,0.075046,-0.004825,-0.015235
3,2,20260711_215527_oaoi6c__outer03__inner02__aug02,20260711_215527_oaoi6c,user4,আ,output/user4/আ/আ_20260711_215527_oaoi6c.mp4,1.059563,0.874709,5,0.016637,-0.014498,0.043741
3,2,20260711_215527_oaoi6c__outer03__inner02__aug03,20260711_215527_oaoi6c,user4,আ,output/user4/আ/আ_20260711_215527_oaoi6c.mp4,1.019669,1.053189,5,0.071674,0.047999,0.014371
3,2,20260711_215554_41w3p4__outer03__inner02__aug01,20260711_215554_41w3p4,user4,আ,output/user4/আ/আ_20260711_215554_41w3p4.mp4,1.138657,1.019106,3,0.021624,-0.022691,0.029888
3,2,20260711_215554_41w3p4__outer03__inner02__aug02,20260711_215554_41w3p4,user4,আ,output/user4/আ/আ_20260711_215554_41w3p4.mp4,1.128904,1.041423,3,5.4e-05,0.006264,0.025925
3,2,20260711_215554_41w3p4__outer03__inner02__aug03,20260711_215554_41w3p4,user4,আ,output/user4/আ/আ_20260711_215554_41w3p4.mp4,0.881175,1.060024,5,0.050272,-0.018768,0.032627
3,2,20260711_215623_q6sua3__outer03__inner02__aug01,20260711_215623_q6sua3,user4,আ,output/user4/আ/আ_20260711_215623_q6sua3.mp4,1.067954,1.001119,3,0.055843,-0.030148,-0.024656
3,2,20260711_215623_q6sua3__outer03__inner02__aug02,20260711_215623_q6sua3,user4,আ,output/user4/আ/আ_20260711_215623_q6sua3.mp4,0.958146,0.888474,3,0.060127,-0.0352,0.045515
3,2,20260711_215623_q6sua3__outer03__inner02__aug03,20260711_215623_q6sua3,user4,আ,output/user4/আ/আ_20260711_215623_q6sua3.mp4,1.14251,0.893129,3,0.075083,-0.019499,0.004743
3,2,20260711_215646_y25z4x__outer03__inner02__aug01,20260711_215646_y25z4x,user4,আ,output/user4/আ/আ_20260711_215646_y25z4x.mp4,1.077032,1.023675,3,0.019031,0.011422,0.02416
3,2,20260711_215646_y25z4x__outer03__inner02__aug02,20260711_215646_y25z4x,user4,আ,output/user4/আ/আ_20260711_215646_y25z4x.mp4,0.916731,0.850507,3,0.022992,-0.01551,-0.016206
3,2,20260711_215646_y25z4x__outer03__inner02__aug03,20260711_215646_y25z4x,user4,আ,output/user4/আ/আ_20260711_215646_y25z4x.mp4,1.112872,1.066109,5,0.09839,0.042716,-0.0458
3,2,20260711_215701_i0we24__outer03__inner02__aug01,20260711_215701_i0we24,user4,আ,output/user4/আ/আ_20260711_215701_i0we24.mp4,0.906388,0.908891,5,0.049921,-0.00557,0.01855
3,2,20260711_215701_i0we24__outer03__inner02__aug02,20260711_215701_i0we24,user4,আ,output/user4/আ/আ_20260711_215701_i0we24.mp4,1.038421,1.018194,3,0.05787,0.025926,-0.031228
3,2,20260711_215701_i0we24__outer03__inner02__aug03,20260711_215701_i0we24,user4,আ,output/user4/আ/আ_20260711_215701_i0we24.mp4,1.148746,1.126132,3,0.040325,0.017919,-0.010289
3,2,20260711_215719_fym8k2__outer03__inner02__aug01,20260711_215719_fym8k2,user4,আ,output/user4/আ/আ_20260711_215719_fym8k2.mp4,1.076672,0.868682,3,0.099022,-0.036709,0.01536
3,2,20260711_215719_fym8k2__outer03__inner02__aug02,20260711_215719_fym8k2,user4,আ,output/user4/আ/আ_20260711_215719_fym8k2.mp4,1.105809,0.968155,5,0.058563,0.004262,-0.027848
3,2,20260711_215719_fym8k2__outer03__inner02__aug03,20260711_215719_fym8k2,user4,আ,output/user4/আ/আ_20260711_215719_fym8k2.mp4,0.971721,0.930189,3,0.07036,-0.002329,-0.046499
3,2,20260711_215732_e3wli4__outer03__inner02__aug01,20260711_215732_e3wli4,user4,আ,output/user4/আ/আ_20260711_215732_e3wli4.mp4,1.147627,0.859411,5,0.086256,0.046081,-0.007825
3,2,20260711_215732_e3wli4__outer03__inner02__aug02,20260711_215732_e3wli4,user4,আ,output/user4/আ/আ_20260711_215732_e3wli4.mp4,1.054714,0.961254,3,0.006172,0.025676,-0.012113
3,2,20260711_215732_e3wli4__outer03__inner02__aug03,20260711_215732_e3wli4,user4,আ,output/user4/আ/আ_20260711_215732_e3wli4.mp4,1.118683,0.997231,5,0.094258,-0.043117,-0.049249
3,2,20260711_215746_pw5glc__outer03__inner02__aug01,20260711_215746_pw5glc,user4,আ,output/user4/আ/আ_20260711_215746_pw5glc.mp4,1.074105,0.914743,3,0.064225,-0.041521,-0.028553
3,2,20260711_215746_pw5glc__outer03__inner02__aug02,20260711_215746_pw5glc,user4,আ,output/user4/আ/আ_20260711_215746_pw5glc.mp4,1.103407,0.988342,5,0.070498,-0.032537,0.00776
3,2,20260711_215746_pw5glc__outer03__inner02__aug03,20260711_215746_pw5glc,user4,আ,output/user4/আ/আ_20260711_215746_pw5glc.mp4,1.118212,0.962421,3,0.019505,0.037494,0.013626
3,2,20260711_215803_gtb1nz__outer03__inner02__aug01,20260711_215803_gtb1nz,user4,আ,output/user4/আ/আ_20260711_215803_gtb1nz.mp4,0.954911,1.049812,5,0.036058,0.030092,0.007933
3,2,20260711_215803_gtb1nz__outer03__inner02__aug02,20260711_215803_gtb1nz,user4,আ,output/user4/আ/আ_20260711_215803_gtb1nz.mp4,1.029375,1.063968,5,0.062888,-0.021047,-0.002536
3,2,20260711_215803_gtb1nz__outer03__inner02__aug03,20260711_215803_gtb1nz,user4,আ,output/user4/আ/আ_20260711_215803_gtb1nz.mp4,1.079765,1.114166,3,0.02628,0.013541,0.034618
3,2,20260711_215826_09me7o__outer03__inner02__aug01,20260711_215826_09me7o,user4,আ,output/user4/আ/আ_20260711_215826_09me7o.mp4,0.998197,0.874679,3,0.018597,-0.029318,-0.039143
3,2,20260711_215826_09me7o__outer03__inner02__aug02,20260711_215826_09me7o,user4,আ,output/user4/আ/আ_20260711_215826_09me7o.mp4,0.949073,0.862655,3,0.015189,0.025171,-0.004681
3,2,20260711_215826_09me7o__outer03__inner02__aug03,20260711_215826_09me7o,user4,আ,output/user4/আ/আ_20260711_215826_09me7o.mp4,0.94994,0.911383,5,0.063321,0.015077,-0.017926
3,2,20260711_215850_2a6qfe__outer03__inner02__aug01,20260711_215850_2a6qfe,user4,আ,output/user4/আ/আ_20260711_215850_2a6qfe.mp4,1.052605,1.140394,5,0.086126,0.038733,-0.024882
3,2,20260711_215850_2a6qfe__outer03__inner02__aug02,20260711_215850_2a6qfe,user4,আ,output/user4/আ/আ_20260711_215850_2a6qfe.mp4,0.864669,1.112702,5,0.05534,0.049359,-0.044481
3,2,20260711_215850_2a6qfe__outer03__inner02__aug03,20260711_215850_2a6qfe,user4,আ,output/user4/আ/আ_20260711_215850_2a6qfe.mp4,0.850891,1.072322,5,0.008489,-0.039235,-0.032774
3,2,20260711_211613_pni7yl__outer03__inner02__aug01,20260711_211613_pni7yl,user4,ই,output/user4/ই/ই_20260711_211613_pni7yl.mp4,0.998857,0.941599,3,0.014334,-0.00589,-0.002237
3,2,20260711_211613_pni7yl__outer03__inner02__aug02,20260711_211613_pni7yl,user4,ই,output/user4/ই/ই_20260711_211613_pni7yl.mp4,0.901987,0.936806,3,0.010248,-0.045774,-0.000885
3,2,20260711_211613_pni7yl__outer03__inner02__aug03,20260711_211613_pni7yl,user4,ই,output/user4/ই/ই_20260711_211613_pni7yl.mp4,0.994297,0.978449,5,0.027373,0.049824,0.027918
3,2,20260711_211631_omhqof__outer03__inner02__aug01,20260711_211631_omhqof,user4,ই,output/user4/ই/ই_20260711_211631_omhqof.mp4,0.962671,0.914203,3,0.064151,-0.048107,0.01648
3,2,20260711_211631_omhqof__outer03__inner02__aug02,20260711_211631_omhqof,user4,ই,output/user4/ই/ই_20260711_211631_omhqof.mp4,0.980523,0.938091,5,0.029392,0.002602,0.020469
3,2,20260711_211631_omhqof__outer03__inner02__aug03,20260711_211631_omhqof,user4,ই,output/user4/ই/ই_20260711_211631_omhqof.mp4,0.8883,0.964528,3,0.05263,0.005129,0.036916
3,2,20260711_215916_5xq3ym__outer03__inner02__aug01,20260711_215916_5xq3ym,user4,ই,output/user4/ই/ই_20260711_215916_5xq3ym.mp4,1.040704,0.976918,3,0.083408,-0.036035,-0.028632
3,2,20260711_215916_5xq3ym__outer03__inner02__aug02,20260711_215916_5xq3ym,user4,ই,output/user4/ই/ই_20260711_215916_5xq3ym.mp4,1.054595,1.000075,5,0.079859,0.038609,-0.039102
3,2,20260711_215916_5xq3ym__outer03__inner02__aug03,20260711_215916_5xq3ym,user4,ই,output/user4/ই/ই_20260711_215916_5xq3ym.mp4,0.931683,1.136697,5,0.031405,-0.009084,0.036352
3,2,20260711_215928_ckxbi5__outer03__inner02__aug01,20260711_215928_ckxbi5,user4,ই,output/user4/ই/ই_20260711_215928_ckxbi5.mp4,0.866775,1.133881,3,0.068341,-0.008369,0.000703
3,2,20260711_215928_ckxbi5__outer03__inner02__aug02,20260711_215928_ckxbi5,user4,ই,output/user4/ই/ই_20260711_215928_ckxbi5.mp4,0.999212,1.005742,3,0.039941,-0.021124,-0.004583
3,2,20260711_215928_ckxbi5__outer03__inner02__aug03,20260711_215928_ckxbi5,user4,ই,output/user4/ই/ই_20260711_215928_ckxbi5.mp4,0.939484,0.996822,3,0.036772,-0.022965,0.034344
3,2,20260711_215945_ovgs11__outer03__inner02__aug01,20260711_215945_ovgs11,user4,ই,output/user4/ই/ই_20260711_215945_ovgs11.mp4,1.098408,1.021179,5,0.029753,-0.002527,-0.012734
3,2,20260711_215945_ovgs11__outer03__inner02__aug02,20260711_215945_ovgs11,user4,ই,output/user4/ই/ই_20260711_215945_ovgs11.mp4,1.098492,0.961683,3,0.040145,0.042015,0.026841
3,2,20260711_215945_ovgs11__outer03__inner02__aug03,20260711_215945_ovgs11,user4,ই,output/user4/ই/ই_20260711_215945_ovgs11.mp4,0.858834,1.047587,5,0.056617,0.008824,0.001539
3,2,20260711_215959_axw0jl__outer03__inner02__aug01,20260711_215959_axw0jl,user4,ই,output/user4/ই/ই_20260711_215959_axw0jl.mp4,1.119517,0.981841,3,0.000582,-0.014376,0.026437
3,2,20260711_215959_axw0jl__outer03__inner02__aug02,20260711_215959_axw0jl,user4,ই,output/user4/ই/ই_20260711_215959_axw0jl.mp4,1.100384,1.093335,5,0.04749,-0.021806,-0.032393
3,2,20260711_215959_axw0jl__outer03__inner02__aug03,20260711_215959_axw0jl,user4,ই,output/user4/ই/ই_20260711_215959_axw0jl.mp4,0.921457,0.932051,3,0.068298,0.020152,0.030428
3,2,20260711_220013_x16qxh__outer03__inner02__aug01,20260711_220013_x16qxh,user4,ই,output/user4/ই/ই_20260711_220013_x16qxh.mp4,0.942486,1.039327,5,0.092648,0.022279,-0.042751
3,2,20260711_220013_x16qxh__outer03__inner02__aug02,20260711_220013_x16qxh,user4,ই,output/user4/ই/ই_20260711_220013_x16qxh.mp4,1.107101,0.876324,5,0.039292,-0.047631,-0.03037
3,2,20260711_220013_x16qxh__outer03__inner02__aug03,20260711_220013_x16qxh,user4,ই,output/user4/ই/ই_20260711_220013_x16qxh.mp4,0.981913,1.104602,3,0.097614,0.047426,0.019959
3,2,20260711_220027_1j40u6__outer03__inner02__aug01,20260711_220027_1j40u6,user4,ই,output/user4/ই/ই_20260711_220027_1j40u6.mp4,1.127571,1.06187,3,0.06546,0.012091,0.024039
3,2,20260711_220027_1j40u6__outer03__inner02__aug02,20260711_220027_1j40u6,user4,ই,output/user4/ই/ই_20260711_220027_1j40u6.mp4,0.894105,0.922714,5,0.093284,0.01953,-0.043453
3,2,20260711_220027_1j40u6__outer03__inner02__aug03,20260711_220027_1j40u6,user4,ই,output/user4/ই/ই_20260711_220027_1j40u6.mp4,1.134307,1.129946,3,0.088573,-0.022737,-0.000538
3,2,20260711_220043_yyhe4o__outer03__inner02__aug01,20260711_220043_yyhe4o,user4,ই,output/user4/ই/ই_20260711_220043_yyhe4o.mp4,1.015296,1.111084,5,0.026115,0.045834,0.006813
3,2,20260711_220043_yyhe4o__outer03__inner02__aug02,20260711_220043_yyhe4o,user4,ই,output/user4/ই/ই_20260711_220043_yyhe4o.mp4,1.049083,0.951175,3,0.047285,-0.018582,0.004316
3,2,20260711_220043_yyhe4o__outer03__inner02__aug03,20260711_220043_yyhe4o,user4,ই,output/user4/ই/ই_20260711_220043_yyhe4o.mp4,1.034648,1.031866,5,0.070187,0.029677,-0.043174
3,2,20260711_220058_6cy90j__outer03__inner02__aug01,20260711_220058_6cy90j,user4,ই,output/user4/ই/ই_20260711_220058_6cy90j.mp4,1.030711,1.11402,5,0.058476,0.026929,0.024824
3,2,20260711_220058_6cy90j__outer03__inner02__aug02,20260711_220058_6cy90j,user4,ই,output/user4/ই/ই_20260711_220058_6cy90j.mp4,0.966356,0.914416,3,0.073665,0.026521,0.035237
3,2,20260711_220058_6cy90j__outer03__inner02__aug03,20260711_220058_6cy90j,user4,ই,output/user4/ই/ই_20260711_220058_6cy90j.mp4,0.850664,0.932912,3,0.018288,-0.021891,0.014946
3,2,20260711_220112_94lc88__outer03__inner02__aug01,20260711_220112_94lc88,user4,ই,output/user4/ই/ই_20260711_220112_94lc88.mp4,0.94904,1.06209,5,0.056968,-0.035235,-0.034023
3,2,20260711_220112_94lc88__outer03__inner02__aug02,20260711_220112_94lc88,user4,ই,output/user4/ই/ই_20260711_220112_94lc88.mp4,0.898719,1.017678,5,0.050917,0.010099,0.031778
3,2,20260711_220112_94lc88__outer03__inner02__aug03,20260711_220112_94lc88,user4,ই,output/user4/ই/ই_20260711_220112_94lc88.mp4,0.984399,0.932854,5,0.074973,-0.036437,-0.023187
3,2,20260711_220132_3b6d70__outer03__inner02__aug01,20260711_220132_3b6d70,user4,ই,output/user4/ই/ই_20260711_220132_3b6d70.mp4,0.870655,0.972397,3,0.015512,0.046723,-0.011945
3,2,20260711_220132_3b6d70__outer03__inner02__aug02,20260711_220132_3b6d70,user4,ই,output/user4/ই/ই_20260711_220132_3b6d70.mp4,0.934076,0.988736,3,0.020494,-0.049533,-0.038053
3,2,20260711_220132_3b6d70__outer03__inner02__aug03,20260711_220132_3b6d70,user4,ই,output/user4/ই/ই_20260711_220132_3b6d70.mp4,0.985562,1.038577,3,0.01542,-0.0232,-0.040231
3,2,20260711_220151_kjuuzh__outer03__inner02__aug01,20260711_220151_kjuuzh,user4,ই,output/user4/ই/ই_20260711_220151_kjuuzh.mp4,1.13262,1.142408,3,0.036244,-0.005273,-0.032731
3,2,20260711_220151_kjuuzh__outer03__inner02__aug02,20260711_220151_kjuuzh,user4,ই,output/user4/ই/ই_20260711_220151_kjuuzh.mp4,0.954571,1.026442,5,0.041053,-0.037672,-0.004938
3,2,20260711_220151_kjuuzh__outer03__inner02__aug03,20260711_220151_kjuuzh,user4,ই,output/user4/ই/ই_20260711_220151_kjuuzh.mp4,0.882602,0.920902,5,0.092998,0.021528,0.019609
3,2,20260711_220205_cr3boy__outer03__inner02__aug01,20260711_220205_cr3boy,user4,ই,output/user4/ই/ই_20260711_220205_cr3boy.mp4,0.968403,0.893603,5,0.03456,0.027524,-0.024688
3,2,20260711_220205_cr3boy__outer03__inner02__aug02,20260711_220205_cr3boy,user4,ই,output/user4/ই/ই_20260711_220205_cr3boy.mp4,1.061169,1.015753,3,0.050013,0.027537,0.046023
3,2,20260711_220205_cr3boy__outer03__inner02__aug03,20260711_220205_cr3boy,user4,ই,output/user4/ই/ই_20260711_220205_cr3boy.mp4,1.105601,1.059266,5,0.055661,0.003523,-0.048894
3,2,20260711_220217_85rgxu__outer03__inner02__aug01,20260711_220217_85rgxu,user4,ই,output/user4/ই/ই_20260711_220217_85rgxu.mp4,0.937937,0.950626,5,0.048412,-0.001856,-0.048537
3,2,20260711_220217_85rgxu__outer03__inner02__aug02,20260711_220217_85rgxu,user4,ই,output/user4/ই/ই_20260711_220217_85rgxu.mp4,1.021023,0.869609,3,0.079389,-0.036498,0.02987
3,2,20260711_220217_85rgxu__outer03__inner02__aug03,20260711_220217_85rgxu,user4,ই,output/user4/ই/ই_20260711_220217_85rgxu.mp4,1.068767,1.113529,3,0.011683,0.023388,0.006127
3,2,20260711_220235_4uai7u__outer03__inner02__aug01,20260711_220235_4uai7u,user4,ই,output/user4/ই/ই_20260711_220235_4uai7u.mp4,1.041122,0.887433,3,0.039527,-0.026096,-0.032856
3,2,20260711_220235_4uai7u__outer03__inner02__aug02,20260711_220235_4uai7u,user4,ই,output/user4/ই/ই_20260711_220235_4uai7u.mp4,1.136507,0.944352,5,0.044171,0.038232,0.007384
3,2,20260711_220235_4uai7u__outer03__inner02__aug03,20260711_220235_4uai7u,user4,ই,output/user4/ই/ই_20260711_220235_4uai7u.mp4,1.134726,0.86801,5,0.032313,0.010403,-0.048014
3,2,20260711_220308_e7l7wm__outer03__inner02__aug01,20260711_220308_e7l7wm,user4,ই,output/user4/ই/ই_20260711_220308_e7l7wm.mp4,0.874,0.880912,5,0.059988,-0.021718,-0.046274
3,2,20260711_220308_e7l7wm__outer03__inner02__aug02,20260711_220308_e7l7wm,user4,ই,output/user4/ই/ই_20260711_220308_e7l7wm.mp4,0.861533,1.032497,5,0.017207,-0.007888,-0.013089
3,2,20260711_220308_e7l7wm__outer03__inner02__aug03,20260711_220308_e7l7wm,user4,ই,output/user4/ই/ই_20260711_220308_e7l7wm.mp4,0.983932,0.947326,5,0.088609,0.012443,0.028165
3,2,20260711_220404_itceug__outer03__inner02__aug01,20260711_220404_itceug,user4,ঈ,output/user4/ঈ/ঈ_20260711_220404_itceug.mp4,1.114784,0.938659,3,0.022072,0.017767,-0.018496
3,2,20260711_220404_itceug__outer03__inner02__aug02,20260711_220404_itceug,user4,ঈ,output/user4/ঈ/ঈ_20260711_220404_itceug.mp4,0.926593,0.975198,3,0.096263,0.046983,-0.011694
3,2,20260711_220404_itceug__outer03__inner02__aug03,20260711_220404_itceug,user4,ঈ,output/user4/ঈ/ঈ_20260711_220404_itceug.mp4,0.983119,0.903479,3,0.060533,-0.000761,-0.018203
3,2,20260711_220444_r35mfs__outer03__inner02__aug01,20260711_220444_r35mfs,user4,ঈ,output/user4/ঈ/ঈ_20260711_220444_r35mfs.mp4,1.070376,1.14708,3,0.058259,0.01743,0.01845
3,2,20260711_220444_r35mfs__outer03__inner02__aug02,20260711_220444_r35mfs,user4,ঈ,output/user4/ঈ/ঈ_20260711_220444_r35mfs.mp4,0.882217,0.979423,3,0.075562,0.041846,-0.031271
3,2,20260711_220444_r35mfs__outer03__inner02__aug03,20260711_220444_r35mfs,user4,ঈ,output/user4/ঈ/ঈ_20260711_220444_r35mfs.mp4,1.030285,0.890446,5,0.037012,-0.034283,-0.00403
3,2,20260711_220519_ila5ji__outer03__inner02__aug01,20260711_220519_ila5ji,user4,ঈ,output/user4/ঈ/ঈ_20260711_220519_ila5ji.mp4,0.852246,1.140671,3,0.034172,-0.012524,0.020579
3,2,20260711_220519_ila5ji__outer03__inner02__aug02,20260711_220519_ila5ji,user4,ঈ,output/user4/ঈ/ঈ_20260711_220519_ila5ji.mp4,0.967101,0.944418,3,0.029725,0.011326,0.042644
3,2,20260711_220519_ila5ji__outer03__inner02__aug03,20260711_220519_ila5ji,user4,ঈ,output/user4/ঈ/ঈ_20260711_220519_ila5ji.mp4,0.912161,1.049476,3,0.085127,-0.025006,0.015278
3,2,20260711_220543_7o5bd0__outer03__inner02__aug01,20260711_220543_7o5bd0,user4,ঈ,output/user4/ঈ/ঈ_20260711_220543_7o5bd0.mp4,1.029541,0.879204,3,0.062372,-0.007239,-0.001047
3,2,20260711_220543_7o5bd0__outer03__inner02__aug02,20260711_220543_7o5bd0,user4,ঈ,output/user4/ঈ/ঈ_20260711_220543_7o5bd0.mp4,1.112881,0.893514,5,0.093133,0.008651,-0.045642
3,2,20260711_220543_7o5bd0__outer03__inner02__aug03,20260711_220543_7o5bd0,user4,ঈ,output/user4/ঈ/ঈ_20260711_220543_7o5bd0.mp4,0.879328,0.8651,3,0.069859,0.025513,0.01238
3,2,20260711_220606_essesa__outer03__inner02__aug01,20260711_220606_essesa,user4,ঈ,output/user4/ঈ/ঈ_20260711_220606_essesa.mp4,0.894568,1.073815,3,0.001805,0.000211,-0.018949
3,2,20260711_220606_essesa__outer03__inner02__aug02,20260711_220606_essesa,user4,ঈ,output/user4/ঈ/ঈ_20260711_220606_essesa.mp4,1.021464,1.141076,3,0.000572,0.010855,0.036593
3,2,20260711_220606_essesa__outer03__inner02__aug03,20260711_220606_essesa,user4,ঈ,output/user4/ঈ/ঈ_20260711_220606_essesa.mp4,1.004105,0.969101,3,0.059885,-0.04245,0.021966
3,2,20260711_220641_ufswp1__outer03__inner02__aug01,20260711_220641_ufswp1,user4,ঈ,output/user4/ঈ/ঈ_20260711_220641_ufswp1.mp4,0.883519,1.08532,3,0.09702,0.019097,-0.030725
3,2,20260711_220641_ufswp1__outer03__inner02__aug02,20260711_220641_ufswp1,user4,ঈ,output/user4/ঈ/ঈ_20260711_220641_ufswp1.mp4,1.010818,1.106636,5,0.000865,0.017991,-0.046793
3,2,20260711_220641_ufswp1__outer03__inner02__aug03,20260711_220641_ufswp1,user4,ঈ,output/user4/ঈ/ঈ_20260711_220641_ufswp1.mp4,1.149847,0.967593,5,0.051952,0.011461,0.037142
3,2,20260711_220701_y1rftt__outer03__inner02__aug01,20260711_220701_y1rftt,user4,ঈ,output/user4/ঈ/ঈ_20260711_220701_y1rftt.mp4,1.022236,1.007322,3,0.024004,0.004198,0.046062
3,2,20260711_220701_y1rftt__outer03__inner02__aug02,20260711_220701_y1rftt,user4,ঈ,output/user4/ঈ/ঈ_20260711_220701_y1rftt.mp4,1.029331,0.904512,5,0.071664,0.026384,-0.027553
3,2,20260711_220701_y1rftt__outer03__inner02__aug03,20260711_220701_y1rftt,user4,ঈ,output/user4/ঈ/ঈ_20260711_220701_y1rftt.mp4,1.115493,0.997348,3,0.07437,0.042053,0.032959
3,2,20260711_220721_h9k2mi__outer03__inner02__aug01,20260711_220721_h9k2mi,user4,ঈ,output/user4/ঈ/ঈ_20260711_220721_h9k2mi.mp4,1.004829,0.959843,3,0.026702,-0.039294,0.00903
3,2,20260711_220721_h9k2mi__outer03__inner02__aug02,20260711_220721_h9k2mi,user4,ঈ,output/user4/ঈ/ঈ_20260711_220721_h9k2mi.mp4,0.871138,0.915265,5,0.039209,-0.022695,0.046234
3,2,20260711_220721_h9k2mi__outer03__inner02__aug03,20260711_220721_h9k2mi,user4,ঈ,output/user4/ঈ/ঈ_20260711_220721_h9k2mi.mp4,1.0965,0.98545,5,0.024866,0.038678,-0.027576
3,2,20260711_220738_j2qzn6__outer03__inner02__aug01,20260711_220738_j2qzn6,user4,ঈ,output/user4/ঈ/ঈ_20260711_220738_j2qzn6.mp4,1.076845,1.043146,5,0.013683,0.030296,-0.025289
3,2,20260711_220738_j2qzn6__outer03__inner02__aug02,20260711_220738_j2qzn6,user4,ঈ,output/user4/ঈ/ঈ_20260711_220738_j2qzn6.mp4,0.92468,1.052234,5,0.081265,0.031066,-0.003364
3,2,20260711_220738_j2qzn6__outer03__inner02__aug03,20260711_220738_j2qzn6,user4,ঈ,output/user4/ঈ/ঈ_20260711_220738_j2qzn6.mp4,1.116875,1.020025,3,0.097863,0.041703,0.038205
3,2,20260711_220751_axw80l__outer03__inner02__aug01,20260711_220751_axw80l,user4,ঈ,output/user4/ঈ/ঈ_20260711_220751_axw80l.mp4,1.118135,0.943957,3,0.05677,0.018441,0.014962
3,2,20260711_220751_axw80l__outer03__inner02__aug02,20260711_220751_axw80l,user4,ঈ,output/user4/ঈ/ঈ_20260711_220751_axw80l.mp4,0.854977,1.031026,5,0.098655,0.023153,-0.048931
3,2,20260711_220751_axw80l__outer03__inner02__aug03,20260711_220751_axw80l,user4,ঈ,output/user4/ঈ/ঈ_20260711_220751_axw80l.mp4,0.877179,1.042973,5,0.070812,0.02242,-0.042721
3,2,20260711_220807_mldxj2__outer03__inner02__aug01,20260711_220807_mldxj2,user4,ঈ,output/user4/ঈ/ঈ_20260711_220807_mldxj2.mp4,0.867237,0.851325,5,0.056546,0.007763,0.012936
3,2,20260711_220807_mldxj2__outer03__inner02__aug02,20260711_220807_mldxj2,user4,ঈ,output/user4/ঈ/ঈ_20260711_220807_mldxj2.mp4,0.992522,0.867767,3,0.013241,0.031181,-0.023245
3,2,20260711_220807_mldxj2__outer03__inner02__aug03,20260711_220807_mldxj2,user4,ঈ,output/user4/ঈ/ঈ_20260711_220807_mldxj2.mp4,1.084923,1.017933,3,0.086387,-0.00022,0.04673
3,2,20260711_220822_wgaxvc__outer03__inner02__aug01,20260711_220822_wgaxvc,user4,ঈ,output/user4/ঈ/ঈ_20260711_220822_wgaxvc.mp4,1.021958,1.089994,3,0.023522,0.005595,-0.026119
3,2,20260711_220822_wgaxvc__outer03__inner02__aug02,20260711_220822_wgaxvc,user4,ঈ,output/user4/ঈ/ঈ_20260711_220822_wgaxvc.mp4,0.990368,1.127462,5,0.040651,-0.010343,-0.007982
3,2,20260711_220822_wgaxvc__outer03__inner02__aug03,20260711_220822_wgaxvc,user4,ঈ,output/user4/ঈ/ঈ_20260711_220822_wgaxvc.mp4,0.895031,1.06263,3,0.061813,0.025301,-0.04492
3,2,20260711_220837_dby4gx__outer03__inner02__aug01,20260711_220837_dby4gx,user4,ঈ,output/user4/ঈ/ঈ_20260711_220837_dby4gx.mp4,0.918379,1.070233,5,0.063202,0.000458,-0.020002
3,2,20260711_220837_dby4gx__outer03__inner02__aug02,20260711_220837_dby4gx,user4,ঈ,output/user4/ঈ/ঈ_20260711_220837_dby4gx.mp4,0.933186,1.06607,3,0.027342,-0.0379,-0.042224
3,2,20260711_220837_dby4gx__outer03__inner02__aug03,20260711_220837_dby4gx,user4,ঈ,output/user4/ঈ/ঈ_20260711_220837_dby4gx.mp4,1.001732,1.097931,5,0.03218,-0.027783,-0.003869
3,2,20260711_220850_xo5kch__outer03__inner02__aug01,20260711_220850_xo5kch,user4,ঈ,output/user4/ঈ/ঈ_20260711_220850_xo5kch.mp4,1.001129,0.864431,5,0.009455,0.021519,0.034537
3,2,20260711_220850_xo5kch__outer03__inner02__aug02,20260711_220850_xo5kch,user4,ঈ,output/user4/ঈ/ঈ_20260711_220850_xo5kch.mp4,1.079795,1.1412,5,0.006546,0.038358,-0.030595
3,2,20260711_220850_xo5kch__outer03__inner02__aug03,20260711_220850_xo5kch,user4,ঈ,output/user4/ঈ/ঈ_20260711_220850_xo5kch.mp4,0.898408,1.01902,3,0.07573,-0.018049,-0.038826
3,2,20260711_220906_ehc737__outer03__inner02__aug01,20260711_220906_ehc737,user4,ঈ,output/user4/ঈ/ঈ_20260711_220906_ehc737.mp4,1.000647,1.088657,5,0.044497,0.036334,0.046128
3,2,20260711_220906_ehc737__outer03__inner02__aug02,20260711_220906_ehc737,user4,ঈ,output/user4/ঈ/ঈ_20260711_220906_ehc737.mp4,1.041811,0.953182,3,0.010598,-0.049274,0.021604
3,2,20260711_220906_ehc737__outer03__inner02__aug03,20260711_220906_ehc737,user4,ঈ,output/user4/ঈ/ঈ_20260711_220906_ehc737.mp4,1.128225,0.955749,3,0.02258,0.019826,-0.00266
4,0,20260711_220930_a944cy__outer04__inner00__aug01,20260711_220930_a944cy,for_bonhi,ঔ,output/for_bonhi/ঔ/ঔ_20260711_220930_a944cy.mp4,0.966539,1.018027,3,0.077745,0.01842,0.008647
4,0,20260711_220930_a944cy__outer04__inner00__aug02,20260711_220930_a944cy,for_bonhi,ঔ,output/for_bonhi/ঔ/ঔ_20260711_220930_a944cy.mp4,0.979595,1.036775,5,0.008705,-0.005946,-0.023492
4,0,20260711_220930_a944cy__outer04__inner00__aug03,20260711_220930_a944cy,for_bonhi,ঔ,output/for_bonhi/ঔ/ঔ_20260711_220930_a944cy.mp4,0.933936,1.053321,5,0.062768,-0.040517,-0.023604
4,0,20260704_232121_lcxi4y__outer04__inner00__aug01,20260704_232121_lcxi4y,user2,অ,output/user2/অ/অ_20260704_232121_lcxi4y.mp4,0.956733,1.02587,5,0.003511,-0.016114,0.006465
4,0,20260704_232121_lcxi4y__outer04__inner00__aug02,20260704_232121_lcxi4y,user2,অ,output/user2/অ/অ_20260704_232121_lcxi4y.mp4,0.947949,0.896681,3,0.002248,-0.021742,-0.041401
4,0,20260704_232121_lcxi4y__outer04__inner00__aug03,20260704_232121_lcxi4y,user2,অ,output/user2/অ/অ_20260704_232121_lcxi4y.mp4,1.132856,1.117539,5,0.058409,-0.039602,0.03372
4,0,20260728_232630_znnts0__outer04__inner00__aug01,20260728_232630_znnts0,user2,অ,output/user2/অ/অ_20260728_232630_znnts0.mp4,1.110285,0.968354,3,0.012521,-0.008686,-0.049066
4,0,20260728_232630_znnts0__outer04__inner00__aug02,20260728_232630_znnts0,user2,অ,output/user2/অ/অ_20260728_232630_znnts0.mp4,0.981987,0.898065,5,0.091492,0.019718,-0.039499
4,0,20260728_232630_znnts0__outer04__inner00__aug03,20260728_232630_znnts0,user2,অ,output/user2/অ/অ_20260728_232630_znnts0.mp4,1.046193,0.946289,3,0.089938,0.035669,-0.044132
4,0,20260728_232652_hdsmyh__outer04__inner00__aug01,20260728_232652_hdsmyh,user2,অ,output/user2/অ/অ_20260728_232652_hdsmyh.mp4,1.056598,0.989625,5,0.051963,-0.04268,0.04163
4,0,20260728_232652_hdsmyh__outer04__inner00__aug02,20260728_232652_hdsmyh,user2,অ,output/user2/অ/অ_20260728_232652_hdsmyh.mp4,1.13691,1.026423,5,0.035857,-0.048883,0.013789
4,0,20260728_232652_hdsmyh__outer04__inner00__aug03,20260728_232652_hdsmyh,user2,অ,output/user2/অ/অ_20260728_232652_hdsmyh.mp4,1.093426,0.907577,3,0.018995,0.00533,0.027044
4,0,20260728_232714_hincfq__outer04__inner00__aug01,20260728_232714_hincfq,user2,অ,output/user2/অ/অ_20260728_232714_hincfq.mp4,0.881336,0.882736,3,0.000519,0.03204,-0.036952
4,0,20260728_232714_hincfq__outer04__inner00__aug02,20260728_232714_hincfq,user2,অ,output/user2/অ/অ_20260728_232714_hincfq.mp4,1.135121,1.057213,5,0.099947,-0.032075,-0.007463
4,0,20260728_232714_hincfq__outer04__inner00__aug03,20260728_232714_hincfq,user2,অ,output/user2/অ/অ_20260728_232714_hincfq.mp4,0.974114,1.009239,5,0.07974,-0.040637,-0.013081
4,0,20260728_232741_j1gvgu__outer04__inner00__aug01,20260728_232741_j1gvgu,user2,অ,output/user2/অ/অ_20260728_232741_j1gvgu.mp4,0.866242,0.935707,5,0.066526,-0.021096,0.008314
4,0,20260728_232741_j1gvgu__outer04__inner00__aug02,20260728_232741_j1gvgu,user2,অ,output/user2/অ/অ_20260728_232741_j1gvgu.mp4,0.914021,1.046888,3,0.005552,0.029202,-0.027588
4,0,20260728_232741_j1gvgu__outer04__inner00__aug03,20260728_232741_j1gvgu,user2,অ,output/user2/অ/অ_20260728_232741_j1gvgu.mp4,0.888819,0.974299,3,0.042784,0.026525,-0.013326
4,0,20260704_232148_mqf5ea__outer04__inner00__aug01,20260704_232148_mqf5ea,user2,আ,output/user2/আ/আ_20260704_232148_mqf5ea.mp4,1.146674,1.045782,3,0.086491,0.006002,0.018913
4,0,20260704_232148_mqf5ea__outer04__inner00__aug02,20260704_232148_mqf5ea,user2,আ,output/user2/আ/আ_20260704_232148_mqf5ea.mp4,1.133828,1.099242,3,0.028267,0.03971,0.031041
4,0,20260704_232148_mqf5ea__outer04__inner00__aug03,20260704_232148_mqf5ea,user2,আ,output/user2/আ/আ_20260704_232148_mqf5ea.mp4,1.104276,0.919432,5,0.094883,0.039263,0.026599
4,0,20260728_232436_9i4gi8__outer04__inner00__aug01,20260728_232436_9i4gi8,user2,আ,output/user2/আ/আ_20260728_232436_9i4gi8.mp4,1.066803,1.139041,3,0.069038,-0.040617,0.04689
4,0,20260728_232436_9i4gi8__outer04__inner00__aug02,20260728_232436_9i4gi8,user2,আ,output/user2/আ/আ_20260728_232436_9i4gi8.mp4,0.938206,0.861252,3,0.022174,-0.039858,0.017175
4,0,20260728_232436_9i4gi8__outer04__inner00__aug03,20260728_232436_9i4gi8,user2,আ,output/user2/আ/আ_20260728_232436_9i4gi8.mp4,1.080556,0.876288,5,0.026607,0.005759,-0.008596
4,0,20260728_232459_m6l3cf__outer04__inner00__aug01,20260728_232459_m6l3cf,user2,আ,output/user2/আ/আ_20260728_232459_m6l3cf.mp4,1.036285,1.047348,3,0.05672,-0.019132,-0.040177
4,0,20260728_232459_m6l3cf__outer04__inner00__aug02,20260728_232459_m6l3cf,user2,আ,output/user2/আ/আ_20260728_232459_m6l3cf.mp4,0.933413,1.113745,5,0.062825,-0.024391,0.041638
4,0,20260728_232459_m6l3cf__outer04__inner00__aug03,20260728_232459_m6l3cf,user2,আ,output/user2/আ/আ_20260728_232459_m6l3cf.mp4,0.942147,0.850126,5,0.07551,-0.026055,0.049666
4,0,20260728_232520_l4uaan__outer04__inner00__aug01,20260728_232520_l4uaan,user2,আ,output/user2/আ/আ_20260728_232520_l4uaan.mp4,1.098664,0.894041,3,0.07932,0.015901,-0.027717
4,0,20260728_232520_l4uaan__outer04__inner00__aug02,20260728_232520_l4uaan,user2,আ,output/user2/আ/আ_20260728_232520_l4uaan.mp4,0.974225,0.911953,5,0.012454,0.033916,-0.01279
4,0,20260728_232520_l4uaan__outer04__inner00__aug03,20260728_232520_l4uaan,user2,আ,output/user2/আ/আ_20260728_232520_l4uaan.mp4,0.881726,1.131322,5,0.017949,0.018855,-0.010815
4,0,20260728_232556_dwfz7c__outer04__inner00__aug01,20260728_232556_dwfz7c,user2,আ,output/user2/আ/আ_20260728_232556_dwfz7c.mp4,1.131017,1.015664,5,0.060298,0.040873,0.008835
4,0,20260728_232556_dwfz7c__outer04__inner00__aug02,20260728_232556_dwfz7c,user2,আ,output/user2/আ/আ_20260728_232556_dwfz7c.mp4,1.055955,1.123348,3,0.00916,-0.000548,0.032104
4,0,20260728_232556_dwfz7c__outer04__inner00__aug03,20260728_232556_dwfz7c,user2,আ,output/user2/আ/আ_20260728_232556_dwfz7c.mp4,0.860779,1.060405,5,0.092272,-0.007747,-0.042258
4,0,20260704_232218_jf6rio__outer04__inner00__aug01,20260704_232218_jf6rio,user2,ই,output/user2/ই/ই_20260704_232218_jf6rio.mp4,0.933609,1.105959,5,0.011005,0.034268,-0.034839
4,0,20260704_232218_jf6rio__outer04__inner00__aug02,20260704_232218_jf6rio,user2,ই,output/user2/ই/ই_20260704_232218_jf6rio.mp4,0.859196,1.129467,3,0.007563,-0.01197,-0.005717
4,0,20260704_232218_jf6rio__outer04__inner00__aug03,20260704_232218_jf6rio,user2,ই,output/user2/ই/ই_20260704_232218_jf6rio.mp4,1.137334,0.888261,3,0.073409,-0.049931,0.001416
4,0,20260728_232810_781yo6__outer04__inner00__aug01,20260728_232810_781yo6,user2,ই,output/user2/ই/ই_20260728_232810_781yo6.mp4,1.030693,1.043318,5,0.048577,-0.004923,-0.041027
4,0,20260728_232810_781yo6__outer04__inner00__aug02,20260728_232810_781yo6,user2,ই,output/user2/ই/ই_20260728_232810_781yo6.mp4,0.878754,0.873654,5,0.09711,0.010072,-0.016312
4,0,20260728_232810_781yo6__outer04__inner00__aug03,20260728_232810_781yo6,user2,ই,output/user2/ই/ই_20260728_232810_781yo6.mp4,0.942794,0.913049,3,0.017803,0.043852,0.009509
4,0,20260728_232836_pvgrxn__outer04__inner00__aug01,20260728_232836_pvgrxn,user2,ই,output/user2/ই/ই_20260728_232836_pvgrxn.mp4,1.037698,0.968189,3,0.065028,0.002476,0.018384
4,0,20260728_232836_pvgrxn__outer04__inner00__aug02,20260728_232836_pvgrxn,user2,ই,output/user2/ই/ই_20260728_232836_pvgrxn.mp4,1.018976,1.073863,3,0.022205,-0.001816,-0.027309
4,0,20260728_232836_pvgrxn__outer04__inner00__aug03,20260728_232836_pvgrxn,user2,ই,output/user2/ই/ই_20260728_232836_pvgrxn.mp4,0.930258,0.89719,5,0.053958,-0.039009,0.033175
4,0,20260728_233118_pcjncu__outer04__inner00__aug01,20260728_233118_pcjncu,user2,ই,output/user2/ই/ই_20260728_233118_pcjncu.mp4,1.104791,1.07802,3,0.09369,0.041604,0.00479
4,0,20260728_233118_pcjncu__outer04__inner00__aug02,20260728_233118_pcjncu,user2,ই,output/user2/ই/ই_20260728_233118_pcjncu.mp4,1.07689,0.989114,5,0.066043,-0.000256,-0.036974
4,0,20260728_233118_pcjncu__outer04__inner00__aug03,20260728_233118_pcjncu,user2,ই,output/user2/ই/ই_20260728_233118_pcjncu.mp4,1.138319,0.928326,5,0.055219,-0.04904,-0.018744
4,0,20260728_233205_n417cm__outer04__inner00__aug01,20260728_233205_n417cm,user2,ই,output/user2/ই/ই_20260728_233205_n417cm.mp4,1.009139,1.081381,3,0.03292,-0.011923,0.03711
4,0,20260728_233205_n417cm__outer04__inner00__aug02,20260728_233205_n417cm,user2,ই,output/user2/ই/ই_20260728_233205_n417cm.mp4,1.093533,0.913349,3,0.075786,0.021611,0.049483
4,0,20260728_233205_n417cm__outer04__inner00__aug03,20260728_233205_n417cm,user2,ই,output/user2/ই/ই_20260728_233205_n417cm.mp4,1.099609,0.970037,5,0.06263,-0.037203,-0.009
4,0,20260704_232243_1fsapx__outer04__inner00__aug01,20260704_232243_1fsapx,user2,ঈ,output/user2/ঈ/ঈ_20260704_232243_1fsapx.mp4,1.072605,1.004518,3,0.058241,0.01039,-0.01747
4,0,20260704_232243_1fsapx__outer04__inner00__aug02,20260704_232243_1fsapx,user2,ঈ,output/user2/ঈ/ঈ_20260704_232243_1fsapx.mp4,0.898601,1.049095,3,0.065105,0.048009,-0.005251
4,0,20260704_232243_1fsapx__outer04__inner00__aug03,20260704_232243_1fsapx,user2,ঈ,output/user2/ঈ/ঈ_20260704_232243_1fsapx.mp4,1.053195,0.903751,5,0.05575,-0.028552,-0.001021
4,0,20260728_233238_q39ioy__outer04__inner00__aug01,20260728_233238_q39ioy,user2,ঈ,output/user2/ঈ/ঈ_20260728_233238_q39ioy.mp4,0.853977,1.144866,3,0.083744,0.046361,0.027322
4,0,20260728_233238_q39ioy__outer04__inner00__aug02,20260728_233238_q39ioy,user2,ঈ,output/user2/ঈ/ঈ_20260728_233238_q39ioy.mp4,0.851864,0.923185,3,0.050971,0.032991,-0.032651
4,0,20260728_233238_q39ioy__outer04__inner00__aug03,20260728_233238_q39ioy,user2,ঈ,output/user2/ঈ/ঈ_20260728_233238_q39ioy.mp4,1.110259,0.91317,5,0.068807,0.005565,-0.014478
4,0,20260728_233302_e8k0ge__outer04__inner00__aug01,20260728_233302_e8k0ge,user2,ঈ,output/user2/ঈ/ঈ_20260728_233302_e8k0ge.mp4,1.064916,1.080163,5,0.013415,-0.000694,-0.030725
4,0,20260728_233302_e8k0ge__outer04__inner00__aug02,20260728_233302_e8k0ge,user2,ঈ,output/user2/ঈ/ঈ_20260728_233302_e8k0ge.mp4,0.942563,1.125233,5,0.093239,0.023619,-0.033044
4,0,20260728_233302_e8k0ge__outer04__inner00__aug03,20260728_233302_e8k0ge,user2,ঈ,output/user2/ঈ/ঈ_20260728_233302_e8k0ge.mp4,1.032895,0.936309,5,0.084441,-0.00585,0.011687
4,0,20260728_233333_nvf18a__outer04__inner00__aug01,20260728_233333_nvf18a,user2,ঈ,output/user2/ঈ/ঈ_20260728_233333_nvf18a.mp4,0.957021,0.997286,3,0.077624,0.03211,-0.034621
4,0,20260728_233333_nvf18a__outer04__inner00__aug02,20260728_233333_nvf18a,user2,ঈ,output/user2/ঈ/ঈ_20260728_233333_nvf18a.mp4,1.146997,1.085329,5,0.033504,-7.7e-05,0.007595
4,0,20260728_233333_nvf18a__outer04__inner00__aug03,20260728_233333_nvf18a,user2,ঈ,output/user2/ঈ/ঈ_20260728_233333_nvf18a.mp4,1.139809,1.087032,3,0.024959,0.014289,0.034401
4,0,20260728_233359_9wg8n4__outer04__inner00__aug01,20260728_233359_9wg8n4,user2,ঈ,output/user2/ঈ/ঈ_20260728_233359_9wg8n4.mp4,1.034705,1.043729,5,0.059964,0.016522,-0.028185
4,0,20260728_233359_9wg8n4__outer04__inner00__aug02,20260728_233359_9wg8n4,user2,ঈ,output/user2/ঈ/ঈ_20260728_233359_9wg8n4.mp4,0.921589,0.88805,5,0.05454,0.024299,-0.021509
4,0,20260728_233359_9wg8n4__outer04__inner00__aug03,20260728_233359_9wg8n4,user2,ঈ,output/user2/ঈ/ঈ_20260728_233359_9wg8n4.mp4,0.94671,0.979031,3,0.019868,0.002372,0.005495
4,0,20260711_200812_18txgi__outer04__inner00__aug01,20260711_200812_18txgi,user3,অ,output/user3/অ/অ_20260711_200812_18txgi.mp4,0.875943,1.146771,3,0.042047,0.044404,-0.044634
4,0,20260711_200812_18txgi__outer04__inner00__aug02,20260711_200812_18txgi,user3,অ,output/user3/অ/অ_20260711_200812_18txgi.mp4,0.860912,0.979254,3,0.049544,0.018604,0.00032
4,0,20260711_200812_18txgi__outer04__inner00__aug03,20260711_200812_18txgi,user3,অ,output/user3/অ/অ_20260711_200812_18txgi.mp4,0.882977,1.115763,5,0.06703,0.041012,0.03819
4,0,20260711_200917_z1na4w__outer04__inner00__aug01,20260711_200917_z1na4w,user3,অ,output/user3/অ/অ_20260711_200917_z1na4w.mp4,0.964526,1.001271,5,0.096289,0.011092,0.041642
4,0,20260711_200917_z1na4w__outer04__inner00__aug02,20260711_200917_z1na4w,user3,অ,output/user3/অ/অ_20260711_200917_z1na4w.mp4,1.133472,1.141226,5,0.074109,-0.027883,0.004654
4,0,20260711_200917_z1na4w__outer04__inner00__aug03,20260711_200917_z1na4w,user3,অ,output/user3/অ/অ_20260711_200917_z1na4w.mp4,1.042148,1.071646,3,0.050872,0.013471,0.040891
4,0,20260711_200954_0muns4__outer04__inner00__aug01,20260711_200954_0muns4,user3,অ,output/user3/অ/অ_20260711_200954_0muns4.mp4,0.893333,0.967577,3,0.096621,0.007097,-0.048142
4,0,20260711_200954_0muns4__outer04__inner00__aug02,20260711_200954_0muns4,user3,অ,output/user3/অ/অ_20260711_200954_0muns4.mp4,0.983426,1.080323,5,0.032134,-0.011621,0.034677
4,0,20260711_200954_0muns4__outer04__inner00__aug03,20260711_200954_0muns4,user3,অ,output/user3/অ/অ_20260711_200954_0muns4.mp4,1.035093,1.080994,5,0.028491,-0.017386,0.01961
4,0,20260711_201110_jw6cqh__outer04__inner00__aug01,20260711_201110_jw6cqh,user3,অ,output/user3/অ/অ_20260711_201110_jw6cqh.mp4,1.068427,0.856555,5,0.084299,0.033355,0.040641
4,0,20260711_201110_jw6cqh__outer04__inner00__aug02,20260711_201110_jw6cqh,user3,অ,output/user3/অ/অ_20260711_201110_jw6cqh.mp4,1.015662,0.989634,5,0.026205,0.04966,0.030497
4,0,20260711_201110_jw6cqh__outer04__inner00__aug03,20260711_201110_jw6cqh,user3,অ,output/user3/অ/অ_20260711_201110_jw6cqh.mp4,0.982907,0.904074,5,0.069708,0.047623,0.01407
4,0,20260711_201208_6ylgz1__outer04__inner00__aug01,20260711_201208_6ylgz1,user3,অ,output/user3/অ/অ_20260711_201208_6ylgz1.mp4,0.932898,1.07805,3,0.022268,-0.019517,0.036878
4,0,20260711_201208_6ylgz1__outer04__inner00__aug02,20260711_201208_6ylgz1,user3,অ,output/user3/অ/অ_20260711_201208_6ylgz1.mp4,0.909717,1.12493,5,0.090679,0.026154,-0.047752
4,0,20260711_201208_6ylgz1__outer04__inner00__aug03,20260711_201208_6ylgz1,user3,অ,output/user3/অ/অ_20260711_201208_6ylgz1.mp4,0.911511,1.100275,5,0.030046,-0.020329,-0.01751
4,0,20260711_201526_9elfv0__outer04__inner00__aug01,20260711_201526_9elfv0,user3,অ,output/user3/অ/অ_20260711_201526_9elfv0.mp4,1.11339,0.961583,3,0.04712,-0.030499,-0.010629
4,0,20260711_201526_9elfv0__outer04__inner00__aug02,20260711_201526_9elfv0,user3,অ,output/user3/অ/অ_20260711_201526_9elfv0.mp4,0.937517,0.877521,5,0.0145,0.016566,0.006701
4,0,20260711_201526_9elfv0__outer04__inner00__aug03,20260711_201526_9elfv0,user3,অ,output/user3/অ/অ_20260711_201526_9elfv0.mp4,1.134819,1.06394,3,0.06783,-0.012949,0.019707
4,0,20260711_201609_iv7642__outer04__inner00__aug01,20260711_201609_iv7642,user3,অ,output/user3/অ/অ_20260711_201609_iv7642.mp4,1.073706,0.997213,5,0.086079,-0.014567,0.043059
4,0,20260711_201609_iv7642__outer04__inner00__aug02,20260711_201609_iv7642,user3,অ,output/user3/অ/অ_20260711_201609_iv7642.mp4,1.101201,0.890664,5,0.022829,-0.017632,-0.038938
4,0,20260711_201609_iv7642__outer04__inner00__aug03,20260711_201609_iv7642,user3,অ,output/user3/অ/অ_20260711_201609_iv7642.mp4,1.009127,0.989869,3,0.030707,-0.049145,-0.0048
4,0,20260711_201811_0znu6g__outer04__inner00__aug01,20260711_201811_0znu6g,user3,অ,output/user3/অ/অ_20260711_201811_0znu6g.mp4,1.059523,0.978501,5,0.093289,-0.009502,0.035755
4,0,20260711_201811_0znu6g__outer04__inner00__aug02,20260711_201811_0znu6g,user3,অ,output/user3/অ/অ_20260711_201811_0znu6g.mp4,1.027804,0.872542,5,0.018052,0.020955,-0.048668
4,0,20260711_201811_0znu6g__outer04__inner00__aug03,20260711_201811_0znu6g,user3,অ,output/user3/অ/অ_20260711_201811_0znu6g.mp4,0.956571,1.034796,5,0.009842,-0.036194,0.004911
4,0,20260711_201916_nc9ara__outer04__inner00__aug01,20260711_201916_nc9ara,user3,অ,output/user3/অ/অ_20260711_201916_nc9ara.mp4,1.120106,0.8688,5,0.08208,-0.045392,-0.043582
4,0,20260711_201916_nc9ara__outer04__inner00__aug02,20260711_201916_nc9ara,user3,অ,output/user3/অ/অ_20260711_201916_nc9ara.mp4,0.972086,1.023222,5,0.037299,0.045845,0.030361
4,0,20260711_201916_nc9ara__outer04__inner00__aug03,20260711_201916_nc9ara,user3,অ,output/user3/অ/অ_20260711_201916_nc9ara.mp4,1.12712,0.989466,5,0.047088,-0.006542,-0.010274
4,0,20260711_201953_sai9ew__outer04__inner00__aug01,20260711_201953_sai9ew,user3,অ,output/user3/অ/অ_20260711_201953_sai9ew.mp4,0.997011,0.984724,3,0.061258,0.021522,-0.014599
4,0,20260711_201953_sai9ew__outer04__inner00__aug02,20260711_201953_sai9ew,user3,অ,output/user3/অ/অ_20260711_201953_sai9ew.mp4,0.864602,0.924376,3,0.012695,-0.012645,0.020074
4,0,20260711_201953_sai9ew__outer04__inner00__aug03,20260711_201953_sai9ew,user3,অ,output/user3/অ/অ_20260711_201953_sai9ew.mp4,0.896794,1.036376,5,0.047168,-0.00039,0.035525
4,0,20260711_202025_bntr0i__outer04__inner00__aug01,20260711_202025_bntr0i,user3,অ,output/user3/অ/অ_20260711_202025_bntr0i.mp4,1.024996,0.905267,3,0.085933,0.039531,-0.044156
4,0,20260711_202025_bntr0i__outer04__inner00__aug02,20260711_202025_bntr0i,user3,অ,output/user3/অ/অ_20260711_202025_bntr0i.mp4,0.936976,0.915882,5,0.005555,0.015651,0.037906
4,0,20260711_202025_bntr0i__outer04__inner00__aug03,20260711_202025_bntr0i,user3,অ,output/user3/অ/অ_20260711_202025_bntr0i.mp4,0.962174,1.038113,3,0.015837,-0.008167,0.003986
4,0,20260711_202714_mwa7m1__outer04__inner00__aug01,20260711_202714_mwa7m1,user3,অ,output/user3/অ/অ_20260711_202714_mwa7m1.mp4,0.963519,1.002152,3,0.085993,0.040323,-0.045015
4,0,20260711_202714_mwa7m1__outer04__inner00__aug02,20260711_202714_mwa7m1,user3,অ,output/user3/অ/অ_20260711_202714_mwa7m1.mp4,0.972926,1.063734,3,0.077417,-0.005006,-0.037244
4,0,20260711_202714_mwa7m1__outer04__inner00__aug03,20260711_202714_mwa7m1,user3,অ,output/user3/অ/অ_20260711_202714_mwa7m1.mp4,0.879114,0.985385,5,0.09664,0.048895,0.029727
4,0,20260711_202846_kmy51g__outer04__inner00__aug01,20260711_202846_kmy51g,user3,অ,output/user3/অ/অ_20260711_202846_kmy51g.mp4,1.021231,1.068434,3,0.068841,-0.038809,0.048543
4,0,20260711_202846_kmy51g__outer04__inner00__aug02,20260711_202846_kmy51g,user3,অ,output/user3/অ/অ_20260711_202846_kmy51g.mp4,1.08329,1.137573,3,0.082034,-0.032168,0.015361
4,0,20260711_202846_kmy51g__outer04__inner00__aug03,20260711_202846_kmy51g,user3,অ,output/user3/অ/অ_20260711_202846_kmy51g.mp4,1.106786,0.904419,3,0.05777,-0.00986,-0.019382
4,0,20260711_203013_i4o0om__outer04__inner00__aug01,20260711_203013_i4o0om,user3,অ,output/user3/অ/অ_20260711_203013_i4o0om.mp4,0.855684,0.922076,5,0.098817,0.013322,-0.01882
4,0,20260711_203013_i4o0om__outer04__inner00__aug02,20260711_203013_i4o0om,user3,অ,output/user3/অ/অ_20260711_203013_i4o0om.mp4,1.140818,1.147414,5,0.05862,0.04443,0.043042
4,0,20260711_203013_i4o0om__outer04__inner00__aug03,20260711_203013_i4o0om,user3,অ,output/user3/অ/অ_20260711_203013_i4o0om.mp4,1.114944,0.967639,3,0.079754,-0.008387,0.033804
4,0,20260711_203112_15gnzj__outer04__inner00__aug01,20260711_203112_15gnzj,user3,অ,output/user3/অ/অ_20260711_203112_15gnzj.mp4,1.106903,0.872748,5,0.07394,0.045382,-0.039072
4,0,20260711_203112_15gnzj__outer04__inner00__aug02,20260711_203112_15gnzj,user3,অ,output/user3/অ/অ_20260711_203112_15gnzj.mp4,0.938005,1.141289,3,0.092216,-0.018766,-0.009573
4,0,20260711_203112_15gnzj__outer04__inner00__aug03,20260711_203112_15gnzj,user3,অ,output/user3/অ/অ_20260711_203112_15gnzj.mp4,1.058131,0.984565,3,0.094347,0.020566,0.043654
4,0,20260711_205524_jbk5pv__outer04__inner00__aug01,20260711_205524_jbk5pv,user3,আ,output/user3/আ/আ_20260711_205524_jbk5pv.mp4,1.077307,1.134509,3,0.092872,-0.037184,0.00156
4,0,20260711_205524_jbk5pv__outer04__inner00__aug02,20260711_205524_jbk5pv,user3,আ,output/user3/আ/আ_20260711_205524_jbk5pv.mp4,1.07648,1.045216,5,0.054709,0.014053,-0.011055
4,0,20260711_205524_jbk5pv__outer04__inner00__aug03,20260711_205524_jbk5pv,user3,আ,output/user3/আ/আ_20260711_205524_jbk5pv.mp4,0.962805,0.942252,5,0.023937,0.008553,-0.027311
4,0,20260711_205559_azslan__outer04__inner00__aug01,20260711_205559_azslan,user3,আ,output/user3/আ/আ_20260711_205559_azslan.mp4,0.908777,0.984105,5,0.038544,0.043815,0.03887
4,0,20260711_205559_azslan__outer04__inner00__aug02,20260711_205559_azslan,user3,আ,output/user3/আ/আ_20260711_205559_azslan.mp4,0.888375,0.915747,5,0.092128,-0.017785,-0.005808
4,0,20260711_205559_azslan__outer04__inner00__aug03,20260711_205559_azslan,user3,আ,output/user3/আ/আ_20260711_205559_azslan.mp4,0.979823,0.952084,5,0.033563,0.029456,-0.030861
4,0,20260711_205630_gydvnp__outer04__inner00__aug01,20260711_205630_gydvnp,user3,আ,output/user3/আ/আ_20260711_205630_gydvnp.mp4,1.136954,0.930193,5,0.058594,0.040758,0.002272
4,0,20260711_205630_gydvnp__outer04__inner00__aug02,20260711_205630_gydvnp,user3,আ,output/user3/আ/আ_20260711_205630_gydvnp.mp4,1.066065,1.12234,5,0.024975,-0.012286,0.017848
4,0,20260711_205630_gydvnp__outer04__inner00__aug03,20260711_205630_gydvnp,user3,আ,output/user3/আ/আ_20260711_205630_gydvnp.mp4,1.040499,0.884589,3,0.097865,0.025025,0.032835
4,0,20260711_205707_n57400__outer04__inner00__aug01,20260711_205707_n57400,user3,আ,output/user3/আ/আ_20260711_205707_n57400.mp4,0.978264,1.113344,5,0.012824,-0.041968,-0.019347
4,0,20260711_205707_n57400__outer04__inner00__aug02,20260711_205707_n57400,user3,আ,output/user3/আ/আ_20260711_205707_n57400.mp4,1.043725,1.078832,3,0.062917,0.034598,0.004411
4,0,20260711_205707_n57400__outer04__inner00__aug03,20260711_205707_n57400,user3,আ,output/user3/আ/আ_20260711_205707_n57400.mp4,0.973952,0.90886,5,0.069168,-0.040516,0.019211
4,0,20260711_205748_usnulf__outer04__inner00__aug01,20260711_205748_usnulf,user3,আ,output/user3/আ/আ_20260711_205748_usnulf.mp4,0.868089,1.040188,3,0.084088,-0.009609,-0.014712
4,0,20260711_205748_usnulf__outer04__inner00__aug02,20260711_205748_usnulf,user3,আ,output/user3/আ/আ_20260711_205748_usnulf.mp4,0.868155,1.062131,3,0.037829,-0.0093,0.016722
4,0,20260711_205748_usnulf__outer04__inner00__aug03,20260711_205748_usnulf,user3,আ,output/user3/আ/আ_20260711_205748_usnulf.mp4,0.983357,0.981438,5,0.022189,-0.031148,0.00228
4,1,20260703_231939_jmltkn__outer04__inner01__aug01,20260703_231939_jmltkn,user1,অ,output/user1/অ/অ_20260703_231939_jmltkn.mp4,1.147537,1.0108,3,0.02842,-0.048184,-0.039208
4,1,20260703_231939_jmltkn__outer04__inner01__aug02,20260703_231939_jmltkn,user1,অ,output/user1/অ/অ_20260703_231939_jmltkn.mp4,0.958789,1.103698,5,0.069493,0.023218,-0.026014
4,1,20260703_231939_jmltkn__outer04__inner01__aug03,20260703_231939_jmltkn,user1,অ,output/user1/অ/অ_20260703_231939_jmltkn.mp4,1.14222,0.949538,5,0.056467,-0.049054,-0.029323
4,1,20260704_230134_0i7e7o__outer04__inner01__aug01,20260704_230134_0i7e7o,user1,অ,output/user1/অ/অ_20260704_230134_0i7e7o.mp4,0.938681,0.921919,3,0.015448,-0.033708,0.026013
4,1,20260704_230134_0i7e7o__outer04__inner01__aug02,20260704_230134_0i7e7o,user1,অ,output/user1/অ/অ_20260704_230134_0i7e7o.mp4,1.138851,1.12022,5,0.090642,-0.009671,0.048077
4,1,20260704_230134_0i7e7o__outer04__inner01__aug03,20260704_230134_0i7e7o,user1,অ,output/user1/অ/অ_20260704_230134_0i7e7o.mp4,1.041118,0.926393,3,0.021419,0.020385,0.009717
4,1,20260704_230207_s0bru0__outer04__inner01__aug01,20260704_230207_s0bru0,user1,অ,output/user1/অ/অ_20260704_230207_s0bru0.mp4,0.987154,1.00874,5,0.029053,0.001111,-0.030062
4,1,20260704_230207_s0bru0__outer04__inner01__aug02,20260704_230207_s0bru0,user1,অ,output/user1/অ/অ_20260704_230207_s0bru0.mp4,0.939487,0.868399,5,0.093412,-0.039338,0.016803
4,1,20260704_230207_s0bru0__outer04__inner01__aug03,20260704_230207_s0bru0,user1,অ,output/user1/অ/অ_20260704_230207_s0bru0.mp4,1.043559,1.003565,5,0.058557,0.00674,-0.037511
4,1,20260704_230243_20ggrl__outer04__inner01__aug01,20260704_230243_20ggrl,user1,অ,output/user1/অ/অ_20260704_230243_20ggrl.mp4,1.121999,1.033191,3,0.036951,0.012365,-0.019784
4,1,20260704_230243_20ggrl__outer04__inner01__aug02,20260704_230243_20ggrl,user1,অ,output/user1/অ/অ_20260704_230243_20ggrl.mp4,1.113783,0.889474,3,0.082015,-0.013755,0.00474
4,1,20260704_230243_20ggrl__outer04__inner01__aug03,20260704_230243_20ggrl,user1,অ,output/user1/অ/অ_20260704_230243_20ggrl.mp4,1.108659,0.941736,5,0.094061,-0.001471,-0.026227
4,1,20260704_230314_biogka__outer04__inner01__aug01,20260704_230314_biogka,user1,অ,output/user1/অ/অ_20260704_230314_biogka.mp4,0.881827,0.853514,5,0.080325,0.04795,-0.044285
4,1,20260704_230314_biogka__outer04__inner01__aug02,20260704_230314_biogka,user1,অ,output/user1/অ/অ_20260704_230314_biogka.mp4,1.042142,0.863283,5,0.023392,0.044659,0.009437
4,1,20260704_230314_biogka__outer04__inner01__aug03,20260704_230314_biogka,user1,অ,output/user1/অ/অ_20260704_230314_biogka.mp4,0.954525,1.007519,3,0.007499,-0.047881,-0.04044
4,1,20260704_230343_z76un4__outer04__inner01__aug01,20260704_230343_z76un4,user1,অ,output/user1/অ/অ_20260704_230343_z76un4.mp4,1.020305,0.940722,3,0.090832,0.044744,0.00879
4,1,20260704_230343_z76un4__outer04__inner01__aug02,20260704_230343_z76un4,user1,অ,output/user1/অ/অ_20260704_230343_z76un4.mp4,0.900282,1.013165,5,0.034176,0.046168,0.00226
4,1,20260704_230343_z76un4__outer04__inner01__aug03,20260704_230343_z76un4,user1,অ,output/user1/অ/অ_20260704_230343_z76un4.mp4,0.863461,0.896673,5,0.028847,-0.022682,0.039539
4,1,20260704_230438_1by20a__outer04__inner01__aug01,20260704_230438_1by20a,user1,অ,output/user1/অ/অ_20260704_230438_1by20a.mp4,0.898531,0.864323,3,0.065162,0.005668,-0.038321
4,1,20260704_230438_1by20a__outer04__inner01__aug02,20260704_230438_1by20a,user1,অ,output/user1/অ/অ_20260704_230438_1by20a.mp4,0.951346,0.976906,5,0.035587,-0.013668,0.005648
4,1,20260704_230438_1by20a__outer04__inner01__aug03,20260704_230438_1by20a,user1,অ,output/user1/অ/অ_20260704_230438_1by20a.mp4,1.059943,1.110938,5,0.080429,0.033639,0.003083
4,1,20260704_230508_zz8agk__outer04__inner01__aug01,20260704_230508_zz8agk,user1,অ,output/user1/অ/অ_20260704_230508_zz8agk.mp4,0.998598,0.959306,5,0.099008,-0.000713,0.011442
4,1,20260704_230508_zz8agk__outer04__inner01__aug02,20260704_230508_zz8agk,user1,অ,output/user1/অ/অ_20260704_230508_zz8agk.mp4,1.106444,1.018689,3,0.023147,-0.001687,-0.020161
4,1,20260704_230508_zz8agk__outer04__inner01__aug03,20260704_230508_zz8agk,user1,অ,output/user1/অ/অ_20260704_230508_zz8agk.mp4,0.870952,1.003428,5,0.099014,-0.009119,0.030162
4,1,20260704_230530_8783vw__outer04__inner01__aug01,20260704_230530_8783vw,user1,অ,output/user1/অ/অ_20260704_230530_8783vw.mp4,1.038325,1.008154,5,0.044722,0.017266,0.000147
4,1,20260704_230530_8783vw__outer04__inner01__aug02,20260704_230530_8783vw,user1,অ,output/user1/অ/অ_20260704_230530_8783vw.mp4,1.111996,0.977135,3,0.073407,-0.032663,-0.01899
4,1,20260704_230530_8783vw__outer04__inner01__aug03,20260704_230530_8783vw,user1,অ,output/user1/অ/অ_20260704_230530_8783vw.mp4,0.881161,0.899778,3,0.024959,-0.006033,-0.029073
4,1,20260704_230601_9fuwl5__outer04__inner01__aug01,20260704_230601_9fuwl5,user1,অ,output/user1/অ/অ_20260704_230601_9fuwl5.mp4,1.082406,0.998424,5,0.014728,-0.00187,0.009925
4,1,20260704_230601_9fuwl5__outer04__inner01__aug02,20260704_230601_9fuwl5,user1,অ,output/user1/অ/অ_20260704_230601_9fuwl5.mp4,0.957208,1.00397,3,0.022772,0.035415,-0.013526
4,1,20260704_230601_9fuwl5__outer04__inner01__aug03,20260704_230601_9fuwl5,user1,অ,output/user1/অ/অ_20260704_230601_9fuwl5.mp4,0.97352,1.146442,5,0.070767,0.009708,0.024457
4,1,20260704_230631_iep9zz__outer04__inner01__aug01,20260704_230631_iep9zz,user1,অ,output/user1/অ/অ_20260704_230631_iep9zz.mp4,1.089342,0.917185,3,0.062844,-0.004357,0.046368
4,1,20260704_230631_iep9zz__outer04__inner01__aug02,20260704_230631_iep9zz,user1,অ,output/user1/অ/অ_20260704_230631_iep9zz.mp4,1.08474,1.035901,5,0.003071,-0.041211,0.008898
4,1,20260704_230631_iep9zz__outer04__inner01__aug03,20260704_230631_iep9zz,user1,অ,output/user1/অ/অ_20260704_230631_iep9zz.mp4,0.960016,1.12214,3,0.021656,0.022999,-0.025013
4,1,20260709_222041_giojuy__outer04__inner01__aug01,20260709_222041_giojuy,user1,অ,output/user1/অ/অ_20260709_222041_giojuy.mp4,1.053211,1.002544,5,0.010792,-0.027515,-0.021343
4,1,20260709_222041_giojuy__outer04__inner01__aug02,20260709_222041_giojuy,user1,অ,output/user1/অ/অ_20260709_222041_giojuy.mp4,0.939742,1.052079,3,0.024322,0.036545,0.027911
4,1,20260709_222041_giojuy__outer04__inner01__aug03,20260709_222041_giojuy,user1,অ,output/user1/অ/অ_20260709_222041_giojuy.mp4,0.932786,0.971387,3,0.078217,-0.006563,0.039492
4,1,20260704_230720_4nlmlz__outer04__inner01__aug01,20260704_230720_4nlmlz,user1,আ,output/user1/আ/আ_20260704_230720_4nlmlz.mp4,0.993436,1.144693,5,0.027634,-0.03559,-0.049476
4,1,20260704_230720_4nlmlz__outer04__inner01__aug02,20260704_230720_4nlmlz,user1,আ,output/user1/আ/আ_20260704_230720_4nlmlz.mp4,1.032245,1.055011,3,0.007222,-0.02185,0.023402
4,1,20260704_230720_4nlmlz__outer04__inner01__aug03,20260704_230720_4nlmlz,user1,আ,output/user1/আ/আ_20260704_230720_4nlmlz.mp4,0.877199,0.944322,3,0.001445,-0.014099,0.021779
4,1,20260704_230748_cofjqd__outer04__inner01__aug01,20260704_230748_cofjqd,user1,আ,output/user1/আ/আ_20260704_230748_cofjqd.mp4,0.966571,1.110659,5,0.026657,-0.035637,-0.01867
4,1,20260704_230748_cofjqd__outer04__inner01__aug02,20260704_230748_cofjqd,user1,আ,output/user1/আ/আ_20260704_230748_cofjqd.mp4,1.095778,1.019236,5,0.00866,0.022679,0.005414
4,1,20260704_230748_cofjqd__outer04__inner01__aug03,20260704_230748_cofjqd,user1,আ,output/user1/আ/আ_20260704_230748_cofjqd.mp4,0.941249,0.902883,3,0.014562,0.038477,-0.00757
4,1,20260704_230823_p4djtm__outer04__inner01__aug01,20260704_230823_p4djtm,user1,আ,output/user1/আ/আ_20260704_230823_p4djtm.mp4,0.87934,1.125809,5,0.012572,-0.044813,0.048933
4,1,20260704_230823_p4djtm__outer04__inner01__aug02,20260704_230823_p4djtm,user1,আ,output/user1/আ/আ_20260704_230823_p4djtm.mp4,1.125518,0.918354,5,0.004033,0.008341,-0.044934
4,1,20260704_230823_p4djtm__outer04__inner01__aug03,20260704_230823_p4djtm,user1,আ,output/user1/আ/আ_20260704_230823_p4djtm.mp4,0.953515,1.050907,5,0.059438,-0.000777,-0.048938
4,1,20260704_230900_jm6b9y__outer04__inner01__aug01,20260704_230900_jm6b9y,user1,আ,output/user1/আ/আ_20260704_230900_jm6b9y.mp4,0.937525,0.879315,5,0.002811,-0.002355,0.012615
4,1,20260704_230900_jm6b9y__outer04__inner01__aug02,20260704_230900_jm6b9y,user1,আ,output/user1/আ/আ_20260704_230900_jm6b9y.mp4,0.905857,0.87501,3,0.085805,-0.022517,0.030378
4,1,20260704_230900_jm6b9y__outer04__inner01__aug03,20260704_230900_jm6b9y,user1,আ,output/user1/আ/আ_20260704_230900_jm6b9y.mp4,1.060756,0.914424,5,0.05597,0.026898,0.047348
4,1,20260704_230941_ogdcp4__outer04__inner01__aug01,20260704_230941_ogdcp4,user1,আ,output/user1/আ/আ_20260704_230941_ogdcp4.mp4,1.036258,0.868368,5,0.001815,-0.008276,-0.027168
4,1,20260704_230941_ogdcp4__outer04__inner01__aug02,20260704_230941_ogdcp4,user1,আ,output/user1/আ/আ_20260704_230941_ogdcp4.mp4,0.894547,1.081936,3,0.065693,-0.042894,-0.000515
4,1,20260704_230941_ogdcp4__outer04__inner01__aug03,20260704_230941_ogdcp4,user1,আ,output/user1/আ/আ_20260704_230941_ogdcp4.mp4,1.141369,1.043436,5,0.071441,0.028043,0.000921
4,1,20260704_231010_4ha6y7__outer04__inner01__aug01,20260704_231010_4ha6y7,user1,আ,output/user1/আ/আ_20260704_231010_4ha6y7.mp4,0.968683,1.085545,3,0.074806,0.039043,-0.03339
4,1,20260704_231010_4ha6y7__outer04__inner01__aug02,20260704_231010_4ha6y7,user1,আ,output/user1/আ/আ_20260704_231010_4ha6y7.mp4,1.052746,0.970011,5,0.008687,0.012919,0.007075
4,1,20260704_231010_4ha6y7__outer04__inner01__aug03,20260704_231010_4ha6y7,user1,আ,output/user1/আ/আ_20260704_231010_4ha6y7.mp4,1.090226,1.142111,3,0.043918,-0.022298,0.023612
4,1,20260728_232136_0wkg0v__outer04__inner01__aug01,20260728_232136_0wkg0v,user1,আ,output/user1/আ/আ_20260728_232136_0wkg0v.mp4,1.130459,0.90473,5,0.04193,0.047785,0.043075
4,1,20260728_232136_0wkg0v__outer04__inner01__aug02,20260728_232136_0wkg0v,user1,আ,output/user1/আ/আ_20260728_232136_0wkg0v.mp4,0.953867,0.954148,3,0.088811,-0.04772,-0.003705
4,1,20260728_232136_0wkg0v__outer04__inner01__aug03,20260728_232136_0wkg0v,user1,আ,output/user1/আ/আ_20260728_232136_0wkg0v.mp4,1.031166,0.884721,3,0.022888,-0.034258,0.025514
4,1,20260728_232203_7c77zv__outer04__inner01__aug01,20260728_232203_7c77zv,user1,আ,output/user1/আ/আ_20260728_232203_7c77zv.mp4,0.881184,1.044641,5,0.030084,0.016116,0.035947
4,1,20260728_232203_7c77zv__outer04__inner01__aug02,20260728_232203_7c77zv,user1,আ,output/user1/আ/আ_20260728_232203_7c77zv.mp4,1.123113,0.970692,5,0.009737,-0.002968,0.004985
4,1,20260728_232203_7c77zv__outer04__inner01__aug03,20260728_232203_7c77zv,user1,আ,output/user1/আ/আ_20260728_232203_7c77zv.mp4,1.018046,1.075651,3,0.0632,-0.019791,0.038381
4,1,20260728_232238_kgwkds__outer04__inner01__aug01,20260728_232238_kgwkds,user1,আ,output/user1/আ/আ_20260728_232238_kgwkds.mp4,0.901969,1.090645,5,0.085691,-0.036076,-0.041222
4,1,20260728_232238_kgwkds__outer04__inner01__aug02,20260728_232238_kgwkds,user1,আ,output/user1/আ/আ_20260728_232238_kgwkds.mp4,0.959747,0.948597,3,0.099866,-0.025589,-0.023197
4,1,20260728_232238_kgwkds__outer04__inner01__aug03,20260728_232238_kgwkds,user1,আ,output/user1/আ/আ_20260728_232238_kgwkds.mp4,1.048014,1.037256,5,0.059346,0.018524,0.049307
4,1,20260728_232316_s2ep8l__outer04__inner01__aug01,20260728_232316_s2ep8l,user1,আ,output/user1/আ/আ_20260728_232316_s2ep8l.mp4,0.923429,1.072987,3,0.003144,0.035394,0.042873
4,1,20260728_232316_s2ep8l__outer04__inner01__aug02,20260728_232316_s2ep8l,user1,আ,output/user1/আ/আ_20260728_232316_s2ep8l.mp4,1.108903,1.112732,5,0.010553,-0.044388,-0.04437
4,1,20260728_232316_s2ep8l__outer04__inner01__aug03,20260728_232316_s2ep8l,user1,আ,output/user1/আ/আ_20260728_232316_s2ep8l.mp4,0.939141,0.892926,3,0.055386,0.009285,-0.026763
4,1,20260705_210750_hp0ub6__outer04__inner01__aug01,20260705_210750_hp0ub6,user1,ই,output/user1/ই/ই_20260705_210750_hp0ub6.mp4,0.874399,0.86505,5,0.064148,0.04245,-0.04496
4,1,20260705_210750_hp0ub6__outer04__inner01__aug02,20260705_210750_hp0ub6,user1,ই,output/user1/ই/ই_20260705_210750_hp0ub6.mp4,0.882805,0.854815,3,0.036286,-0.010782,0.000856
4,1,20260705_210750_hp0ub6__outer04__inner01__aug03,20260705_210750_hp0ub6,user1,ই,output/user1/ই/ই_20260705_210750_hp0ub6.mp4,1.148845,1.026292,5,0.096947,-0.014541,-0.011189
4,1,20260705_210817_cpe63z__outer04__inner01__aug01,20260705_210817_cpe63z,user1,ই,output/user1/ই/ই_20260705_210817_cpe63z.mp4,0.945432,1.142705,3,0.019155,-0.037309,0.038353
4,1,20260705_210817_cpe63z__outer04__inner01__aug02,20260705_210817_cpe63z,user1,ই,output/user1/ই/ই_20260705_210817_cpe63z.mp4,0.997469,1.086669,3,0.099097,-0.027435,0.025003
4,1,20260705_210817_cpe63z__outer04__inner01__aug03,20260705_210817_cpe63z,user1,ই,output/user1/ই/ই_20260705_210817_cpe63z.mp4,1.05563,0.938767,5,0.053026,0.045451,-0.004058
4,1,20260705_210847_8d63gb__outer04__inner01__aug01,20260705_210847_8d63gb,user1,ই,output/user1/ই/ই_20260705_210847_8d63gb.mp4,0.886077,0.932532,5,0.034423,-0.035876,-0.045266
4,1,20260705_210847_8d63gb__outer04__inner01__aug02,20260705_210847_8d63gb,user1,ই,output/user1/ই/ই_20260705_210847_8d63gb.mp4,1.052522,1.144602,5,0.055929,-0.013489,-0.023702
4,1,20260705_210847_8d63gb__outer04__inner01__aug03,20260705_210847_8d63gb,user1,ই,output/user1/ই/ই_20260705_210847_8d63gb.mp4,1.057886,0.978593,3,0.03857,-0.023502,0.033719
4,1,20260705_210914_6z0wyv__outer04__inner01__aug01,20260705_210914_6z0wyv,user1,ই,output/user1/ই/ই_20260705_210914_6z0wyv.mp4,0.94042,0.858831,5,0.091898,-0.047105,0.020169
4,1,20260705_210914_6z0wyv__outer04__inner01__aug02,20260705_210914_6z0wyv,user1,ই,output/user1/ই/ই_20260705_210914_6z0wyv.mp4,1.102545,0.978886,3,0.002347,0.022425,0.049893
4,1,20260705_210914_6z0wyv__outer04__inner01__aug03,20260705_210914_6z0wyv,user1,ই,output/user1/ই/ই_20260705_210914_6z0wyv.mp4,0.879042,1.057756,5,0.099871,-0.045324,0.043861
4,1,20260705_211104_cee4mp__outer04__inner01__aug01,20260705_211104_cee4mp,user1,ই,output/user1/ই/ই_20260705_211104_cee4mp.mp4,0.911942,0.855778,5,0.013312,-0.020217,-0.049525
4,1,20260705_211104_cee4mp__outer04__inner01__aug02,20260705_211104_cee4mp,user1,ই,output/user1/ই/ই_20260705_211104_cee4mp.mp4,0.910425,1.138021,3,0.051359,-0.001532,-0.045157
4,1,20260705_211104_cee4mp__outer04__inner01__aug03,20260705_211104_cee4mp,user1,ই,output/user1/ই/ই_20260705_211104_cee4mp.mp4,0.946851,1.029327,5,0.051307,-0.035125,0.034685
4,1,20260705_211129_q9xd7j__outer04__inner01__aug01,20260705_211129_q9xd7j,user1,ই,output/user1/ই/ই_20260705_211129_q9xd7j.mp4,0.928584,0.936274,3,0.027179,0.048575,0.044056
4,1,20260705_211129_q9xd7j__outer04__inner01__aug02,20260705_211129_q9xd7j,user1,ই,output/user1/ই/ই_20260705_211129_q9xd7j.mp4,1.123088,0.958779,5,0.092613,0.023574,0.023579
4,1,20260705_211129_q9xd7j__outer04__inner01__aug03,20260705_211129_q9xd7j,user1,ই,output/user1/ই/ই_20260705_211129_q9xd7j.mp4,0.978146,0.99112,5,0.008326,-0.033423,0.032305
4,1,20260705_211202_fwdefr__outer04__inner01__aug01,20260705_211202_fwdefr,user1,ই,output/user1/ই/ই_20260705_211202_fwdefr.mp4,1.037362,1.096584,5,0.049666,0.013569,0.033355
4,1,20260705_211202_fwdefr__outer04__inner01__aug02,20260705_211202_fwdefr,user1,ই,output/user1/ই/ই_20260705_211202_fwdefr.mp4,1.034986,0.892666,3,0.084114,-0.036598,-0.018446
4,1,20260705_211202_fwdefr__outer04__inner01__aug03,20260705_211202_fwdefr,user1,ই,output/user1/ই/ই_20260705_211202_fwdefr.mp4,1.080318,1.043646,5,0.098252,-0.006555,0.03932
4,1,20260705_211229_nco6f5__outer04__inner01__aug01,20260705_211229_nco6f5,user1,ই,output/user1/ই/ই_20260705_211229_nco6f5.mp4,1.08267,1.022294,3,0.075472,-0.025597,0.023367
4,1,20260705_211229_nco6f5__outer04__inner01__aug02,20260705_211229_nco6f5,user1,ই,output/user1/ই/ই_20260705_211229_nco6f5.mp4,0.865806,0.920585,5,0.01421,-0.047951,-0.046943
4,1,20260705_211229_nco6f5__outer04__inner01__aug03,20260705_211229_nco6f5,user1,ই,output/user1/ই/ই_20260705_211229_nco6f5.mp4,1.140268,1.065532,3,0.0252,-0.042049,-0.027802
4,1,20260705_211257_5zxk15__outer04__inner01__aug01,20260705_211257_5zxk15,user1,ই,output/user1/ই/ই_20260705_211257_5zxk15.mp4,0.96431,1.092313,3,0.062831,0.008907,0.019406
4,1,20260705_211257_5zxk15__outer04__inner01__aug02,20260705_211257_5zxk15,user1,ই,output/user1/ই/ই_20260705_211257_5zxk15.mp4,1.137347,1.044557,5,0.036297,0.026105,-0.040544
4,1,20260705_211257_5zxk15__outer04__inner01__aug03,20260705_211257_5zxk15,user1,ই,output/user1/ই/ই_20260705_211257_5zxk15.mp4,1.037674,1.149929,5,0.051481,-0.008514,0.031674
4,1,20260705_211324_69n6hy__outer04__inner01__aug01,20260705_211324_69n6hy,user1,ই,output/user1/ই/ই_20260705_211324_69n6hy.mp4,1.024724,0.953712,5,0.013763,-0.044869,-0.048556
4,1,20260705_211324_69n6hy__outer04__inner01__aug02,20260705_211324_69n6hy,user1,ই,output/user1/ই/ই_20260705_211324_69n6hy.mp4,1.100294,1.0664,3,0.082791,0.039439,0.04198
4,1,20260705_211324_69n6hy__outer04__inner01__aug03,20260705_211324_69n6hy,user1,ই,output/user1/ই/ই_20260705_211324_69n6hy.mp4,0.902823,0.995954,5,0.014122,-0.006585,0.012632
4,1,20260705_213721_6edrqn__outer04__inner01__aug01,20260705_213721_6edrqn,user1,ঈ,output/user1/ঈ/ঈ_20260705_213721_6edrqn.mp4,1.092068,0.852004,3,0.071753,-0.004616,0.030104
4,1,20260705_213721_6edrqn__outer04__inner01__aug02,20260705_213721_6edrqn,user1,ঈ,output/user1/ঈ/ঈ_20260705_213721_6edrqn.mp4,1.012023,0.883302,3,0.084958,0.003874,0.011842
4,1,20260705_213721_6edrqn__outer04__inner01__aug03,20260705_213721_6edrqn,user1,ঈ,output/user1/ঈ/ঈ_20260705_213721_6edrqn.mp4,0.974583,1.002121,5,0.074191,0.028368,0.017442
4,1,20260705_213804_scynf9__outer04__inner01__aug01,20260705_213804_scynf9,user1,ঈ,output/user1/ঈ/ঈ_20260705_213804_scynf9.mp4,0.89615,1.046382,5,0.061631,0.015651,-0.045244
4,1,20260705_213804_scynf9__outer04__inner01__aug02,20260705_213804_scynf9,user1,ঈ,output/user1/ঈ/ঈ_20260705_213804_scynf9.mp4,0.903509,1.020488,3,0.018236,-0.010807,-0.003886
4,1,20260705_213804_scynf9__outer04__inner01__aug03,20260705_213804_scynf9,user1,ঈ,output/user1/ঈ/ঈ_20260705_213804_scynf9.mp4,0.930884,0.968073,3,0.000902,0.042784,0.024336
4,1,20260705_213852_tuebtl__outer04__inner01__aug01,20260705_213852_tuebtl,user1,ঈ,output/user1/ঈ/ঈ_20260705_213852_tuebtl.mp4,1.095752,1.110103,5,0.011244,-0.01059,-0.001224
4,1,20260705_213852_tuebtl__outer04__inner01__aug02,20260705_213852_tuebtl,user1,ঈ,output/user1/ঈ/ঈ_20260705_213852_tuebtl.mp4,1.042893,0.899903,3,0.066512,0.017457,-0.031426
4,1,20260705_213852_tuebtl__outer04__inner01__aug03,20260705_213852_tuebtl,user1,ঈ,output/user1/ঈ/ঈ_20260705_213852_tuebtl.mp4,1.124784,0.924216,3,0.092419,-0.013186,-0.040018
4,1,20260705_213943_7qqvt7__outer04__inner01__aug01,20260705_213943_7qqvt7,user1,ঈ,output/user1/ঈ/ঈ_20260705_213943_7qqvt7.mp4,1.003827,0.932183,3,0.090666,-0.017969,0.021645
4,1,20260705_213943_7qqvt7__outer04__inner01__aug02,20260705_213943_7qqvt7,user1,ঈ,output/user1/ঈ/ঈ_20260705_213943_7qqvt7.mp4,1.116223,1.106617,3,0.09957,-0.00893,-0.028348
4,1,20260705_213943_7qqvt7__outer04__inner01__aug03,20260705_213943_7qqvt7,user1,ঈ,output/user1/ঈ/ঈ_20260705_213943_7qqvt7.mp4,0.920055,0.859368,3,0.088347,0.036745,0.024973
4,1,20260705_214029_z7ddbl__outer04__inner01__aug01,20260705_214029_z7ddbl,user1,ঈ,output/user1/ঈ/ঈ_20260705_214029_z7ddbl.mp4,1.075495,0.945257,3,0.065292,-0.034362,-0.027544
4,1,20260705_214029_z7ddbl__outer04__inner01__aug02,20260705_214029_z7ddbl,user1,ঈ,output/user1/ঈ/ঈ_20260705_214029_z7ddbl.mp4,0.906298,1.064799,5,0.098998,-0.035115,0.044044
4,1,20260705_214029_z7ddbl__outer04__inner01__aug03,20260705_214029_z7ddbl,user1,ঈ,output/user1/ঈ/ঈ_20260705_214029_z7ddbl.mp4,1.145094,0.938572,3,0.074795,-0.040835,-0.007877
4,1,20260705_214107_b894ld__outer04__inner01__aug01,20260705_214107_b894ld,user1,ঈ,output/user1/ঈ/ঈ_20260705_214107_b894ld.mp4,1.113883,0.917369,3,0.096489,0.029738,-0.020195
4,1,20260705_214107_b894ld__outer04__inner01__aug02,20260705_214107_b894ld,user1,ঈ,output/user1/ঈ/ঈ_20260705_214107_b894ld.mp4,1.001274,1.140448,5,0.014242,-0.047615,-0.025975
4,1,20260705_214107_b894ld__outer04__inner01__aug03,20260705_214107_b894ld,user1,ঈ,output/user1/ঈ/ঈ_20260705_214107_b894ld.mp4,0.92466,1.054279,5,0.081339,-0.04194,-0.04972
4,1,20260705_215457_yruoxw__outer04__inner01__aug01,20260705_215457_yruoxw,user1,ঈ,output/user1/ঈ/ঈ_20260705_215457_yruoxw.mp4,0.89401,1.069359,5,0.030843,0.041598,-0.020667
4,1,20260705_215457_yruoxw__outer04__inner01__aug02,20260705_215457_yruoxw,user1,ঈ,output/user1/ঈ/ঈ_20260705_215457_yruoxw.mp4,1.088047,1.106303,5,0.084679,-0.004157,0.040076
4,1,20260705_215457_yruoxw__outer04__inner01__aug03,20260705_215457_yruoxw,user1,ঈ,output/user1/ঈ/ঈ_20260705_215457_yruoxw.mp4,1.069671,1.037457,3,0.000885,0.012865,0.017607
4,1,20260705_215539_dr61qv__outer04__inner01__aug01,20260705_215539_dr61qv,user1,ঈ,output/user1/ঈ/ঈ_20260705_215539_dr61qv.mp4,1.066446,0.890685,5,0.091123,-0.047105,-0.022585
4,1,20260705_215539_dr61qv__outer04__inner01__aug02,20260705_215539_dr61qv,user1,ঈ,output/user1/ঈ/ঈ_20260705_215539_dr61qv.mp4,0.939567,1.115754,3,0.086639,0.00377,0.004977
4,1,20260705_215539_dr61qv__outer04__inner01__aug03,20260705_215539_dr61qv,user1,ঈ,output/user1/ঈ/ঈ_20260705_215539_dr61qv.mp4,1.028507,1.026262,5,0.015153,0.010035,0.014225
4,1,20260705_215654_07cd7w__outer04__inner01__aug01,20260705_215654_07cd7w,user1,ঈ,output/user1/ঈ/ঈ_20260705_215654_07cd7w.mp4,0.852638,1.046645,5,0.025936,0.037323,-0.002293
4,1,20260705_215654_07cd7w__outer04__inner01__aug02,20260705_215654_07cd7w,user1,ঈ,output/user1/ঈ/ঈ_20260705_215654_07cd7w.mp4,1.080606,0.940441,5,0.086009,-0.023472,-0.030373
4,1,20260705_215654_07cd7w__outer04__inner01__aug03,20260705_215654_07cd7w,user1,ঈ,output/user1/ঈ/ঈ_20260705_215654_07cd7w.mp4,1.075305,1.091801,5,0.067889,0.020861,-0.008552
4,1,20260705_215745_i5n9h7__outer04__inner01__aug01,20260705_215745_i5n9h7,user1,ঈ,output/user1/ঈ/ঈ_20260705_215745_i5n9h7.mp4,1.123815,1.084179,3,0.050423,-0.030109,0.025088
4,1,20260705_215745_i5n9h7__outer04__inner01__aug02,20260705_215745_i5n9h7,user1,ঈ,output/user1/ঈ/ঈ_20260705_215745_i5n9h7.mp4,1.147865,1.048149,5,0.058352,0.005949,-0.027356
4,1,20260705_215745_i5n9h7__outer04__inner01__aug03,20260705_215745_i5n9h7,user1,ঈ,output/user1/ঈ/ঈ_20260705_215745_i5n9h7.mp4,1.10767,1.073801,5,0.084071,0.012875,0.038376
4,1,20260711_200812_18txgi__outer04__inner01__aug01,20260711_200812_18txgi,user3,অ,output/user3/অ/অ_20260711_200812_18txgi.mp4,0.916741,0.909476,5,0.071466,0.048534,-0.042308
4,1,20260711_200812_18txgi__outer04__inner01__aug02,20260711_200812_18txgi,user3,অ,output/user3/অ/অ_20260711_200812_18txgi.mp4,1.090212,0.867245,3,0.006084,0.042459,-0.012615
4,1,20260711_200812_18txgi__outer04__inner01__aug03,20260711_200812_18txgi,user3,অ,output/user3/অ/অ_20260711_200812_18txgi.mp4,1.08127,0.931915,3,0.075237,-0.037598,-0.004458
4,1,20260711_200917_z1na4w__outer04__inner01__aug01,20260711_200917_z1na4w,user3,অ,output/user3/অ/অ_20260711_200917_z1na4w.mp4,1.111331,1.117357,3,0.007056,-0.024397,0.039655
4,1,20260711_200917_z1na4w__outer04__inner01__aug02,20260711_200917_z1na4w,user3,অ,output/user3/অ/অ_20260711_200917_z1na4w.mp4,0.890602,0.932844,3,0.077164,0.012761,-0.016118
4,1,20260711_200917_z1na4w__outer04__inner01__aug03,20260711_200917_z1na4w,user3,অ,output/user3/অ/অ_20260711_200917_z1na4w.mp4,1.062567,1.031586,3,0.096956,0.03799,0.025211
4,1,20260711_200954_0muns4__outer04__inner01__aug01,20260711_200954_0muns4,user3,অ,output/user3/অ/অ_20260711_200954_0muns4.mp4,1.143478,1.016495,5,0.034772,-0.026751,-0.020656
4,1,20260711_200954_0muns4__outer04__inner01__aug02,20260711_200954_0muns4,user3,অ,output/user3/অ/অ_20260711_200954_0muns4.mp4,0.962655,0.939476,5,0.052188,0.045401,0.046447
4,1,20260711_200954_0muns4__outer04__inner01__aug03,20260711_200954_0muns4,user3,অ,output/user3/অ/অ_20260711_200954_0muns4.mp4,0.881489,1.107108,3,0.077885,-0.010061,0.038277
4,1,20260711_201110_jw6cqh__outer04__inner01__aug01,20260711_201110_jw6cqh,user3,অ,output/user3/অ/অ_20260711_201110_jw6cqh.mp4,1.066262,1.023561,5,0.016128,-0.031857,0.022763
4,1,20260711_201110_jw6cqh__outer04__inner01__aug02,20260711_201110_jw6cqh,user3,অ,output/user3/অ/অ_20260711_201110_jw6cqh.mp4,1.138726,0.859955,3,0.02465,0.010302,0.005083
4,1,20260711_201110_jw6cqh__outer04__inner01__aug03,20260711_201110_jw6cqh,user3,অ,output/user3/অ/অ_20260711_201110_jw6cqh.mp4,1.040579,0.981328,3,0.045041,0.000762,-0.018441
4,1,20260711_201208_6ylgz1__outer04__inner01__aug01,20260711_201208_6ylgz1,user3,অ,output/user3/অ/অ_20260711_201208_6ylgz1.mp4,1.051399,1.093128,5,0.021756,-0.023621,-0.019731
4,1,20260711_201208_6ylgz1__outer04__inner01__aug02,20260711_201208_6ylgz1,user3,অ,output/user3/অ/অ_20260711_201208_6ylgz1.mp4,1.037089,0.988558,3,0.094427,0.001797,-0.010605
4,1,20260711_201208_6ylgz1__outer04__inner01__aug03,20260711_201208_6ylgz1,user3,অ,output/user3/অ/অ_20260711_201208_6ylgz1.mp4,1.059549,1.119777,3,0.048579,0.014851,0.003055
4,1,20260711_201526_9elfv0__outer04__inner01__aug01,20260711_201526_9elfv0,user3,অ,output/user3/অ/অ_20260711_201526_9elfv0.mp4,1.030913,1.120314,3,0.016828,0.046029,0.005356
4,1,20260711_201526_9elfv0__outer04__inner01__aug02,20260711_201526_9elfv0,user3,অ,output/user3/অ/অ_20260711_201526_9elfv0.mp4,1.058665,1.027181,5,0.028682,0.001918,0.029223
4,1,20260711_201526_9elfv0__outer04__inner01__aug03,20260711_201526_9elfv0,user3,অ,output/user3/অ/অ_20260711_201526_9elfv0.mp4,0.907978,0.921348,3,0.080217,-0.026818,0.033657
4,1,20260711_201609_iv7642__outer04__inner01__aug01,20260711_201609_iv7642,user3,অ,output/user3/অ/অ_20260711_201609_iv7642.mp4,1.132225,0.975855,3,0.069904,-0.035431,0.005528
4,1,20260711_201609_iv7642__outer04__inner01__aug02,20260711_201609_iv7642,user3,অ,output/user3/অ/অ_20260711_201609_iv7642.mp4,1.007275,1.048699,5,0.087303,0.048625,0.03824
4,1,20260711_201609_iv7642__outer04__inner01__aug03,20260711_201609_iv7642,user3,অ,output/user3/অ/অ_20260711_201609_iv7642.mp4,0.875549,0.910657,5,0.025629,0.041312,0.004704
4,1,20260711_201811_0znu6g__outer04__inner01__aug01,20260711_201811_0znu6g,user3,অ,output/user3/অ/অ_20260711_201811_0znu6g.mp4,1.138645,0.935136,5,0.026845,-0.007325,0.013421
4,1,20260711_201811_0znu6g__outer04__inner01__aug02,20260711_201811_0znu6g,user3,অ,output/user3/অ/অ_20260711_201811_0znu6g.mp4,1.012075,1.095497,3,0.093116,0.019276,-0.006388
4,1,20260711_201811_0znu6g__outer04__inner01__aug03,20260711_201811_0znu6g,user3,অ,output/user3/অ/অ_20260711_201811_0znu6g.mp4,1.128001,1.028871,3,0.022785,0.020904,0.011732
4,1,20260711_201916_nc9ara__outer04__inner01__aug01,20260711_201916_nc9ara,user3,অ,output/user3/অ/অ_20260711_201916_nc9ara.mp4,1.067128,0.926651,3,0.051496,-0.030634,-0.03346
4,1,20260711_201916_nc9ara__outer04__inner01__aug02,20260711_201916_nc9ara,user3,অ,output/user3/অ/অ_20260711_201916_nc9ara.mp4,0.895807,1.117331,5,0.07496,0.034983,0.013506
4,1,20260711_201916_nc9ara__outer04__inner01__aug03,20260711_201916_nc9ara,user3,অ,output/user3/অ/অ_20260711_201916_nc9ara.mp4,1.088229,0.897569,5,0.009629,-0.028298,-0.001806
4,1,20260711_201953_sai9ew__outer04__inner01__aug01,20260711_201953_sai9ew,user3,অ,output/user3/অ/অ_20260711_201953_sai9ew.mp4,0.925949,1.016794,5,0.059595,0.041804,-0.010447
4,1,20260711_201953_sai9ew__outer04__inner01__aug02,20260711_201953_sai9ew,user3,অ,output/user3/অ/অ_20260711_201953_sai9ew.mp4,0.927518,0.920433,5,0.062395,-0.023386,-0.012215
4,1,20260711_201953_sai9ew__outer04__inner01__aug03,20260711_201953_sai9ew,user3,অ,output/user3/অ/অ_20260711_201953_sai9ew.mp4,1.127091,0.982916,3,0.055713,0.019248,-0.010585
4,1,20260711_202025_bntr0i__outer04__inner01__aug01,20260711_202025_bntr0i,user3,অ,output/user3/অ/অ_20260711_202025_bntr0i.mp4,1.094178,1.134995,3,0.042749,-0.037881,0.00683
4,1,20260711_202025_bntr0i__outer04__inner01__aug02,20260711_202025_bntr0i,user3,অ,output/user3/অ/অ_20260711_202025_bntr0i.mp4,0.905272,1.092775,5,0.070141,0.018069,-0.015581
4,1,20260711_202025_bntr0i__outer04__inner01__aug03,20260711_202025_bntr0i,user3,অ,output/user3/অ/অ_20260711_202025_bntr0i.mp4,0.915572,0.885042,5,0.039826,0.013983,0.047662
4,1,20260711_202714_mwa7m1__outer04__inner01__aug01,20260711_202714_mwa7m1,user3,অ,output/user3/অ/অ_20260711_202714_mwa7m1.mp4,1.018954,0.931646,3,0.057599,-0.030953,-0.035144
4,1,20260711_202714_mwa7m1__outer04__inner01__aug02,20260711_202714_mwa7m1,user3,অ,output/user3/অ/অ_20260711_202714_mwa7m1.mp4,1.10263,1.084827,5,0.034188,-0.00748,0.049622
4,1,20260711_202714_mwa7m1__outer04__inner01__aug03,20260711_202714_mwa7m1,user3,অ,output/user3/অ/অ_20260711_202714_mwa7m1.mp4,1.08081,1.104088,3,0.060139,-0.014441,-0.013052
4,1,20260711_202846_kmy51g__outer04__inner01__aug01,20260711_202846_kmy51g,user3,অ,output/user3/অ/অ_20260711_202846_kmy51g.mp4,1.099797,0.851957,5,0.053469,0.049456,0.048865
4,1,20260711_202846_kmy51g__outer04__inner01__aug02,20260711_202846_kmy51g,user3,অ,output/user3/অ/অ_20260711_202846_kmy51g.mp4,0.872037,1.01713,5,0.073691,-0.039844,0.024948
4,1,20260711_202846_kmy51g__outer04__inner01__aug03,20260711_202846_kmy51g,user3,অ,output/user3/অ/অ_20260711_202846_kmy51g.mp4,0.871201,1.113811,5,0.004653,-0.042191,-0.018675
4,1,20260711_203013_i4o0om__outer04__inner01__aug01,20260711_203013_i4o0om,user3,অ,output/user3/অ/অ_20260711_203013_i4o0om.mp4,0.913583,1.111265,5,0.054076,0.019183,-0.022001
4,1,20260711_203013_i4o0om__outer04__inner01__aug02,20260711_203013_i4o0om,user3,অ,output/user3/অ/অ_20260711_203013_i4o0om.mp4,1.03928,0.912635,3,0.067423,0.003767,-0.04
4,1,20260711_203013_i4o0om__outer04__inner01__aug03,20260711_203013_i4o0om,user3,অ,output/user3/অ/অ_20260711_203013_i4o0om.mp4,1.083761,0.952058,5,0.031371,-0.008209,-0.020905
4,1,20260711_203112_15gnzj__outer04__inner01__aug01,20260711_203112_15gnzj,user3,অ,output/user3/অ/অ_20260711_203112_15gnzj.mp4,1.127264,0.929019,3,0.046731,-0.038681,-0.017202
4,1,20260711_203112_15gnzj__outer04__inner01__aug02,20260711_203112_15gnzj,user3,অ,output/user3/অ/অ_20260711_203112_15gnzj.mp4,0.900863,0.869325,3,0.083223,-0.045802,-0.029065
4,1,20260711_203112_15gnzj__outer04__inner01__aug03,20260711_203112_15gnzj,user3,অ,output/user3/অ/অ_20260711_203112_15gnzj.mp4,1.083262,1.059111,3,0.039562,-0.046762,-0.045033
4,1,20260711_205524_jbk5pv__outer04__inner01__aug01,20260711_205524_jbk5pv,user3,আ,output/user3/আ/আ_20260711_205524_jbk5pv.mp4,1.09681,1.139196,3,0.067567,-0.017315,-0.032086
4,1,20260711_205524_jbk5pv__outer04__inner01__aug02,20260711_205524_jbk5pv,user3,আ,output/user3/আ/আ_20260711_205524_jbk5pv.mp4,1.06386,0.934466,5,0.03275,-0.012866,-0.014405
4,1,20260711_205524_jbk5pv__outer04__inner01__aug03,20260711_205524_jbk5pv,user3,আ,output/user3/আ/আ_20260711_205524_jbk5pv.mp4,1.088627,0.861795,3,0.027221,-0.024054,0.04736
4,1,20260711_205559_azslan__outer04__inner01__aug01,20260711_205559_azslan,user3,আ,output/user3/আ/আ_20260711_205559_azslan.mp4,1.026979,1.045418,5,0.049185,0.00537,0.025245
4,1,20260711_205559_azslan__outer04__inner01__aug02,20260711_205559_azslan,user3,আ,output/user3/আ/আ_20260711_205559_azslan.mp4,1.106545,0.989577,3,0.077294,0.012375,0.034605
4,1,20260711_205559_azslan__outer04__inner01__aug03,20260711_205559_azslan,user3,আ,output/user3/আ/আ_20260711_205559_azslan.mp4,1.072853,1.133672,3,0.035749,0.022403,-0.039054
4,1,20260711_205630_gydvnp__outer04__inner01__aug01,20260711_205630_gydvnp,user3,আ,output/user3/আ/আ_20260711_205630_gydvnp.mp4,1.091874,0.99128,3,0.051094,0.03237,0.008856
4,1,20260711_205630_gydvnp__outer04__inner01__aug02,20260711_205630_gydvnp,user3,আ,output/user3/আ/আ_20260711_205630_gydvnp.mp4,1.000071,1.014056,5,0.090504,0.012761,-0.031186
4,1,20260711_205630_gydvnp__outer04__inner01__aug03,20260711_205630_gydvnp,user3,আ,output/user3/আ/আ_20260711_205630_gydvnp.mp4,1.097539,0.913607,3,0.042752,-0.003464,0.038919
4,1,20260711_205707_n57400__outer04__inner01__aug01,20260711_205707_n57400,user3,আ,output/user3/আ/আ_20260711_205707_n57400.mp4,0.925815,1.011479,5,0.049407,-0.014534,0.03766
4,1,20260711_205707_n57400__outer04__inner01__aug02,20260711_205707_n57400,user3,আ,output/user3/আ/আ_20260711_205707_n57400.mp4,0.989679,0.977283,5,0.023997,-0.013131,0.034149
4,1,20260711_205707_n57400__outer04__inner01__aug03,20260711_205707_n57400,user3,আ,output/user3/আ/আ_20260711_205707_n57400.mp4,1.145303,0.969067,3,0.066599,-0.036247,0.033243
4,1,20260711_205748_usnulf__outer04__inner01__aug01,20260711_205748_usnulf,user3,আ,output/user3/আ/আ_20260711_205748_usnulf.mp4,0.945785,1.112181,3,0.085035,-0.007227,-0.018508
4,1,20260711_205748_usnulf__outer04__inner01__aug02,20260711_205748_usnulf,user3,আ,output/user3/আ/আ_20260711_205748_usnulf.mp4,1.081115,1.119441,5,0.082363,0.006631,-0.025059
4,1,20260711_205748_usnulf__outer04__inner01__aug03,20260711_205748_usnulf,user3,আ,output/user3/আ/আ_20260711_205748_usnulf.mp4,1.143496,0.900403,3,0.067084,0.015183,-0.022876
4,2,20260711_220930_a944cy__outer04__inner02__aug01,20260711_220930_a944cy,for_bonhi,ঔ,output/for_bonhi/ঔ/ঔ_20260711_220930_a944cy.mp4,0.984731,0.868523,3,0.055372,-0.018009,0.049557
4,2,20260711_220930_a944cy__outer04__inner02__aug02,20260711_220930_a944cy,for_bonhi,ঔ,output/for_bonhi/ঔ/ঔ_20260711_220930_a944cy.mp4,1.139811,1.130212,5,0.062099,0.022356,-0.000407
4,2,20260711_220930_a944cy__outer04__inner02__aug03,20260711_220930_a944cy,for_bonhi,ঔ,output/for_bonhi/ঔ/ঔ_20260711_220930_a944cy.mp4,1.093132,0.9143,3,0.01292,-0.043893,-0.012716
4,2,20260703_231939_jmltkn__outer04__inner02__aug01,20260703_231939_jmltkn,user1,অ,output/user1/অ/অ_20260703_231939_jmltkn.mp4,0.956093,0.961524,3,0.004886,-0.045778,0.007623
4,2,20260703_231939_jmltkn__outer04__inner02__aug02,20260703_231939_jmltkn,user1,অ,output/user1/অ/অ_20260703_231939_jmltkn.mp4,1.119536,0.855402,5,0.097746,-0.016502,-0.017288
4,2,20260703_231939_jmltkn__outer04__inner02__aug03,20260703_231939_jmltkn,user1,অ,output/user1/অ/অ_20260703_231939_jmltkn.mp4,0.893703,1.079179,5,0.027933,-0.030145,-0.023199
4,2,20260704_230134_0i7e7o__outer04__inner02__aug01,20260704_230134_0i7e7o,user1,অ,output/user1/অ/অ_20260704_230134_0i7e7o.mp4,1.030744,0.909452,5,0.023951,0.011322,-0.036752
4,2,20260704_230134_0i7e7o__outer04__inner02__aug02,20260704_230134_0i7e7o,user1,অ,output/user1/অ/অ_20260704_230134_0i7e7o.mp4,0.900322,0.906254,3,0.064479,0.034945,0.016054
4,2,20260704_230134_0i7e7o__outer04__inner02__aug03,20260704_230134_0i7e7o,user1,অ,output/user1/অ/অ_20260704_230134_0i7e7o.mp4,1.115921,0.989856,5,0.024304,-0.035565,-0.01275
4,2,20260704_230207_s0bru0__outer04__inner02__aug01,20260704_230207_s0bru0,user1,অ,output/user1/অ/অ_20260704_230207_s0bru0.mp4,1.116782,1.065978,5,0.068335,-0.034822,-0.003155
4,2,20260704_230207_s0bru0__outer04__inner02__aug02,20260704_230207_s0bru0,user1,অ,output/user1/অ/অ_20260704_230207_s0bru0.mp4,1.047933,0.879183,5,0.032127,-0.015539,-0.026952
4,2,20260704_230207_s0bru0__outer04__inner02__aug03,20260704_230207_s0bru0,user1,অ,output/user1/অ/অ_20260704_230207_s0bru0.mp4,1.044084,0.933305,3,0.099671,0.016882,-0.019526
4,2,20260704_230243_20ggrl__outer04__inner02__aug01,20260704_230243_20ggrl,user1,অ,output/user1/অ/অ_20260704_230243_20ggrl.mp4,0.92353,0.950411,5,0.003357,-0.038124,-0.011418
4,2,20260704_230243_20ggrl__outer04__inner02__aug02,20260704_230243_20ggrl,user1,অ,output/user1/অ/অ_20260704_230243_20ggrl.mp4,1.131278,1.11863,5,0.061904,-0.010056,-0.022678
4,2,20260704_230243_20ggrl__outer04__inner02__aug03,20260704_230243_20ggrl,user1,অ,output/user1/অ/অ_20260704_230243_20ggrl.mp4,1.131615,1.079999,5,0.063308,0.044904,0.01645
4,2,20260704_230314_biogka__outer04__inner02__aug01,20260704_230314_biogka,user1,অ,output/user1/অ/অ_20260704_230314_biogka.mp4,1.006035,0.861011,5,0.02022,-0.041755,-0.022252
4,2,20260704_230314_biogka__outer04__inner02__aug02,20260704_230314_biogka,user1,অ,output/user1/অ/অ_20260704_230314_biogka.mp4,0.866908,0.996757,5,0.09143,-0.037448,0.034647
4,2,20260704_230314_biogka__outer04__inner02__aug03,20260704_230314_biogka,user1,অ,output/user1/অ/অ_20260704_230314_biogka.mp4,1.030663,0.889989,5,0.00302,-0.011918,-0.03089
4,2,20260704_230343_z76un4__outer04__inner02__aug01,20260704_230343_z76un4,user1,অ,output/user1/অ/অ_20260704_230343_z76un4.mp4,0.860668,1.054314,5,0.002267,-0.022233,0.010458
4,2,20260704_230343_z76un4__outer04__inner02__aug02,20260704_230343_z76un4,user1,অ,output/user1/অ/অ_20260704_230343_z76un4.mp4,0.870994,1.064241,3,0.054316,0.01382,0.023389
4,2,20260704_230343_z76un4__outer04__inner02__aug03,20260704_230343_z76un4,user1,অ,output/user1/অ/অ_20260704_230343_z76un4.mp4,0.925687,0.95751,5,0.047385,0.032989,0.0373
4,2,20260704_230438_1by20a__outer04__inner02__aug01,20260704_230438_1by20a,user1,অ,output/user1/অ/অ_20260704_230438_1by20a.mp4,1.036263,0.966522,3,0.085906,0.0098,-0.043229
4,2,20260704_230438_1by20a__outer04__inner02__aug02,20260704_230438_1by20a,user1,অ,output/user1/অ/অ_20260704_230438_1by20a.mp4,0.903378,0.861457,3,0.081252,-0.021847,-0.048659
4,2,20260704_230438_1by20a__outer04__inner02__aug03,20260704_230438_1by20a,user1,অ,output/user1/অ/অ_20260704_230438_1by20a.mp4,0.898202,1.097366,3,0.012141,-0.013858,-0.002689
4,2,20260704_230508_zz8agk__outer04__inner02__aug01,20260704_230508_zz8agk,user1,অ,output/user1/অ/অ_20260704_230508_zz8agk.mp4,1.013077,1.117623,3,0.037741,0.044191,-0.015648
4,2,20260704_230508_zz8agk__outer04__inner02__aug02,20260704_230508_zz8agk,user1,অ,output/user1/অ/অ_20260704_230508_zz8agk.mp4,1.05318,1.016659,5,0.087086,0.030245,-0.03809
4,2,20260704_230508_zz8agk__outer04__inner02__aug03,20260704_230508_zz8agk,user1,অ,output/user1/অ/অ_20260704_230508_zz8agk.mp4,0.920496,0.958954,5,0.067001,-0.028021,-0.018122
4,2,20260704_230530_8783vw__outer04__inner02__aug01,20260704_230530_8783vw,user1,অ,output/user1/অ/অ_20260704_230530_8783vw.mp4,0.977675,1.068036,3,0.040788,0.022171,0.023841
4,2,20260704_230530_8783vw__outer04__inner02__aug02,20260704_230530_8783vw,user1,অ,output/user1/অ/অ_20260704_230530_8783vw.mp4,1.121495,0.940551,5,0.026293,-0.007671,-0.008953
4,2,20260704_230530_8783vw__outer04__inner02__aug03,20260704_230530_8783vw,user1,অ,output/user1/অ/অ_20260704_230530_8783vw.mp4,0.960403,0.9103,5,0.059944,-0.025477,0.031803
4,2,20260704_230601_9fuwl5__outer04__inner02__aug01,20260704_230601_9fuwl5,user1,অ,output/user1/অ/অ_20260704_230601_9fuwl5.mp4,0.882792,1.025637,5,0.03768,0.040741,0.013042
4,2,20260704_230601_9fuwl5__outer04__inner02__aug02,20260704_230601_9fuwl5,user1,অ,output/user1/অ/অ_20260704_230601_9fuwl5.mp4,1.001496,0.942859,3,0.019171,-0.025425,-0.024308
4,2,20260704_230601_9fuwl5__outer04__inner02__aug03,20260704_230601_9fuwl5,user1,অ,output/user1/অ/অ_20260704_230601_9fuwl5.mp4,1.067107,0.972938,5,0.053799,0.029642,-0.021155
4,2,20260704_230631_iep9zz__outer04__inner02__aug01,20260704_230631_iep9zz,user1,অ,output/user1/অ/অ_20260704_230631_iep9zz.mp4,1.122141,0.950459,3,0.028863,-0.002242,0.024053
4,2,20260704_230631_iep9zz__outer04__inner02__aug02,20260704_230631_iep9zz,user1,অ,output/user1/অ/অ_20260704_230631_iep9zz.mp4,1.088713,0.869897,5,0.027847,0.017635,-0.019549
4,2,20260704_230631_iep9zz__outer04__inner02__aug03,20260704_230631_iep9zz,user1,অ,output/user1/অ/অ_20260704_230631_iep9zz.mp4,1.01826,1.089796,3,0.080782,-0.015153,-0.013127
4,2,20260709_222041_giojuy__outer04__inner02__aug01,20260709_222041_giojuy,user1,অ,output/user1/অ/অ_20260709_222041_giojuy.mp4,0.894553,1.079014,3,0.035378,0.013478,0.00461
4,2,20260709_222041_giojuy__outer04__inner02__aug02,20260709_222041_giojuy,user1,অ,output/user1/অ/অ_20260709_222041_giojuy.mp4,0.854006,0.94378,5,0.085771,-0.043453,0.010818
4,2,20260709_222041_giojuy__outer04__inner02__aug03,20260709_222041_giojuy,user1,অ,output/user1/অ/অ_20260709_222041_giojuy.mp4,1.145746,0.953614,5,0.026245,0.001956,0.005606
4,2,20260704_230720_4nlmlz__outer04__inner02__aug01,20260704_230720_4nlmlz,user1,আ,output/user1/আ/আ_20260704_230720_4nlmlz.mp4,0.853609,1.079342,3,0.030006,0.037024,0.010044
4,2,20260704_230720_4nlmlz__outer04__inner02__aug02,20260704_230720_4nlmlz,user1,আ,output/user1/আ/আ_20260704_230720_4nlmlz.mp4,1.122427,1.056708,5,0.074828,-0.008205,0.019853
4,2,20260704_230720_4nlmlz__outer04__inner02__aug03,20260704_230720_4nlmlz,user1,আ,output/user1/আ/আ_20260704_230720_4nlmlz.mp4,0.923869,0.919713,3,0.0115,0.018389,-0.044864
4,2,20260704_230748_cofjqd__outer04__inner02__aug01,20260704_230748_cofjqd,user1,আ,output/user1/আ/আ_20260704_230748_cofjqd.mp4,0.941185,1.148958,5,0.019554,-0.031406,0.040432
4,2,20260704_230748_cofjqd__outer04__inner02__aug02,20260704_230748_cofjqd,user1,আ,output/user1/আ/আ_20260704_230748_cofjqd.mp4,0.882036,0.914132,3,0.006246,0.011879,-0.023193
4,2,20260704_230748_cofjqd__outer04__inner02__aug03,20260704_230748_cofjqd,user1,আ,output/user1/আ/আ_20260704_230748_cofjqd.mp4,1.099617,0.965884,5,0.080019,0.046485,-0.010064
4,2,20260704_230823_p4djtm__outer04__inner02__aug01,20260704_230823_p4djtm,user1,আ,output/user1/আ/আ_20260704_230823_p4djtm.mp4,1.076615,1.072749,3,0.054528,-0.041211,-0.036262
4,2,20260704_230823_p4djtm__outer04__inner02__aug02,20260704_230823_p4djtm,user1,আ,output/user1/আ/আ_20260704_230823_p4djtm.mp4,0.887307,1.112585,3,0.036636,0.004363,0.010565
4,2,20260704_230823_p4djtm__outer04__inner02__aug03,20260704_230823_p4djtm,user1,আ,output/user1/আ/আ_20260704_230823_p4djtm.mp4,0.995873,1.023198,5,0.001081,-0.03973,0.012353
4,2,20260704_230900_jm6b9y__outer04__inner02__aug01,20260704_230900_jm6b9y,user1,আ,output/user1/আ/আ_20260704_230900_jm6b9y.mp4,0.942035,0.872274,3,0.065453,0.022713,0.034479
4,2,20260704_230900_jm6b9y__outer04__inner02__aug02,20260704_230900_jm6b9y,user1,আ,output/user1/আ/আ_20260704_230900_jm6b9y.mp4,0.992055,1.119398,3,0.00866,-0.022873,-0.005868
4,2,20260704_230900_jm6b9y__outer04__inner02__aug03,20260704_230900_jm6b9y,user1,আ,output/user1/আ/আ_20260704_230900_jm6b9y.mp4,0.92124,1.149586,5,0.02306,-0.008565,-0.009757
4,2,20260704_230941_ogdcp4__outer04__inner02__aug01,20260704_230941_ogdcp4,user1,আ,output/user1/আ/আ_20260704_230941_ogdcp4.mp4,0.931302,1.010377,3,0.06195,-0.049933,-0.024653
4,2,20260704_230941_ogdcp4__outer04__inner02__aug02,20260704_230941_ogdcp4,user1,আ,output/user1/আ/আ_20260704_230941_ogdcp4.mp4,0.858222,0.892893,3,0.026149,0.014982,0.005173
4,2,20260704_230941_ogdcp4__outer04__inner02__aug03,20260704_230941_ogdcp4,user1,আ,output/user1/আ/আ_20260704_230941_ogdcp4.mp4,0.875746,0.872219,5,0.04267,0.01234,0.042242
4,2,20260704_231010_4ha6y7__outer04__inner02__aug01,20260704_231010_4ha6y7,user1,আ,output/user1/আ/আ_20260704_231010_4ha6y7.mp4,0.925484,1.082689,3,0.0937,0.014711,-0.001923
4,2,20260704_231010_4ha6y7__outer04__inner02__aug02,20260704_231010_4ha6y7,user1,আ,output/user1/আ/আ_20260704_231010_4ha6y7.mp4,1.040014,0.994153,5,0.083733,-0.040476,0.024458
4,2,20260704_231010_4ha6y7__outer04__inner02__aug03,20260704_231010_4ha6y7,user1,আ,output/user1/আ/আ_20260704_231010_4ha6y7.mp4,0.985241,1.050026,3,0.033945,-0.036601,0.040059
4,2,20260728_232136_0wkg0v__outer04__inner02__aug01,20260728_232136_0wkg0v,user1,আ,output/user1/আ/আ_20260728_232136_0wkg0v.mp4,0.907685,0.856147,3,0.062753,-0.023301,-0.008426
4,2,20260728_232136_0wkg0v__outer04__inner02__aug02,20260728_232136_0wkg0v,user1,আ,output/user1/আ/আ_20260728_232136_0wkg0v.mp4,1.059429,0.859836,3,0.051752,-0.031482,-0.048581
4,2,20260728_232136_0wkg0v__outer04__inner02__aug03,20260728_232136_0wkg0v,user1,আ,output/user1/আ/আ_20260728_232136_0wkg0v.mp4,1.059608,0.9306,3,0.012356,0.008128,0.03435
4,2,20260728_232203_7c77zv__outer04__inner02__aug01,20260728_232203_7c77zv,user1,আ,output/user1/আ/আ_20260728_232203_7c77zv.mp4,0.879894,0.927327,3,0.038692,-0.03943,-0.009331
4,2,20260728_232203_7c77zv__outer04__inner02__aug02,20260728_232203_7c77zv,user1,আ,output/user1/আ/আ_20260728_232203_7c77zv.mp4,0.931476,0.953428,5,0.033852,-0.003357,-0.003825
4,2,20260728_232203_7c77zv__outer04__inner02__aug03,20260728_232203_7c77zv,user1,আ,output/user1/আ/আ_20260728_232203_7c77zv.mp4,1.007793,1.13227,3,0.091714,-0.019345,0.02564
4,2,20260728_232238_kgwkds__outer04__inner02__aug01,20260728_232238_kgwkds,user1,আ,output/user1/আ/আ_20260728_232238_kgwkds.mp4,0.959276,1.030914,5,0.037587,0.042489,0.016752
4,2,20260728_232238_kgwkds__outer04__inner02__aug02,20260728_232238_kgwkds,user1,আ,output/user1/আ/আ_20260728_232238_kgwkds.mp4,0.856541,1.133208,3,0.055546,0.034121,0.035568
4,2,20260728_232238_kgwkds__outer04__inner02__aug03,20260728_232238_kgwkds,user1,আ,output/user1/আ/আ_20260728_232238_kgwkds.mp4,0.858139,1.005379,3,0.05917,-0.007508,0.021757
4,2,20260728_232316_s2ep8l__outer04__inner02__aug01,20260728_232316_s2ep8l,user1,আ,output/user1/আ/আ_20260728_232316_s2ep8l.mp4,1.106345,1.029462,3,0.001653,0.049652,0.034003
4,2,20260728_232316_s2ep8l__outer04__inner02__aug02,20260728_232316_s2ep8l,user1,আ,output/user1/আ/আ_20260728_232316_s2ep8l.mp4,1.103159,0.887118,3,0.05043,-0.0207,0.036771
4,2,20260728_232316_s2ep8l__outer04__inner02__aug03,20260728_232316_s2ep8l,user1,আ,output/user1/আ/আ_20260728_232316_s2ep8l.mp4,1.106055,0.993739,3,0.058466,0.013114,-0.034287
4,2,20260705_210750_hp0ub6__outer04__inner02__aug01,20260705_210750_hp0ub6,user1,ই,output/user1/ই/ই_20260705_210750_hp0ub6.mp4,1.004234,1.09974,5,0.047701,0.030913,0.02013
4,2,20260705_210750_hp0ub6__outer04__inner02__aug02,20260705_210750_hp0ub6,user1,ই,output/user1/ই/ই_20260705_210750_hp0ub6.mp4,0.98018,0.928318,3,0.030466,-0.023702,-0.023373
4,2,20260705_210750_hp0ub6__outer04__inner02__aug03,20260705_210750_hp0ub6,user1,ই,output/user1/ই/ই_20260705_210750_hp0ub6.mp4,0.922089,1.13128,3,0.060575,0.013445,-0.011403
4,2,20260705_210817_cpe63z__outer04__inner02__aug01,20260705_210817_cpe63z,user1,ই,output/user1/ই/ই_20260705_210817_cpe63z.mp4,0.99661,0.941665,5,0.086847,0.004981,-0.030091
4,2,20260705_210817_cpe63z__outer04__inner02__aug02,20260705_210817_cpe63z,user1,ই,output/user1/ই/ই_20260705_210817_cpe63z.mp4,0.994125,1.024382,3,0.032259,-0.047397,-0.0374
4,2,20260705_210817_cpe63z__outer04__inner02__aug03,20260705_210817_cpe63z,user1,ই,output/user1/ই/ই_20260705_210817_cpe63z.mp4,0.943386,1.141397,3,0.045602,-0.010232,0.000648
4,2,20260705_210847_8d63gb__outer04__inner02__aug01,20260705_210847_8d63gb,user1,ই,output/user1/ই/ই_20260705_210847_8d63gb.mp4,1.009178,0.889144,3,0.002457,0.028149,-0.043356
4,2,20260705_210847_8d63gb__outer04__inner02__aug02,20260705_210847_8d63gb,user1,ই,output/user1/ই/ই_20260705_210847_8d63gb.mp4,1.149619,1.0555,5,0.016761,0.010363,0.032478
4,2,20260705_210847_8d63gb__outer04__inner02__aug03,20260705_210847_8d63gb,user1,ই,output/user1/ই/ই_20260705_210847_8d63gb.mp4,1.008744,1.054541,3,0.07099,0.014128,0.000944
4,2,20260705_210914_6z0wyv__outer04__inner02__aug01,20260705_210914_6z0wyv,user1,ই,output/user1/ই/ই_20260705_210914_6z0wyv.mp4,1.108581,0.902707,5,0.071672,-0.012025,-0.01303
4,2,20260705_210914_6z0wyv__outer04__inner02__aug02,20260705_210914_6z0wyv,user1,ই,output/user1/ই/ই_20260705_210914_6z0wyv.mp4,0.896336,1.050909,5,0.079362,-0.037613,0.04468
4,2,20260705_210914_6z0wyv__outer04__inner02__aug03,20260705_210914_6z0wyv,user1,ই,output/user1/ই/ই_20260705_210914_6z0wyv.mp4,1.141326,0.965386,3,0.080349,0.021421,-0.029915
4,2,20260705_211104_cee4mp__outer04__inner02__aug01,20260705_211104_cee4mp,user1,ই,output/user1/ই/ই_20260705_211104_cee4mp.mp4,1.033918,1.141884,5,0.07187,-0.045776,0.018899
4,2,20260705_211104_cee4mp__outer04__inner02__aug02,20260705_211104_cee4mp,user1,ই,output/user1/ই/ই_20260705_211104_cee4mp.mp4,1.077162,1.097621,3,0.076344,-0.043981,0.011439
4,2,20260705_211104_cee4mp__outer04__inner02__aug03,20260705_211104_cee4mp,user1,ই,output/user1/ই/ই_20260705_211104_cee4mp.mp4,0.96173,1.05663,3,0.017468,0.002206,-0.025947
4,2,20260705_211129_q9xd7j__outer04__inner02__aug01,20260705_211129_q9xd7j,user1,ই,output/user1/ই/ই_20260705_211129_q9xd7j.mp4,0.892581,0.864234,3,0.016881,0.019236,-0.046627
4,2,20260705_211129_q9xd7j__outer04__inner02__aug02,20260705_211129_q9xd7j,user1,ই,output/user1/ই/ই_20260705_211129_q9xd7j.mp4,1.057544,0.902356,5,0.095,0.001307,0.017992
4,2,20260705_211129_q9xd7j__outer04__inner02__aug03,20260705_211129_q9xd7j,user1,ই,output/user1/ই/ই_20260705_211129_q9xd7j.mp4,1.145749,1.141657,5,0.037633,-0.009708,0.033768
4,2,20260705_211202_fwdefr__outer04__inner02__aug01,20260705_211202_fwdefr,user1,ই,output/user1/ই/ই_20260705_211202_fwdefr.mp4,0.856008,0.956446,3,0.027683,0.046175,-0.02971
4,2,20260705_211202_fwdefr__outer04__inner02__aug02,20260705_211202_fwdefr,user1,ই,output/user1/ই/ই_20260705_211202_fwdefr.mp4,0.895453,0.994124,3,0.059166,-0.017299,-0.006096
4,2,20260705_211202_fwdefr__outer04__inner02__aug03,20260705_211202_fwdefr,user1,ই,output/user1/ই/ই_20260705_211202_fwdefr.mp4,1.039899,0.863759,5,0.070233,0.029976,-0.020077
4,2,20260705_211229_nco6f5__outer04__inner02__aug01,20260705_211229_nco6f5,user1,ই,output/user1/ই/ই_20260705_211229_nco6f5.mp4,1.137026,1.03809,3,0.044218,-0.042042,0.049629
4,2,20260705_211229_nco6f5__outer04__inner02__aug02,20260705_211229_nco6f5,user1,ই,output/user1/ই/ই_20260705_211229_nco6f5.mp4,0.950474,0.948479,3,0.051674,0.03661,0.018899
4,2,20260705_211229_nco6f5__outer04__inner02__aug03,20260705_211229_nco6f5,user1,ই,output/user1/ই/ই_20260705_211229_nco6f5.mp4,0.954619,0.882203,5,0.058933,-0.021287,-0.010849
4,2,20260705_211257_5zxk15__outer04__inner02__aug01,20260705_211257_5zxk15,user1,ই,output/user1/ই/ই_20260705_211257_5zxk15.mp4,1.028316,1.046311,3,0.032531,-0.045878,0.025385
4,2,20260705_211257_5zxk15__outer04__inner02__aug02,20260705_211257_5zxk15,user1,ই,output/user1/ই/ই_20260705_211257_5zxk15.mp4,0.967838,1.09755,3,0.051362,-0.006154,0.038803
4,2,20260705_211257_5zxk15__outer04__inner02__aug03,20260705_211257_5zxk15,user1,ই,output/user1/ই/ই_20260705_211257_5zxk15.mp4,0.903645,1.008183,3,0.044119,-0.017824,-0.040939
4,2,20260705_211324_69n6hy__outer04__inner02__aug01,20260705_211324_69n6hy,user1,ই,output/user1/ই/ই_20260705_211324_69n6hy.mp4,1.016582,0.995893,5,0.08844,-0.033389,-0.036765
4,2,20260705_211324_69n6hy__outer04__inner02__aug02,20260705_211324_69n6hy,user1,ই,output/user1/ই/ই_20260705_211324_69n6hy.mp4,1.082993,0.977399,5,0.096298,-0.023656,-0.000577
4,2,20260705_211324_69n6hy__outer04__inner02__aug03,20260705_211324_69n6hy,user1,ই,output/user1/ই/ই_20260705_211324_69n6hy.mp4,1.018686,1.147255,3,0.079284,-0.019833,-0.030755
4,2,20260705_213721_6edrqn__outer04__inner02__aug01,20260705_213721_6edrqn,user1,ঈ,output/user1/ঈ/ঈ_20260705_213721_6edrqn.mp4,1.117066,1.036493,3,0.050275,-0.015535,-0.047096
4,2,20260705_213721_6edrqn__outer04__inner02__aug02,20260705_213721_6edrqn,user1,ঈ,output/user1/ঈ/ঈ_20260705_213721_6edrqn.mp4,0.925412,1.003095,3,0.013577,-0.006822,0.005848
4,2,20260705_213721_6edrqn__outer04__inner02__aug03,20260705_213721_6edrqn,user1,ঈ,output/user1/ঈ/ঈ_20260705_213721_6edrqn.mp4,0.854897,1.083543,5,0.027786,-0.009858,0.009785
4,2,20260705_213804_scynf9__outer04__inner02__aug01,20260705_213804_scynf9,user1,ঈ,output/user1/ঈ/ঈ_20260705_213804_scynf9.mp4,1.089611,0.977983,5,0.028584,-0.031128,-0.020058
4,2,20260705_213804_scynf9__outer04__inner02__aug02,20260705_213804_scynf9,user1,ঈ,output/user1/ঈ/ঈ_20260705_213804_scynf9.mp4,1.016807,0.850439,5,0.052789,0.034645,0.001295
4,2,20260705_213804_scynf9__outer04__inner02__aug03,20260705_213804_scynf9,user1,ঈ,output/user1/ঈ/ঈ_20260705_213804_scynf9.mp4,1.048009,1.058188,5,0.031628,-0.033598,0.045059
4,2,20260705_213852_tuebtl__outer04__inner02__aug01,20260705_213852_tuebtl,user1,ঈ,output/user1/ঈ/ঈ_20260705_213852_tuebtl.mp4,0.912514,0.90929,5,0.027755,0.016518,-0.008041
4,2,20260705_213852_tuebtl__outer04__inner02__aug02,20260705_213852_tuebtl,user1,ঈ,output/user1/ঈ/ঈ_20260705_213852_tuebtl.mp4,1.098869,0.987914,3,0.066412,0.008961,0.013259
4,2,20260705_213852_tuebtl__outer04__inner02__aug03,20260705_213852_tuebtl,user1,ঈ,output/user1/ঈ/ঈ_20260705_213852_tuebtl.mp4,1.035218,0.961012,5,0.000258,0.006093,0.048601
4,2,20260705_213943_7qqvt7__outer04__inner02__aug01,20260705_213943_7qqvt7,user1,ঈ,output/user1/ঈ/ঈ_20260705_213943_7qqvt7.mp4,0.972764,0.918766,3,0.057013,-0.039486,0.016936
4,2,20260705_213943_7qqvt7__outer04__inner02__aug02,20260705_213943_7qqvt7,user1,ঈ,output/user1/ঈ/ঈ_20260705_213943_7qqvt7.mp4,1.107953,1.06324,5,0.034565,-0.036015,0.012708
4,2,20260705_213943_7qqvt7__outer04__inner02__aug03,20260705_213943_7qqvt7,user1,ঈ,output/user1/ঈ/ঈ_20260705_213943_7qqvt7.mp4,0.874559,0.928252,3,0.064584,0.016726,0.017323
4,2,20260705_214029_z7ddbl__outer04__inner02__aug01,20260705_214029_z7ddbl,user1,ঈ,output/user1/ঈ/ঈ_20260705_214029_z7ddbl.mp4,1.109112,1.039192,3,0.095288,-0.00472,0.034626
4,2,20260705_214029_z7ddbl__outer04__inner02__aug02,20260705_214029_z7ddbl,user1,ঈ,output/user1/ঈ/ঈ_20260705_214029_z7ddbl.mp4,0.923205,1.011744,3,0.091607,0.038468,-0.042161
4,2,20260705_214029_z7ddbl__outer04__inner02__aug03,20260705_214029_z7ddbl,user1,ঈ,output/user1/ঈ/ঈ_20260705_214029_z7ddbl.mp4,0.915493,1.0801,3,0.071041,0.01221,0.006069
4,2,20260705_214107_b894ld__outer04__inner02__aug01,20260705_214107_b894ld,user1,ঈ,output/user1/ঈ/ঈ_20260705_214107_b894ld.mp4,0.969277,0.889648,3,0.012291,-0.021586,0.015557
4,2,20260705_214107_b894ld__outer04__inner02__aug02,20260705_214107_b894ld,user1,ঈ,output/user1/ঈ/ঈ_20260705_214107_b894ld.mp4,0.921226,1.025293,3,0.096932,0.008776,-0.033848
4,2,20260705_214107_b894ld__outer04__inner02__aug03,20260705_214107_b894ld,user1,ঈ,output/user1/ঈ/ঈ_20260705_214107_b894ld.mp4,0.905123,0.921079,3,0.068098,0.029682,-0.045815
4,2,20260705_215457_yruoxw__outer04__inner02__aug01,20260705_215457_yruoxw,user1,ঈ,output/user1/ঈ/ঈ_20260705_215457_yruoxw.mp4,1.002883,1.120149,5,0.049786,0.042379,-0.016682
4,2,20260705_215457_yruoxw__outer04__inner02__aug02,20260705_215457_yruoxw,user1,ঈ,output/user1/ঈ/ঈ_20260705_215457_yruoxw.mp4,1.116182,0.932086,3,0.054997,-0.026183,-0.048318
4,2,20260705_215457_yruoxw__outer04__inner02__aug03,20260705_215457_yruoxw,user1,ঈ,output/user1/ঈ/ঈ_20260705_215457_yruoxw.mp4,0.993344,0.96101,3,0.034577,0.001523,-0.02176
4,2,20260705_215539_dr61qv__outer04__inner02__aug01,20260705_215539_dr61qv,user1,ঈ,output/user1/ঈ/ঈ_20260705_215539_dr61qv.mp4,1.00186,0.907291,3,0.091087,0.032174,-0.027784
4,2,20260705_215539_dr61qv__outer04__inner02__aug02,20260705_215539_dr61qv,user1,ঈ,output/user1/ঈ/ঈ_20260705_215539_dr61qv.mp4,0.865242,1.065958,5,0.056894,0.039213,-0.032032
4,2,20260705_215539_dr61qv__outer04__inner02__aug03,20260705_215539_dr61qv,user1,ঈ,output/user1/ঈ/ঈ_20260705_215539_dr61qv.mp4,1.084073,1.118328,3,0.094657,0.00218,-0.046109
4,2,20260705_215654_07cd7w__outer04__inner02__aug01,20260705_215654_07cd7w,user1,ঈ,output/user1/ঈ/ঈ_20260705_215654_07cd7w.mp4,1.141749,0.8578,3,0.028759,-0.033691,0.026356
4,2,20260705_215654_07cd7w__outer04__inner02__aug02,20260705_215654_07cd7w,user1,ঈ,output/user1/ঈ/ঈ_20260705_215654_07cd7w.mp4,1.089267,1.053367,5,0.030158,0.02562,0.028838
4,2,20260705_215654_07cd7w__outer04__inner02__aug03,20260705_215654_07cd7w,user1,ঈ,output/user1/ঈ/ঈ_20260705_215654_07cd7w.mp4,1.125266,1.028685,3,0.035798,0.048667,-0.030814
4,2,20260705_215745_i5n9h7__outer04__inner02__aug01,20260705_215745_i5n9h7,user1,ঈ,output/user1/ঈ/ঈ_20260705_215745_i5n9h7.mp4,1.042817,1.006342,3,0.019754,0.044074,-0.007779
4,2,20260705_215745_i5n9h7__outer04__inner02__aug02,20260705_215745_i5n9h7,user1,ঈ,output/user1/ঈ/ঈ_20260705_215745_i5n9h7.mp4,1.078117,0.94455,5,0.011425,0.033504,0.024701
4,2,20260705_215745_i5n9h7__outer04__inner02__aug03,20260705_215745_i5n9h7,user1,ঈ,output/user1/ঈ/ঈ_20260705_215745_i5n9h7.mp4,0.94725,1.092478,3,0.004451,0.029769,-0.003244
4,2,20260704_232121_lcxi4y__outer04__inner02__aug01,20260704_232121_lcxi4y,user2,অ,output/user2/অ/অ_20260704_232121_lcxi4y.mp4,1.074169,0.864206,3,0.057885,-0.006325,0.033189
4,2,20260704_232121_lcxi4y__outer04__inner02__aug02,20260704_232121_lcxi4y,user2,অ,output/user2/অ/অ_20260704_232121_lcxi4y.mp4,1.071738,0.908762,5,0.070776,0.032267,0.030697
4,2,20260704_232121_lcxi4y__outer04__inner02__aug03,20260704_232121_lcxi4y,user2,অ,output/user2/অ/অ_20260704_232121_lcxi4y.mp4,0.953872,1.130956,3,0.091239,-0.005594,-0.041655
4,2,20260728_232630_znnts0__outer04__inner02__aug01,20260728_232630_znnts0,user2,অ,output/user2/অ/অ_20260728_232630_znnts0.mp4,0.992093,0.909568,3,0.022497,-0.032818,0.036495
4,2,20260728_232630_znnts0__outer04__inner02__aug02,20260728_232630_znnts0,user2,অ,output/user2/অ/অ_20260728_232630_znnts0.mp4,1.13906,1.091133,3,0.012675,0.047147,-0.034521
4,2,20260728_232630_znnts0__outer04__inner02__aug03,20260728_232630_znnts0,user2,অ,output/user2/অ/অ_20260728_232630_znnts0.mp4,0.954581,1.051108,3,0.048594,0.03,0.005203
4,2,20260728_232652_hdsmyh__outer04__inner02__aug01,20260728_232652_hdsmyh,user2,অ,output/user2/অ/অ_20260728_232652_hdsmyh.mp4,0.89298,0.876363,5,0.054004,0.023367,-0.018182
4,2,20260728_232652_hdsmyh__outer04__inner02__aug02,20260728_232652_hdsmyh,user2,অ,output/user2/অ/অ_20260728_232652_hdsmyh.mp4,0.907553,1.113538,5,0.015791,0.04922,0.04513
4,2,20260728_232652_hdsmyh__outer04__inner02__aug03,20260728_232652_hdsmyh,user2,অ,output/user2/অ/অ_20260728_232652_hdsmyh.mp4,1.076049,0.961722,3,0.093061,-0.020584,-0.045557
4,2,20260728_232714_hincfq__outer04__inner02__aug01,20260728_232714_hincfq,user2,অ,output/user2/অ/অ_20260728_232714_hincfq.mp4,1.063407,0.994256,5,0.080076,0.038796,0.001321
4,2,20260728_232714_hincfq__outer04__inner02__aug02,20260728_232714_hincfq,user2,অ,output/user2/অ/অ_20260728_232714_hincfq.mp4,0.859646,0.985731,3,0.085256,0.040702,0.031797
4,2,20260728_232714_hincfq__outer04__inner02__aug03,20260728_232714_hincfq,user2,অ,output/user2/অ/অ_20260728_232714_hincfq.mp4,1.027601,0.856088,3,0.02088,0.020873,0.004822
4,2,20260728_232741_j1gvgu__outer04__inner02__aug01,20260728_232741_j1gvgu,user2,অ,output/user2/অ/অ_20260728_232741_j1gvgu.mp4,0.972609,0.952635,3,0.010877,0.044076,0.006668
4,2,20260728_232741_j1gvgu__outer04__inner02__aug02,20260728_232741_j1gvgu,user2,অ,output/user2/অ/অ_20260728_232741_j1gvgu.mp4,1.130484,0.912989,3,0.018862,-0.018859,0.027546
4,2,20260728_232741_j1gvgu__outer04__inner02__aug03,20260728_232741_j1gvgu,user2,অ,output/user2/অ/অ_20260728_232741_j1gvgu.mp4,1.01242,0.94058,5,0.076033,-0.022742,-0.048774
4,2,20260704_232148_mqf5ea__outer04__inner02__aug01,20260704_232148_mqf5ea,user2,আ,output/user2/আ/আ_20260704_232148_mqf5ea.mp4,0.983904,0.916659,5,0.037875,0.028435,-0.002844
4,2,20260704_232148_mqf5ea__outer04__inner02__aug02,20260704_232148_mqf5ea,user2,আ,output/user2/আ/আ_20260704_232148_mqf5ea.mp4,1.119983,1.095717,3,0.0205,-0.020386,0.024741
4,2,20260704_232148_mqf5ea__outer04__inner02__aug03,20260704_232148_mqf5ea,user2,আ,output/user2/আ/আ_20260704_232148_mqf5ea.mp4,1.002828,1.08554,3,0.045554,-0.025008,-0.049373
4,2,20260728_232436_9i4gi8__outer04__inner02__aug01,20260728_232436_9i4gi8,user2,আ,output/user2/আ/আ_20260728_232436_9i4gi8.mp4,1.133827,0.921987,3,0.06597,-0.020036,-0.049016
4,2,20260728_232436_9i4gi8__outer04__inner02__aug02,20260728_232436_9i4gi8,user2,আ,output/user2/আ/আ_20260728_232436_9i4gi8.mp4,1.135075,1.028557,5,0.098585,0.0237,-0.02416
4,2,20260728_232436_9i4gi8__outer04__inner02__aug03,20260728_232436_9i4gi8,user2,আ,output/user2/আ/আ_20260728_232436_9i4gi8.mp4,1.011017,0.931565,3,0.088775,-0.035484,-0.004766
4,2,20260728_232459_m6l3cf__outer04__inner02__aug01,20260728_232459_m6l3cf,user2,আ,output/user2/আ/আ_20260728_232459_m6l3cf.mp4,1.046069,1.017147,3,0.063763,0.047234,0.026603
4,2,20260728_232459_m6l3cf__outer04__inner02__aug02,20260728_232459_m6l3cf,user2,আ,output/user2/আ/আ_20260728_232459_m6l3cf.mp4,0.947671,0.940051,3,0.062952,0.007011,0.012367
4,2,20260728_232459_m6l3cf__outer04__inner02__aug03,20260728_232459_m6l3cf,user2,আ,output/user2/আ/আ_20260728_232459_m6l3cf.mp4,1.097747,0.940827,5,0.064243,-0.040759,0.01511
4,2,20260728_232520_l4uaan__outer04__inner02__aug01,20260728_232520_l4uaan,user2,আ,output/user2/আ/আ_20260728_232520_l4uaan.mp4,1.041907,1.025674,3,0.046984,-0.004595,0.021794
4,2,20260728_232520_l4uaan__outer04__inner02__aug02,20260728_232520_l4uaan,user2,আ,output/user2/আ/আ_20260728_232520_l4uaan.mp4,0.921948,0.898088,3,0.01677,0.047779,-0.021402
4,2,20260728_232520_l4uaan__outer04__inner02__aug03,20260728_232520_l4uaan,user2,আ,output/user2/আ/আ_20260728_232520_l4uaan.mp4,1.062314,0.858322,5,0.088312,0.032784,0.023799
4,2,20260728_232556_dwfz7c__outer04__inner02__aug01,20260728_232556_dwfz7c,user2,আ,output/user2/আ/আ_20260728_232556_dwfz7c.mp4,1.139902,0.952407,5,0.097993,0.036552,0.049032
4,2,20260728_232556_dwfz7c__outer04__inner02__aug02,20260728_232556_dwfz7c,user2,আ,output/user2/আ/আ_20260728_232556_dwfz7c.mp4,0.90083,0.992722,5,0.032114,0.018131,0.030102
4,2,20260728_232556_dwfz7c__outer04__inner02__aug03,20260728_232556_dwfz7c,user2,আ,output/user2/আ/আ_20260728_232556_dwfz7c.mp4,1.089515,0.868625,3,0.042871,0.018249,0.033819
4,2,20260704_232218_jf6rio__outer04__inner02__aug01,20260704_232218_jf6rio,user2,ই,output/user2/ই/ই_20260704_232218_jf6rio.mp4,1.078695,0.889304,3,0.04956,0.008357,-0.012831
4,2,20260704_232218_jf6rio__outer04__inner02__aug02,20260704_232218_jf6rio,user2,ই,output/user2/ই/ই_20260704_232218_jf6rio.mp4,0.864272,1.091078,3,0.098145,-0.012658,-0.043076
4,2,20260704_232218_jf6rio__outer04__inner02__aug03,20260704_232218_jf6rio,user2,ই,output/user2/ই/ই_20260704_232218_jf6rio.mp4,1.148713,1.13723,3,0.093018,-0.047793,0.007447
4,2,20260728_232810_781yo6__outer04__inner02__aug01,20260728_232810_781yo6,user2,ই,output/user2/ই/ই_20260728_232810_781yo6.mp4,1.131592,1.13148,5,0.076159,-0.025326,0.018823
4,2,20260728_232810_781yo6__outer04__inner02__aug02,20260728_232810_781yo6,user2,ই,output/user2/ই/ই_20260728_232810_781yo6.mp4,0.862007,1.123868,3,0.013779,-0.008214,0.049286
4,2,20260728_232810_781yo6__outer04__inner02__aug03,20260728_232810_781yo6,user2,ই,output/user2/ই/ই_20260728_232810_781yo6.mp4,0.986258,1.050091,3,0.05231,-0.038879,-9.1e-05
4,2,20260728_232836_pvgrxn__outer04__inner02__aug01,20260728_232836_pvgrxn,user2,ই,output/user2/ই/ই_20260728_232836_pvgrxn.mp4,0.942962,1.080809,5,0.010755,0.031356,0.012938
4,2,20260728_232836_pvgrxn__outer04__inner02__aug02,20260728_232836_pvgrxn,user2,ই,output/user2/ই/ই_20260728_232836_pvgrxn.mp4,1.095917,0.854843,5,0.026295,-0.039101,-0.015415
4,2,20260728_232836_pvgrxn__outer04__inner02__aug03,20260728_232836_pvgrxn,user2,ই,output/user2/ই/ই_20260728_232836_pvgrxn.mp4,1.14222,1.123594,5,0.075933,-0.036964,-0.008985
4,2,20260728_233118_pcjncu__outer04__inner02__aug01,20260728_233118_pcjncu,user2,ই,output/user2/ই/ই_20260728_233118_pcjncu.mp4,1.078369,0.898343,5,0.012901,-0.033332,-0.016883
4,2,20260728_233118_pcjncu__outer04__inner02__aug02,20260728_233118_pcjncu,user2,ই,output/user2/ই/ই_20260728_233118_pcjncu.mp4,0.882957,0.957878,5,0.072941,-0.015422,-0.043297
4,2,20260728_233118_pcjncu__outer04__inner02__aug03,20260728_233118_pcjncu,user2,ই,output/user2/ই/ই_20260728_233118_pcjncu.mp4,1.015091,1.092223,3,0.042253,-5.5e-05,0.005023
4,2,20260728_233205_n417cm__outer04__inner02__aug01,20260728_233205_n417cm,user2,ই,output/user2/ই/ই_20260728_233205_n417cm.mp4,1.114374,1.082531,3,0.047063,0.04905,-0.007649
4,2,20260728_233205_n417cm__outer04__inner02__aug02,20260728_233205_n417cm,user2,ই,output/user2/ই/ই_20260728_233205_n417cm.mp4,0.978207,1.038643,3,0.081571,0.020132,0.013298
4,2,20260728_233205_n417cm__outer04__inner02__aug03,20260728_233205_n417cm,user2,ই,output/user2/ই/ই_20260728_233205_n417cm.mp4,0.941151,1.119559,3,0.096826,-0.039245,-0.033946
4,2,20260704_232243_1fsapx__outer04__inner02__aug01,20260704_232243_1fsapx,user2,ঈ,output/user2/ঈ/ঈ_20260704_232243_1fsapx.mp4,1.106448,1.034145,3,0.008055,0.009534,-0.001667
4,2,20260704_232243_1fsapx__outer04__inner02__aug02,20260704_232243_1fsapx,user2,ঈ,output/user2/ঈ/ঈ_20260704_232243_1fsapx.mp4,1.004545,1.068407,3,0.009279,0.014207,0.028691
4,2,20260704_232243_1fsapx__outer04__inner02__aug03,20260704_232243_1fsapx,user2,ঈ,output/user2/ঈ/ঈ_20260704_232243_1fsapx.mp4,1.015849,0.888607,5,0.095476,0.014212,-0.043166
4,2,20260728_233238_q39ioy__outer04__inner02__aug01,20260728_233238_q39ioy,user2,ঈ,output/user2/ঈ/ঈ_20260728_233238_q39ioy.mp4,1.073895,1.135241,5,0.075177,0.017171,0.040977
4,2,20260728_233238_q39ioy__outer04__inner02__aug02,20260728_233238_q39ioy,user2,ঈ,output/user2/ঈ/ঈ_20260728_233238_q39ioy.mp4,0.897688,0.928974,5,0.022267,-0.001648,0.009558
4,2,20260728_233238_q39ioy__outer04__inner02__aug03,20260728_233238_q39ioy,user2,ঈ,output/user2/ঈ/ঈ_20260728_233238_q39ioy.mp4,0.927324,0.943155,5,0.077879,0.042425,0.017527
4,2,20260728_233302_e8k0ge__outer04__inner02__aug01,20260728_233302_e8k0ge,user2,ঈ,output/user2/ঈ/ঈ_20260728_233302_e8k0ge.mp4,0.945184,0.916872,5,0.049822,0.024498,-0.037467
4,2,20260728_233302_e8k0ge__outer04__inner02__aug02,20260728_233302_e8k0ge,user2,ঈ,output/user2/ঈ/ঈ_20260728_233302_e8k0ge.mp4,1.132208,0.978061,3,0.001792,0.044337,0.012275
4,2,20260728_233302_e8k0ge__outer04__inner02__aug03,20260728_233302_e8k0ge,user2,ঈ,output/user2/ঈ/ঈ_20260728_233302_e8k0ge.mp4,1.047353,1.032075,5,0.093027,-0.016263,-0.005357
4,2,20260728_233333_nvf18a__outer04__inner02__aug01,20260728_233333_nvf18a,user2,ঈ,output/user2/ঈ/ঈ_20260728_233333_nvf18a.mp4,1.065276,1.029301,3,0.054106,0.014924,0.011706
4,2,20260728_233333_nvf18a__outer04__inner02__aug02,20260728_233333_nvf18a,user2,ঈ,output/user2/ঈ/ঈ_20260728_233333_nvf18a.mp4,0.939115,1.114318,5,0.042043,0.038553,0.022657
4,2,20260728_233333_nvf18a__outer04__inner02__aug03,20260728_233333_nvf18a,user2,ঈ,output/user2/ঈ/ঈ_20260728_233333_nvf18a.mp4,0.875883,0.971491,5,0.098249,0.023919,-0.020732
4,2,20260728_233359_9wg8n4__outer04__inner02__aug01,20260728_233359_9wg8n4,user2,ঈ,output/user2/ঈ/ঈ_20260728_233359_9wg8n4.mp4,1.01447,1.038666,3,0.064592,-0.016448,0.022525
4,2,20260728_233359_9wg8n4__outer04__inner02__aug02,20260728_233359_9wg8n4,user2,ঈ,output/user2/ঈ/ঈ_20260728_233359_9wg8n4.mp4,0.920386,1.055583,3,0.000939,-0.042611,0.006349
4,2,20260728_233359_9wg8n4__outer04__inner02__aug03,20260728_233359_9wg8n4,user2,ঈ,output/user2/ঈ/ঈ_20260728_233359_9wg8n4.mp4,0.878641,1.131506,5,0.077568,-0.035107,-0.001585
